id_anon,fuente,institucion,municipio,departamento,sector,latitud,longitud,grupo,sesion,grado,correctas,total_preguntas,puntaje_global,lectura_critica,matematicas,sociales,ciencias_naturales,ingles
UDEA-0001,UdeA,Grupos UdeA,Medellín,Antioquia,Público (preuniversitario UdeA),6.2675,-75.5686,G1,A+B,11,197.0,254.0,374.0,75.6,54,86,77.6,92.7
UDEA-0002,UdeA,Grupos UdeA,Medellín,Antioquia,Público (preuniversitario UdeA),6.2675,-75.5686,G1,A+B,11,170.0,254.0,327.8,68.3,48,82,60.3,76.4
UDEA-0003,UdeA,Grupos UdeA,Medellín,Antioquia,Público (preuniversitario UdeA),6.2675,-75.5686,G1,A+B,11,171.0,254.0,331.5,73.2,44,78,67.2,74.5
UDEA-0004,UdeA,Grupos UdeA,Medellín,Antioquia,Público (preuniversitario UdeA),6.2675,-75.5686,G1,A+B,11,203.0,254.0,392.7,85.4,70,84,70.7,90.9
UDEA-0005,UdeA,Grupos UdeA,Medellín,Antioquia,Público (preuniversitario UdeA),6.2675,-75.5686,G1,A+B,11,173.0,254.0,321.7,65.9,38,78,67.2,89.1
UDEA-0006,UdeA,Grupos UdeA,Medellín,Antioquia,Público (preuniversitario UdeA),6.2675,-75.5686,G1,A+B,11,144.0,254.0,268.9,70.7,38,42,56.9,76.4
UDEA-0007,UdeA,Grupos UdeA,Medellín,Antioquia,Público (preuniversitario UdeA),6.2675,-75.5686,G1,A+B,11,142.0,254.0,268.4,61.0,32,58,58.6,69.1
UDEA-0008,UdeA,Grupos UdeA,Medellín,Antioquia,Público (preuniversitario UdeA),6.2675,-75.5686,G1,A+B,11,158.0,254.0,288.9,61.0,30,70,60.3,87.3
UDEA-0009,UdeA,Grupos UdeA,Medellín,Antioquia,Público (preuniversitario UdeA),6.2675,-75.5686,G1,A+B,11,116.0,254.0,206.3,41.5,32,42,39.7,70.9
UDEA-0010,UdeA,Grupos UdeA,Medellín,Antioquia,Público (preuniversitario UdeA),6.2675,-75.5686,G1,A+B,11,149.0,254.0,291.4,65.9,46,66,53.4,63.6
UDEA-0011,UdeA,Grupos UdeA,Medellín,Antioquia,Público (preuniversitario UdeA),6.2675,-75.5686,G1,A+B,11,104.0,254.0,201.8,63.4,22,38,34.5,50.9
UDEA-0012,UdeA,Grupos UdeA,Medellín,Antioquia,Público (preuniversitario UdeA),6.2675,-75.5686,G1,A+B,11,215.0,254.0,410.7,70.7,72,92,89.7,94.5
UDEA-0013,UdeA,Grupos UdeA,Medellín,Antioquia,Público (preuniversitario UdeA),6.2675,-75.5686,G1,A+B,11,204.0,254.0,395.7,85.4,68,92,67.2,90.9
UDEA-0014,UdeA,Grupos UdeA,Medellín,Antioquia,Público (preuniversitario UdeA),6.2675,-75.5686,G1,A+B,11,134.0,254.0,253.8,61.0,32,74,29.3,70.9
UDEA-0015,UdeA,Grupos UdeA,Medellín,Antioquia,Público (preuniversitario UdeA),6.2675,-75.5686,G1,A+B,11,146.0,254.0,269.1,53.7,38,54,62.1,76.4
UDEA-0016,UdeA,Grupos UdeA,Medellín,Antioquia,Público (preuniversitario UdeA),6.2675,-75.5686,G1,A+B,11,123.0,254.0,254.3,80.5,22,54,50.0,41.8
UDEA-0017,UdeA,Grupos UdeA,Medellín,Antioquia,Público (preuniversitario UdeA),6.2675,-75.5686,G1,A+B,11,159.0,254.0,305.0,68.3,56,52,63.8,72.7
UDEA-0018,UdeA,Grupos UdeA,Medellín,Antioquia,Público (preuniversitario UdeA),6.2675,-75.5686,G1,A+B,11,173.0,254.0,331.6,78.0,54,74,53.4,83.6
UDEA-0019,UdeA,Grupos UdeA,Medellín,Antioquia,Público (preuniversitario UdeA),6.2675,-75.5686,G1,A+B,11,191.0,254.0,368.0,73.2,62,88,67.2,85.5
UDEA-0020,UdeA,Grupos UdeA,Medellín,Antioquia,Público (preuniversitario UdeA),6.2675,-75.5686,G1,A+B,11,170.0,254.0,322.0,68.3,48,78,56.9,83.6
UDEA-0021,UdeA,Grupos UdeA,Medellín,Antioquia,Público (preuniversitario UdeA),6.2675,-75.5686,G1,A+B,11,144.0,254.0,268.6,36.6,48,62,63.8,67.3
UDEA-0022,UdeA,Grupos UdeA,Medellín,Antioquia,Público (preuniversitario UdeA),6.2675,-75.5686,G1,A+B,11,161.0,254.0,308.8,70.7,44,66,62.1,74.5
UDEA-0023,UdeA,Grupos UdeA,Medellín,Antioquia,Público (preuniversitario UdeA),6.2675,-75.5686,G1,A+B,11,148.0,254.0,275.2,65.9,30,66,50.0,80.0
UDEA-0024,UdeA,Grupos UdeA,Medellín,Antioquia,Público (preuniversitario UdeA),6.2675,-75.5686,G1,A+B,11,155.0,254.0,300.7,65.9,44,68,60.3,67.3
UDEA-0025,UdeA,Grupos UdeA,Medellín,Antioquia,Público (preuniversitario UdeA),6.2675,-75.5686,G1,A+B,11,179.0,254.0,347.5,70.7,54,90,60.3,78.2
UDEA-0026,UdeA,Grupos UdeA,Medellín,Antioquia,Público (preuniversitario UdeA),6.2675,-75.5686,G1,A+B,11,175.0,254.0,332.7,78.0,46,72,63.8,85.5
UDEA-0027,UdeA,Grupos UdeA,Medellín,Antioquia,Público (preuniversitario UdeA),6.2675,-75.5686,G1,A+B,11,147.0,254.0,273.1,56.1,24,76,55.2,76.4
UDEA-0028,UdeA,Grupos UdeA,Medellín,Antioquia,Público (preuniversitario UdeA),6.2675,-75.5686,G1,A+B,11,164.0,254.0,305.2,58.5,56,60,62.1,83.6
UDEA-0029,UdeA,Grupos UdeA,Medellín,Antioquia,Público (preuniversitario UdeA),6.2675,-75.5686,G1,A+B,11,163.0,254.0,327.2,70.7,60,84,48.3,61.8
UDEA-0030,UdeA,Grupos UdeA,Medellín,Antioquia,Público (preuniversitario UdeA),6.2675,-75.5686,G2,A+B,11,181.0,254.0,338.8,56.1,68,60,81.0,85.5
UDEA-0031,UdeA,Grupos UdeA,Medellín,Antioquia,Público (preuniversitario UdeA),6.2675,-75.5686,G2,A+B,11,150.0,254.0,275.9,61.0,46,56,48.3,83.6
UDEA-0032,UdeA,Grupos UdeA,Medellín,Antioquia,Público (preuniversitario UdeA),6.2675,-75.5686,G2,A,11,66.0,120.0,260.5,75.6,36,52,44.8,
UDEA-0033,UdeA,Grupos UdeA,Medellín,Antioquia,Público (preuniversitario UdeA),6.2675,-75.5686,G2,A+B,11,204.0,254.0,384.7,75.6,72,72,81.0,98.2
UDEA-0034,UdeA,Grupos UdeA,Medellín,Antioquia,Público (preuniversitario UdeA),6.2675,-75.5686,G2,A+B,11,162.0,254.0,311.3,73.2,44,72,55.2,76.4
UDEA-0035,UdeA,Grupos UdeA,Medellín,Antioquia,Público (preuniversitario UdeA),6.2675,-75.5686,G2,A+B,11,216.0,254.0,415.3,75.6,82,80,91.4,92.7
UDEA-0036,UdeA,Grupos UdeA,Medellín,Antioquia,Público (preuniversitario UdeA),6.2675,-75.5686,G2,A+B,11,154.0,254.0,282.0,61.0,26,64,65.5,83.6
UDEA-0037,UdeA,Grupos UdeA,Medellín,Antioquia,Público (preuniversitario UdeA),6.2675,-75.5686,G2,A+B,11,146.0,254.0,266.0,68.3,28,54,51.7,85.5
UDEA-0038,UdeA,Grupos UdeA,Medellín,Antioquia,Público (preuniversitario UdeA),6.2675,-75.5686,G2,A+B,11,163.0,254.0,312.8,65.9,42,70,69.0,72.7
UDEA-0039,UdeA,Grupos UdeA,Medellín,Antioquia,Público (preuniversitario UdeA),6.2675,-75.5686,G2,A+B,11,171.0,254.0,311.1,63.4,38,66,70.7,94.5
UDEA-0040,UdeA,Grupos UdeA,Medellín,Antioquia,Público (preuniversitario UdeA),6.2675,-75.5686,G2,A+B,11,192.0,254.0,365.7,80.5,46,86,74.1,90.9
UDEA-0041,UdeA,Grupos UdeA,Medellín,Antioquia,Público (preuniversitario UdeA),6.2675,-75.5686,G2,A+B,11,209.0,254.0,399.8,80.5,60,90,84.5,94.5
UDEA-0042,UdeA,Grupos UdeA,Medellín,Antioquia,Público (preuniversitario UdeA),6.2675,-75.5686,G2,A+B,11,165.0,254.0,312.9,65.9,34,78,67.2,78.2
UDEA-0043,UdeA,Grupos UdeA,Medellín,Antioquia,Público (preuniversitario UdeA),6.2675,-75.5686,G2,A+B,11,219.0,254.0,420.5,82.9,72,94,82.8,98.2
UDEA-0044,UdeA,Grupos UdeA,Medellín,Antioquia,Público (preuniversitario UdeA),6.2675,-75.5686,G2,A+B,11,181.0,254.0,343.8,80.5,50,74,63.8,89.1
UDEA-0045,UdeA,Grupos UdeA,Medellín,Antioquia,Público (preuniversitario UdeA),6.2675,-75.5686,G2,A+B,11,143.0,254.0,261.8,58.5,36,54,51.7,80.0
UDEA-0046,UdeA,Grupos UdeA,Medellín,Antioquia,Público (preuniversitario UdeA),6.2675,-75.5686,G2,A+B,11,106.0,254.0,209.3,51.2,40,36,39.7,43.6
UDEA-0047,UdeA,Grupos UdeA,Medellín,Antioquia,Público (preuniversitario UdeA),6.2675,-75.5686,G2,A+B,11,149.0,254.0,303.0,65.9,32,88,60.3,49.1
UDEA-0048,UdeA,Grupos UdeA,Medellín,Antioquia,Público (preuniversitario UdeA),6.2675,-75.5686,G2,A+B,11,183.0,254.0,337.9,61.0,60,76,63.8,96.4
UDEA-0049,UdeA,Grupos UdeA,Medellín,Antioquia,Público (preuniversitario UdeA),6.2675,-75.5686,G2,A+B,11,152.0,254.0,284.7,73.2,24,74,48.3,81.8
UDEA-0050,UdeA,Grupos UdeA,Medellín,Antioquia,Público (preuniversitario UdeA),6.2675,-75.5686,G2,A+B,11,165.0,254.0,316.3,68.3,42,78,60.3,76.4
UDEA-0051,UdeA,Grupos UdeA,Medellín,Antioquia,Público (preuniversitario UdeA),6.2675,-75.5686,G2,A+B,11,105.0,254.0,176.7,29.3,32,36,31.0,74.5
UDEA-0052,UdeA,Grupos UdeA,Medellín,Antioquia,Público (preuniversitario UdeA),6.2675,-75.5686,G2,A+B,11,144.0,254.0,263.5,58.5,30,58,55.2,80.0
UDEA-0053,UdeA,Grupos UdeA,Medellín,Antioquia,Público (preuniversitario UdeA),6.2675,-75.5686,G2,A+B,11,175.0,254.0,342.8,80.5,56,72,63.8,74.5
UDEA-0054,UdeA,Grupos UdeA,Medellín,Antioquia,Público (preuniversitario UdeA),6.2675,-75.5686,G2,A+B,11,169.0,254.0,319.4,73.2,36,76,63.8,83.6
UDEA-0055,UdeA,Grupos UdeA,Medellín,Antioquia,Público (preuniversitario UdeA),6.2675,-75.5686,G2,A+B,11,161.0,254.0,304.1,63.4,40,80,53.4,80.0
UDEA-0056,UdeA,Grupos UdeA,Medellín,Antioquia,Público (preuniversitario UdeA),6.2675,-75.5686,G4,A+B,11,134.0,254.0,248.1,53.7,32,70,34.5,74.5
UDEA-0057,UdeA,Grupos UdeA,Medellín,Antioquia,Público (preuniversitario UdeA),6.2675,-75.5686,G4,A+B,11,153.0,254.0,289.4,75.6,34,68,46.6,80.0
UDEA-0058,UdeA,Grupos UdeA,Medellín,Antioquia,Público (preuniversitario UdeA),6.2675,-75.5686,G4,A+B,11,203.0,254.0,386.4,82.9,56,88,75.9,96.4
UDEA-0059,UdeA,Grupos UdeA,Medellín,Antioquia,Público (preuniversitario UdeA),6.2675,-75.5686,G4,A+B,11,190.0,254.0,356.3,73.2,56,82,65.5,96.4
UDEA-0060,UdeA,Grupos UdeA,Medellín,Antioquia,Público (preuniversitario UdeA),6.2675,-75.5686,G4,A+B,11,146.0,254.0,260.3,48.8,28,60,60.3,85.5
UDEA-0061,UdeA,Grupos UdeA,Medellín,Antioquia,Público (preuniversitario UdeA),6.2675,-75.5686,G4,A+B,11,224.0,254.0,439.7,95.1,78,88,89.7,90.9
UDEA-0062,UdeA,Grupos UdeA,Medellín,Antioquia,Público (preuniversitario UdeA),6.2675,-75.5686,G4,A+B,11,135.0,254.0,268.6,61.0,44,70,39.7,54.5
UDEA-0063,UdeA,Grupos UdeA,Medellín,Antioquia,Público (preuniversitario UdeA),6.2675,-75.5686,G4,A+B,11,128.0,254.0,237.7,48.8,40,50,44.8,67.3
UDEA-0064,UdeA,Grupos UdeA,Medellín,Antioquia,Público (preuniversitario UdeA),6.2675,-75.5686,G4,A+B,11,173.0,254.0,327.1,78.0,36,88,51.7,89.1
UDEA-0065,UdeA,Grupos UdeA,Medellín,Antioquia,Público (preuniversitario UdeA),6.2675,-75.5686,G4,A+B,11,114.0,254.0,219.6,65.9,34,40,31.0,58.2
UDEA-0066,UdeA,Grupos UdeA,Medellín,Antioquia,Público (preuniversitario UdeA),6.2675,-75.5686,G4,A+B,11,156.0,254.0,290.3,68.3,48,54,53.4,83.6
UDEA-0067,UdeA,Grupos UdeA,Medellín,Antioquia,Público (preuniversitario UdeA),6.2675,-75.5686,G4,A+B,11,131.0,254.0,269.6,63.4,46,62,48.3,41.8
UDEA-0068,UdeA,Grupos UdeA,Medellín,Antioquia,Público (preuniversitario UdeA),6.2675,-75.5686,G4,A+B,11,183.0,254.0,337.9,56.1,68,70,67.2,94.5
UDEA-0069,UdeA,Grupos UdeA,Medellín,Antioquia,Público (preuniversitario UdeA),6.2675,-75.5686,G4,A+B,11,132.0,254.0,246.1,63.4,32,54,39.7,72.7
UDEA-0070,UdeA,Grupos UdeA,Medellín,Antioquia,Público (preuniversitario UdeA),6.2675,-75.5686,G4,A+B,11,145.0,254.0,265.9,56.1,40,72,34.5,83.6
UDEA-0071,UdeA,Grupos UdeA,Medellín,Antioquia,Público (preuniversitario UdeA),6.2675,-75.5686,G4,A+B,11,145.0,254.0,287.6,65.9,38,68,58.6,56.4
UDEA-0072,UdeA,Grupos UdeA,Medellín,Antioquia,Público (preuniversitario UdeA),6.2675,-75.5686,G4,A+B,11,152.0,254.0,282.2,61.0,38,62,56.9,80.0
UDEA-0073,UdeA,Grupos UdeA,Medellín,Antioquia,Público (preuniversitario UdeA),6.2675,-75.5686,G4,A+B,11,115.0,254.0,218.0,48.8,24,48,50.0,54.5
UDEA-0074,UdeA,Grupos UdeA,Medellín,Antioquia,Público (preuniversitario UdeA),6.2675,-75.5686,G4,A+B,11,160.0,254.0,313.0,75.6,42,72,58.6,69.1
UDEA-0075,UdeA,Grupos UdeA,Medellín,Antioquia,Público (preuniversitario UdeA),6.2675,-75.5686,G4,A+B,11,152.0,254.0,287.2,68.3,38,70,46.6,78.2
UDEA-0076,UdeA,Grupos UdeA,Medellín,Antioquia,Público (preuniversitario UdeA),6.2675,-75.5686,G4,A+B,11,99.0,254.0,206.6,58.5,20,54,36.2,30.9
UDEA-0077,UdeA,Grupos UdeA,Medellín,Antioquia,Público (preuniversitario UdeA),6.2675,-75.5686,G4,A+B,11,137.0,254.0,239.9,48.8,30,50,50.0,87.3
UDEA-0078,UdeA,Grupos UdeA,Medellín,Antioquia,Público (preuniversitario UdeA),6.2675,-75.5686,G4,A+B,11,153.0,254.0,289.3,61.0,34,66,65.5,72.7
UDEA-0079,UdeA,Grupos UdeA,Medellín,Antioquia,Público (preuniversitario UdeA),6.2675,-75.5686,G4,A+B,11,221.0,254.0,429.4,80.5,82,96,82.8,92.7
UDEA-0080,UdeA,Grupos UdeA,Medellín,Antioquia,Público (preuniversitario UdeA),6.2675,-75.5686,G4,A+B,11,192.0,254.0,360.5,75.6,68,74,62.1,98.2
UDEA-0081,UdeA,Grupos UdeA,Medellín,Antioquia,Público (preuniversitario UdeA),6.2675,-75.5686,G4,A+B,11,202.0,254.0,391.2,82.9,70,84,72.4,89.1
UDEA-0082,UdeA,Grupos UdeA,Medellín,Antioquia,Público (preuniversitario UdeA),6.2675,-75.5686,G4,A+B,11,150.0,254.0,289.0,68.3,38,82,37.9,72.7
UDEA-0083,UdeA,Grupos UdeA,Medellín,Antioquia,Público (preuniversitario UdeA),6.2675,-75.5686,G4,A+B,11,160.0,254.0,317.3,73.2,38,84,58.6,63.6
UDEA-0084,UdeA,Grupos UdeA,Medellín,Antioquia,Público (preuniversitario UdeA),6.2675,-75.5686,G4,A+B,11,143.0,254.0,254.9,56.1,40,44,51.7,87.3
UDEA-0085,UdeA,Grupos UdeA,Medellín,Antioquia,Público (preuniversitario UdeA),6.2675,-75.5686,G4,A+B,11,167.0,254.0,308.4,61.0,54,56,67.2,87.3
UDEA-0086,UdeA,Grupos UdeA,Medellín,Antioquia,Público (preuniversitario UdeA),6.2675,-75.5686,G4,A+B,11,148.0,254.0,268.3,51.2,48,52,53.4,83.6
UDEA-0087,UdeA,Grupos UdeA,Medellín,Antioquia,Público (preuniversitario UdeA),6.2675,-75.5686,G4,A+B,11,126.0,254.0,224.7,43.9,36,40,50.0,74.5
UDEA-0088,UdeA,Grupos UdeA,Medellín,Antioquia,Público (preuniversitario UdeA),6.2675,-75.5686,G5,A+B,11,152.0,254.0,277.7,43.9,34,74,62.1,80.0
UDEA-0089,UdeA,Grupos UdeA,Medellín,Antioquia,Público (preuniversitario UdeA),6.2675,-75.5686,G5,A+B,11,170.0,254.0,327.7,70.7,44,80,63.8,76.4
UDEA-0090,UdeA,Grupos UdeA,Medellín,Antioquia,Público (preuniversitario UdeA),6.2675,-75.5686,G5,A+B,11,132.0,254.0,262.2,75.6,30,50,53.4,54.5
UDEA-0091,UdeA,Grupos UdeA,Medellín,Antioquia,Público (preuniversitario UdeA),6.2675,-75.5686,G5,A+B,11,149.0,254.0,288.8,65.9,40,72,50.0,67.3
UDEA-0092,UdeA,Grupos UdeA,Medellín,Antioquia,Público (preuniversitario UdeA),6.2675,-75.5686,G5,A+B,11,164.0,254.0,314.0,73.2,42,74,56.9,78.2
UDEA-0093,UdeA,Grupos UdeA,Medellín,Antioquia,Público (preuniversitario UdeA),6.2675,-75.5686,G5,A+B,11,130.0,254.0,256.6,58.5,40,50,56.9,50.9
UDEA-0094,UdeA,Grupos UdeA,Medellín,Antioquia,Público (preuniversitario UdeA),6.2675,-75.5686,G5,A,11,55.0,120.0,217.8,58.5,44,20,51.7,
UDEA-0095,UdeA,Grupos UdeA,Medellín,Antioquia,Público (preuniversitario UdeA),6.2675,-75.5686,G5,A+B,11,202.0,254.0,394.6,85.4,86,68,74.1,85.5
UDEA-0096,UdeA,Grupos UdeA,Medellín,Antioquia,Público (preuniversitario UdeA),6.2675,-75.5686,G5,A+B,11,182.0,254.0,341.2,70.7,46,86,62.1,92.7
UDEA-0097,UdeA,Grupos UdeA,Medellín,Antioquia,Público (preuniversitario UdeA),6.2675,-75.5686,G5,A+B,11,170.0,254.0,313.4,61.0,44,76,60.3,90.9
UDEA-0098,UdeA,Grupos UdeA,Medellín,Antioquia,Público (preuniversitario UdeA),6.2675,-75.5686,G5,A+B,11,174.0,254.0,332.8,80.5,52,66,62.1,83.6
UDEA-0099,UdeA,Grupos UdeA,Medellín,Antioquia,Público (preuniversitario UdeA),6.2675,-75.5686,G5,A+B,11,162.0,254.0,307.5,65.9,44,72,58.6,78.2
UDEA-0100,UdeA,Grupos UdeA,Medellín,Antioquia,Público (preuniversitario UdeA),6.2675,-75.5686,G5,A+B,11,173.0,254.0,328.1,65.9,44,88,58.6,83.6
UDEA-0101,UdeA,Grupos UdeA,Medellín,Antioquia,Público (preuniversitario UdeA),6.2675,-75.5686,G5,A+B,11,73.0,254.0,140.0,31.7,20,26,32.8,32.7
UDEA-0102,UdeA,Grupos UdeA,Medellín,Antioquia,Público (preuniversitario UdeA),6.2675,-75.5686,G5,A+B,11,133.0,254.0,260.3,53.7,26,68,60.3,52.7
UDEA-0103,UdeA,Grupos UdeA,Medellín,Antioquia,Público (preuniversitario UdeA),6.2675,-75.5686,G5,A+B,11,137.0,254.0,267.5,61.0,46,60,44.8,60.0
UDEA-0104,UdeA,Grupos UdeA,Medellín,Antioquia,Público (preuniversitario UdeA),6.2675,-75.5686,G5,A+B,11,124.0,254.0,242.0,36.6,50,62,44.8,49.1
UDEA-0105,UdeA,Grupos UdeA,Medellín,Antioquia,Público (preuniversitario UdeA),6.2675,-75.5686,G5,A+B,11,187.0,254.0,353.7,82.9,50,80,62.1,94.5
UDEA-0106,UdeA,Grupos UdeA,Medellín,Antioquia,Público (preuniversitario UdeA),6.2675,-75.5686,G5,A+B,11,153.0,254.0,282.2,61.0,36,60,60.3,81.8
UDEA-0107,UdeA,Grupos UdeA,Medellín,Antioquia,Público (preuniversitario UdeA),6.2675,-75.5686,G5,A+B,11,159.0,254.0,300.8,68.3,30,68,69.0,76.4
UDEA-0108,UdeA,Grupos UdeA,Medellín,Antioquia,Público (preuniversitario UdeA),6.2675,-75.5686,G5,A,11,65.0,120.0,267.0,56.1,40,52,65.5,
UDEA-0109,UdeA,Grupos UdeA,Medellín,Antioquia,Público (preuniversitario UdeA),6.2675,-75.5686,G5,A+B,11,134.0,254.0,249.4,58.5,26,50,58.6,69.1
UDEA-0110,UdeA,Grupos UdeA,Medellín,Antioquia,Público (preuniversitario UdeA),6.2675,-75.5686,G5,A+B,11,98.0,254.0,190.8,41.5,34,38,37.9,41.8
UDEA-0111,UdeA,Grupos UdeA,Medellín,Antioquia,Público (preuniversitario UdeA),6.2675,-75.5686,G5,A+B,11,134.0,254.0,270.5,61.0,32,66,60.3,45.5
UDEA-0112,UdeA,Grupos UdeA,Medellín,Antioquia,Público (preuniversitario UdeA),6.2675,-75.5686,G5,A+B,11,113.0,254.0,226.9,70.7,44,38,27.6,49.1
UDEA-0113,UdeA,Grupos UdeA,Medellín,Antioquia,Público (preuniversitario UdeA),6.2675,-75.5686,G5,A+B,11,199.0,254.0,381.7,82.9,60,88,69.0,92.7
UDEA-0114,UdeA,Grupos UdeA,Medellín,Antioquia,Público (preuniversitario UdeA),6.2675,-75.5686,G5,A+B,11,184.0,254.0,348.1,70.7,50,84,67.2,89.1
UDEA-0115,UdeA,Grupos UdeA,Medellín,Antioquia,Público (preuniversitario UdeA),6.2675,-75.5686,G5,A+B,11,180.0,254.0,338.7,73.2,54,74,62.1,90.9
UDEA-0116,UdeA,Grupos UdeA,Medellín,Antioquia,Público (preuniversitario UdeA),6.2675,-75.5686,G5,A+B,11,160.0,254.0,309.7,70.7,56,72,44.8,74.5
UDEA-0117,UdeA,Grupos UdeA,Medellín,Antioquia,Público (preuniversitario UdeA),6.2675,-75.5686,G5,A+B,11,166.0,254.0,310.8,63.4,38,78,62.1,83.6
UDEA-0118,UdeA,Grupos UdeA,Medellín,Antioquia,Público (preuniversitario UdeA),6.2675,-75.5686,G5,A+B,11,144.0,254.0,287.5,65.9,30,80,55.2,54.5
UDEA-0119,UdeA,Grupos UdeA,Medellín,Antioquia,Público (preuniversitario UdeA),6.2675,-75.5686,G5,A+B,11,113.0,254.0,209.8,43.9,32,40,46.6,58.2
UDEA-0120,UdeA,Grupos UdeA,Medellín,Antioquia,Público (preuniversitario UdeA),6.2675,-75.5686,G5,A+B,11,164.0,254.0,312.1,56.1,46,78,65.5,74.5
UDEA-0121,UdeA,Grupos UdeA,Medellín,Antioquia,Público (preuniversitario UdeA),6.2675,-75.5686,G5,A+B,11,152.0,254.0,308.2,78.0,40,74,56.9,54.5
UDEA-0122,UdeA,Grupos UdeA,Medellín,Antioquia,Público (preuniversitario UdeA),6.2675,-75.5686,G5,A+B,11,188.0,254.0,347.2,68.3,44,88,67.2,100.0
UDEA-0123,UdeA,Grupos UdeA,Medellín,Antioquia,Público (preuniversitario UdeA),6.2675,-75.5686,G5,A+B,11,171.0,254.0,337.2,85.4,38,78,67.2,70.9
UDEA-0124,UdeA,Grupos UdeA,Medellín,Antioquia,Público (preuniversitario UdeA),6.2675,-75.5686,G5,A+B,11,165.0,254.0,348.3,65.9,76,80,67.2,38.2
UDEA-0125,UdeA,Grupos UdeA,Medellín,Antioquia,Público (preuniversitario UdeA),6.2675,-75.5686,G5,A+B,11,159.0,254.0,307.6,85.4,36,60,60.3,74.5
UDEA-0126,UdeA,Grupos UdeA,Medellín,Antioquia,Público (preuniversitario UdeA),6.2675,-75.5686,G5,A+B,11,167.0,254.0,320.8,46.3,58,88,62.1,70.9
UDEA-0127,UdeA,Grupos UdeA,Medellín,Antioquia,Público (preuniversitario UdeA),6.2675,-75.5686,G5,A+B,11,113.0,254.0,208.5,43.9,32,40,44.8,60.0
UDEA-0128,UdeA,Grupos UdeA,Medellín,Antioquia,Público (preuniversitario UdeA),6.2675,-75.5686,G5,A+B,11,130.0,254.0,253.9,56.1,36,58,51.7,54.5
UDEA-0129,UdeA,Grupos UdeA,Medellín,Antioquia,Público (preuniversitario UdeA),6.2675,-75.5686,G5,A+B,11,147.0,254.0,274.3,63.4,36,56,56.9,76.4
UDEA-0130,UdeA,Grupos UdeA,Medellín,Antioquia,Público (preuniversitario UdeA),6.2675,-75.5686,G5,A+B,11,135.0,254.0,255.0,63.4,36,52,46.6,69.1
UDEA-0131,UdeA,Grupos UdeA,Medellín,Antioquia,Público (preuniversitario UdeA),6.2675,-75.5686,G5,A,11,76.0,120.0,311.1,73.2,40,84,51.7,
UDEA-0132,UdeA,Grupos UdeA,Medellín,Antioquia,Público (preuniversitario UdeA),6.2675,-75.5686,G5,A+B,11,88.0,254.0,170.8,43.9,28,22,41.4,38.2
UDEA-0133,UdeA,Grupos UdeA,Medellín,Antioquia,Público (preuniversitario UdeA),6.2675,-75.5686,G5,A+B,11,156.0,254.0,288.4,51.2,34,76,62.1,80.0
UDEA-0134,UdeA,Grupos UdeA,Medellín,Antioquia,Público (preuniversitario UdeA),6.2675,-75.5686,G5,A+B,11,160.0,254.0,291.0,61.0,28,76,56.9,90.9
UDEA-0135,UdeA,Grupos UdeA,Medellín,Antioquia,Público (preuniversitario UdeA),6.2675,-75.5686,G5,A+B,11,156.0,254.0,303.7,70.7,30,70,70.7,65.5
UDEA-0136,UdeA,Grupos UdeA,Medellín,Antioquia,Público (preuniversitario UdeA),6.2675,-75.5686,G5,A+B,11,152.0,254.0,292.4,61.0,46,78,44.8,70.9
UDEA-0137,UdeA,Grupos UdeA,Medellín,Antioquia,Público (preuniversitario UdeA),6.2675,-75.5686,G5,A+B,11,108.0,254.0,215.8,63.4,30,36,43.1,43.6
UDEA-0138,UdeA,Grupos UdeA,Medellín,Antioquia,Público (preuniversitario UdeA),6.2675,-75.5686,G5,A+B,11,141.0,254.0,278.6,56.1,30,82,55.2,54.5
UDEA-0139,UdeA,Grupos UdeA,Medellín,Antioquia,Público (preuniversitario UdeA),6.2675,-75.5686,G6,A+B,11,164.0,254.0,321.0,51.2,62,80,63.8,63.6
UDEA-0140,UdeA,Grupos UdeA,Medellín,Antioquia,Público (preuniversitario UdeA),6.2675,-75.5686,G6,A+B,11,142.0,254.0,267.7,51.2,32,66,60.3,67.3
UDEA-0141,UdeA,Grupos UdeA,Medellín,Antioquia,Público (preuniversitario UdeA),6.2675,-75.5686,G6,A+B,11,187.0,254.0,361.2,75.6,58,78,74.1,81.8
UDEA-0142,UdeA,Grupos UdeA,Medellín,Antioquia,Público (preuniversitario UdeA),6.2675,-75.5686,G6,A+B,11,124.0,254.0,245.0,46.3,48,54,48.3,47.3
UDEA-0143,UdeA,Grupos UdeA,Medellín,Antioquia,Público (preuniversitario UdeA),6.2675,-75.5686,G6,A,11,58.0,120.0,234.0,53.7,32,36,65.5,
UDEA-0144,UdeA,Grupos UdeA,Medellín,Antioquia,Público (preuniversitario UdeA),6.2675,-75.5686,G6,A+B,11,131.0,254.0,257.0,63.4,40,54,46.6,56.4
UDEA-0145,UdeA,Grupos UdeA,Medellín,Antioquia,Público (preuniversitario UdeA),6.2675,-75.5686,G6,A+B,11,134.0,254.0,259.4,63.4,40,56,44.8,61.8
UDEA-0146,UdeA,Grupos UdeA,Medellín,Antioquia,Público (preuniversitario UdeA),6.2675,-75.5686,G6,A+B,11,145.0,254.0,271.4,68.3,40,56,44.8,78.2
UDEA-0147,UdeA,Grupos UdeA,Medellín,Antioquia,Público (preuniversitario UdeA),6.2675,-75.5686,G6,A+B,11,128.0,254.0,231.2,56.1,38,52,27.6,80.0
UDEA-0148,UdeA,Grupos UdeA,Medellín,Antioquia,Público (preuniversitario UdeA),6.2675,-75.5686,G6,A+B,11,127.0,254.0,251.4,68.3,34,48,50.0,52.7
UDEA-0149,UdeA,Grupos UdeA,Medellín,Antioquia,Público (preuniversitario UdeA),6.2675,-75.5686,G6,A+B,11,154.0,254.0,287.1,61.0,36,62,63.8,78.2
UDEA-0150,UdeA,Grupos UdeA,Medellín,Antioquia,Público (preuniversitario UdeA),6.2675,-75.5686,G6,A,11,53.0,120.0,218.8,43.9,32,44,55.2,
UDEA-0151,UdeA,Grupos UdeA,Medellín,Antioquia,Público (preuniversitario UdeA),6.2675,-75.5686,G6,A+B,11,178.0,254.0,330.4,58.5,58,74,65.5,90.9
UDEA-0152,UdeA,Grupos UdeA,Medellín,Antioquia,Público (preuniversitario UdeA),6.2675,-75.5686,G6,A+B,11,178.0,254.0,329.9,56.1,58,76,65.5,90.9
UDEA-0153,UdeA,Grupos UdeA,Medellín,Antioquia,Público (preuniversitario UdeA),6.2675,-75.5686,G6,A+B,11,138.0,254.0,246.6,43.9,24,72,46.6,81.8
UDEA-0154,UdeA,Grupos UdeA,Medellín,Antioquia,Público (preuniversitario UdeA),6.2675,-75.5686,G6,A+B,11,154.0,254.0,295.6,58.5,50,66,58.6,69.1
UDEA-0155,UdeA,Grupos UdeA,Medellín,Antioquia,Público (preuniversitario UdeA),6.2675,-75.5686,G6,A+B,11,112.0,254.0,224.4,46.3,48,50,36.2,41.8
UDEA-0156,UdeA,Grupos UdeA,Medellín,Antioquia,Público (preuniversitario UdeA),6.2675,-75.5686,G6,A+B,11,136.0,254.0,259.0,68.3,42,48,43.1,69.1
UDEA-0157,UdeA,Grupos UdeA,Medellín,Antioquia,Público (preuniversitario UdeA),6.2675,-75.5686,G6,A+B,11,129.0,254.0,232.2,56.1,34,42,43.1,78.2
UDEA-0158,UdeA,Grupos UdeA,Medellín,Antioquia,Público (preuniversitario UdeA),6.2675,-75.5686,G6,A+B,11,105.0,254.0,175.4,24.4,34,36,32.8,74.5
UDEA-0159,UdeA,Grupos UdeA,Medellín,Antioquia,Público (preuniversitario UdeA),6.2675,-75.5686,G2,B,11,82.0,134.0,269.2,,28,68,58.6,74.5
UDEA-0160,UdeA,Grupos UdeA,Medellín,Antioquia,Público (preuniversitario UdeA),6.2675,-75.5686,G5,B,11,50.0,134.0,175.5,,24,48,31.0,41.8
UDEA-0161,UdeA,Grupos UdeA,Medellín,Antioquia,Público (preuniversitario UdeA),6.2675,-75.5686,G5,B,11,91.0,134.0,327.5,,48,84,62.1,72.7
UDEA-0162,UdeA,Grupos UdeA,Medellín,Antioquia,Público (preuniversitario UdeA),6.2675,-75.5686,G5,B,11,75.0,134.0,245.8,,44,52,44.8,69.1
UDEA-0163,UdeA,Grupos UdeA,Medellín,Antioquia,Público (preuniversitario UdeA),6.2675,-75.5686,G5,A+B,11,0.0,254.0,0.0,0.0,0,0,0.0,0.0
UDEA-0164,UdeA,Grupos UdeA,Medellín,Antioquia,Público (preuniversitario UdeA),6.2675,-75.5686,X,A+B,11,164.0,254.0,304.0,56.1,46,60,74.1,81.8
UDEA-0165,UdeA,Grupos UdeA,Medellín,Antioquia,Público (preuniversitario UdeA),6.2675,-75.5686,X,A+B,11,123.0,254.0,243.7,51.2,50,54,39.7,49.1
UDEA-0166,UdeA,Grupos UdeA,Medellín,Antioquia,Público (preuniversitario UdeA),6.2675,-75.5686,X,A+B,11,179.0,254.0,333.6,87.8,36,74,58.6,98.2
TAB-0001,Tablazo,I.E. Rural El Tablazo,Rionegro,Antioquia,Oficial,6.1440246,-75.4484784,11-01,A+B,11,110.0,254.0,226.9,51.2,40,56,37.9,34.5
TAB-0002,Tablazo,I.E. Rural El Tablazo,Rionegro,Antioquia,Oficial,6.1440246,-75.4484784,11-01,A+B,11,138.0,254.0,260.6,58.5,44,60,39.7,70.9
TAB-0003,Tablazo,I.E. Rural El Tablazo,Rionegro,Antioquia,Oficial,6.1440246,-75.4484784,11-01,A+B,11,92.0,254.0,151.4,31.7,20,30,25.9,70.9
TAB-0004,Tablazo,I.E. Rural El Tablazo,Rionegro,Antioquia,Oficial,6.1440246,-75.4484784,11-01,A+B,11,122.0,254.0,240.5,39.0,44,62,48.3,45.5
TAB-0005,Tablazo,I.E. Rural El Tablazo,Rionegro,Antioquia,Oficial,6.1440246,-75.4484784,11-01,A+B,11,114.0,254.0,209.0,36.6,32,62,29.3,63.6
TAB-0006,Tablazo,I.E. Rural El Tablazo,Rionegro,Antioquia,Oficial,6.1440246,-75.4484784,11-01,A+B,11,147.0,254.0,269.9,56.1,36,60,55.2,80.0
TAB-0007,Tablazo,I.E. Rural El Tablazo,Rionegro,Antioquia,Oficial,6.1440246,-75.4484784,11-01,A+B,11,85.0,254.0,172.1,46.3,16,26,51.7,27.3
TAB-0008,Tablazo,I.E. Rural El Tablazo,Rionegro,Antioquia,Oficial,6.1440246,-75.4484784,11-01,A+B,11,121.0,254.0,212.2,26.8,28,52,53.4,70.9
TAB-0009,Tablazo,I.E. Rural El Tablazo,Rionegro,Antioquia,Oficial,6.1440246,-75.4484784,11-01,A+B,11,127.0,254.0,250.9,53.7,32,70,44.8,50.9
TAB-0010,Tablazo,I.E. Rural El Tablazo,Rionegro,Antioquia,Oficial,6.1440246,-75.4484784,11-01,A+B,11,104.0,254.0,187.3,17.1,32,52,43.1,54.5
TAB-0011,Tablazo,I.E. Rural El Tablazo,Rionegro,Antioquia,Oficial,6.1440246,-75.4484784,11-01,A+B,11,124.0,254.0,226.2,39.0,28,60,46.6,67.3
TAB-0012,Tablazo,I.E. Rural El Tablazo,Rionegro,Antioquia,Oficial,6.1440246,-75.4484784,11-01,A+B,11,134.0,254.0,248.3,61.0,32,56,41.4,74.5
TAB-0013,Tablazo,I.E. Rural El Tablazo,Rionegro,Antioquia,Oficial,6.1440246,-75.4484784,11-01,A+B,11,130.0,254.0,245.0,53.7,32,60,44.8,65.5
TAB-0014,Tablazo,I.E. Rural El Tablazo,Rionegro,Antioquia,Oficial,6.1440246,-75.4484784,11-01,A+B,11,102.0,254.0,199.3,31.7,38,50,39.7,40.0
TAB-0015,Tablazo,I.E. Rural El Tablazo,Rionegro,Antioquia,Oficial,6.1440246,-75.4484784,11-01,A+B,11,116.0,254.0,200.1,41.5,20,48,37.9,78.2
TAB-0016,Tablazo,I.E. Rural El Tablazo,Rionegro,Antioquia,Oficial,6.1440246,-75.4484784,11-01,A+B,11,132.0,254.0,237.2,34.1,38,62,46.6,74.5
TAB-0017,Tablazo,I.E. Rural El Tablazo,Rionegro,Antioquia,Oficial,6.1440246,-75.4484784,11-01,A+B,11,123.0,254.0,232.2,56.1,26,68,29.3,65.5
TAB-0018,Tablazo,I.E. Rural El Tablazo,Rionegro,Antioquia,Oficial,6.1440246,-75.4484784,11-01,A+B,11,101.0,254.0,209.5,43.9,32,58,37.9,29.1
TAB-0019,Tablazo,I.E. Rural El Tablazo,Rionegro,Antioquia,Oficial,6.1440246,-75.4484784,11-01,A+B,11,105.0,254.0,222.4,46.3,36,56,46.6,23.6
TAB-0020,Tablazo,I.E. Rural El Tablazo,Rionegro,Antioquia,Oficial,6.1440246,-75.4484784,11-01,A+B,11,146.0,254.0,281.8,56.1,44,74,48.3,65.5
TAB-0021,Tablazo,I.E. Rural El Tablazo,Rionegro,Antioquia,Oficial,6.1440246,-75.4484784,11-01,A+B,11,96.0,254.0,184.0,51.2,20,54,17.2,50.9
TAB-0022,Tablazo,I.E. Rural El Tablazo,Rionegro,Antioquia,Oficial,6.1440246,-75.4484784,11-01,A+B,11,110.0,254.0,228.2,46.3,44,62,34.5,32.7
ENV-0001,Envigado,ALEJANDRO VÉLEZ BARRIENTOS,Envigado,Antioquia,Oficial,6.1700512,-75.5922482,,,11,,,316.0,68.0,42,74,66.0,71.0
ENV-0002,Envigado,ALEJANDRO VÉLEZ BARRIENTOS,Envigado,Antioquia,Oficial,6.1700512,-75.5922482,,,11,,,313.0,80.0,40,66,55.0,89.0
ENV-0003,Envigado,ALEJANDRO VÉLEZ BARRIENTOS,Envigado,Antioquia,Oficial,6.1700512,-75.5922482,,,11,,,309.0,71.0,40,84,43.0,89.0
ENV-0004,Envigado,ALEJANDRO VÉLEZ BARRIENTOS,Envigado,Antioquia,Oficial,6.1700512,-75.5922482,,,11,,,304.0,83.0,32,68,52.0,87.0
ENV-0005,Envigado,ALEJANDRO VÉLEZ BARRIENTOS,Envigado,Antioquia,Oficial,6.1700512,-75.5922482,,,11,,,300.0,78.0,28,82,41.0,91.0
ENV-0006,Envigado,ALEJANDRO VÉLEZ BARRIENTOS,Envigado,Antioquia,Oficial,6.1700512,-75.5922482,,,11,,,273.0,51.0,26,58,74.0,82.0
ENV-0007,Envigado,ALEJANDRO VÉLEZ BARRIENTOS,Envigado,Antioquia,Oficial,6.1700512,-75.5922482,,,11,,,265.0,66.0,30,74,41.0,56.0
ENV-0008,Envigado,ALEJANDRO VÉLEZ BARRIENTOS,Envigado,Antioquia,Oficial,6.1700512,-75.5922482,,,11,,,261.0,66.0,28,70,38.0,73.0
ENV-0009,Envigado,ALEJANDRO VÉLEZ BARRIENTOS,Envigado,Antioquia,Oficial,6.1700512,-75.5922482,,,11,,,260.0,63.0,28,72,38.0,73.0
ENV-0010,Envigado,ALEJANDRO VÉLEZ BARRIENTOS,Envigado,Antioquia,Oficial,6.1700512,-75.5922482,,,11,,,260.0,51.0,34,72,53.0,44.0
ENV-0011,Envigado,ALEJANDRO VÉLEZ BARRIENTOS,Envigado,Antioquia,Oficial,6.1700512,-75.5922482,,,11,,,259.0,56.0,24,64,55.0,76.0
ENV-0012,Envigado,ALEJANDRO VÉLEZ BARRIENTOS,Envigado,Antioquia,Oficial,6.1700512,-75.5922482,,,11,,,258.0,37.0,52,46,60.0,87.0
ENV-0013,Envigado,ALEJANDRO VÉLEZ BARRIENTOS,Envigado,Antioquia,Oficial,6.1700512,-75.5922482,,,11,,,258.0,71.0,48,46,41.0,53.0
ENV-0014,Envigado,ALEJANDRO VÉLEZ BARRIENTOS,Envigado,Antioquia,Oficial,6.1700512,-75.5922482,,,11,,,255.0,59.0,36,60,48.0,55.0
ENV-0015,Envigado,ALEJANDRO VÉLEZ BARRIENTOS,Envigado,Antioquia,Oficial,6.1700512,-75.5922482,,,11,,,254.0,76.0,34,56,28.0,82.0
ENV-0016,Envigado,ALEJANDRO VÉLEZ BARRIENTOS,Envigado,Antioquia,Oficial,6.1700512,-75.5922482,,,11,,,248.0,61.0,30,50,43.0,93.0
ENV-0017,Envigado,ALEJANDRO VÉLEZ BARRIENTOS,Envigado,Antioquia,Oficial,6.1700512,-75.5922482,,,11,,,247.0,66.0,32,62,31.0,69.0
ENV-0018,Envigado,ALEJANDRO VÉLEZ BARRIENTOS,Envigado,Antioquia,Oficial,6.1700512,-75.5922482,,,11,,,246.0,66.0,34,56,47.0,33.0
ENV-0019,Envigado,ALEJANDRO VÉLEZ BARRIENTOS,Envigado,Antioquia,Oficial,6.1700512,-75.5922482,,,11,,,244.0,73.0,36,50,40.0,38.0
ENV-0020,Envigado,ALEJANDRO VÉLEZ BARRIENTOS,Envigado,Antioquia,Oficial,6.1700512,-75.5922482,,,11,,,241.0,29.0,40,54,62.0,71.0
ENV-0021,Envigado,ALEJANDRO VÉLEZ BARRIENTOS,Envigado,Antioquia,Oficial,6.1700512,-75.5922482,,,11,,,240.0,44.0,44,60,36.0,71.0
ENV-0022,Envigado,ALEJANDRO VÉLEZ BARRIENTOS,Envigado,Antioquia,Oficial,6.1700512,-75.5922482,,,11,,,239.0,73.0,46,52,12.0,71.0
ENV-0023,Envigado,ALEJANDRO VÉLEZ BARRIENTOS,Envigado,Antioquia,Oficial,6.1700512,-75.5922482,,,11,,,234.0,68.0,24,50,34.0,78.0
ENV-0024,Envigado,ALEJANDRO VÉLEZ BARRIENTOS,Envigado,Antioquia,Oficial,6.1700512,-75.5922482,,,11,,,224.0,59.0,40,44,40.0,36.0
ENV-0025,Envigado,ALEJANDRO VÉLEZ BARRIENTOS,Envigado,Antioquia,Oficial,6.1700512,-75.5922482,,,11,,,223.0,51.0,32,56,34.0,58.0
ENV-0026,Envigado,ALEJANDRO VÉLEZ BARRIENTOS,Envigado,Antioquia,Oficial,6.1700512,-75.5922482,,,11,,,217.0,54.0,36,46,33.0,60.0
ENV-0027,Envigado,ALEJANDRO VÉLEZ BARRIENTOS,Envigado,Antioquia,Oficial,6.1700512,-75.5922482,,,11,,,215.0,66.0,34,30,34.0,67.0
ENV-0028,Envigado,ALEJANDRO VÉLEZ BARRIENTOS,Envigado,Antioquia,Oficial,6.1700512,-75.5922482,,,11,,,213.0,46.0,34,44,36.0,73.0
ENV-0029,Envigado,ALEJANDRO VÉLEZ BARRIENTOS,Envigado,Antioquia,Oficial,6.1700512,-75.5922482,,,11,,,213.0,54.0,40,42,34.0,44.0
ENV-0030,Envigado,ALEJANDRO VÉLEZ BARRIENTOS,Envigado,Antioquia,Oficial,6.1700512,-75.5922482,,,11,,,212.0,66.0,32,38,28.0,62.0
ENV-0031,Envigado,ALEJANDRO VÉLEZ BARRIENTOS,Envigado,Antioquia,Oficial,6.1700512,-75.5922482,,,11,,,212.0,61.0,34,44,33.0,36.0
ENV-0032,Envigado,ALEJANDRO VÉLEZ BARRIENTOS,Envigado,Antioquia,Oficial,6.1700512,-75.5922482,,,11,,,212.0,49.0,30,62,26.0,51.0
ENV-0033,Envigado,ALEJANDRO VÉLEZ BARRIENTOS,Envigado,Antioquia,Oficial,6.1700512,-75.5922482,,,11,,,211.0,71.0,30,22,43.0,51.0
ENV-0034,Envigado,ALEJANDRO VÉLEZ BARRIENTOS,Envigado,Antioquia,Oficial,6.1700512,-75.5922482,,,11,,,208.0,54.0,30,34,40.0,69.0
ENV-0035,Envigado,ALEJANDRO VÉLEZ BARRIENTOS,Envigado,Antioquia,Oficial,6.1700512,-75.5922482,,,11,,,206.0,46.0,36,26,52.0,55.0
ENV-0036,Envigado,ALEJANDRO VÉLEZ BARRIENTOS,Envigado,Antioquia,Oficial,6.1700512,-75.5922482,,,11,,,203.0,56.0,30,56,22.0,35.0
ENV-0037,Envigado,ALEJANDRO VÉLEZ BARRIENTOS,Envigado,Antioquia,Oficial,6.1700512,-75.5922482,,,11,,,201.0,63.0,34,12,38.0,80.0
ENV-0038,Envigado,ALEJANDRO VÉLEZ BARRIENTOS,Envigado,Antioquia,Oficial,6.1700512,-75.5922482,,,11,,,200.0,54.0,30,44,29.0,49.0
ENV-0039,Envigado,ALEJANDRO VÉLEZ BARRIENTOS,Envigado,Antioquia,Oficial,6.1700512,-75.5922482,,,11,,,199.0,41.0,28,44,41.0,53.0
ENV-0040,Envigado,ALEJANDRO VÉLEZ BARRIENTOS,Envigado,Antioquia,Oficial,6.1700512,-75.5922482,,,11,,,199.0,78.0,38,10,31.0,45.0
ENV-0041,Envigado,ALEJANDRO VÉLEZ BARRIENTOS,Envigado,Antioquia,Oficial,6.1700512,-75.5922482,,,11,,,198.0,61.0,46,28,24.0,36.0
ENV-0042,Envigado,ALEJANDRO VÉLEZ BARRIENTOS,Envigado,Antioquia,Oficial,6.1700512,-75.5922482,,,11,,,196.0,46.0,26,48,40.0,31.0
ENV-0043,Envigado,ALEJANDRO VÉLEZ BARRIENTOS,Envigado,Antioquia,Oficial,6.1700512,-75.5922482,,,11,,,196.0,51.0,46,32,29.0,35.0
ENV-0044,Envigado,ALEJANDRO VÉLEZ BARRIENTOS,Envigado,Antioquia,Oficial,6.1700512,-75.5922482,,,11,,,195.0,56.0,30,28,36.0,56.0
ENV-0045,Envigado,ALEJANDRO VÉLEZ BARRIENTOS,Envigado,Antioquia,Oficial,6.1700512,-75.5922482,,,11,,,191.0,27.0,22,56,36.0,75.0
ENV-0046,Envigado,ALEJANDRO VÉLEZ BARRIENTOS,Envigado,Antioquia,Oficial,6.1700512,-75.5922482,,,11,,,191.0,49.0,28,28,33.0,84.0
ENV-0047,Envigado,ALEJANDRO VÉLEZ BARRIENTOS,Envigado,Antioquia,Oficial,6.1700512,-75.5922482,,,11,,,189.0,54.0,28,38,28.0,49.0
ENV-0048,Envigado,ALEJANDRO VÉLEZ BARRIENTOS,Envigado,Antioquia,Oficial,6.1700512,-75.5922482,,,11,,,187.0,54.0,38,32,24.0,44.0
ENV-0049,Envigado,ALEJANDRO VÉLEZ BARRIENTOS,Envigado,Antioquia,Oficial,6.1700512,-75.5922482,,,11,,,185.0,37.0,42,36,33.0,38.0
ENV-0050,Envigado,ALEJANDRO VÉLEZ BARRIENTOS,Envigado,Antioquia,Oficial,6.1700512,-75.5922482,,,11,,,183.0,51.0,28,32,36.0,33.0
ENV-0051,Envigado,ALEJANDRO VÉLEZ BARRIENTOS,Envigado,Antioquia,Oficial,6.1700512,-75.5922482,,,11,,,178.0,61.0,38,14,31.0,31.0
ENV-0052,Envigado,ALEJANDRO VÉLEZ BARRIENTOS,Envigado,Antioquia,Oficial,6.1700512,-75.5922482,,,11,,,178.0,34.0,38,26,40.0,49.0
ENV-0053,Envigado,ALEJANDRO VÉLEZ BARRIENTOS,Envigado,Antioquia,Oficial,6.1700512,-75.5922482,,,11,,,176.0,63.0,34,20,19.0,47.0
ENV-0054,Envigado,ALEJANDRO VÉLEZ BARRIENTOS,Envigado,Antioquia,Oficial,6.1700512,-75.5922482,,,11,,,174.0,41.0,32,30,31.0,49.0
ENV-0055,Envigado,ALEJANDRO VÉLEZ BARRIENTOS,Envigado,Antioquia,Oficial,6.1700512,-75.5922482,,,11,,,173.0,37.0,34,36,28.0,47.0
ENV-0056,Envigado,ALEJANDRO VÉLEZ BARRIENTOS,Envigado,Antioquia,Oficial,6.1700512,-75.5922482,,,11,,,171.0,44.0,24,36,28.0,51.0
ENV-0057,Envigado,ALEJANDRO VÉLEZ BARRIENTOS,Envigado,Antioquia,Oficial,6.1700512,-75.5922482,,,11,,,170.0,51.0,32,24,22.0,53.0
ENV-0058,Envigado,ALEJANDRO VÉLEZ BARRIENTOS,Envigado,Antioquia,Oficial,6.1700512,-75.5922482,,,11,,,168.0,39.0,34,26,31.0,47.0
ENV-0059,Envigado,ALEJANDRO VÉLEZ BARRIENTOS,Envigado,Antioquia,Oficial,6.1700512,-75.5922482,,,11,,,168.0,29.0,28,32,41.0,45.0
ENV-0060,Envigado,ALEJANDRO VÉLEZ BARRIENTOS,Envigado,Antioquia,Oficial,6.1700512,-75.5922482,,,11,,,164.0,29.0,30,34,40.0,27.0
ENV-0061,Envigado,ALEJANDRO VÉLEZ BARRIENTOS,Envigado,Antioquia,Oficial,6.1700512,-75.5922482,,,11,,,163.0,34.0,32,36,26.0,40.0
ENV-0062,Envigado,ALEJANDRO VÉLEZ BARRIENTOS,Envigado,Antioquia,Oficial,6.1700512,-75.5922482,,,11,,,158.0,39.0,20,30,36.0,35.0
ENV-0063,Envigado,ALEJANDRO VÉLEZ BARRIENTOS,Envigado,Antioquia,Oficial,6.1700512,-75.5922482,,,11,,,157.0,24.0,30,38,28.0,47.0
ENV-0064,Envigado,ALEJANDRO VÉLEZ BARRIENTOS,Envigado,Antioquia,Oficial,6.1700512,-75.5922482,,,11,,,149.0,29.0,24,40,24.0,36.0
ENV-0065,Envigado,ALEJANDRO VÉLEZ BARRIENTOS,Envigado,Antioquia,Oficial,6.1700512,-75.5922482,,,11,,,139.0,32.0,22,30,22.0,44.0
ENV-0066,Envigado,ALEJANDRO VÉLEZ BARRIENTOS,Envigado,Antioquia,Oficial,6.1700512,-75.5922482,,,11,,,124.0,0.0,10,48,22.0,82.0
ENV-0067,Envigado,ALEJANDRO VÉLEZ BARRIENTOS,Envigado,Antioquia,Oficial,6.1700512,-75.5922482,,,11,,,123.0,37.0,18,24,21.0,22.0
ENV-0068,Envigado,ALEJANDRO VÉLEZ BARRIENTOS,Envigado,Antioquia,Oficial,6.1700512,-75.5922482,,,11,,,115.0,0.0,16,40,28.0,49.0
ENV-0069,Envigado,ALEJANDRO VÉLEZ BARRIENTOS,Envigado,Antioquia,Oficial,6.1700512,-75.5922482,,,11,,,94.0,0.0,12,24,21.0,75.0
ENV-0070,Envigado,COMERCIAL,Envigado,Antioquia,Oficial,6.1534647,-75.5847027,,,11,,,308.0,78.0,72,30,57.0,91.0
ENV-0071,Envigado,COMERCIAL,Envigado,Antioquia,Oficial,6.1534647,-75.5847027,,,11,,,278.0,71.0,48,52,53.0,49.0
ENV-0072,Envigado,COMERCIAL,Envigado,Antioquia,Oficial,6.1534647,-75.5847027,,,11,,,270.0,66.0,38,66,36.0,84.0
ENV-0073,Envigado,COMERCIAL,Envigado,Antioquia,Oficial,6.1534647,-75.5847027,,,11,,,254.0,76.0,28,40,48.0,85.0
ENV-0074,Envigado,COMERCIAL,Envigado,Antioquia,Oficial,6.1534647,-75.5847027,,,11,,,254.0,71.0,32,60,41.0,47.0
ENV-0075,Envigado,COMERCIAL,Envigado,Antioquia,Oficial,6.1534647,-75.5847027,,,11,,,248.0,61.0,44,52,41.0,49.0
ENV-0076,Envigado,COMERCIAL,Envigado,Antioquia,Oficial,6.1534647,-75.5847027,,,11,,,245.0,76.0,40,18,60.0,55.0
ENV-0077,Envigado,COMERCIAL,Envigado,Antioquia,Oficial,6.1534647,-75.5847027,,,11,,,243.0,49.0,38,52,59.0,40.0
ENV-0078,Envigado,COMERCIAL,Envigado,Antioquia,Oficial,6.1534647,-75.5847027,,,11,,,241.0,68.0,26,58,31.0,76.0
ENV-0079,Envigado,COMERCIAL,Envigado,Antioquia,Oficial,6.1534647,-75.5847027,,,11,,,229.0,71.0,32,38,47.0,35.0
ENV-0080,Envigado,COMERCIAL,Envigado,Antioquia,Oficial,6.1534647,-75.5847027,,,11,,,228.0,39.0,42,62,31.0,71.0
ENV-0081,Envigado,COMERCIAL,Envigado,Antioquia,Oficial,6.1534647,-75.5847027,,,11,,,225.0,22.0,42,56,66.0,29.0
ENV-0082,Envigado,COMERCIAL,Envigado,Antioquia,Oficial,6.1534647,-75.5847027,,,11,,,224.0,61.0,32,44,45.0,38.0
ENV-0083,Envigado,COMERCIAL,Envigado,Antioquia,Oficial,6.1534647,-75.5847027,,,11,,,223.0,59.0,18,38,60.0,56.0
ENV-0084,Envigado,COMERCIAL,Envigado,Antioquia,Oficial,6.1534647,-75.5847027,,,11,,,223.0,71.0,32,28,38.0,73.0
ENV-0085,Envigado,COMERCIAL,Envigado,Antioquia,Oficial,6.1534647,-75.5847027,,,11,,,222.0,59.0,34,54,22.0,69.0
ENV-0086,Envigado,COMERCIAL,Envigado,Antioquia,Oficial,6.1534647,-75.5847027,,,11,,,221.0,51.0,46,54,28.0,38.0
ENV-0087,Envigado,COMERCIAL,Envigado,Antioquia,Oficial,6.1534647,-75.5847027,,,11,,,220.0,61.0,42,40,33.0,44.0
ENV-0088,Envigado,COMERCIAL,Envigado,Antioquia,Oficial,6.1534647,-75.5847027,,,11,,,214.0,61.0,28,30,52.0,44.0
ENV-0089,Envigado,COMERCIAL,Envigado,Antioquia,Oficial,6.1534647,-75.5847027,,,11,,,212.0,46.0,28,36,50.0,69.0
ENV-0090,Envigado,COMERCIAL,Envigado,Antioquia,Oficial,6.1534647,-75.5847027,,,11,,,211.0,76.0,30,36,16.0,76.0
ENV-0091,Envigado,COMERCIAL,Envigado,Antioquia,Oficial,6.1534647,-75.5847027,,,11,,,210.0,56.0,36,36,38.0,49.0
ENV-0092,Envigado,COMERCIAL,Envigado,Antioquia,Oficial,6.1534647,-75.5847027,,,11,,,210.0,49.0,34,40,41.0,55.0
ENV-0093,Envigado,COMERCIAL,Envigado,Antioquia,Oficial,6.1534647,-75.5847027,,,11,,,205.0,68.0,34,30,31.0,44.0
ENV-0094,Envigado,COMERCIAL,Envigado,Antioquia,Oficial,6.1534647,-75.5847027,,,11,,,205.0,51.0,48,24,36.0,55.0
ENV-0095,Envigado,COMERCIAL,Envigado,Antioquia,Oficial,6.1534647,-75.5847027,,,11,,,203.0,54.0,28,44,41.0,25.0
ENV-0096,Envigado,COMERCIAL,Envigado,Antioquia,Oficial,6.1534647,-75.5847027,,,11,,,200.0,59.0,28,32,43.0,36.0
ENV-0097,Envigado,COMERCIAL,Envigado,Antioquia,Oficial,6.1534647,-75.5847027,,,11,,,196.0,44.0,30,30,50.0,49.0
ENV-0098,Envigado,COMERCIAL,Envigado,Antioquia,Oficial,6.1534647,-75.5847027,,,11,,,193.0,54.0,28,30,36.0,58.0
ENV-0099,Envigado,COMERCIAL,Envigado,Antioquia,Oficial,6.1534647,-75.5847027,,,11,,,191.0,49.0,38,32,29.0,53.0
ENV-0100,Envigado,COMERCIAL,Envigado,Antioquia,Oficial,6.1534647,-75.5847027,,,11,,,191.0,49.0,30,18,50.0,56.0
ENV-0101,Envigado,COMERCIAL,Envigado,Antioquia,Oficial,6.1534647,-75.5847027,,,11,,,189.0,22.0,38,54,40.0,31.0
ENV-0102,Envigado,COMERCIAL,Envigado,Antioquia,Oficial,6.1534647,-75.5847027,,,11,,,188.0,46.0,30,36,34.0,49.0
ENV-0103,Envigado,COMERCIAL,Envigado,Antioquia,Oficial,6.1534647,-75.5847027,,,11,,,188.0,41.0,38,34,36.0,40.0
ENV-0104,Envigado,COMERCIAL,Envigado,Antioquia,Oficial,6.1534647,-75.5847027,,,11,,,188.0,41.0,22,56,33.0,31.0
ENV-0105,Envigado,COMERCIAL,Envigado,Antioquia,Oficial,6.1534647,-75.5847027,,,11,,,186.0,41.0,26,30,41.0,67.0
ENV-0106,Envigado,COMERCIAL,Envigado,Antioquia,Oficial,6.1534647,-75.5847027,,,11,,,185.0,39.0,18,40,50.0,40.0
ENV-0107,Envigado,COMERCIAL,Envigado,Antioquia,Oficial,6.1534647,-75.5847027,,,11,,,183.0,51.0,36,22,38.0,35.0
ENV-0108,Envigado,COMERCIAL,Envigado,Antioquia,Oficial,6.1534647,-75.5847027,,,11,,,181.0,54.0,26,32,34.0,33.0
ENV-0109,Envigado,COMERCIAL,Envigado,Antioquia,Oficial,6.1534647,-75.5847027,,,11,,,181.0,41.0,26,50,29.0,29.0
ENV-0110,Envigado,COMERCIAL,Envigado,Antioquia,Oficial,6.1534647,-75.5847027,,,11,,,180.0,41.0,34,34,31.0,47.0
ENV-0111,Envigado,COMERCIAL,Envigado,Antioquia,Oficial,6.1534647,-75.5847027,,,11,,,179.0,71.0,18,22,33.0,35.0
ENV-0112,Envigado,COMERCIAL,Envigado,Antioquia,Oficial,6.1534647,-75.5847027,,,11,,,175.0,44.0,26,34,33.0,45.0
ENV-0113,Envigado,COMERCIAL,Envigado,Antioquia,Oficial,6.1534647,-75.5847027,,,11,,,174.0,46.0,34,32,24.0,44.0
ENV-0114,Envigado,COMERCIAL,Envigado,Antioquia,Oficial,6.1534647,-75.5847027,,,11,,,173.0,39.0,38,40,22.0,33.0
ENV-0115,Envigado,COMERCIAL,Envigado,Antioquia,Oficial,6.1534647,-75.5847027,,,11,,,173.0,39.0,28,32,38.0,40.0
ENV-0116,Envigado,COMERCIAL,Envigado,Antioquia,Oficial,6.1534647,-75.5847027,,,11,,,171.0,34.0,40,22,41.0,31.0
ENV-0117,Envigado,COMERCIAL,Envigado,Antioquia,Oficial,6.1534647,-75.5847027,,,11,,,170.0,54.0,24,30,31.0,25.0
ENV-0118,Envigado,COMERCIAL,Envigado,Antioquia,Oficial,6.1534647,-75.5847027,,,11,,,167.0,39.0,28,34,29.0,44.0
ENV-0119,Envigado,COMERCIAL,Envigado,Antioquia,Oficial,6.1534647,-75.5847027,,,11,,,165.0,49.0,28,14,40.0,38.0
ENV-0120,Envigado,COMERCIAL,Envigado,Antioquia,Oficial,6.1534647,-75.5847027,,,11,,,165.0,46.0,32,22,31.0,35.0
ENV-0121,Envigado,COMERCIAL,Envigado,Antioquia,Oficial,6.1534647,-75.5847027,,,11,,,155.0,46.0,22,28,28.0,31.0
ENV-0122,Envigado,COMERCIAL,Envigado,Antioquia,Oficial,6.1534647,-75.5847027,,,11,,,155.0,37.0,30,30,24.0,40.0
ENV-0123,Envigado,COMERCIAL,Envigado,Antioquia,Oficial,6.1534647,-75.5847027,,,11,,,153.0,29.0,30,22,38.0,40.0
ENV-0124,Envigado,COMERCIAL,Envigado,Antioquia,Oficial,6.1534647,-75.5847027,,,11,,,152.0,20.0,26,34,36.0,49.0
ENV-0125,Envigado,COMERCIAL,Envigado,Antioquia,Oficial,6.1534647,-75.5847027,,,11,,,151.0,49.0,22,24,29.0,20.0
ENV-0126,Envigado,COMERCIAL,Envigado,Antioquia,Oficial,6.1534647,-75.5847027,,,11,,,144.0,34.0,26,36,16.0,40.0
ENV-0127,Envigado,COMERCIAL,Envigado,Antioquia,Oficial,6.1534647,-75.5847027,,,11,,,144.0,27.0,34,22,29.0,38.0
ENV-0128,Envigado,COMERCIAL,Envigado,Antioquia,Oficial,6.1534647,-75.5847027,,,11,,,143.0,39.0,24,24,22.0,44.0
ENV-0129,Envigado,COMERCIAL,Envigado,Antioquia,Oficial,6.1534647,-75.5847027,,,11,,,141.0,15.0,26,26,38.0,53.0
ENV-0130,Envigado,COMERCIAL,Envigado,Antioquia,Oficial,6.1534647,-75.5847027,,,11,,,134.0,24.0,32,22,26.0,36.0
ENV-0131,Envigado,COMERCIAL,Envigado,Antioquia,Oficial,6.1534647,-75.5847027,,,11,,,130.0,27.0,30,22,21.0,38.0
ENV-0132,Envigado,COMERCIAL,Envigado,Antioquia,Oficial,6.1534647,-75.5847027,,,11,,,128.0,22.0,16,22,33.0,55.0
ENV-0133,Envigado,COMERCIAL,Envigado,Antioquia,Oficial,6.1534647,-75.5847027,,,11,,,127.0,17.0,26,24,29.0,42.0
ENV-0134,Envigado,COMERCIAL,Envigado,Antioquia,Oficial,6.1534647,-75.5847027,,,11,,,127.0,46.0,28,10,26.0,0.0
ENV-0135,Envigado,COMERCIAL,Envigado,Antioquia,Oficial,6.1534647,-75.5847027,,,11,,,125.0,32.0,18,12,34.0,36.0
ENV-0136,Envigado,COMERCIAL,Envigado,Antioquia,Oficial,6.1534647,-75.5847027,,,11,,,123.0,29.0,10,24,28.0,47.0
ENV-0137,Envigado,COMERCIAL,Envigado,Antioquia,Oficial,6.1534647,-75.5847027,,,11,,,117.0,22.0,20,22,29.0,25.0
ENV-0138,Envigado,COMERCIAL,Envigado,Antioquia,Oficial,6.1534647,-75.5847027,,,11,,,114.0,27.0,20,16,26.0,31.0
ENV-0139,Envigado,COMERCIAL,Envigado,Antioquia,Oficial,6.1534647,-75.5847027,,,11,,,114.0,54.0,18,20,7.0,0.0
ENV-0140,Envigado,COMERCIAL,Envigado,Antioquia,Oficial,6.1534647,-75.5847027,,,11,,,112.0,17.0,22,16,28.0,44.0
ENV-0141,Envigado,COMERCIAL,Envigado,Antioquia,Oficial,6.1534647,-75.5847027,,,11,,,63.0,0.0,16,6,19.0,40.0
ENV-0142,Envigado,DARÍO DE BEDOUT,Envigado,Antioquia,Oficial,6.1679396,-75.578613,,,11,,,282.0,63.0,38,78,41.0,71.0
ENV-0143,Envigado,DARÍO DE BEDOUT,Envigado,Antioquia,Oficial,6.1679396,-75.578613,,,11,,,277.0,59.0,38,52,62.0,89.0
ENV-0144,Envigado,DARÍO DE BEDOUT,Envigado,Antioquia,Oficial,6.1679396,-75.578613,,,11,,,262.0,61.0,32,54,60.0,60.0
ENV-0145,Envigado,DARÍO DE BEDOUT,Envigado,Antioquia,Oficial,6.1679396,-75.578613,,,11,,,247.0,76.0,30,58,38.0,38.0
ENV-0146,Envigado,DARÍO DE BEDOUT,Envigado,Antioquia,Oficial,6.1679396,-75.578613,,,11,,,231.0,66.0,28,50,36.0,60.0
ENV-0147,Envigado,DARÍO DE BEDOUT,Envigado,Antioquia,Oficial,6.1679396,-75.578613,,,11,,,228.0,61.0,48,28,38.0,69.0
ENV-0148,Envigado,DARÍO DE BEDOUT,Envigado,Antioquia,Oficial,6.1679396,-75.578613,,,11,,,220.0,39.0,32,52,43.0,75.0
ENV-0149,Envigado,DARÍO DE BEDOUT,Envigado,Antioquia,Oficial,6.1679396,-75.578613,,,11,,,214.0,54.0,34,48,36.0,42.0
ENV-0150,Envigado,DARÍO DE BEDOUT,Envigado,Antioquia,Oficial,6.1679396,-75.578613,,,11,,,214.0,54.0,32,50,36.0,42.0
ENV-0151,Envigado,DARÍO DE BEDOUT,Envigado,Antioquia,Oficial,6.1679396,-75.578613,,,11,,,211.0,46.0,26,52,45.0,42.0
ENV-0152,Envigado,DARÍO DE BEDOUT,Envigado,Antioquia,Oficial,6.1679396,-75.578613,,,11,,,208.0,51.0,26,44,41.0,53.0
ENV-0153,Envigado,DARÍO DE BEDOUT,Envigado,Antioquia,Oficial,6.1679396,-75.578613,,,11,,,195.0,49.0,38,28,43.0,33.0
ENV-0154,Envigado,DARÍO DE BEDOUT,Envigado,Antioquia,Oficial,6.1679396,-75.578613,,,11,,,184.0,44.0,32,50,22.0,33.0
ENV-0155,Envigado,JOSÉ MANUEL RESTREPO,Envigado,Antioquia,Oficial,6.1715726,-75.5908994,,,11,,,341.0,80.0,46,88,52.0,89.0
ENV-0156,Envigado,JOSÉ MANUEL RESTREPO,Envigado,Antioquia,Oficial,6.1715726,-75.5908994,,,11,,,341.0,83.0,46,82,55.0,89.0
ENV-0157,Envigado,JOSÉ MANUEL RESTREPO,Envigado,Antioquia,Oficial,6.1715726,-75.5908994,,,11,,,332.0,66.0,40,88,64.0,91.0
ENV-0158,Envigado,JOSÉ MANUEL RESTREPO,Envigado,Antioquia,Oficial,6.1715726,-75.5908994,,,11,,,328.0,80.0,22,70,88.0,71.0
ENV-0159,Envigado,JOSÉ MANUEL RESTREPO,Envigado,Antioquia,Oficial,6.1715726,-75.5908994,,,11,,,327.0,73.0,32,80,69.0,87.0
ENV-0160,Envigado,JOSÉ MANUEL RESTREPO,Envigado,Antioquia,Oficial,6.1715726,-75.5908994,,,11,,,320.0,63.0,54,70,60.0,89.0
ENV-0161,Envigado,JOSÉ MANUEL RESTREPO,Envigado,Antioquia,Oficial,6.1715726,-75.5908994,,,11,,,310.0,66.0,42,74,67.0,58.0
ENV-0162,Envigado,JOSÉ MANUEL RESTREPO,Envigado,Antioquia,Oficial,6.1715726,-75.5908994,,,11,,,307.0,66.0,40,88,55.0,51.0
ENV-0163,Envigado,JOSÉ MANUEL RESTREPO,Envigado,Antioquia,Oficial,6.1715726,-75.5908994,,,11,,,301.0,68.0,40,70,60.0,67.0
ENV-0164,Envigado,JOSÉ MANUEL RESTREPO,Envigado,Antioquia,Oficial,6.1715726,-75.5908994,,,11,,,300.0,68.0,40,72,55.0,73.0
ENV-0165,Envigado,JOSÉ MANUEL RESTREPO,Envigado,Antioquia,Oficial,6.1715726,-75.5908994,,,11,,,292.0,73.0,38,68,48.0,76.0
ENV-0166,Envigado,JOSÉ MANUEL RESTREPO,Envigado,Antioquia,Oficial,6.1715726,-75.5908994,,,11,,,286.0,76.0,30,72,50.0,60.0
ENV-0167,Envigado,JOSÉ MANUEL RESTREPO,Envigado,Antioquia,Oficial,6.1715726,-75.5908994,,,11,,,267.0,59.0,36,74,52.0,33.0
ENV-0168,Envigado,JOSÉ MANUEL RESTREPO,Envigado,Antioquia,Oficial,6.1715726,-75.5908994,,,11,,,267.0,68.0,48,34,52.0,87.0
ENV-0169,Envigado,JOSÉ MANUEL RESTREPO,Envigado,Antioquia,Oficial,6.1715726,-75.5908994,,,11,,,266.0,49.0,44,70,50.0,53.0
ENV-0170,Envigado,JOSÉ MANUEL RESTREPO,Envigado,Antioquia,Oficial,6.1715726,-75.5908994,,,11,,,265.0,37.0,38,74,52.0,89.0
ENV-0171,Envigado,JOSÉ MANUEL RESTREPO,Envigado,Antioquia,Oficial,6.1715726,-75.5908994,,,11,,,256.0,41.0,44,56,53.0,80.0
ENV-0172,Envigado,JOSÉ MANUEL RESTREPO,Envigado,Antioquia,Oficial,6.1715726,-75.5908994,,,11,,,255.0,68.0,36,60,31.0,76.0
ENV-0173,Envigado,JOSÉ MANUEL RESTREPO,Envigado,Antioquia,Oficial,6.1715726,-75.5908994,,,11,,,253.0,54.0,44,40,52.0,89.0
ENV-0174,Envigado,JOSÉ MANUEL RESTREPO,Envigado,Antioquia,Oficial,6.1715726,-75.5908994,,,11,,,252.0,66.0,24,58,48.0,67.0
ENV-0175,Envigado,JOSÉ MANUEL RESTREPO,Envigado,Antioquia,Oficial,6.1715726,-75.5908994,,,11,,,247.0,54.0,34,50,48.0,85.0
ENV-0176,Envigado,JOSÉ MANUEL RESTREPO,Envigado,Antioquia,Oficial,6.1715726,-75.5908994,,,11,,,247.0,63.0,28,48,55.0,58.0
ENV-0177,Envigado,JOSÉ MANUEL RESTREPO,Envigado,Antioquia,Oficial,6.1715726,-75.5908994,,,11,,,240.0,56.0,42,52,38.0,60.0
ENV-0178,Envigado,JOSÉ MANUEL RESTREPO,Envigado,Antioquia,Oficial,6.1715726,-75.5908994,,,11,,,239.0,63.0,30,50,36.0,82.0
ENV-0179,Envigado,JOSÉ MANUEL RESTREPO,Envigado,Antioquia,Oficial,6.1715726,-75.5908994,,,11,,,238.0,61.0,44,42,33.0,80.0
ENV-0180,Envigado,JOSÉ MANUEL RESTREPO,Envigado,Antioquia,Oficial,6.1715726,-75.5908994,,,11,,,238.0,46.0,44,52,45.0,56.0
ENV-0181,Envigado,JOSÉ MANUEL RESTREPO,Envigado,Antioquia,Oficial,6.1715726,-75.5908994,,,11,,,234.0,59.0,32,46,47.0,58.0
ENV-0182,Envigado,JOSÉ MANUEL RESTREPO,Envigado,Antioquia,Oficial,6.1715726,-75.5908994,,,11,,,232.0,61.0,34,34,48.0,71.0
ENV-0183,Envigado,JOSÉ MANUEL RESTREPO,Envigado,Antioquia,Oficial,6.1715726,-75.5908994,,,11,,,232.0,32.0,42,64,43.0,60.0
ENV-0184,Envigado,JOSÉ MANUEL RESTREPO,Envigado,Antioquia,Oficial,6.1715726,-75.5908994,,,11,,,232.0,51.0,46,36,40.0,84.0
ENV-0185,Envigado,JOSÉ MANUEL RESTREPO,Envigado,Antioquia,Oficial,6.1715726,-75.5908994,,,11,,,228.0,37.0,28,66,55.0,36.0
ENV-0186,Envigado,JOSÉ MANUEL RESTREPO,Envigado,Antioquia,Oficial,6.1715726,-75.5908994,,,11,,,227.0,44.0,38,36,50.0,85.0
ENV-0187,Envigado,JOSÉ MANUEL RESTREPO,Envigado,Antioquia,Oficial,6.1715726,-75.5908994,,,11,,,225.0,66.0,32,38,34.0,73.0
ENV-0188,Envigado,JOSÉ MANUEL RESTREPO,Envigado,Antioquia,Oficial,6.1715726,-75.5908994,,,11,,,223.0,49.0,24,58,48.0,44.0
ENV-0189,Envigado,JOSÉ MANUEL RESTREPO,Envigado,Antioquia,Oficial,6.1715726,-75.5908994,,,11,,,223.0,51.0,44,36,31.0,93.0
ENV-0190,Envigado,JOSÉ MANUEL RESTREPO,Envigado,Antioquia,Oficial,6.1715726,-75.5908994,,,11,,,223.0,71.0,34,38,26.0,73.0
ENV-0191,Envigado,JOSÉ MANUEL RESTREPO,Envigado,Antioquia,Oficial,6.1715726,-75.5908994,,,11,,,220.0,63.0,38,34,40.0,47.0
ENV-0192,Envigado,JOSÉ MANUEL RESTREPO,Envigado,Antioquia,Oficial,6.1715726,-75.5908994,,,11,,,219.0,59.0,28,42,38.0,71.0
ENV-0193,Envigado,JOSÉ MANUEL RESTREPO,Envigado,Antioquia,Oficial,6.1715726,-75.5908994,,,11,,,217.0,56.0,42,30,29.0,91.0
ENV-0194,Envigado,JOSÉ MANUEL RESTREPO,Envigado,Antioquia,Oficial,6.1715726,-75.5908994,,,11,,,215.0,68.0,34,44,14.0,80.0
ENV-0195,Envigado,JOSÉ MANUEL RESTREPO,Envigado,Antioquia,Oficial,6.1715726,-75.5908994,,,11,,,215.0,49.0,26,40,45.0,80.0
ENV-0196,Envigado,JOSÉ MANUEL RESTREPO,Envigado,Antioquia,Oficial,6.1715726,-75.5908994,,,11,,,214.0,68.0,32,36,38.0,35.0
ENV-0197,Envigado,JOSÉ MANUEL RESTREPO,Envigado,Antioquia,Oficial,6.1715726,-75.5908994,,,11,,,213.0,29.0,36,66,34.0,56.0
ENV-0198,Envigado,JOSÉ MANUEL RESTREPO,Envigado,Antioquia,Oficial,6.1715726,-75.5908994,,,11,,,212.0,54.0,26,58,33.0,40.0
ENV-0199,Envigado,JOSÉ MANUEL RESTREPO,Envigado,Antioquia,Oficial,6.1715726,-75.5908994,,,11,,,212.0,61.0,36,38,33.0,47.0
ENV-0200,Envigado,JOSÉ MANUEL RESTREPO,Envigado,Antioquia,Oficial,6.1715726,-75.5908994,,,11,,,211.0,41.0,30,36,45.0,93.0
ENV-0201,Envigado,JOSÉ MANUEL RESTREPO,Envigado,Antioquia,Oficial,6.1715726,-75.5908994,,,11,,,209.0,61.0,28,48,24.0,60.0
ENV-0202,Envigado,JOSÉ MANUEL RESTREPO,Envigado,Antioquia,Oficial,6.1715726,-75.5908994,,,11,,,202.0,59.0,28,30,43.0,45.0
ENV-0203,Envigado,JOSÉ MANUEL RESTREPO,Envigado,Antioquia,Oficial,6.1715726,-75.5908994,,,11,,,201.0,56.0,26,44,36.0,36.0
ENV-0204,Envigado,JOSÉ MANUEL RESTREPO,Envigado,Antioquia,Oficial,6.1715726,-75.5908994,,,11,,,201.0,59.0,24,30,36.0,76.0
ENV-0205,Envigado,JOSÉ MANUEL RESTREPO,Envigado,Antioquia,Oficial,6.1715726,-75.5908994,,,11,,,199.0,46.0,42,32,26.0,80.0
ENV-0206,Envigado,JOSÉ MANUEL RESTREPO,Envigado,Antioquia,Oficial,6.1715726,-75.5908994,,,11,,,195.0,44.0,26,38,40.0,64.0
ENV-0207,Envigado,JOSÉ MANUEL RESTREPO,Envigado,Antioquia,Oficial,6.1715726,-75.5908994,,,11,,,195.0,59.0,36,38,14.0,67.0
ENV-0208,Envigado,JOSÉ MANUEL RESTREPO,Envigado,Antioquia,Oficial,6.1715726,-75.5908994,,,11,,,194.0,54.0,26,26,41.0,64.0
ENV-0209,Envigado,JOSÉ MANUEL RESTREPO,Envigado,Antioquia,Oficial,6.1715726,-75.5908994,,,11,,,193.0,61.0,26,30,28.0,69.0
ENV-0210,Envigado,JOSÉ MANUEL RESTREPO,Envigado,Antioquia,Oficial,6.1715726,-75.5908994,,,11,,,193.0,56.0,20,38,31.0,65.0
ENV-0211,Envigado,JOSÉ MANUEL RESTREPO,Envigado,Antioquia,Oficial,6.1715726,-75.5908994,,,11,,,192.0,34.0,46,34,34.0,55.0
ENV-0212,Envigado,JOSÉ MANUEL RESTREPO,Envigado,Antioquia,Oficial,6.1715726,-75.5908994,,,11,,,192.0,39.0,34,28,43.0,67.0
ENV-0213,Envigado,JOSÉ MANUEL RESTREPO,Envigado,Antioquia,Oficial,6.1715726,-75.5908994,,,11,,,185.0,17.0,28,54,40.0,64.0
ENV-0214,Envigado,JOSÉ MANUEL RESTREPO,Envigado,Antioquia,Oficial,6.1715726,-75.5908994,,,11,,,183.0,46.0,22,32,36.0,67.0
ENV-0215,Envigado,JOSÉ MANUEL RESTREPO,Envigado,Antioquia,Oficial,6.1715726,-75.5908994,,,11,,,180.0,39.0,32,36,36.0,38.0
ENV-0216,Envigado,JOSÉ MANUEL RESTREPO,Envigado,Antioquia,Oficial,6.1715726,-75.5908994,,,11,,,179.0,56.0,32,28,22.0,49.0
ENV-0217,Envigado,JOSÉ MANUEL RESTREPO,Envigado,Antioquia,Oficial,6.1715726,-75.5908994,,,11,,,179.0,32.0,28,22,48.0,75.0
ENV-0218,Envigado,JOSÉ MANUEL RESTREPO,Envigado,Antioquia,Oficial,6.1715726,-75.5908994,,,11,,,177.0,44.0,36,26,33.0,45.0
ENV-0219,Envigado,JOSÉ MANUEL RESTREPO,Envigado,Antioquia,Oficial,6.1715726,-75.5908994,,,11,,,176.0,54.0,34,16,21.0,85.0
ENV-0220,Envigado,JOSÉ MANUEL RESTREPO,Envigado,Antioquia,Oficial,6.1715726,-75.5908994,,,11,,,176.0,29.0,26,38,34.0,75.0
ENV-0221,Envigado,JOSÉ MANUEL RESTREPO,Envigado,Antioquia,Oficial,6.1715726,-75.5908994,,,11,,,170.0,41.0,26,32,34.0,40.0
ENV-0222,Envigado,JOSÉ MANUEL RESTREPO,Envigado,Antioquia,Oficial,6.1715726,-75.5908994,,,11,,,169.0,39.0,16,30,47.0,45.0
ENV-0223,Envigado,JOSÉ MANUEL RESTREPO,Envigado,Antioquia,Oficial,6.1715726,-75.5908994,,,11,,,168.0,44.0,30,28,28.0,47.0
ENV-0224,Envigado,JOSÉ MANUEL RESTREPO,Envigado,Antioquia,Oficial,6.1715726,-75.5908994,,,11,,,166.0,39.0,20,36,33.0,47.0
ENV-0225,Envigado,JOSÉ MANUEL RESTREPO,Envigado,Antioquia,Oficial,6.1715726,-75.5908994,,,11,,,166.0,37.0,30,28,26.0,69.0
ENV-0226,Envigado,JOSÉ MANUEL RESTREPO,Envigado,Antioquia,Oficial,6.1715726,-75.5908994,,,11,,,165.0,34.0,32,42,22.0,38.0
ENV-0227,Envigado,JOSÉ MANUEL RESTREPO,Envigado,Antioquia,Oficial,6.1715726,-75.5908994,,,11,,,163.0,51.0,24,28,29.0,27.0
ENV-0228,Envigado,JOSÉ MANUEL RESTREPO,Envigado,Antioquia,Oficial,6.1715726,-75.5908994,,,11,,,161.0,34.0,32,30,26.0,53.0
ENV-0229,Envigado,JOSÉ MANUEL RESTREPO,Envigado,Antioquia,Oficial,6.1715726,-75.5908994,,,11,,,160.0,22.0,36,40,24.0,51.0
ENV-0230,Envigado,JOSÉ MANUEL RESTREPO,Envigado,Antioquia,Oficial,6.1715726,-75.5908994,,,11,,,160.0,29.0,32,32,28.0,53.0
ENV-0231,Envigado,JOSÉ MANUEL RESTREPO,Envigado,Antioquia,Oficial,6.1715726,-75.5908994,,,11,,,160.0,27.0,34,36,28.0,42.0
ENV-0232,Envigado,JOSÉ MANUEL RESTREPO,Envigado,Antioquia,Oficial,6.1715726,-75.5908994,,,11,,,158.0,34.0,30,20,34.0,55.0
ENV-0233,Envigado,JOSÉ MANUEL RESTREPO,Envigado,Antioquia,Oficial,6.1715726,-75.5908994,,,11,,,157.0,32.0,36,22,21.0,76.0
ENV-0234,Envigado,JOSÉ MANUEL RESTREPO,Envigado,Antioquia,Oficial,6.1715726,-75.5908994,,,11,,,152.0,37.0,18,28,22.0,80.0
ENV-0235,Envigado,JOSÉ MANUEL RESTREPO,Envigado,Antioquia,Oficial,6.1715726,-75.5908994,,,11,,,149.0,32.0,26,30,24.0,51.0
ENV-0236,Envigado,JOSÉ MANUEL RESTREPO,Envigado,Antioquia,Oficial,6.1715726,-75.5908994,,,11,,,147.0,37.0,38,30,10.0,38.0
ENV-0237,Envigado,JOSÉ MANUEL RESTREPO,Envigado,Antioquia,Oficial,6.1715726,-75.5908994,,,11,,,143.0,27.0,20,40,28.0,29.0
ENV-0238,Envigado,JOSÉ MANUEL RESTREPO,Envigado,Antioquia,Oficial,6.1715726,-75.5908994,,,11,,,137.0,0.0,20,40,38.0,62.0
ENV-0239,Envigado,JOSÉ MANUEL RESTREPO,Envigado,Antioquia,Oficial,6.1715726,-75.5908994,,,11,,,126.0,17.0,28,24,26.0,44.0
ENV-0240,Envigado,JOSÉ MANUEL RESTREPO,Envigado,Antioquia,Oficial,6.1715726,-75.5908994,,,11,,,125.0,51.0,18,18,21.0,0.0
ENV-0241,Envigado,JOSÉ MANUEL RESTREPO,Envigado,Antioquia,Oficial,6.1715726,-75.5908994,,,11,,,117.0,34.0,18,16,17.0,49.0
ENV-0242,Envigado,JOSÉ MANUEL RESTREPO,Envigado,Antioquia,Oficial,6.1715726,-75.5908994,,,11,,,113.0,54.0,20,12,12.0,0.0
ENV-0243,Envigado,JOSÉ MANUEL RESTREPO,Envigado,Antioquia,Oficial,6.1715726,-75.5908994,,,11,,,103.0,0.0,16,32,14.0,84.0
ENV-0244,Envigado,JOSÉ MANUEL RESTREPO,Envigado,Antioquia,Oficial,6.1715726,-75.5908994,,,11,,,80.0,0.0,16,18,14.0,65.0
ENV-0245,Envigado,JOSÉ MANUEL RESTREPO,Envigado,Antioquia,Oficial,6.1715726,-75.5908994,,,11,,,61.0,0.0,14,14,14.0,33.0
ENV-0246,Envigado,JOSÉ MIGUEL DE LA CALLE,Envigado,Antioquia,Oficial,6.1726759,-75.5812295,,,11,,,378.0,88.0,56,90,64.0,89.0
ENV-0247,Envigado,JOSÉ MIGUEL DE LA CALLE,Envigado,Antioquia,Oficial,6.1726759,-75.5812295,,,11,,,310.0,68.0,28,82,60.0,91.0
ENV-0248,Envigado,JOSÉ MIGUEL DE LA CALLE,Envigado,Antioquia,Oficial,6.1726759,-75.5812295,,,11,,,304.0,83.0,34,72,52.0,67.0
ENV-0249,Envigado,JOSÉ MIGUEL DE LA CALLE,Envigado,Antioquia,Oficial,6.1726759,-75.5812295,,,11,,,284.0,59.0,44,66,48.0,89.0
ENV-0250,Envigado,JOSÉ MIGUEL DE LA CALLE,Envigado,Antioquia,Oficial,6.1726759,-75.5812295,,,11,,,270.0,68.0,32,66,50.0,53.0
ENV-0251,Envigado,JOSÉ MIGUEL DE LA CALLE,Envigado,Antioquia,Oficial,6.1726759,-75.5812295,,,11,,,261.0,59.0,44,60,52.0,35.0
ENV-0252,Envigado,JOSÉ MIGUEL DE LA CALLE,Envigado,Antioquia,Oficial,6.1726759,-75.5812295,,,11,,,260.0,63.0,40,58,43.0,64.0
ENV-0253,Envigado,JOSÉ MIGUEL DE LA CALLE,Envigado,Antioquia,Oficial,6.1726759,-75.5812295,,,11,,,253.0,71.0,20,66,34.0,84.0
ENV-0254,Envigado,JOSÉ MIGUEL DE LA CALLE,Envigado,Antioquia,Oficial,6.1726759,-75.5812295,,,11,,,237.0,63.0,32,56,41.0,38.0
ENV-0255,Envigado,JOSÉ MIGUEL DE LA CALLE,Envigado,Antioquia,Oficial,6.1726759,-75.5812295,,,11,,,236.0,54.0,30,60,52.0,27.0
ENV-0256,Envigado,JOSÉ MIGUEL DE LA CALLE,Envigado,Antioquia,Oficial,6.1726759,-75.5812295,,,11,,,230.0,56.0,32,54,45.0,38.0
ENV-0257,Envigado,JOSÉ MIGUEL DE LA CALLE,Envigado,Antioquia,Oficial,6.1726759,-75.5812295,,,11,,,229.0,80.0,44,34,16.0,73.0
ENV-0258,Envigado,JOSÉ MIGUEL DE LA CALLE,Envigado,Antioquia,Oficial,6.1726759,-75.5812295,,,11,,,224.0,63.0,36,50,29.0,47.0
ENV-0259,Envigado,JOSÉ MIGUEL DE LA CALLE,Envigado,Antioquia,Oficial,6.1726759,-75.5812295,,,11,,,224.0,61.0,30,44,43.0,49.0
ENV-0260,Envigado,JOSÉ MIGUEL DE LA CALLE,Envigado,Antioquia,Oficial,6.1726759,-75.5812295,,,11,,,222.0,63.0,26,50,40.0,40.0
ENV-0261,Envigado,JOSÉ MIGUEL DE LA CALLE,Envigado,Antioquia,Oficial,6.1726759,-75.5812295,,,11,,,218.0,59.0,34,42,33.0,65.0
ENV-0262,Envigado,JOSÉ MIGUEL DE LA CALLE,Envigado,Antioquia,Oficial,6.1726759,-75.5812295,,,11,,,216.0,59.0,24,60,29.0,47.0
ENV-0263,Envigado,JOSÉ MIGUEL DE LA CALLE,Envigado,Antioquia,Oficial,6.1726759,-75.5812295,,,11,,,214.0,51.0,38,32,48.0,49.0
ENV-0264,Envigado,JOSÉ MIGUEL DE LA CALLE,Envigado,Antioquia,Oficial,6.1726759,-75.5812295,,,11,,,214.0,66.0,26,40,38.0,47.0
ENV-0265,Envigado,JOSÉ MIGUEL DE LA CALLE,Envigado,Antioquia,Oficial,6.1726759,-75.5812295,,,11,,,210.0,44.0,30,50,43.0,45.0
ENV-0266,Envigado,JOSÉ MIGUEL DE LA CALLE,Envigado,Antioquia,Oficial,6.1726759,-75.5812295,,,11,,,204.0,51.0,26,48,36.0,47.0
ENV-0267,Envigado,JOSÉ MIGUEL DE LA CALLE,Envigado,Antioquia,Oficial,6.1726759,-75.5812295,,,11,,,204.0,44.0,36,42,33.0,67.0
ENV-0268,Envigado,JOSÉ MIGUEL DE LA CALLE,Envigado,Antioquia,Oficial,6.1726759,-75.5812295,,,11,,,198.0,54.0,28,46,31.0,40.0
ENV-0269,Envigado,JOSÉ MIGUEL DE LA CALLE,Envigado,Antioquia,Oficial,6.1726759,-75.5812295,,,11,,,194.0,66.0,36,38,19.0,29.0
ENV-0270,Envigado,JOSÉ MIGUEL DE LA CALLE,Envigado,Antioquia,Oficial,6.1726759,-75.5812295,,,11,,,191.0,44.0,44,28,33.0,51.0
ENV-0271,Envigado,JOSÉ MIGUEL DE LA CALLE,Envigado,Antioquia,Oficial,6.1726759,-75.5812295,,,11,,,191.0,46.0,28,44,29.0,53.0
ENV-0272,Envigado,JOSÉ MIGUEL DE LA CALLE,Envigado,Antioquia,Oficial,6.1726759,-75.5812295,,,11,,,187.0,56.0,32,34,28.0,38.0
ENV-0273,Envigado,JOSÉ MIGUEL DE LA CALLE,Envigado,Antioquia,Oficial,6.1726759,-75.5812295,,,11,,,184.0,44.0,30,40,33.0,38.0
ENV-0274,Envigado,JOSÉ MIGUEL DE LA CALLE,Envigado,Antioquia,Oficial,6.1726759,-75.5812295,,,11,,,180.0,49.0,30,42,24.0,33.0
ENV-0275,Envigado,JOSÉ MIGUEL DE LA CALLE,Envigado,Antioquia,Oficial,6.1726759,-75.5812295,,,11,,,177.0,44.0,42,28,24.0,45.0
ENV-0276,Envigado,JOSÉ MIGUEL DE LA CALLE,Envigado,Antioquia,Oficial,6.1726759,-75.5812295,,,11,,,169.0,51.0,28,18,34.0,44.0
ENV-0277,Envigado,JOSÉ MIGUEL DE LA CALLE,Envigado,Antioquia,Oficial,6.1726759,-75.5812295,,,11,,,169.0,34.0,24,36,36.0,47.0
ENV-0278,Envigado,JOSÉ MIGUEL DE LA CALLE,Envigado,Antioquia,Oficial,6.1726759,-75.5812295,,,11,,,166.0,37.0,42,26,26.0,40.0
ENV-0279,Envigado,JOSÉ MIGUEL DE LA CALLE,Envigado,Antioquia,Oficial,6.1726759,-75.5812295,,,11,,,164.0,34.0,36,24,38.0,31.0
ENV-0280,Envigado,JOSÉ MIGUEL DE LA CALLE,Envigado,Antioquia,Oficial,6.1726759,-75.5812295,,,11,,,162.0,44.0,34,28,22.0,36.0
ENV-0281,Envigado,JOSÉ MIGUEL DE LA CALLE,Envigado,Antioquia,Oficial,6.1726759,-75.5812295,,,11,,,159.0,29.0,30,40,24.0,44.0
ENV-0282,Envigado,JOSÉ MIGUEL DE LA CALLE,Envigado,Antioquia,Oficial,6.1726759,-75.5812295,,,11,,,157.0,44.0,36,22,22.0,36.0
ENV-0283,Envigado,JOSÉ MIGUEL DE LA CALLE,Envigado,Antioquia,Oficial,6.1726759,-75.5812295,,,11,,,156.0,29.0,32,34,28.0,38.0
ENV-0284,Envigado,JOSÉ MIGUEL DE LA CALLE,Envigado,Antioquia,Oficial,6.1726759,-75.5812295,,,11,,,155.0,39.0,32,32,24.0,22.0
ENV-0285,Envigado,JOSÉ MIGUEL DE LA CALLE,Envigado,Antioquia,Oficial,6.1726759,-75.5812295,,,11,,,152.0,37.0,30,32,22.0,31.0
ENV-0286,Envigado,JOSÉ MIGUEL DE LA CALLE,Envigado,Antioquia,Oficial,6.1726759,-75.5812295,,,11,,,150.0,29.0,32,36,26.0,22.0
ENV-0287,Envigado,JOSÉ MIGUEL DE LA CALLE,Envigado,Antioquia,Oficial,6.1726759,-75.5812295,,,11,,,150.0,24.0,36,22,31.0,51.0
ENV-0288,Envigado,JOSÉ MIGUEL DE LA CALLE,Envigado,Antioquia,Oficial,6.1726759,-75.5812295,,,11,,,146.0,39.0,20,34,22.0,33.0
ENV-0289,Envigado,JOSÉ MIGUEL DE LA CALLE,Envigado,Antioquia,Oficial,6.1726759,-75.5812295,,,11,,,138.0,29.0,24,26,26.0,44.0
ENV-0290,Envigado,JOSÉ MIGUEL DE LA CALLE,Envigado,Antioquia,Oficial,6.1726759,-75.5812295,,,11,,,138.0,22.0,38,18,33.0,25.0
ENV-0291,Envigado,JOSÉ MIGUEL DE LA CALLE,Envigado,Antioquia,Oficial,6.1726759,-75.5812295,,,11,,,130.0,24.0,26,24,24.0,44.0
ENV-0292,Envigado,JOSÉ MIGUEL DE LA CALLE,Envigado,Antioquia,Oficial,6.1726759,-75.5812295,,,11,,,117.0,24.0,20,28,19.0,29.0
ENV-0293,Envigado,JOSÉ MIGUEL DE LA CALLE,Envigado,Antioquia,Oficial,6.1726759,-75.5812295,,,11,,,113.0,37.0,20,12,21.0,27.0
ENV-0294,Envigado,JOSÉ MIGUEL DE LA CALLE,Envigado,Antioquia,Oficial,6.1726759,-75.5812295,,,11,,,91.0,34.0,12,10,22.0,0.0
ENV-0295,Envigado,LA PAZ,Envigado,Antioquia,Oficial,6.1619843,-75.593804,,,11,,,378.0,83.0,56,82,74.0,96.0
ENV-0296,Envigado,LA PAZ,Envigado,Antioquia,Oficial,6.1619843,-75.593804,,,11,,,347.0,63.0,54,76,79.0,84.0
ENV-0297,Envigado,LA PAZ,Envigado,Antioquia,Oficial,6.1619843,-75.593804,,,11,,,345.0,68.0,54,80,67.0,89.0
ENV-0298,Envigado,LA PAZ,Envigado,Antioquia,Oficial,6.1619843,-75.593804,,,11,,,338.0,83.0,48,72,59.0,95.0
ENV-0299,Envigado,LA PAZ,Envigado,Antioquia,Oficial,6.1619843,-75.593804,,,11,,,335.0,76.0,52,72,66.0,76.0
ENV-0300,Envigado,LA PAZ,Envigado,Antioquia,Oficial,6.1619843,-75.593804,,,11,,,326.0,78.0,28,88,60.0,85.0
ENV-0301,Envigado,LA PAZ,Envigado,Antioquia,Oficial,6.1619843,-75.593804,,,11,,,322.0,68.0,46,70,64.0,93.0
ENV-0302,Envigado,LA PAZ,Envigado,Antioquia,Oficial,6.1619843,-75.593804,,,11,,,314.0,63.0,42,88,50.0,85.0
ENV-0303,Envigado,LA PAZ,Envigado,Antioquia,Oficial,6.1619843,-75.593804,,,11,,,314.0,73.0,34,78,57.0,89.0
ENV-0304,Envigado,LA PAZ,Envigado,Antioquia,Oficial,6.1619843,-75.593804,,,11,,,310.0,76.0,46,62,55.0,89.0
ENV-0305,Envigado,LA PAZ,Envigado,Antioquia,Oficial,6.1619843,-75.593804,,,11,,,306.0,76.0,40,60,64.0,76.0
ENV-0306,Envigado,LA PAZ,Envigado,Antioquia,Oficial,6.1619843,-75.593804,,,11,,,300.0,68.0,34,80,50.0,84.0
ENV-0307,Envigado,LA PAZ,Envigado,Antioquia,Oficial,6.1619843,-75.593804,,,11,,,298.0,83.0,42,70,34.0,87.0
ENV-0308,Envigado,LA PAZ,Envigado,Antioquia,Oficial,6.1619843,-75.593804,,,11,,,298.0,68.0,40,72,55.0,69.0
ENV-0309,Envigado,LA PAZ,Envigado,Antioquia,Oficial,6.1619843,-75.593804,,,11,,,295.0,78.0,44,66,45.0,69.0
ENV-0310,Envigado,LA PAZ,Envigado,Antioquia,Oficial,6.1619843,-75.593804,,,11,,,294.0,78.0,34,60,55.0,84.0
ENV-0311,Envigado,LA PAZ,Envigado,Antioquia,Oficial,6.1619843,-75.593804,,,11,,,292.0,76.0,48,48,64.0,53.0
ENV-0312,Envigado,LA PAZ,Envigado,Antioquia,Oficial,6.1619843,-75.593804,,,11,,,290.0,66.0,48,64,50.0,71.0
ENV-0313,Envigado,LA PAZ,Envigado,Antioquia,Oficial,6.1619843,-75.593804,,,11,,,287.0,68.0,44,54,59.0,71.0
ENV-0314,Envigado,LA PAZ,Envigado,Antioquia,Oficial,6.1619843,-75.593804,,,11,,,285.0,68.0,32,72,57.0,55.0
ENV-0315,Envigado,LA PAZ,Envigado,Antioquia,Oficial,6.1619843,-75.593804,,,11,,,282.0,68.0,42,58,52.0,73.0
ENV-0316,Envigado,LA PAZ,Envigado,Antioquia,Oficial,6.1619843,-75.593804,,,11,,,279.0,61.0,34,66,52.0,87.0
ENV-0317,Envigado,LA PAZ,Envigado,Antioquia,Oficial,6.1619843,-75.593804,,,11,,,277.0,63.0,46,80,33.0,53.0
ENV-0318,Envigado,LA PAZ,Envigado,Antioquia,Oficial,6.1619843,-75.593804,,,11,,,275.0,68.0,38,54,59.0,58.0
ENV-0319,Envigado,LA PAZ,Envigado,Antioquia,Oficial,6.1619843,-75.593804,,,11,,,274.0,63.0,50,52,52.0,60.0
ENV-0320,Envigado,LA PAZ,Envigado,Antioquia,Oficial,6.1619843,-75.593804,,,11,,,273.0,68.0,40,70,34.0,73.0
ENV-0321,Envigado,LA PAZ,Envigado,Antioquia,Oficial,6.1619843,-75.593804,,,11,,,270.0,80.0,38,56,40.0,60.0
ENV-0322,Envigado,LA PAZ,Envigado,Antioquia,Oficial,6.1619843,-75.593804,,,11,,,264.0,68.0,40,50,47.0,73.0
ENV-0323,Envigado,LA PAZ,Envigado,Antioquia,Oficial,6.1619843,-75.593804,,,11,,,261.0,66.0,38,56,47.0,58.0
ENV-0324,Envigado,LA PAZ,Envigado,Antioquia,Oficial,6.1619843,-75.593804,,,11,,,258.0,66.0,44,48,50.0,47.0
ENV-0325,Envigado,LA PAZ,Envigado,Antioquia,Oficial,6.1619843,-75.593804,,,11,,,257.0,49.0,32,62,52.0,85.0
ENV-0326,Envigado,LA PAZ,Envigado,Antioquia,Oficial,6.1619843,-75.593804,,,11,,,256.0,68.0,40,24,62.0,84.0
ENV-0327,Envigado,LA PAZ,Envigado,Antioquia,Oficial,6.1619843,-75.593804,,,11,,,255.0,56.0,34,70,47.0,44.0
ENV-0328,Envigado,LA PAZ,Envigado,Antioquia,Oficial,6.1619843,-75.593804,,,11,,,253.0,63.0,36,44,48.0,84.0
ENV-0329,Envigado,LA PAZ,Envigado,Antioquia,Oficial,6.1619843,-75.593804,,,11,,,251.0,63.0,40,52,43.0,58.0
ENV-0330,Envigado,LA PAZ,Envigado,Antioquia,Oficial,6.1619843,-75.593804,,,11,,,250.0,59.0,34,78,28.0,56.0
ENV-0331,Envigado,LA PAZ,Envigado,Antioquia,Oficial,6.1619843,-75.593804,,,11,,,249.0,80.0,26,62,33.0,44.0
ENV-0332,Envigado,LA PAZ,Envigado,Antioquia,Oficial,6.1619843,-75.593804,,,11,,,248.0,68.0,38,44,38.0,80.0
ENV-0333,Envigado,LA PAZ,Envigado,Antioquia,Oficial,6.1619843,-75.593804,,,11,,,247.0,63.0,26,46,52.0,80.0
ENV-0334,Envigado,LA PAZ,Envigado,Antioquia,Oficial,6.1619843,-75.593804,,,11,,,246.0,66.0,26,28,72.0,62.0
ENV-0335,Envigado,LA PAZ,Envigado,Antioquia,Oficial,6.1619843,-75.593804,,,11,,,244.0,59.0,38,52,40.0,69.0
ENV-0336,Envigado,LA PAZ,Envigado,Antioquia,Oficial,6.1619843,-75.593804,,,11,,,243.0,68.0,36,44,47.0,47.0
ENV-0337,Envigado,LA PAZ,Envigado,Antioquia,Oficial,6.1619843,-75.593804,,,11,,,243.0,66.0,42,36,43.0,71.0
ENV-0338,Envigado,LA PAZ,Envigado,Antioquia,Oficial,6.1619843,-75.593804,,,11,,,243.0,59.0,28,62,41.0,62.0
ENV-0339,Envigado,LA PAZ,Envigado,Antioquia,Oficial,6.1619843,-75.593804,,,11,,,242.0,73.0,30,56,36.0,44.0
ENV-0340,Envigado,LA PAZ,Envigado,Antioquia,Oficial,6.1619843,-75.593804,,,11,,,241.0,56.0,28,54,50.0,62.0
ENV-0341,Envigado,LA PAZ,Envigado,Antioquia,Oficial,6.1619843,-75.593804,,,11,,,241.0,66.0,28,50,38.0,80.0
ENV-0342,Envigado,LA PAZ,Envigado,Antioquia,Oficial,6.1619843,-75.593804,,,11,,,239.0,59.0,38,48,43.0,58.0
ENV-0343,Envigado,LA PAZ,Envigado,Antioquia,Oficial,6.1619843,-75.593804,,,11,,,237.0,49.0,40,46,57.0,42.0
ENV-0344,Envigado,LA PAZ,Envigado,Antioquia,Oficial,6.1619843,-75.593804,,,11,,,237.0,56.0,38,46,48.0,51.0
ENV-0345,Envigado,LA PAZ,Envigado,Antioquia,Oficial,6.1619843,-75.593804,,,11,,,237.0,68.0,24,54,40.0,58.0
ENV-0346,Envigado,LA PAZ,Envigado,Antioquia,Oficial,6.1619843,-75.593804,,,11,,,237.0,54.0,34,50,40.0,84.0
ENV-0347,Envigado,LA PAZ,Envigado,Antioquia,Oficial,6.1619843,-75.593804,,,11,,,236.0,71.0,40,36,36.0,65.0
ENV-0348,Envigado,LA PAZ,Envigado,Antioquia,Oficial,6.1619843,-75.593804,,,11,,,236.0,68.0,36,42,40.0,56.0
ENV-0349,Envigado,LA PAZ,Envigado,Antioquia,Oficial,6.1619843,-75.593804,,,11,,,236.0,51.0,50,38,34.0,93.0
ENV-0350,Envigado,LA PAZ,Envigado,Antioquia,Oficial,6.1619843,-75.593804,,,11,,,233.0,54.0,56,38,33.0,64.0
ENV-0351,Envigado,LA PAZ,Envigado,Antioquia,Oficial,6.1619843,-75.593804,,,11,,,232.0,41.0,42,54,47.0,51.0
ENV-0352,Envigado,LA PAZ,Envigado,Antioquia,Oficial,6.1619843,-75.593804,,,11,,,232.0,46.0,38,40,45.0,95.0
ENV-0353,Envigado,LA PAZ,Envigado,Antioquia,Oficial,6.1619843,-75.593804,,,11,,,230.0,61.0,32,44,50.0,38.0
ENV-0354,Envigado,LA PAZ,Envigado,Antioquia,Oficial,6.1619843,-75.593804,,,11,,,228.0,54.0,38,48,45.0,40.0
ENV-0355,Envigado,LA PAZ,Envigado,Antioquia,Oficial,6.1619843,-75.593804,,,11,,,228.0,63.0,44,54,22.0,42.0
ENV-0356,Envigado,LA PAZ,Envigado,Antioquia,Oficial,6.1619843,-75.593804,,,11,,,227.0,59.0,32,46,47.0,42.0
ENV-0357,Envigado,LA PAZ,Envigado,Antioquia,Oficial,6.1619843,-75.593804,,,11,,,227.0,46.0,42,22,62.0,73.0
ENV-0358,Envigado,LA PAZ,Envigado,Antioquia,Oficial,6.1619843,-75.593804,,,11,,,226.0,49.0,34,38,60.0,45.0
ENV-0359,Envigado,LA PAZ,Envigado,Antioquia,Oficial,6.1619843,-75.593804,,,11,,,225.0,68.0,34,28,45.0,60.0
ENV-0360,Envigado,LA PAZ,Envigado,Antioquia,Oficial,6.1619843,-75.593804,,,11,,,224.0,71.0,36,30,41.0,47.0
ENV-0361,Envigado,LA PAZ,Envigado,Antioquia,Oficial,6.1619843,-75.593804,,,11,,,223.0,46.0,28,72,33.0,44.0
ENV-0362,Envigado,LA PAZ,Envigado,Antioquia,Oficial,6.1619843,-75.593804,,,11,,,221.0,56.0,38,28,48.0,64.0
ENV-0363,Envigado,LA PAZ,Envigado,Antioquia,Oficial,6.1619843,-75.593804,,,11,,,221.0,71.0,44,20,41.0,45.0
ENV-0364,Envigado,LA PAZ,Envigado,Antioquia,Oficial,6.1619843,-75.593804,,,11,,,220.0,71.0,32,40,33.0,45.0
ENV-0365,Envigado,LA PAZ,Envigado,Antioquia,Oficial,6.1619843,-75.593804,,,11,,,220.0,61.0,32,60,22.0,45.0
ENV-0366,Envigado,LA PAZ,Envigado,Antioquia,Oficial,6.1619843,-75.593804,,,11,,,219.0,56.0,30,50,41.0,38.0
ENV-0367,Envigado,LA PAZ,Envigado,Antioquia,Oficial,6.1619843,-75.593804,,,11,,,219.0,49.0,48,26,47.0,62.0
ENV-0368,Envigado,LA PAZ,Envigado,Antioquia,Oficial,6.1619843,-75.593804,,,11,,,219.0,59.0,36,50,24.0,64.0
ENV-0369,Envigado,LA PAZ,Envigado,Antioquia,Oficial,6.1619843,-75.593804,,,11,,,219.0,68.0,30,36,34.0,62.0
ENV-0370,Envigado,LA PAZ,Envigado,Antioquia,Oficial,6.1619843,-75.593804,,,11,,,215.0,37.0,26,62,48.0,40.0
ENV-0371,Envigado,LA PAZ,Envigado,Antioquia,Oficial,6.1619843,-75.593804,,,11,,,215.0,59.0,34,44,36.0,40.0
ENV-0372,Envigado,LA PAZ,Envigado,Antioquia,Oficial,6.1619843,-75.593804,,,11,,,214.0,51.0,26,26,62.0,62.0
ENV-0373,Envigado,LA PAZ,Envigado,Antioquia,Oficial,6.1619843,-75.593804,,,11,,,214.0,44.0,26,40,53.0,65.0
ENV-0374,Envigado,LA PAZ,Envigado,Antioquia,Oficial,6.1619843,-75.593804,,,11,,,213.0,54.0,28,44,47.0,38.0
ENV-0375,Envigado,LA PAZ,Envigado,Antioquia,Oficial,6.1619843,-75.593804,,,11,,,213.0,51.0,28,48,43.0,44.0
ENV-0376,Envigado,LA PAZ,Envigado,Antioquia,Oficial,6.1619843,-75.593804,,,11,,,213.0,66.0,46,30,26.0,51.0
ENV-0377,Envigado,LA PAZ,Envigado,Antioquia,Oficial,6.1619843,-75.593804,,,11,,,213.0,61.0,32,38,33.0,62.0
ENV-0378,Envigado,LA PAZ,Envigado,Antioquia,Oficial,6.1619843,-75.593804,,,11,,,213.0,54.0,34,36,43.0,53.0
ENV-0379,Envigado,LA PAZ,Envigado,Antioquia,Oficial,6.1619843,-75.593804,,,11,,,212.0,59.0,40,26,52.0,24.0
ENV-0380,Envigado,LA PAZ,Envigado,Antioquia,Oficial,6.1619843,-75.593804,,,11,,,212.0,56.0,26,58,28.0,49.0
ENV-0381,Envigado,LA PAZ,Envigado,Antioquia,Oficial,6.1619843,-75.593804,,,11,,,210.0,54.0,42,36,36.0,44.0
ENV-0382,Envigado,LA PAZ,Envigado,Antioquia,Oficial,6.1619843,-75.593804,,,11,,,210.0,63.0,34,22,50.0,38.0
ENV-0383,Envigado,LA PAZ,Envigado,Antioquia,Oficial,6.1619843,-75.593804,,,11,,,210.0,59.0,44,16,47.0,51.0
ENV-0384,Envigado,LA PAZ,Envigado,Antioquia,Oficial,6.1619843,-75.593804,,,11,,,210.0,56.0,36,30,41.0,55.0
ENV-0385,Envigado,LA PAZ,Envigado,Antioquia,Oficial,6.1619843,-75.593804,,,11,,,208.0,71.0,28,34,33.0,45.0
ENV-0386,Envigado,LA PAZ,Envigado,Antioquia,Oficial,6.1619843,-75.593804,,,11,,,205.0,63.0,38,38,17.0,62.0
ENV-0387,Envigado,LA PAZ,Envigado,Antioquia,Oficial,6.1619843,-75.593804,,,11,,,204.0,66.0,34,30,33.0,42.0
ENV-0388,Envigado,LA PAZ,Envigado,Antioquia,Oficial,6.1619843,-75.593804,,,11,,,202.0,44.0,44,28,45.0,44.0
ENV-0389,Envigado,LA PAZ,Envigado,Antioquia,Oficial,6.1619843,-75.593804,,,11,,,202.0,61.0,28,28,43.0,45.0
ENV-0390,Envigado,LA PAZ,Envigado,Antioquia,Oficial,6.1619843,-75.593804,,,11,,,202.0,56.0,38,38,31.0,35.0
ENV-0391,Envigado,LA PAZ,Envigado,Antioquia,Oficial,6.1619843,-75.593804,,,11,,,201.0,46.0,32,42,31.0,67.0
ENV-0392,Envigado,LA PAZ,Envigado,Antioquia,Oficial,6.1619843,-75.593804,,,11,,,200.0,56.0,28,42,21.0,80.0
ENV-0393,Envigado,LA PAZ,Envigado,Antioquia,Oficial,6.1619843,-75.593804,,,11,,,197.0,22.0,36,52,45.0,47.0
ENV-0394,Envigado,LA PAZ,Envigado,Antioquia,Oficial,6.1619843,-75.593804,,,11,,,197.0,49.0,32,44,31.0,44.0
ENV-0395,Envigado,LA PAZ,Envigado,Antioquia,Oficial,6.1619843,-75.593804,,,11,,,195.0,32.0,16,62,43.0,47.0
ENV-0396,Envigado,LA PAZ,Envigado,Antioquia,Oficial,6.1619843,-75.593804,,,11,,,194.0,51.0,24,42,33.0,55.0
ENV-0397,Envigado,LA PAZ,Envigado,Antioquia,Oficial,6.1619843,-75.593804,,,11,,,193.0,46.0,38,24,38.0,64.0
ENV-0398,Envigado,LA PAZ,Envigado,Antioquia,Oficial,6.1619843,-75.593804,,,11,,,193.0,51.0,40,30,29.0,49.0
ENV-0399,Envigado,LA PAZ,Envigado,Antioquia,Oficial,6.1619843,-75.593804,,,11,,,192.0,59.0,30,30,26.0,67.0
ENV-0400,Envigado,LA PAZ,Envigado,Antioquia,Oficial,6.1619843,-75.593804,,,11,,,192.0,34.0,36,42,45.0,29.0
ENV-0401,Envigado,LA PAZ,Envigado,Antioquia,Oficial,6.1619843,-75.593804,,,11,,,192.0,44.0,26,32,52.0,38.0
ENV-0402,Envigado,LA PAZ,Envigado,Antioquia,Oficial,6.1619843,-75.593804,,,11,,,191.0,17.0,30,44,50.0,75.0
ENV-0403,Envigado,LA PAZ,Envigado,Antioquia,Oficial,6.1619843,-75.593804,,,11,,,190.0,44.0,48,28,24.0,62.0
ENV-0404,Envigado,LA PAZ,Envigado,Antioquia,Oficial,6.1619843,-75.593804,,,11,,,188.0,44.0,28,36,33.0,67.0
ENV-0405,Envigado,LA PAZ,Envigado,Antioquia,Oficial,6.1619843,-75.593804,,,11,,,188.0,56.0,38,24,34.0,31.0
ENV-0406,Envigado,LA PAZ,Envigado,Antioquia,Oficial,6.1619843,-75.593804,,,11,,,187.0,46.0,32,38,33.0,40.0
ENV-0407,Envigado,LA PAZ,Envigado,Antioquia,Oficial,6.1619843,-75.593804,,,11,,,186.0,54.0,34,26,38.0,29.0
ENV-0408,Envigado,LA PAZ,Envigado,Antioquia,Oficial,6.1619843,-75.593804,,,11,,,185.0,51.0,40,26,28.0,47.0
ENV-0409,Envigado,LA PAZ,Envigado,Antioquia,Oficial,6.1619843,-75.593804,,,11,,,184.0,54.0,34,28,26.0,53.0
ENV-0410,Envigado,LA PAZ,Envigado,Antioquia,Oficial,6.1619843,-75.593804,,,11,,,183.0,46.0,32,36,33.0,35.0
ENV-0411,Envigado,LA PAZ,Envigado,Antioquia,Oficial,6.1619843,-75.593804,,,11,,,177.0,41.0,26,28,45.0,40.0
ENV-0412,Envigado,LA PAZ,Envigado,Antioquia,Oficial,6.1619843,-75.593804,,,11,,,177.0,27.0,42,22,50.0,38.0
ENV-0413,Envigado,LA PAZ,Envigado,Antioquia,Oficial,6.1619843,-75.593804,,,11,,,177.0,51.0,38,20,31.0,38.0
ENV-0414,Envigado,LA PAZ,Envigado,Antioquia,Oficial,6.1619843,-75.593804,,,11,,,175.0,34.0,42,34,33.0,27.0
ENV-0415,Envigado,LA PAZ,Envigado,Antioquia,Oficial,6.1619843,-75.593804,,,11,,,174.0,51.0,30,24,28.0,53.0
ENV-0416,Envigado,LA PAZ,Envigado,Antioquia,Oficial,6.1619843,-75.593804,,,11,,,173.0,37.0,28,48,24.0,40.0
ENV-0417,Envigado,LA PAZ,Envigado,Antioquia,Oficial,6.1619843,-75.593804,,,11,,,173.0,51.0,36,26,26.0,33.0
ENV-0418,Envigado,LA PAZ,Envigado,Antioquia,Oficial,6.1619843,-75.593804,,,11,,,173.0,49.0,28,16,41.0,47.0
ENV-0419,Envigado,LA PAZ,Envigado,Antioquia,Oficial,6.1619843,-75.593804,,,11,,,170.0,41.0,38,24,31.0,38.0
ENV-0420,Envigado,LA PAZ,Envigado,Antioquia,Oficial,6.1619843,-75.593804,,,11,,,168.0,27.0,26,38,33.0,65.0
ENV-0421,Envigado,LA PAZ,Envigado,Antioquia,Oficial,6.1619843,-75.593804,,,11,,,165.0,51.0,30,18,29.0,44.0
ENV-0422,Envigado,LA PAZ,Envigado,Antioquia,Oficial,6.1619843,-75.593804,,,11,,,163.0,44.0,24,38,22.0,40.0
ENV-0423,Envigado,LA PAZ,Envigado,Antioquia,Oficial,6.1619843,-75.593804,,,11,,,159.0,44.0,32,22,28.0,36.0
ENV-0424,Envigado,LA PAZ,Envigado,Antioquia,Oficial,6.1619843,-75.593804,,,11,,,157.0,39.0,28,24,33.0,36.0
ENV-0425,Envigado,LA PAZ,Envigado,Antioquia,Oficial,6.1619843,-75.593804,,,11,,,156.0,24.0,34,34,29.0,40.0
ENV-0426,Envigado,LA PAZ,Envigado,Antioquia,Oficial,6.1619843,-75.593804,,,11,,,154.0,56.0,24,18,26.0,27.0
ENV-0427,Envigado,LA PAZ,Envigado,Antioquia,Oficial,6.1619843,-75.593804,,,11,,,153.0,41.0,28,22,26.0,45.0
ENV-0428,Envigado,LA PAZ,Envigado,Antioquia,Oficial,6.1619843,-75.593804,,,11,,,152.0,34.0,34,20,29.0,42.0
ENV-0429,Envigado,LA PAZ,Envigado,Antioquia,Oficial,6.1619843,-75.593804,,,11,,,151.0,29.0,26,26,33.0,51.0
ENV-0430,Envigado,LA PAZ,Envigado,Antioquia,Oficial,6.1619843,-75.593804,,,11,,,151.0,44.0,26,28,21.0,36.0
ENV-0431,Envigado,LA PAZ,Envigado,Antioquia,Oficial,6.1619843,-75.593804,,,11,,,150.0,27.0,30,32,29.0,36.0
ENV-0432,Envigado,LA PAZ,Envigado,Antioquia,Oficial,6.1619843,-75.593804,,,11,,,146.0,39.0,26,14,34.0,38.0
ENV-0433,Envigado,LA PAZ,Envigado,Antioquia,Oficial,6.1619843,-75.593804,,,11,,,141.0,56.0,22,20,24.0,0.0
ENV-0434,Envigado,LAS PALMAS,Envigado,Antioquia,Oficial,6.1512749,-75.5360508,,,11,,,316.0,68.0,46,70,60.0,87.0
ENV-0435,Envigado,LAS PALMAS,Envigado,Antioquia,Oficial,6.1512749,-75.5360508,,,11,,,301.0,76.0,28,66,66.0,76.0
ENV-0436,Envigado,LAS PALMAS,Envigado,Antioquia,Oficial,6.1512749,-75.5360508,,,11,,,282.0,59.0,44,68,52.0,65.0
ENV-0437,Envigado,LAS PALMAS,Envigado,Antioquia,Oficial,6.1512749,-75.5360508,,,11,,,279.0,78.0,26,62,60.0,47.0
ENV-0438,Envigado,LAS PALMAS,Envigado,Antioquia,Oficial,6.1512749,-75.5360508,,,11,,,261.0,63.0,28,74,45.0,49.0
ENV-0439,Envigado,LAS PALMAS,Envigado,Antioquia,Oficial,6.1512749,-75.5360508,,,11,,,255.0,61.0,40,66,40.0,44.0
ENV-0440,Envigado,LAS PALMAS,Envigado,Antioquia,Oficial,6.1512749,-75.5360508,,,11,,,254.0,66.0,22,58,48.0,78.0
ENV-0441,Envigado,LAS PALMAS,Envigado,Antioquia,Oficial,6.1512749,-75.5360508,,,11,,,250.0,49.0,28,70,47.0,69.0
ENV-0442,Envigado,LAS PALMAS,Envigado,Antioquia,Oficial,6.1512749,-75.5360508,,,11,,,247.0,61.0,40,50,47.0,49.0
ENV-0443,Envigado,LAS PALMAS,Envigado,Antioquia,Oficial,6.1512749,-75.5360508,,,11,,,229.0,63.0,34,48,38.0,45.0
ENV-0444,Envigado,LAS PALMAS,Envigado,Antioquia,Oficial,6.1512749,-75.5360508,,,11,,,229.0,46.0,38,32,53.0,85.0
ENV-0445,Envigado,LAS PALMAS,Envigado,Antioquia,Oficial,6.1512749,-75.5360508,,,11,,,226.0,54.0,32,42,55.0,40.0
ENV-0446,Envigado,LAS PALMAS,Envigado,Antioquia,Oficial,6.1512749,-75.5360508,,,11,,,221.0,44.0,30,56,48.0,40.0
ENV-0447,Envigado,LAS PALMAS,Envigado,Antioquia,Oficial,6.1512749,-75.5360508,,,11,,,214.0,59.0,30,48,29.0,60.0
ENV-0448,Envigado,LAS PALMAS,Envigado,Antioquia,Oficial,6.1512749,-75.5360508,,,11,,,211.0,46.0,32,60,31.0,40.0
ENV-0449,Envigado,LAS PALMAS,Envigado,Antioquia,Oficial,6.1512749,-75.5360508,,,11,,,205.0,59.0,24,46,38.0,35.0
ENV-0450,Envigado,LAS PALMAS,Envigado,Antioquia,Oficial,6.1512749,-75.5360508,,,11,,,197.0,61.0,24,32,34.0,58.0
ENV-0451,Envigado,LAS PALMAS,Envigado,Antioquia,Oficial,6.1512749,-75.5360508,,,11,,,192.0,54.0,40,28,24.0,62.0
ENV-0452,Envigado,LAS PALMAS,Envigado,Antioquia,Oficial,6.1512749,-75.5360508,,,11,,,190.0,46.0,20,46,33.0,58.0
ENV-0453,Envigado,LAS PALMAS,Envigado,Antioquia,Oficial,6.1512749,-75.5360508,,,11,,,188.0,29.0,36,40,52.0,18.0
ENV-0454,Envigado,LAS PALMAS,Envigado,Antioquia,Oficial,6.1512749,-75.5360508,,,11,,,187.0,39.0,26,46,34.0,49.0
ENV-0455,Envigado,LAS PALMAS,Envigado,Antioquia,Oficial,6.1512749,-75.5360508,,,11,,,178.0,56.0,22,34,31.0,35.0
ENV-0456,Envigado,LAS PALMAS,Envigado,Antioquia,Oficial,6.1512749,-75.5360508,,,11,,,176.0,29.0,28,36,40.0,58.0
ENV-0457,Envigado,LAS PALMAS,Envigado,Antioquia,Oficial,6.1512749,-75.5360508,,,11,,,175.0,44.0,28,46,21.0,38.0
ENV-0458,Envigado,LAS PALMAS,Envigado,Antioquia,Oficial,6.1512749,-75.5360508,,,11,,,172.0,41.0,28,30,38.0,35.0
ENV-0459,Envigado,LAS PALMAS,Envigado,Antioquia,Oficial,6.1512749,-75.5360508,,,11,,,171.0,46.0,30,26,31.0,44.0
ENV-0460,Envigado,LAS PALMAS,Envigado,Antioquia,Oficial,6.1512749,-75.5360508,,,11,,,169.0,56.0,26,26,26.0,36.0
ENV-0461,Envigado,LAS PALMAS,Envigado,Antioquia,Oficial,6.1512749,-75.5360508,,,11,,,168.0,51.0,36,24,22.0,36.0
ENV-0462,Envigado,LAS PALMAS,Envigado,Antioquia,Oficial,6.1512749,-75.5360508,,,11,,,161.0,59.0,20,30,21.0,31.0
ENV-0463,Envigado,LAS PALMAS,Envigado,Antioquia,Oficial,6.1512749,-75.5360508,,,11,,,160.0,39.0,16,36,38.0,29.0
ENV-0464,Envigado,LAS PALMAS,Envigado,Antioquia,Oficial,6.1512749,-75.5360508,,,11,,,158.0,37.0,26,42,14.0,56.0
ENV-0465,Envigado,LAS PALMAS,Envigado,Antioquia,Oficial,6.1512749,-75.5360508,,,11,,,151.0,41.0,28,26,24.0,33.0
ENV-0466,Envigado,LAS PALMAS,Envigado,Antioquia,Oficial,6.1512749,-75.5360508,,,11,,,147.0,37.0,12,38,29.0,35.0
ENV-0467,Envigado,LAS PALMAS,Envigado,Antioquia,Oficial,6.1512749,-75.5360508,,,11,,,145.0,39.0,20,22,34.0,31.0
ENV-0468,Envigado,LAS PALMAS,Envigado,Antioquia,Oficial,6.1512749,-75.5360508,,,11,,,139.0,20.0,30,28,26.0,51.0
ENV-0469,Envigado,LAS PALMAS,Envigado,Antioquia,Oficial,6.1512749,-75.5360508,,,11,,,136.0,32.0,32,24,21.0,29.0
ENV-0470,Envigado,LAS PALMAS,Envigado,Antioquia,Oficial,6.1512749,-75.5360508,,,11,,,131.0,24.0,30,30,19.0,31.0
ENV-0471,Envigado,LAS PALMAS,Envigado,Antioquia,Oficial,6.1512749,-75.5360508,,,11,,,128.0,27.0,10,40,26.0,24.0
ENV-0472,Envigado,LAS PALMAS,Envigado,Antioquia,Oficial,6.1512749,-75.5360508,,,11,,,125.0,27.0,36,14,19.0,36.0
ENV-0473,Envigado,LAS PALMAS,Envigado,Antioquia,Oficial,6.1512749,-75.5360508,,,11,,,106.0,22.0,16,30,24.0,0.0
ENV-0474,Envigado,LETICIA ARANGO,Envigado,Antioquia,Oficial,6.163249,-75.5941636,,,11,,,354.0,68.0,62,78,67.0,93.0
ENV-0475,Envigado,LETICIA ARANGO,Envigado,Antioquia,Oficial,6.163249,-75.5941636,,,11,,,334.0,76.0,70,72,40.0,96.0
ENV-0476,Envigado,LETICIA ARANGO,Envigado,Antioquia,Oficial,6.163249,-75.5941636,,,11,,,326.0,68.0,52,68,67.0,80.0
ENV-0477,Envigado,LETICIA ARANGO,Envigado,Antioquia,Oficial,6.163249,-75.5941636,,,11,,,325.0,71.0,50,82,53.0,76.0
ENV-0478,Envigado,LETICIA ARANGO,Envigado,Antioquia,Oficial,6.163249,-75.5941636,,,11,,,312.0,76.0,56,70,47.0,67.0
ENV-0479,Envigado,LETICIA ARANGO,Envigado,Antioquia,Oficial,6.163249,-75.5941636,,,11,,,297.0,83.0,42,78,41.0,40.0
ENV-0480,Envigado,LETICIA ARANGO,Envigado,Antioquia,Oficial,6.163249,-75.5941636,,,11,,,295.0,56.0,56,66,52.0,78.0
ENV-0481,Envigado,LETICIA ARANGO,Envigado,Antioquia,Oficial,6.163249,-75.5941636,,,11,,,292.0,68.0,46,64,43.0,95.0
ENV-0482,Envigado,LETICIA ARANGO,Envigado,Antioquia,Oficial,6.163249,-75.5941636,,,11,,,287.0,59.0,46,62,55.0,82.0
ENV-0483,Envigado,LETICIA ARANGO,Envigado,Antioquia,Oficial,6.163249,-75.5941636,,,11,,,286.0,49.0,52,82,45.0,60.0
ENV-0484,Envigado,LETICIA ARANGO,Envigado,Antioquia,Oficial,6.163249,-75.5941636,,,11,,,284.0,61.0,32,78,45.0,91.0
ENV-0485,Envigado,LETICIA ARANGO,Envigado,Antioquia,Oficial,6.163249,-75.5941636,,,11,,,283.0,66.0,34,70,50.0,76.0
ENV-0486,Envigado,LETICIA ARANGO,Envigado,Antioquia,Oficial,6.163249,-75.5941636,,,11,,,276.0,59.0,36,74,48.0,67.0
ENV-0487,Envigado,LETICIA ARANGO,Envigado,Antioquia,Oficial,6.163249,-75.5941636,,,11,,,275.0,66.0,46,54,53.0,58.0
ENV-0488,Envigado,LETICIA ARANGO,Envigado,Antioquia,Oficial,6.163249,-75.5941636,,,11,,,275.0,63.0,30,80,45.0,60.0
ENV-0489,Envigado,LETICIA ARANGO,Envigado,Antioquia,Oficial,6.163249,-75.5941636,,,11,,,274.0,51.0,52,60,48.0,78.0
ENV-0490,Envigado,LETICIA ARANGO,Envigado,Antioquia,Oficial,6.163249,-75.5941636,,,11,,,271.0,54.0,48,56,59.0,55.0
ENV-0491,Envigado,LETICIA ARANGO,Envigado,Antioquia,Oficial,6.163249,-75.5941636,,,11,,,269.0,66.0,42,72,29.0,73.0
ENV-0492,Envigado,LETICIA ARANGO,Envigado,Antioquia,Oficial,6.163249,-75.5941636,,,11,,,267.0,68.0,62,24,57.0,62.0
ENV-0493,Envigado,LETICIA ARANGO,Envigado,Antioquia,Oficial,6.163249,-75.5941636,,,11,,,264.0,73.0,28,58,41.0,85.0
ENV-0494,Envigado,LETICIA ARANGO,Envigado,Antioquia,Oficial,6.163249,-75.5941636,,,11,,,255.0,51.0,46,50,55.0,55.0
ENV-0495,Envigado,LETICIA ARANGO,Envigado,Antioquia,Oficial,6.163249,-75.5941636,,,11,,,251.0,63.0,38,70,29.0,51.0
ENV-0496,Envigado,LETICIA ARANGO,Envigado,Antioquia,Oficial,6.163249,-75.5941636,,,11,,,251.0,49.0,52,42,50.0,75.0
ENV-0497,Envigado,LETICIA ARANGO,Envigado,Antioquia,Oficial,6.163249,-75.5941636,,,11,,,250.0,49.0,58,54,38.0,53.0
ENV-0498,Envigado,LETICIA ARANGO,Envigado,Antioquia,Oficial,6.163249,-75.5941636,,,11,,,249.0,51.0,38,62,48.0,49.0
ENV-0499,Envigado,LETICIA ARANGO,Envigado,Antioquia,Oficial,6.163249,-75.5941636,,,11,,,248.0,46.0,42,50,60.0,49.0
ENV-0500,Envigado,LETICIA ARANGO,Envigado,Antioquia,Oficial,6.163249,-75.5941636,,,11,,,247.0,59.0,34,60,36.0,76.0
ENV-0501,Envigado,LETICIA ARANGO,Envigado,Antioquia,Oficial,6.163249,-75.5941636,,,11,,,246.0,34.0,44,74,33.0,85.0
ENV-0502,Envigado,LETICIA ARANGO,Envigado,Antioquia,Oficial,6.163249,-75.5941636,,,11,,,244.0,51.0,50,20,62.0,85.0
ENV-0503,Envigado,LETICIA ARANGO,Envigado,Antioquia,Oficial,6.163249,-75.5941636,,,11,,,243.0,66.0,36,60,33.0,47.0
ENV-0504,Envigado,LETICIA ARANGO,Envigado,Antioquia,Oficial,6.163249,-75.5941636,,,11,,,239.0,59.0,30,58,33.0,84.0
ENV-0505,Envigado,LETICIA ARANGO,Envigado,Antioquia,Oficial,6.163249,-75.5941636,,,11,,,239.0,63.0,38,40,45.0,62.0
ENV-0506,Envigado,LETICIA ARANGO,Envigado,Antioquia,Oficial,6.163249,-75.5941636,,,11,,,238.0,78.0,32,40,29.0,82.0
ENV-0507,Envigado,LETICIA ARANGO,Envigado,Antioquia,Oficial,6.163249,-75.5941636,,,11,,,236.0,12.0,44,58,59.0,96.0
ENV-0508,Envigado,LETICIA ARANGO,Envigado,Antioquia,Oficial,6.163249,-75.5941636,,,11,,,234.0,59.0,42,44,40.0,56.0
ENV-0509,Envigado,LETICIA ARANGO,Envigado,Antioquia,Oficial,6.163249,-75.5941636,,,11,,,233.0,49.0,44,40,50.0,58.0
ENV-0510,Envigado,LETICIA ARANGO,Envigado,Antioquia,Oficial,6.163249,-75.5941636,,,11,,,233.0,51.0,46,62,26.0,51.0
ENV-0511,Envigado,LETICIA ARANGO,Envigado,Antioquia,Oficial,6.163249,-75.5941636,,,11,,,231.0,66.0,28,42,41.0,69.0
ENV-0512,Envigado,LETICIA ARANGO,Envigado,Antioquia,Oficial,6.163249,-75.5941636,,,11,,,230.0,76.0,42,36,34.0,35.0
ENV-0513,Envigado,LETICIA ARANGO,Envigado,Antioquia,Oficial,6.163249,-75.5941636,,,11,,,229.0,51.0,40,60,33.0,44.0
ENV-0514,Envigado,LETICIA ARANGO,Envigado,Antioquia,Oficial,6.163249,-75.5941636,,,11,,,228.0,39.0,36,50,48.0,73.0
ENV-0515,Envigado,LETICIA ARANGO,Envigado,Antioquia,Oficial,6.163249,-75.5941636,,,11,,,223.0,56.0,30,48,41.0,55.0
ENV-0516,Envigado,LETICIA ARANGO,Envigado,Antioquia,Oficial,6.163249,-75.5941636,,,11,,,222.0,51.0,34,38,48.0,64.0
ENV-0517,Envigado,LETICIA ARANGO,Envigado,Antioquia,Oficial,6.163249,-75.5941636,,,11,,,220.0,37.0,52,28,53.0,62.0
ENV-0518,Envigado,LETICIA ARANGO,Envigado,Antioquia,Oficial,6.163249,-75.5941636,,,11,,,220.0,68.0,30,54,24.0,42.0
ENV-0519,Envigado,LETICIA ARANGO,Envigado,Antioquia,Oficial,6.163249,-75.5941636,,,11,,,219.0,54.0,34,48,38.0,49.0
ENV-0520,Envigado,LETICIA ARANGO,Envigado,Antioquia,Oficial,6.163249,-75.5941636,,,11,,,218.0,61.0,38,44,28.0,55.0
ENV-0521,Envigado,LETICIA ARANGO,Envigado,Antioquia,Oficial,6.163249,-75.5941636,,,11,,,217.0,56.0,30,24,62.0,47.0
ENV-0522,Envigado,LETICIA ARANGO,Envigado,Antioquia,Oficial,6.163249,-75.5941636,,,11,,,214.0,41.0,34,40,47.0,69.0
ENV-0523,Envigado,LETICIA ARANGO,Envigado,Antioquia,Oficial,6.163249,-75.5941636,,,11,,,212.0,54.0,32,48,43.0,22.0
ENV-0524,Envigado,LETICIA ARANGO,Envigado,Antioquia,Oficial,6.163249,-75.5941636,,,11,,,208.0,49.0,34,32,38.0,84.0
ENV-0525,Envigado,LETICIA ARANGO,Envigado,Antioquia,Oficial,6.163249,-75.5941636,,,11,,,207.0,51.0,34,32,45.0,53.0
ENV-0526,Envigado,LETICIA ARANGO,Envigado,Antioquia,Oficial,6.163249,-75.5941636,,,11,,,207.0,49.0,42,34,33.0,65.0
ENV-0527,Envigado,LETICIA ARANGO,Envigado,Antioquia,Oficial,6.163249,-75.5941636,,,11,,,206.0,41.0,40,40,40.0,53.0
ENV-0528,Envigado,LETICIA ARANGO,Envigado,Antioquia,Oficial,6.163249,-75.5941636,,,11,,,205.0,54.0,24,44,29.0,80.0
ENV-0529,Envigado,LETICIA ARANGO,Envigado,Antioquia,Oficial,6.163249,-75.5941636,,,11,,,203.0,46.0,30,36,52.0,35.0
ENV-0530,Envigado,LETICIA ARANGO,Envigado,Antioquia,Oficial,6.163249,-75.5941636,,,11,,,201.0,49.0,34,28,45.0,55.0
ENV-0531,Envigado,LETICIA ARANGO,Envigado,Antioquia,Oficial,6.163249,-75.5941636,,,11,,,199.0,46.0,24,34,52.0,49.0
ENV-0532,Envigado,LETICIA ARANGO,Envigado,Antioquia,Oficial,6.163249,-75.5941636,,,11,,,198.0,46.0,24,46,41.0,42.0
ENV-0533,Envigado,LETICIA ARANGO,Envigado,Antioquia,Oficial,6.163249,-75.5941636,,,11,,,195.0,39.0,42,32,43.0,38.0
ENV-0534,Envigado,LETICIA ARANGO,Envigado,Antioquia,Oficial,6.163249,-75.5941636,,,11,,,193.0,27.0,50,30,36.0,73.0
ENV-0535,Envigado,LETICIA ARANGO,Envigado,Antioquia,Oficial,6.163249,-75.5941636,,,11,,,188.0,54.0,44,24,19.0,67.0
ENV-0536,Envigado,LETICIA ARANGO,Envigado,Antioquia,Oficial,6.163249,-75.5941636,,,11,,,188.0,68.0,26,18,31.0,58.0
ENV-0537,Envigado,LETICIA ARANGO,Envigado,Antioquia,Oficial,6.163249,-75.5941636,,,11,,,188.0,66.0,30,34,33.0,0.0
ENV-0538,Envigado,LETICIA ARANGO,Envigado,Antioquia,Oficial,6.163249,-75.5941636,,,11,,,184.0,51.0,38,28,31.0,35.0
ENV-0539,Envigado,LETICIA ARANGO,Envigado,Antioquia,Oficial,6.163249,-75.5941636,,,11,,,184.0,54.0,30,32,33.0,33.0
ENV-0540,Envigado,LETICIA ARANGO,Envigado,Antioquia,Oficial,6.163249,-75.5941636,,,11,,,182.0,39.0,22,52,29.0,45.0
ENV-0541,Envigado,LETICIA ARANGO,Envigado,Antioquia,Oficial,6.163249,-75.5941636,,,11,,,182.0,63.0,38,16,24.0,47.0
ENV-0542,Envigado,LETICIA ARANGO,Envigado,Antioquia,Oficial,6.163249,-75.5941636,,,11,,,181.0,51.0,28,34,28.0,47.0
ENV-0543,Envigado,LETICIA ARANGO,Envigado,Antioquia,Oficial,6.163249,-75.5941636,,,11,,,176.0,46.0,28,34,29.0,44.0
ENV-0544,Envigado,LETICIA ARANGO,Envigado,Antioquia,Oficial,6.163249,-75.5941636,,,11,,,171.0,46.0,30,30,26.0,49.0
ENV-0545,Envigado,LETICIA ARANGO,Envigado,Antioquia,Oficial,6.163249,-75.5941636,,,11,,,171.0,37.0,36,32,26.0,53.0
ENV-0546,Envigado,LETICIA ARANGO,Envigado,Antioquia,Oficial,6.163249,-75.5941636,,,11,,,168.0,24.0,32,36,40.0,42.0
ENV-0547,Envigado,LETICIA ARANGO,Envigado,Antioquia,Oficial,6.163249,-75.5941636,,,11,,,167.0,41.0,28,24,36.0,45.0
ENV-0548,Envigado,LETICIA ARANGO,Envigado,Antioquia,Oficial,6.163249,-75.5941636,,,11,,,167.0,44.0,24,34,19.0,71.0
ENV-0549,Envigado,LETICIA ARANGO,Envigado,Antioquia,Oficial,6.163249,-75.5941636,,,11,,,165.0,37.0,28,28,29.0,64.0
ENV-0550,Envigado,LETICIA ARANGO,Envigado,Antioquia,Oficial,6.163249,-75.5941636,,,11,,,162.0,44.0,38,20,22.0,47.0
ENV-0551,Envigado,LETICIA ARANGO,Envigado,Antioquia,Oficial,6.163249,-75.5941636,,,11,,,158.0,29.0,26,34,38.0,29.0
ENV-0552,Envigado,LETICIA ARANGO,Envigado,Antioquia,Oficial,6.163249,-75.5941636,,,11,,,151.0,32.0,28,30,28.0,40.0
ENV-0553,Envigado,LETICIA ARANGO,Envigado,Antioquia,Oficial,6.163249,-75.5941636,,,11,,,150.0,32.0,28,34,26.0,31.0
ENV-0554,Envigado,LETICIA ARANGO,Envigado,Antioquia,Oficial,6.163249,-75.5941636,,,11,,,146.0,29.0,34,26,26.0,35.0
ENV-0555,Envigado,LETICIA ARANGO,Envigado,Antioquia,Oficial,6.163249,-75.5941636,,,11,,,145.0,34.0,36,20,22.0,40.0
ENV-0556,Envigado,LETICIA ARANGO,Envigado,Antioquia,Oficial,6.163249,-75.5941636,,,11,,,142.0,29.0,32,16,33.0,40.0
ENV-0557,Envigado,LETICIA ARANGO,Envigado,Antioquia,Oficial,6.163249,-75.5941636,,,11,,,142.0,39.0,26,18,29.0,33.0
ENV-0558,Envigado,LETICIA ARANGO,Envigado,Antioquia,Oficial,6.163249,-75.5941636,,,11,,,141.0,34.0,26,20,29.0,38.0
ENV-0559,Envigado,LETICIA ARANGO,Envigado,Antioquia,Oficial,6.163249,-75.5941636,,,11,,,140.0,34.0,24,20,28.0,47.0
ENV-0560,Envigado,LETICIA ARANGO,Envigado,Antioquia,Oficial,6.163249,-75.5941636,,,11,,,138.0,27.0,26,30,28.0,27.0
ENV-0561,Envigado,LETICIA ARANGO,Envigado,Antioquia,Oficial,6.163249,-75.5941636,,,11,,,131.0,37.0,20,22,24.0,33.0
ENV-0562,Envigado,LETICIA ARANGO,Envigado,Antioquia,Oficial,6.163249,-75.5941636,,,11,,,127.0,54.0,24,8,24.0,0.0
ENV-0563,Envigado,LETICIA ARANGO,Envigado,Antioquia,Oficial,6.163249,-75.5941636,,,11,,,126.0,27.0,28,32,16.0,22.0
ENV-0564,Envigado,LETICIA ARANGO,Envigado,Antioquia,Oficial,6.163249,-75.5941636,,,11,,,107.0,20.0,18,28,19.0,25.0
ENV-0565,Envigado,LETICIA ARANGO,Envigado,Antioquia,Oficial,6.163249,-75.5941636,,,11,,,103.0,17.0,22,18,22.0,29.0
ENV-0566,Envigado,LETICIA ARANGO,Envigado,Antioquia,Oficial,6.163249,-75.5941636,,,11,,,98.0,39.0,20,10,16.0,0.0
ENV-0567,Envigado,LETICIA ARANGO,Envigado,Antioquia,Oficial,6.163249,-75.5941636,,,11,,,89.0,0.0,16,28,21.0,38.0
ENV-0568,Envigado,LETICIA ARANGO,Envigado,Antioquia,Oficial,6.163249,-75.5941636,,,11,,,86.0,0.0,10,26,21.0,53.0
ENV-0569,Envigado,LETICIA ARANGO,Envigado,Antioquia,Oficial,6.163249,-75.5941636,,,11,,,76.0,0.0,14,16,14.0,65.0
ENV-0570,Envigado,LETICIA ARANGO,Envigado,Antioquia,Oficial,6.163249,-75.5941636,,,11,,,75.0,0.0,12,20,21.0,38.0
ENV-0571,Envigado,MANUEL URIBE ÁNGEL,Envigado,Antioquia,Oficial,6.1702637,-75.5895184,,,11,,,359.0,85.0,48,84,66.0,85.0
ENV-0572,Envigado,MANUEL URIBE ÁNGEL,Envigado,Antioquia,Oficial,6.1702637,-75.5895184,,,11,,,336.0,85.0,42,68,71.0,76.0
ENV-0573,Envigado,MANUEL URIBE ÁNGEL,Envigado,Antioquia,Oficial,6.1702637,-75.5895184,,,11,,,326.0,78.0,36,82,57.0,89.0
ENV-0574,Envigado,MANUEL URIBE ÁNGEL,Envigado,Antioquia,Oficial,6.1702637,-75.5895184,,,11,,,318.0,66.0,56,84,38.0,95.0
ENV-0575,Envigado,MANUEL URIBE ÁNGEL,Envigado,Antioquia,Oficial,6.1702637,-75.5895184,,,11,,,306.0,56.0,56,60,71.0,67.0
ENV-0576,Envigado,MANUEL URIBE ÁNGEL,Envigado,Antioquia,Oficial,6.1702637,-75.5895184,,,11,,,306.0,68.0,48,52,64.0,98.0
ENV-0577,Envigado,MANUEL URIBE ÁNGEL,Envigado,Antioquia,Oficial,6.1702637,-75.5895184,,,11,,,297.0,59.0,48,62,71.0,55.0
ENV-0578,Envigado,MANUEL URIBE ÁNGEL,Envigado,Antioquia,Oficial,6.1702637,-75.5895184,,,11,,,297.0,76.0,52,62,48.0,58.0
ENV-0579,Envigado,MANUEL URIBE ÁNGEL,Envigado,Antioquia,Oficial,6.1702637,-75.5895184,,,11,,,282.0,73.0,32,66,45.0,85.0
ENV-0580,Envigado,MANUEL URIBE ÁNGEL,Envigado,Antioquia,Oficial,6.1702637,-75.5895184,,,11,,,275.0,71.0,30,58,55.0,75.0
ENV-0581,Envigado,MANUEL URIBE ÁNGEL,Envigado,Antioquia,Oficial,6.1702637,-75.5895184,,,11,,,274.0,63.0,38,72,47.0,53.0
ENV-0582,Envigado,MANUEL URIBE ÁNGEL,Envigado,Antioquia,Oficial,6.1702637,-75.5895184,,,11,,,274.0,71.0,40,54,52.0,62.0
ENV-0583,Envigado,MANUEL URIBE ÁNGEL,Envigado,Antioquia,Oficial,6.1702637,-75.5895184,,,11,,,269.0,68.0,40,50,50.0,75.0
ENV-0584,Envigado,MANUEL URIBE ÁNGEL,Envigado,Antioquia,Oficial,6.1702637,-75.5895184,,,11,,,267.0,54.0,42,54,53.0,85.0
ENV-0585,Envigado,MANUEL URIBE ÁNGEL,Envigado,Antioquia,Oficial,6.1702637,-75.5895184,,,11,,,259.0,59.0,42,58,50.0,47.0
ENV-0586,Envigado,MANUEL URIBE ÁNGEL,Envigado,Antioquia,Oficial,6.1702637,-75.5895184,,,11,,,256.0,68.0,50,62,28.0,42.0
ENV-0587,Envigado,MANUEL URIBE ÁNGEL,Envigado,Antioquia,Oficial,6.1702637,-75.5895184,,,11,,,252.0,73.0,34,52,45.0,44.0
ENV-0588,Envigado,MANUEL URIBE ÁNGEL,Envigado,Antioquia,Oficial,6.1702637,-75.5895184,,,11,,,250.0,54.0,38,46,59.0,62.0
ENV-0589,Envigado,MANUEL URIBE ÁNGEL,Envigado,Antioquia,Oficial,6.1702637,-75.5895184,,,11,,,249.0,66.0,38,40,50.0,65.0
ENV-0590,Envigado,MANUEL URIBE ÁNGEL,Envigado,Antioquia,Oficial,6.1702637,-75.5895184,,,11,,,247.0,73.0,52,30,38.0,64.0
ENV-0591,Envigado,MANUEL URIBE ÁNGEL,Envigado,Antioquia,Oficial,6.1702637,-75.5895184,,,11,,,247.0,54.0,30,52,52.0,80.0
ENV-0592,Envigado,MANUEL URIBE ÁNGEL,Envigado,Antioquia,Oficial,6.1702637,-75.5895184,,,11,,,247.0,80.0,26,52,38.0,53.0
ENV-0593,Envigado,MANUEL URIBE ÁNGEL,Envigado,Antioquia,Oficial,6.1702637,-75.5895184,,,11,,,247.0,66.0,32,42,55.0,56.0
ENV-0594,Envigado,MANUEL URIBE ÁNGEL,Envigado,Antioquia,Oficial,6.1702637,-75.5895184,,,11,,,246.0,73.0,32,58,31.0,58.0
ENV-0595,Envigado,MANUEL URIBE ÁNGEL,Envigado,Antioquia,Oficial,6.1702637,-75.5895184,,,11,,,243.0,61.0,36,44,41.0,85.0
ENV-0596,Envigado,MANUEL URIBE ÁNGEL,Envigado,Antioquia,Oficial,6.1702637,-75.5895184,,,11,,,241.0,54.0,32,48,50.0,76.0
ENV-0597,Envigado,MANUEL URIBE ÁNGEL,Envigado,Antioquia,Oficial,6.1702637,-75.5895184,,,11,,,233.0,54.0,28,60,43.0,51.0
ENV-0598,Envigado,MANUEL URIBE ÁNGEL,Envigado,Antioquia,Oficial,6.1702637,-75.5895184,,,11,,,233.0,63.0,44,44,26.0,73.0
ENV-0599,Envigado,MANUEL URIBE ÁNGEL,Envigado,Antioquia,Oficial,6.1702637,-75.5895184,,,11,,,232.0,66.0,42,38,38.0,53.0
ENV-0600,Envigado,MANUEL URIBE ÁNGEL,Envigado,Antioquia,Oficial,6.1702637,-75.5895184,,,11,,,227.0,66.0,32,58,21.0,62.0
ENV-0601,Envigado,MANUEL URIBE ÁNGEL,Envigado,Antioquia,Oficial,6.1702637,-75.5895184,,,11,,,227.0,56.0,38,32,55.0,45.0
ENV-0602,Envigado,MANUEL URIBE ÁNGEL,Envigado,Antioquia,Oficial,6.1702637,-75.5895184,,,11,,,225.0,59.0,34,36,43.0,69.0
ENV-0603,Envigado,MANUEL URIBE ÁNGEL,Envigado,Antioquia,Oficial,6.1702637,-75.5895184,,,11,,,224.0,49.0,34,44,47.0,64.0
ENV-0604,Envigado,MANUEL URIBE ÁNGEL,Envigado,Antioquia,Oficial,6.1702637,-75.5895184,,,11,,,224.0,63.0,36,34,36.0,73.0
ENV-0605,Envigado,MANUEL URIBE ÁNGEL,Envigado,Antioquia,Oficial,6.1702637,-75.5895184,,,11,,,223.0,51.0,32,50,43.0,51.0
ENV-0606,Envigado,MANUEL URIBE ÁNGEL,Envigado,Antioquia,Oficial,6.1702637,-75.5895184,,,11,,,220.0,44.0,26,50,52.0,58.0
ENV-0607,Envigado,MANUEL URIBE ÁNGEL,Envigado,Antioquia,Oficial,6.1702637,-75.5895184,,,11,,,217.0,49.0,40,44,38.0,51.0
ENV-0608,Envigado,MANUEL URIBE ÁNGEL,Envigado,Antioquia,Oficial,6.1702637,-75.5895184,,,11,,,216.0,44.0,32,32,52.0,82.0
ENV-0609,Envigado,MANUEL URIBE ÁNGEL,Envigado,Antioquia,Oficial,6.1702637,-75.5895184,,,11,,,216.0,63.0,36,42,34.0,33.0
ENV-0610,Envigado,MANUEL URIBE ÁNGEL,Envigado,Antioquia,Oficial,6.1702637,-75.5895184,,,11,,,215.0,54.0,38,48,33.0,42.0
ENV-0611,Envigado,MANUEL URIBE ÁNGEL,Envigado,Antioquia,Oficial,6.1702637,-75.5895184,,,11,,,215.0,56.0,38,42,36.0,42.0
ENV-0612,Envigado,MANUEL URIBE ÁNGEL,Envigado,Antioquia,Oficial,6.1702637,-75.5895184,,,11,,,215.0,56.0,44,44,31.0,33.0
ENV-0613,Envigado,MANUEL URIBE ÁNGEL,Envigado,Antioquia,Oficial,6.1702637,-75.5895184,,,11,,,213.0,63.0,34,32,38.0,53.0
ENV-0614,Envigado,MANUEL URIBE ÁNGEL,Envigado,Antioquia,Oficial,6.1702637,-75.5895184,,,11,,,210.0,44.0,34,48,43.0,40.0
ENV-0615,Envigado,MANUEL URIBE ÁNGEL,Envigado,Antioquia,Oficial,6.1702637,-75.5895184,,,11,,,210.0,71.0,22,42,31.0,49.0
ENV-0616,Envigado,MANUEL URIBE ÁNGEL,Envigado,Antioquia,Oficial,6.1702637,-75.5895184,,,11,,,209.0,41.0,28,38,55.0,55.0
ENV-0617,Envigado,MANUEL URIBE ÁNGEL,Envigado,Antioquia,Oficial,6.1702637,-75.5895184,,,11,,,208.0,66.0,28,32,38.0,49.0
ENV-0618,Envigado,MANUEL URIBE ÁNGEL,Envigado,Antioquia,Oficial,6.1702637,-75.5895184,,,11,,,206.0,63.0,50,18,24.0,69.0
ENV-0619,Envigado,MANUEL URIBE ÁNGEL,Envigado,Antioquia,Oficial,6.1702637,-75.5895184,,,11,,,206.0,61.0,28,32,45.0,38.0
ENV-0620,Envigado,MANUEL URIBE ÁNGEL,Envigado,Antioquia,Oficial,6.1702637,-75.5895184,,,11,,,205.0,54.0,30,28,41.0,73.0
ENV-0621,Envigado,MANUEL URIBE ÁNGEL,Envigado,Antioquia,Oficial,6.1702637,-75.5895184,,,11,,,202.0,49.0,38,32,33.0,71.0
ENV-0622,Envigado,MANUEL URIBE ÁNGEL,Envigado,Antioquia,Oficial,6.1702637,-75.5895184,,,11,,,202.0,59.0,24,46,31.0,45.0
ENV-0623,Envigado,MANUEL URIBE ÁNGEL,Envigado,Antioquia,Oficial,6.1702637,-75.5895184,,,11,,,200.0,49.0,26,34,40.0,75.0
ENV-0624,Envigado,MANUEL URIBE ÁNGEL,Envigado,Antioquia,Oficial,6.1702637,-75.5895184,,,11,,,199.0,63.0,24,34,38.0,40.0
ENV-0625,Envigado,MANUEL URIBE ÁNGEL,Envigado,Antioquia,Oficial,6.1702637,-75.5895184,,,11,,,198.0,49.0,30,46,26.0,62.0
ENV-0626,Envigado,MANUEL URIBE ÁNGEL,Envigado,Antioquia,Oficial,6.1702637,-75.5895184,,,11,,,197.0,41.0,40,46,29.0,42.0
ENV-0627,Envigado,MANUEL URIBE ÁNGEL,Envigado,Antioquia,Oficial,6.1702637,-75.5895184,,,11,,,192.0,59.0,28,42,29.0,25.0
ENV-0628,Envigado,MANUEL URIBE ÁNGEL,Envigado,Antioquia,Oficial,6.1702637,-75.5895184,,,11,,,192.0,39.0,38,34,33.0,67.0
ENV-0629,Envigado,MANUEL URIBE ÁNGEL,Envigado,Antioquia,Oficial,6.1702637,-75.5895184,,,11,,,191.0,41.0,28,52,31.0,40.0
ENV-0630,Envigado,MANUEL URIBE ÁNGEL,Envigado,Antioquia,Oficial,6.1702637,-75.5895184,,,11,,,191.0,44.0,32,40,34.0,45.0
ENV-0631,Envigado,MANUEL URIBE ÁNGEL,Envigado,Antioquia,Oficial,6.1702637,-75.5895184,,,11,,,189.0,46.0,30,36,34.0,51.0
ENV-0632,Envigado,MANUEL URIBE ÁNGEL,Envigado,Antioquia,Oficial,6.1702637,-75.5895184,,,11,,,188.0,41.0,34,38,36.0,40.0
ENV-0633,Envigado,MANUEL URIBE ÁNGEL,Envigado,Antioquia,Oficial,6.1702637,-75.5895184,,,11,,,187.0,54.0,28,32,38.0,31.0
ENV-0634,Envigado,MANUEL URIBE ÁNGEL,Envigado,Antioquia,Oficial,6.1702637,-75.5895184,,,11,,,185.0,61.0,14,30,45.0,33.0
ENV-0635,Envigado,MANUEL URIBE ÁNGEL,Envigado,Antioquia,Oficial,6.1702637,-75.5895184,,,11,,,184.0,44.0,28,38,38.0,35.0
ENV-0636,Envigado,MANUEL URIBE ÁNGEL,Envigado,Antioquia,Oficial,6.1702637,-75.5895184,,,11,,,179.0,54.0,24,28,36.0,40.0
ENV-0637,Envigado,MANUEL URIBE ÁNGEL,Envigado,Antioquia,Oficial,6.1702637,-75.5895184,,,11,,,179.0,37.0,32,42,28.0,51.0
ENV-0638,Envigado,MANUEL URIBE ÁNGEL,Envigado,Antioquia,Oficial,6.1702637,-75.5895184,,,11,,,178.0,41.0,30,38,33.0,36.0
ENV-0639,Envigado,MANUEL URIBE ÁNGEL,Envigado,Antioquia,Oficial,6.1702637,-75.5895184,,,11,,,177.0,54.0,24,34,22.0,58.0
ENV-0640,Envigado,MANUEL URIBE ÁNGEL,Envigado,Antioquia,Oficial,6.1702637,-75.5895184,,,11,,,177.0,54.0,24,30,33.0,38.0
ENV-0641,Envigado,MANUEL URIBE ÁNGEL,Envigado,Antioquia,Oficial,6.1702637,-75.5895184,,,11,,,177.0,41.0,28,40,22.0,64.0
ENV-0642,Envigado,MANUEL URIBE ÁNGEL,Envigado,Antioquia,Oficial,6.1702637,-75.5895184,,,11,,,176.0,46.0,16,42,33.0,47.0
ENV-0643,Envigado,MANUEL URIBE ÁNGEL,Envigado,Antioquia,Oficial,6.1702637,-75.5895184,,,11,,,176.0,37.0,36,40,24.0,47.0
ENV-0644,Envigado,MANUEL URIBE ÁNGEL,Envigado,Antioquia,Oficial,6.1702637,-75.5895184,,,11,,,175.0,41.0,12,46,28.0,75.0
ENV-0645,Envigado,MANUEL URIBE ÁNGEL,Envigado,Antioquia,Oficial,6.1702637,-75.5895184,,,11,,,175.0,49.0,30,28,33.0,36.0
ENV-0646,Envigado,MANUEL URIBE ÁNGEL,Envigado,Antioquia,Oficial,6.1702637,-75.5895184,,,11,,,173.0,54.0,32,24,22.0,55.0
ENV-0647,Envigado,MANUEL URIBE ÁNGEL,Envigado,Antioquia,Oficial,6.1702637,-75.5895184,,,11,,,168.0,24.0,30,50,29.0,35.0
ENV-0648,Envigado,MANUEL URIBE ÁNGEL,Envigado,Antioquia,Oficial,6.1702637,-75.5895184,,,11,,,163.0,54.0,28,14,34.0,33.0
ENV-0649,Envigado,MANUEL URIBE ÁNGEL,Envigado,Antioquia,Oficial,6.1702637,-75.5895184,,,11,,,161.0,39.0,22,38,29.0,33.0
ENV-0650,Envigado,MANUEL URIBE ÁNGEL,Envigado,Antioquia,Oficial,6.1702637,-75.5895184,,,11,,,160.0,46.0,34,20,17.0,64.0
ENV-0651,Envigado,MANUEL URIBE ÁNGEL,Envigado,Antioquia,Oficial,6.1702637,-75.5895184,,,11,,,158.0,46.0,28,24,26.0,38.0
ENV-0652,Envigado,MANUEL URIBE ÁNGEL,Envigado,Antioquia,Oficial,6.1702637,-75.5895184,,,11,,,157.0,29.0,28,42,24.0,38.0
ENV-0653,Envigado,MANUEL URIBE ÁNGEL,Envigado,Antioquia,Oficial,6.1702637,-75.5895184,,,11,,,155.0,41.0,32,26,22.0,38.0
ENV-0654,Envigado,MANUEL URIBE ÁNGEL,Envigado,Antioquia,Oficial,6.1702637,-75.5895184,,,11,,,154.0,41.0,28,20,31.0,40.0
ENV-0655,Envigado,MANUEL URIBE ÁNGEL,Envigado,Antioquia,Oficial,6.1702637,-75.5895184,,,11,,,152.0,32.0,24,30,29.0,49.0
ENV-0656,Envigado,MANUEL URIBE ÁNGEL,Envigado,Antioquia,Oficial,6.1702637,-75.5895184,,,11,,,150.0,32.0,28,26,31.0,40.0
ENV-0657,Envigado,MANUEL URIBE ÁNGEL,Envigado,Antioquia,Oficial,6.1702637,-75.5895184,,,11,,,138.0,17.0,28,26,36.0,38.0
ENV-0658,Envigado,MANUEL URIBE ÁNGEL,Envigado,Antioquia,Oficial,6.1702637,-75.5895184,,,11,,,137.0,27.0,32,24,24.0,36.0
ENV-0659,Envigado,MANUEL URIBE ÁNGEL,Envigado,Antioquia,Oficial,6.1702637,-75.5895184,,,11,,,136.0,27.0,28,20,28.0,45.0
ENV-0660,Envigado,MANUEL URIBE ÁNGEL,Envigado,Antioquia,Oficial,6.1702637,-75.5895184,,,11,,,134.0,34.0,18,18,31.0,44.0
ENV-0661,Envigado,MANUEL URIBE ÁNGEL,Envigado,Antioquia,Oficial,6.1702637,-75.5895184,,,11,,,133.0,24.0,30,26,22.0,38.0
ENV-0662,Envigado,MANUEL URIBE ÁNGEL,Envigado,Antioquia,Oficial,6.1702637,-75.5895184,,,11,,,128.0,24.0,28,22,22.0,42.0
ENV-0663,Envigado,MANUEL URIBE ÁNGEL,Envigado,Antioquia,Oficial,6.1702637,-75.5895184,,,11,,,126.0,17.0,28,26,28.0,31.0
ENV-0664,Envigado,MANUEL URIBE ÁNGEL,Envigado,Antioquia,Oficial,6.1702637,-75.5895184,,,11,,,122.0,51.0,14,20,21.0,0.0
ENV-0665,Envigado,MANUEL URIBE ÁNGEL,Envigado,Antioquia,Oficial,6.1702637,-75.5895184,,,11,,,118.0,17.0,26,24,24.0,33.0
ENV-0666,Envigado,MANUEL URIBE ÁNGEL,Envigado,Antioquia,Oficial,6.1702637,-75.5895184,,,11,,,117.0,15.0,20,26,29.0,35.0
ENV-0667,Envigado,MANUEL URIBE ÁNGEL,Envigado,Antioquia,Oficial,6.1702637,-75.5895184,,,11,,,115.0,37.0,18,14,31.0,0.0
ENV-0668,Envigado,MANUEL URIBE ÁNGEL,Envigado,Antioquia,Oficial,6.1702637,-75.5895184,,,11,,,84.0,0.0,16,20,12.0,75.0
ENV-0669,Envigado,MARTÍN EDUARDO,Envigado,Antioquia,Oficial,6.1869358,-75.4899922,,,11,,,326.0,71.0,56,78,55.0,67.0
ENV-0670,Envigado,MARTÍN EDUARDO,Envigado,Antioquia,Oficial,6.1869358,-75.4899922,,,11,,,305.0,66.0,50,68,59.0,65.0
ENV-0671,Envigado,MARTÍN EDUARDO,Envigado,Antioquia,Oficial,6.1869358,-75.4899922,,,11,,,300.0,73.0,40,58,62.0,80.0
ENV-0672,Envigado,MARTÍN EDUARDO,Envigado,Antioquia,Oficial,6.1869358,-75.4899922,,,11,,,297.0,61.0,44,86,41.0,75.0
ENV-0673,Envigado,MARTÍN EDUARDO,Envigado,Antioquia,Oficial,6.1869358,-75.4899922,,,11,,,293.0,68.0,42,74,52.0,55.0
ENV-0674,Envigado,MARTÍN EDUARDO,Envigado,Antioquia,Oficial,6.1869358,-75.4899922,,,11,,,291.0,76.0,30,70,59.0,55.0
ENV-0675,Envigado,MARTÍN EDUARDO,Envigado,Antioquia,Oficial,6.1869358,-75.4899922,,,11,,,280.0,78.0,24,70,57.0,40.0
ENV-0676,Envigado,MARTÍN EDUARDO,Envigado,Antioquia,Oficial,6.1869358,-75.4899922,,,11,,,273.0,61.0,42,62,57.0,45.0
ENV-0677,Envigado,MARTÍN EDUARDO,Envigado,Antioquia,Oficial,6.1869358,-75.4899922,,,11,,,269.0,76.0,34,62,41.0,60.0
ENV-0678,Envigado,MARTÍN EDUARDO,Envigado,Antioquia,Oficial,6.1869358,-75.4899922,,,11,,,247.0,54.0,28,62,50.0,60.0
ENV-0679,Envigado,MARTÍN EDUARDO,Envigado,Antioquia,Oficial,6.1869358,-75.4899922,,,11,,,236.0,54.0,30,62,41.0,53.0
ENV-0680,Envigado,MARTÍN EDUARDO,Envigado,Antioquia,Oficial,6.1869358,-75.4899922,,,11,,,226.0,51.0,48,30,50.0,49.0
ENV-0681,Envigado,MARTÍN EDUARDO,Envigado,Antioquia,Oficial,6.1869358,-75.4899922,,,11,,,218.0,56.0,30,44,50.0,25.0
ENV-0682,Envigado,MARTÍN EDUARDO,Envigado,Antioquia,Oficial,6.1869358,-75.4899922,,,11,,,206.0,49.0,38,40,40.0,36.0
ENV-0683,Envigado,MARTÍN EDUARDO,Envigado,Antioquia,Oficial,6.1869358,-75.4899922,,,11,,,200.0,34.0,32,46,50.0,33.0
ENV-0684,Envigado,MARTÍN EDUARDO,Envigado,Antioquia,Oficial,6.1869358,-75.4899922,,,11,,,178.0,39.0,34,26,36.0,56.0
ENV-0685,Envigado,MARTÍN EDUARDO,Envigado,Antioquia,Oficial,6.1869358,-75.4899922,,,11,,,161.0,39.0,22,26,40.0,38.0
ENV-0686,Envigado,MARÍA POUSSEPIN,Envigado,Antioquia,Oficial,6.1709289,-75.5771223,,,11,,,359.0,68.0,74,80,59.0,91.0
ENV-0687,Envigado,MARÍA POUSSEPIN,Envigado,Antioquia,Oficial,6.1709289,-75.5771223,,,11,,,322.0,63.0,58,80,48.0,87.0
ENV-0688,Envigado,MARÍA POUSSEPIN,Envigado,Antioquia,Oficial,6.1709289,-75.5771223,,,11,,,301.0,71.0,44,80,40.0,78.0
ENV-0689,Envigado,MARÍA POUSSEPIN,Envigado,Antioquia,Oficial,6.1709289,-75.5771223,,,11,,,281.0,59.0,38,74,59.0,44.0
ENV-0690,Envigado,MARÍA POUSSEPIN,Envigado,Antioquia,Oficial,6.1709289,-75.5771223,,,11,,,271.0,76.0,50,38,53.0,53.0
ENV-0691,Envigado,MARÍA POUSSEPIN,Envigado,Antioquia,Oficial,6.1709289,-75.5771223,,,11,,,270.0,59.0,42,64,53.0,49.0
ENV-0692,Envigado,MARÍA POUSSEPIN,Envigado,Antioquia,Oficial,6.1709289,-75.5771223,,,11,,,266.0,73.0,26,66,41.0,73.0
ENV-0693,Envigado,MARÍA POUSSEPIN,Envigado,Antioquia,Oficial,6.1709289,-75.5771223,,,11,,,266.0,71.0,44,66,33.0,51.0
ENV-0694,Envigado,MARÍA POUSSEPIN,Envigado,Antioquia,Oficial,6.1709289,-75.5771223,,,11,,,263.0,71.0,42,52,33.0,91.0
ENV-0695,Envigado,MARÍA POUSSEPIN,Envigado,Antioquia,Oficial,6.1709289,-75.5771223,,,11,,,255.0,71.0,36,54,34.0,78.0
ENV-0696,Envigado,MARÍA POUSSEPIN,Envigado,Antioquia,Oficial,6.1709289,-75.5771223,,,11,,,250.0,71.0,46,38,38.0,71.0
ENV-0697,Envigado,MARÍA POUSSEPIN,Envigado,Antioquia,Oficial,6.1709289,-75.5771223,,,11,,,214.0,56.0,36,40,40.0,42.0
ENV-0698,Envigado,MARÍA POUSSEPIN,Envigado,Antioquia,Oficial,6.1709289,-75.5771223,,,11,,,202.0,44.0,30,38,50.0,40.0
ENV-0699,Envigado,MARÍA POUSSEPIN,Envigado,Antioquia,Oficial,6.1709289,-75.5771223,,,11,,,198.0,56.0,32,48,19.0,51.0
ENV-0700,Envigado,MARÍA POUSSEPIN,Envigado,Antioquia,Oficial,6.1709289,-75.5771223,,,11,,,193.0,44.0,20,48,43.0,36.0
ENV-0701,Envigado,MARÍA POUSSEPIN,Envigado,Antioquia,Oficial,6.1709289,-75.5771223,,,11,,,184.0,41.0,26,34,41.0,49.0
ENV-0702,Envigado,MARÍA POUSSEPIN,Envigado,Antioquia,Oficial,6.1709289,-75.5771223,,,11,,,179.0,49.0,28,46,22.0,31.0
ENV-0703,Envigado,MARÍA POUSSEPIN,Envigado,Antioquia,Oficial,6.1709289,-75.5771223,,,11,,,168.0,29.0,30,36,40.0,31.0
ENV-0704,Envigado,MARÍA POUSSEPIN,Envigado,Antioquia,Oficial,6.1709289,-75.5771223,,,11,,,167.0,41.0,26,32,33.0,38.0
ENV-0705,Envigado,MARÍA POUSSEPIN,Envigado,Antioquia,Oficial,6.1709289,-75.5771223,,,11,,,164.0,41.0,32,32,29.0,22.0
ENV-0706,Envigado,MARÍA POUSSEPIN,Envigado,Antioquia,Oficial,6.1709289,-75.5771223,,,11,,,148.0,27.0,44,24,17.0,49.0
ENV-0707,Envigado,NORMAL SUPERIOR,Envigado,Antioquia,Oficial,6.1670338,-75.5818357,,,11,,,382.0,80.0,76,76,66.0,98.0
ENV-0708,Envigado,NORMAL SUPERIOR,Envigado,Antioquia,Oficial,6.1670338,-75.5818357,,,11,,,361.0,78.0,52,86,64.0,98.0
ENV-0709,Envigado,NORMAL SUPERIOR,Envigado,Antioquia,Oficial,6.1670338,-75.5818357,,,11,,,352.0,80.0,44,78,72.0,91.0
ENV-0710,Envigado,NORMAL SUPERIOR,Envigado,Antioquia,Oficial,6.1670338,-75.5818357,,,11,,,341.0,76.0,58,70,64.0,85.0
ENV-0711,Envigado,NORMAL SUPERIOR,Envigado,Antioquia,Oficial,6.1670338,-75.5818357,,,11,,,340.0,71.0,48,76,72.0,82.0
ENV-0712,Envigado,NORMAL SUPERIOR,Envigado,Antioquia,Oficial,6.1670338,-75.5818357,,,11,,,324.0,73.0,44,74,62.0,84.0
ENV-0713,Envigado,NORMAL SUPERIOR,Envigado,Antioquia,Oficial,6.1670338,-75.5818357,,,11,,,324.0,63.0,48,80,64.0,76.0
ENV-0714,Envigado,NORMAL SUPERIOR,Envigado,Antioquia,Oficial,6.1670338,-75.5818357,,,11,,,319.0,44.0,52,72,78.0,93.0
ENV-0715,Envigado,NORMAL SUPERIOR,Envigado,Antioquia,Oficial,6.1670338,-75.5818357,,,11,,,316.0,76.0,40,78,57.0,69.0
ENV-0716,Envigado,NORMAL SUPERIOR,Envigado,Antioquia,Oficial,6.1670338,-75.5818357,,,11,,,308.0,63.0,34,84,55.0,91.0
ENV-0717,Envigado,NORMAL SUPERIOR,Envigado,Antioquia,Oficial,6.1670338,-75.5818357,,,11,,,307.0,76.0,44,50,67.0,87.0
ENV-0718,Envigado,NORMAL SUPERIOR,Envigado,Antioquia,Oficial,6.1670338,-75.5818357,,,11,,,306.0,76.0,48,68,47.0,80.0
ENV-0719,Envigado,NORMAL SUPERIOR,Envigado,Antioquia,Oficial,6.1670338,-75.5818357,,,11,,,303.0,63.0,40,64,64.0,95.0
ENV-0720,Envigado,NORMAL SUPERIOR,Envigado,Antioquia,Oficial,6.1670338,-75.5818357,,,11,,,302.0,66.0,48,56,60.0,95.0
ENV-0721,Envigado,NORMAL SUPERIOR,Envigado,Antioquia,Oficial,6.1670338,-75.5818357,,,11,,,294.0,68.0,38,72,69.0,24.0
ENV-0722,Envigado,NORMAL SUPERIOR,Envigado,Antioquia,Oficial,6.1670338,-75.5818357,,,11,,,291.0,63.0,52,60,55.0,65.0
ENV-0723,Envigado,NORMAL SUPERIOR,Envigado,Antioquia,Oficial,6.1670338,-75.5818357,,,11,,,287.0,68.0,36,66,55.0,69.0
ENV-0724,Envigado,NORMAL SUPERIOR,Envigado,Antioquia,Oficial,6.1670338,-75.5818357,,,11,,,285.0,71.0,38,82,40.0,51.0
ENV-0725,Envigado,NORMAL SUPERIOR,Envigado,Antioquia,Oficial,6.1670338,-75.5818357,,,11,,,285.0,49.0,38,80,59.0,64.0
ENV-0726,Envigado,NORMAL SUPERIOR,Envigado,Antioquia,Oficial,6.1670338,-75.5818357,,,11,,,282.0,66.0,44,66,47.0,67.0
ENV-0727,Envigado,NORMAL SUPERIOR,Envigado,Antioquia,Oficial,6.1670338,-75.5818357,,,11,,,282.0,63.0,52,72,45.0,36.0
ENV-0728,Envigado,NORMAL SUPERIOR,Envigado,Antioquia,Oficial,6.1670338,-75.5818357,,,11,,,280.0,66.0,38,80,45.0,42.0
ENV-0729,Envigado,NORMAL SUPERIOR,Envigado,Antioquia,Oficial,6.1670338,-75.5818357,,,11,,,276.0,71.0,30,78,29.0,95.0
ENV-0730,Envigado,NORMAL SUPERIOR,Envigado,Antioquia,Oficial,6.1670338,-75.5818357,,,11,,,274.0,56.0,42,54,55.0,91.0
ENV-0731,Envigado,NORMAL SUPERIOR,Envigado,Antioquia,Oficial,6.1670338,-75.5818357,,,11,,,272.0,73.0,40,78,21.0,73.0
ENV-0732,Envigado,NORMAL SUPERIOR,Envigado,Antioquia,Oficial,6.1670338,-75.5818357,,,11,,,272.0,61.0,50,62,43.0,58.0
ENV-0733,Envigado,NORMAL SUPERIOR,Envigado,Antioquia,Oficial,6.1670338,-75.5818357,,,11,,,270.0,76.0,36,44,59.0,60.0
ENV-0734,Envigado,NORMAL SUPERIOR,Envigado,Antioquia,Oficial,6.1670338,-75.5818357,,,11,,,266.0,68.0,46,44,48.0,71.0
ENV-0735,Envigado,NORMAL SUPERIOR,Envigado,Antioquia,Oficial,6.1670338,-75.5818357,,,11,,,264.0,66.0,46,44,45.0,85.0
ENV-0736,Envigado,NORMAL SUPERIOR,Envigado,Antioquia,Oficial,6.1670338,-75.5818357,,,11,,,263.0,71.0,40,66,33.0,56.0
ENV-0737,Envigado,NORMAL SUPERIOR,Envigado,Antioquia,Oficial,6.1670338,-75.5818357,,,11,,,263.0,63.0,38,66,38.0,67.0
ENV-0738,Envigado,NORMAL SUPERIOR,Envigado,Antioquia,Oficial,6.1670338,-75.5818357,,,11,,,262.0,54.0,40,60,60.0,40.0
ENV-0739,Envigado,NORMAL SUPERIOR,Envigado,Antioquia,Oficial,6.1670338,-75.5818357,,,11,,,262.0,61.0,40,58,48.0,60.0
ENV-0740,Envigado,NORMAL SUPERIOR,Envigado,Antioquia,Oficial,6.1670338,-75.5818357,,,11,,,262.0,66.0,38,54,53.0,47.0
ENV-0741,Envigado,NORMAL SUPERIOR,Envigado,Antioquia,Oficial,6.1670338,-75.5818357,,,11,,,262.0,59.0,42,46,53.0,80.0
ENV-0742,Envigado,NORMAL SUPERIOR,Envigado,Antioquia,Oficial,6.1670338,-75.5818357,,,11,,,261.0,51.0,48,52,62.0,40.0
ENV-0743,Envigado,NORMAL SUPERIOR,Envigado,Antioquia,Oficial,6.1670338,-75.5818357,,,11,,,261.0,61.0,36,50,50.0,87.0
ENV-0744,Envigado,NORMAL SUPERIOR,Envigado,Antioquia,Oficial,6.1670338,-75.5818357,,,11,,,260.0,51.0,36,60,53.0,73.0
ENV-0745,Envigado,NORMAL SUPERIOR,Envigado,Antioquia,Oficial,6.1670338,-75.5818357,,,11,,,256.0,63.0,30,60,45.0,71.0
ENV-0746,Envigado,NORMAL SUPERIOR,Envigado,Antioquia,Oficial,6.1670338,-75.5818357,,,11,,,256.0,59.0,42,50,48.0,69.0
ENV-0747,Envigado,NORMAL SUPERIOR,Envigado,Antioquia,Oficial,6.1670338,-75.5818357,,,11,,,253.0,56.0,42,52,55.0,42.0
ENV-0748,Envigado,NORMAL SUPERIOR,Envigado,Antioquia,Oficial,6.1670338,-75.5818357,,,11,,,252.0,61.0,42,44,45.0,80.0
ENV-0749,Envigado,NORMAL SUPERIOR,Envigado,Antioquia,Oficial,6.1670338,-75.5818357,,,11,,,245.0,76.0,30,42,50.0,45.0
ENV-0750,Envigado,NORMAL SUPERIOR,Envigado,Antioquia,Oficial,6.1670338,-75.5818357,,,11,,,245.0,44.0,36,58,59.0,47.0
ENV-0751,Envigado,NORMAL SUPERIOR,Envigado,Antioquia,Oficial,6.1670338,-75.5818357,,,11,,,244.0,49.0,32,70,36.0,73.0
ENV-0752,Envigado,NORMAL SUPERIOR,Envigado,Antioquia,Oficial,6.1670338,-75.5818357,,,11,,,243.0,0.0,46,82,53.0,87.0
ENV-0753,Envigado,NORMAL SUPERIOR,Envigado,Antioquia,Oficial,6.1670338,-75.5818357,,,11,,,242.0,49.0,30,52,57.0,67.0
ENV-0754,Envigado,NORMAL SUPERIOR,Envigado,Antioquia,Oficial,6.1670338,-75.5818357,,,11,,,241.0,59.0,36,54,43.0,51.0
ENV-0755,Envigado,NORMAL SUPERIOR,Envigado,Antioquia,Oficial,6.1670338,-75.5818357,,,11,,,240.0,66.0,40,38,45.0,58.0
ENV-0756,Envigado,NORMAL SUPERIOR,Envigado,Antioquia,Oficial,6.1670338,-75.5818357,,,11,,,239.0,46.0,42,46,57.0,47.0
ENV-0757,Envigado,NORMAL SUPERIOR,Envigado,Antioquia,Oficial,6.1670338,-75.5818357,,,11,,,238.0,63.0,32,56,40.0,45.0
ENV-0758,Envigado,NORMAL SUPERIOR,Envigado,Antioquia,Oficial,6.1670338,-75.5818357,,,11,,,238.0,59.0,36,64,31.0,49.0
ENV-0759,Envigado,NORMAL SUPERIOR,Envigado,Antioquia,Oficial,6.1670338,-75.5818357,,,11,,,236.0,68.0,20,46,50.0,60.0
ENV-0760,Envigado,NORMAL SUPERIOR,Envigado,Antioquia,Oficial,6.1670338,-75.5818357,,,11,,,233.0,51.0,32,52,50.0,51.0
ENV-0761,Envigado,NORMAL SUPERIOR,Envigado,Antioquia,Oficial,6.1670338,-75.5818357,,,11,,,229.0,61.0,34,56,34.0,40.0
ENV-0762,Envigado,NORMAL SUPERIOR,Envigado,Antioquia,Oficial,6.1670338,-75.5818357,,,11,,,228.0,66.0,44,36,34.0,53.0
ENV-0763,Envigado,NORMAL SUPERIOR,Envigado,Antioquia,Oficial,6.1670338,-75.5818357,,,11,,,225.0,56.0,40,32,55.0,36.0
ENV-0764,Envigado,NORMAL SUPERIOR,Envigado,Antioquia,Oficial,6.1670338,-75.5818357,,,11,,,223.0,56.0,26,64,34.0,38.0
ENV-0765,Envigado,NORMAL SUPERIOR,Envigado,Antioquia,Oficial,6.1670338,-75.5818357,,,11,,,223.0,61.0,32,44,40.0,49.0
ENV-0766,Envigado,NORMAL SUPERIOR,Envigado,Antioquia,Oficial,6.1670338,-75.5818357,,,11,,,221.0,54.0,28,62,38.0,31.0
ENV-0767,Envigado,NORMAL SUPERIOR,Envigado,Antioquia,Oficial,6.1670338,-75.5818357,,,11,,,220.0,54.0,46,42,34.0,44.0
ENV-0768,Envigado,NORMAL SUPERIOR,Envigado,Antioquia,Oficial,6.1670338,-75.5818357,,,11,,,220.0,54.0,30,52,36.0,56.0
ENV-0769,Envigado,NORMAL SUPERIOR,Envigado,Antioquia,Oficial,6.1670338,-75.5818357,,,11,,,218.0,44.0,46,42,40.0,53.0
ENV-0770,Envigado,NORMAL SUPERIOR,Envigado,Antioquia,Oficial,6.1670338,-75.5818357,,,11,,,217.0,54.0,48,36,36.0,44.0
ENV-0771,Envigado,NORMAL SUPERIOR,Envigado,Antioquia,Oficial,6.1670338,-75.5818357,,,11,,,216.0,44.0,30,56,47.0,33.0
ENV-0772,Envigado,NORMAL SUPERIOR,Envigado,Antioquia,Oficial,6.1670338,-75.5818357,,,11,,,216.0,71.0,26,52,24.0,42.0
ENV-0773,Envigado,NORMAL SUPERIOR,Envigado,Antioquia,Oficial,6.1670338,-75.5818357,,,11,,,215.0,56.0,52,40,17.0,64.0
ENV-0774,Envigado,NORMAL SUPERIOR,Envigado,Antioquia,Oficial,6.1670338,-75.5818357,,,11,,,214.0,56.0,38,40,33.0,56.0
ENV-0775,Envigado,NORMAL SUPERIOR,Envigado,Antioquia,Oficial,6.1670338,-75.5818357,,,11,,,214.0,46.0,34,50,40.0,45.0
ENV-0776,Envigado,NORMAL SUPERIOR,Envigado,Antioquia,Oficial,6.1670338,-75.5818357,,,11,,,212.0,49.0,36,28,48.0,67.0
ENV-0777,Envigado,NORMAL SUPERIOR,Envigado,Antioquia,Oficial,6.1670338,-75.5818357,,,11,,,210.0,44.0,16,54,50.0,55.0
ENV-0778,Envigado,NORMAL SUPERIOR,Envigado,Antioquia,Oficial,6.1670338,-75.5818357,,,11,,,210.0,59.0,30,50,31.0,36.0
ENV-0779,Envigado,NORMAL SUPERIOR,Envigado,Antioquia,Oficial,6.1670338,-75.5818357,,,11,,,209.0,54.0,34,24,55.0,42.0
ENV-0780,Envigado,NORMAL SUPERIOR,Envigado,Antioquia,Oficial,6.1670338,-75.5818357,,,11,,,208.0,46.0,32,42,45.0,45.0
ENV-0781,Envigado,NORMAL SUPERIOR,Envigado,Antioquia,Oficial,6.1670338,-75.5818357,,,11,,,207.0,56.0,34,38,43.0,25.0
ENV-0782,Envigado,NORMAL SUPERIOR,Envigado,Antioquia,Oficial,6.1670338,-75.5818357,,,11,,,206.0,54.0,34,34,36.0,62.0
ENV-0783,Envigado,NORMAL SUPERIOR,Envigado,Antioquia,Oficial,6.1670338,-75.5818357,,,11,,,204.0,44.0,40,36,45.0,36.0
ENV-0784,Envigado,NORMAL SUPERIOR,Envigado,Antioquia,Oficial,6.1670338,-75.5818357,,,11,,,204.0,56.0,22,42,43.0,40.0
ENV-0785,Envigado,NORMAL SUPERIOR,Envigado,Antioquia,Oficial,6.1670338,-75.5818357,,,11,,,200.0,56.0,26,42,22.0,80.0
ENV-0786,Envigado,NORMAL SUPERIOR,Envigado,Antioquia,Oficial,6.1670338,-75.5818357,,,11,,,199.0,61.0,40,22,31.0,56.0
ENV-0787,Envigado,NORMAL SUPERIOR,Envigado,Antioquia,Oficial,6.1670338,-75.5818357,,,11,,,199.0,56.0,32,42,19.0,71.0
ENV-0788,Envigado,NORMAL SUPERIOR,Envigado,Antioquia,Oficial,6.1670338,-75.5818357,,,11,,,197.0,54.0,38,24,43.0,36.0
ENV-0789,Envigado,NORMAL SUPERIOR,Envigado,Antioquia,Oficial,6.1670338,-75.5818357,,,11,,,196.0,39.0,34,42,41.0,40.0
ENV-0790,Envigado,NORMAL SUPERIOR,Envigado,Antioquia,Oficial,6.1670338,-75.5818357,,,11,,,195.0,61.0,28,34,31.0,45.0
ENV-0791,Envigado,NORMAL SUPERIOR,Envigado,Antioquia,Oficial,6.1670338,-75.5818357,,,11,,,195.0,54.0,32,32,40.0,35.0
ENV-0792,Envigado,NORMAL SUPERIOR,Envigado,Antioquia,Oficial,6.1670338,-75.5818357,,,11,,,194.0,51.0,28,44,34.0,31.0
ENV-0793,Envigado,NORMAL SUPERIOR,Envigado,Antioquia,Oficial,6.1670338,-75.5818357,,,11,,,191.0,51.0,32,20,43.0,58.0
ENV-0794,Envigado,NORMAL SUPERIOR,Envigado,Antioquia,Oficial,6.1670338,-75.5818357,,,11,,,190.0,56.0,22,36,36.0,44.0
ENV-0795,Envigado,NORMAL SUPERIOR,Envigado,Antioquia,Oficial,6.1670338,-75.5818357,,,11,,,189.0,63.0,22,28,31.0,58.0
ENV-0796,Envigado,NORMAL SUPERIOR,Envigado,Antioquia,Oficial,6.1670338,-75.5818357,,,11,,,188.0,41.0,28,38,43.0,38.0
ENV-0797,Envigado,NORMAL SUPERIOR,Envigado,Antioquia,Oficial,6.1670338,-75.5818357,,,11,,,188.0,49.0,40,34,26.0,42.0
ENV-0798,Envigado,NORMAL SUPERIOR,Envigado,Antioquia,Oficial,6.1670338,-75.5818357,,,11,,,187.0,41.0,38,34,34.0,44.0
ENV-0799,Envigado,NORMAL SUPERIOR,Envigado,Antioquia,Oficial,6.1670338,-75.5818357,,,11,,,187.0,44.0,34,42,31.0,35.0
ENV-0800,Envigado,NORMAL SUPERIOR,Envigado,Antioquia,Oficial,6.1670338,-75.5818357,,,11,,,187.0,37.0,24,48,38.0,47.0
ENV-0801,Envigado,NORMAL SUPERIOR,Envigado,Antioquia,Oficial,6.1670338,-75.5818357,,,11,,,183.0,46.0,38,24,34.0,47.0
ENV-0802,Envigado,NORMAL SUPERIOR,Envigado,Antioquia,Oficial,6.1670338,-75.5818357,,,11,,,182.0,56.0,28,36,28.0,31.0
ENV-0803,Envigado,NORMAL SUPERIOR,Envigado,Antioquia,Oficial,6.1670338,-75.5818357,,,11,,,182.0,49.0,34,16,40.0,58.0
ENV-0804,Envigado,NORMAL SUPERIOR,Envigado,Antioquia,Oficial,6.1670338,-75.5818357,,,11,,,182.0,41.0,22,38,45.0,35.0
ENV-0805,Envigado,NORMAL SUPERIOR,Envigado,Antioquia,Oficial,6.1670338,-75.5818357,,,11,,,182.0,46.0,24,38,40.0,29.0
ENV-0806,Envigado,NORMAL SUPERIOR,Envigado,Antioquia,Oficial,6.1670338,-75.5818357,,,11,,,182.0,54.0,26,24,38.0,47.0
ENV-0807,Envigado,NORMAL SUPERIOR,Envigado,Antioquia,Oficial,6.1670338,-75.5818357,,,11,,,181.0,51.0,22,34,34.0,45.0
ENV-0808,Envigado,NORMAL SUPERIOR,Envigado,Antioquia,Oficial,6.1670338,-75.5818357,,,11,,,180.0,39.0,30,40,40.0,22.0
ENV-0809,Envigado,NORMAL SUPERIOR,Envigado,Antioquia,Oficial,6.1670338,-75.5818357,,,11,,,178.0,51.0,26,46,19.0,36.0
ENV-0810,Envigado,NORMAL SUPERIOR,Envigado,Antioquia,Oficial,6.1670338,-75.5818357,,,11,,,178.0,39.0,34,38,31.0,36.0
ENV-0811,Envigado,NORMAL SUPERIOR,Envigado,Antioquia,Oficial,6.1670338,-75.5818357,,,11,,,176.0,46.0,42,34,17.0,38.0
ENV-0812,Envigado,NORMAL SUPERIOR,Envigado,Antioquia,Oficial,6.1670338,-75.5818357,,,11,,,175.0,39.0,24,30,45.0,42.0
ENV-0813,Envigado,NORMAL SUPERIOR,Envigado,Antioquia,Oficial,6.1670338,-75.5818357,,,11,,,175.0,39.0,24,48,28.0,38.0
ENV-0814,Envigado,NORMAL SUPERIOR,Envigado,Antioquia,Oficial,6.1670338,-75.5818357,,,11,,,173.0,41.0,36,22,34.0,47.0
ENV-0815,Envigado,NORMAL SUPERIOR,Envigado,Antioquia,Oficial,6.1670338,-75.5818357,,,11,,,171.0,39.0,32,38,31.0,25.0
ENV-0816,Envigado,NORMAL SUPERIOR,Envigado,Antioquia,Oficial,6.1670338,-75.5818357,,,11,,,171.0,37.0,30,36,31.0,44.0
ENV-0817,Envigado,NORMAL SUPERIOR,Envigado,Antioquia,Oficial,6.1670338,-75.5818357,,,11,,,171.0,49.0,28,32,26.0,40.0
ENV-0818,Envigado,NORMAL SUPERIOR,Envigado,Antioquia,Oficial,6.1670338,-75.5818357,,,11,,,170.0,39.0,34,30,31.0,40.0
ENV-0819,Envigado,NORMAL SUPERIOR,Envigado,Antioquia,Oficial,6.1670338,-75.5818357,,,11,,,169.0,49.0,22,32,29.0,44.0
ENV-0820,Envigado,NORMAL SUPERIOR,Envigado,Antioquia,Oficial,6.1670338,-75.5818357,,,11,,,169.0,39.0,42,20,36.0,27.0
ENV-0821,Envigado,NORMAL SUPERIOR,Envigado,Antioquia,Oficial,6.1670338,-75.5818357,,,11,,,169.0,46.0,28,28,31.0,38.0
ENV-0822,Envigado,NORMAL SUPERIOR,Envigado,Antioquia,Oficial,6.1670338,-75.5818357,,,11,,,166.0,46.0,24,28,29.0,49.0
ENV-0823,Envigado,NORMAL SUPERIOR,Envigado,Antioquia,Oficial,6.1670338,-75.5818357,,,11,,,165.0,39.0,30,28,34.0,35.0
ENV-0824,Envigado,NORMAL SUPERIOR,Envigado,Antioquia,Oficial,6.1670338,-75.5818357,,,11,,,165.0,37.0,36,20,31.0,58.0
ENV-0825,Envigado,NORMAL SUPERIOR,Envigado,Antioquia,Oficial,6.1670338,-75.5818357,,,11,,,165.0,41.0,16,26,45.0,44.0
ENV-0826,Envigado,NORMAL SUPERIOR,Envigado,Antioquia,Oficial,6.1670338,-75.5818357,,,11,,,164.0,49.0,26,22,33.0,38.0
ENV-0827,Envigado,NORMAL SUPERIOR,Envigado,Antioquia,Oficial,6.1670338,-75.5818357,,,11,,,160.0,71.0,26,30,12.0,0.0
ENV-0828,Envigado,NORMAL SUPERIOR,Envigado,Antioquia,Oficial,6.1670338,-75.5818357,,,11,,,158.0,46.0,32,26,22.0,31.0
ENV-0829,Envigado,NORMAL SUPERIOR,Envigado,Antioquia,Oficial,6.1670338,-75.5818357,,,11,,,157.0,29.0,24,26,41.0,45.0
ENV-0830,Envigado,NORMAL SUPERIOR,Envigado,Antioquia,Oficial,6.1670338,-75.5818357,,,11,,,156.0,39.0,26,30,31.0,27.0
ENV-0831,Envigado,NORMAL SUPERIOR,Envigado,Antioquia,Oficial,6.1670338,-75.5818357,,,11,,,152.0,29.0,40,26,28.0,27.0
ENV-0832,Envigado,NORMAL SUPERIOR,Envigado,Antioquia,Oficial,6.1670338,-75.5818357,,,11,,,152.0,32.0,32,32,24.0,35.0
ENV-0833,Envigado,NORMAL SUPERIOR,Envigado,Antioquia,Oficial,6.1670338,-75.5818357,,,11,,,151.0,27.0,24,30,34.0,47.0
ENV-0834,Envigado,NORMAL SUPERIOR,Envigado,Antioquia,Oficial,6.1670338,-75.5818357,,,11,,,151.0,37.0,24,32,26.0,36.0
ENV-0835,Envigado,NORMAL SUPERIOR,Envigado,Antioquia,Oficial,6.1670338,-75.5818357,,,11,,,150.0,39.0,18,30,29.0,42.0
ENV-0836,Envigado,NORMAL SUPERIOR,Envigado,Antioquia,Oficial,6.1670338,-75.5818357,,,11,,,148.0,34.0,28,30,26.0,31.0
ENV-0837,Envigado,NORMAL SUPERIOR,Envigado,Antioquia,Oficial,6.1670338,-75.5818357,,,11,,,144.0,17.0,44,26,19.0,56.0
ENV-0838,Envigado,NORMAL SUPERIOR,Envigado,Antioquia,Oficial,6.1670338,-75.5818357,,,11,,,144.0,37.0,32,26,19.0,33.0
ENV-0839,Envigado,NORMAL SUPERIOR,Envigado,Antioquia,Oficial,6.1670338,-75.5818357,,,11,,,143.0,34.0,26,24,31.0,27.0
ENV-0840,Envigado,NORMAL SUPERIOR,Envigado,Antioquia,Oficial,6.1670338,-75.5818357,,,11,,,141.0,56.0,18,22,26.0,0.0
ENV-0841,Envigado,NORMAL SUPERIOR,Envigado,Antioquia,Oficial,6.1670338,-75.5818357,,,11,,,138.0,51.0,16,18,34.0,0.0
ENV-0842,Envigado,NORMAL SUPERIOR,Envigado,Antioquia,Oficial,6.1670338,-75.5818357,,,11,,,134.0,32.0,32,14,22.0,47.0
ENV-0843,Envigado,NORMAL SUPERIOR,Envigado,Antioquia,Oficial,6.1670338,-75.5818357,,,11,,,130.0,27.0,20,24,29.0,36.0
ENV-0844,Envigado,NORMAL SUPERIOR,Envigado,Antioquia,Oficial,6.1670338,-75.5818357,,,11,,,122.0,29.0,14,28,22.0,36.0
ENV-0845,Envigado,NORMAL SUPERIOR,Envigado,Antioquia,Oficial,6.1670338,-75.5818357,,,11,,,122.0,44.0,14,20,28.0,0.0
ENV-0846,Envigado,NORMAL SUPERIOR,Envigado,Antioquia,Oficial,6.1670338,-75.5818357,,,11,,,104.0,54.0,14,14,9.0,0.0
ENV-0847,Envigado,NORMAL SUPERIOR,Envigado,Antioquia,Oficial,6.1670338,-75.5818357,,,11,,,89.0,0.0,12,22,26.0,51.0
ENV-0848,Envigado,NORMAL SUPERIOR,Envigado,Antioquia,Oficial,6.1670338,-75.5818357,,,11,,,87.0,0.0,10,20,22.0,69.0
ENV-0849,Envigado,NORMAL SUPERIOR,Envigado,Antioquia,Oficial,6.1670338,-75.5818357,,,11,,,84.0,0.0,10,30,17.0,45.0
ENV-0850,Envigado,NORMAL SUPERIOR,Envigado,Antioquia,Oficial,6.1670338,-75.5818357,,,11,,,82.0,20.0,20,18,14.0,0.0
ENV-0851,Envigado,NORMAL SUPERIOR,Envigado,Antioquia,Oficial,6.1670338,-75.5818357,,,11,,,73.0,32.0,10,8,14.0,0.0
ENV-0852,Envigado,NORMAL SUPERIOR,Envigado,Antioquia,Oficial,6.1670338,-75.5818357,,,11,,,63.0,32.0,10,6,7.0,0.0
ENV-0853,Envigado,NORMAL SUPERIOR,Envigado,Antioquia,Oficial,6.1670338,-75.5818357,,,11,,,60.0,12.0,10,16,14.0,0.0
ENV-0854,Envigado,SALADO,Envigado,Antioquia,Oficial,6.1534946,-75.5782343,,,11,,,276.0,76.0,38,64,41.0,62.0
ENV-0855,Envigado,SALADO,Envigado,Antioquia,Oficial,6.1534946,-75.5782343,,,11,,,262.0,71.0,44,46,43.0,69.0
ENV-0856,Envigado,SALADO,Envigado,Antioquia,Oficial,6.1534946,-75.5782343,,,11,,,261.0,66.0,28,66,48.0,55.0
ENV-0857,Envigado,SALADO,Envigado,Antioquia,Oficial,6.1534946,-75.5782343,,,11,,,259.0,71.0,32,62,41.0,55.0
ENV-0858,Envigado,SALADO,Envigado,Antioquia,Oficial,6.1534946,-75.5782343,,,11,,,243.0,66.0,18,70,40.0,51.0
ENV-0859,Envigado,SALADO,Envigado,Antioquia,Oficial,6.1534946,-75.5782343,,,11,,,242.0,51.0,50,46,45.0,53.0
ENV-0860,Envigado,SALADO,Envigado,Antioquia,Oficial,6.1534946,-75.5782343,,,11,,,240.0,61.0,34,30,55.0,84.0
ENV-0861,Envigado,SALADO,Envigado,Antioquia,Oficial,6.1534946,-75.5782343,,,11,,,232.0,63.0,38,52,31.0,49.0
ENV-0862,Envigado,SALADO,Envigado,Antioquia,Oficial,6.1534946,-75.5782343,,,11,,,226.0,63.0,34,38,40.0,62.0
ENV-0863,Envigado,SALADO,Envigado,Antioquia,Oficial,6.1534946,-75.5782343,,,11,,,225.0,71.0,30,38,36.0,60.0
ENV-0864,Envigado,SALADO,Envigado,Antioquia,Oficial,6.1534946,-75.5782343,,,11,,,223.0,59.0,28,52,33.0,65.0
ENV-0865,Envigado,SALADO,Envigado,Antioquia,Oficial,6.1534946,-75.5782343,,,11,,,220.0,49.0,32,68,29.0,38.0
ENV-0866,Envigado,SALADO,Envigado,Antioquia,Oficial,6.1534946,-75.5782343,,,11,,,218.0,49.0,40,60,28.0,38.0
ENV-0867,Envigado,SALADO,Envigado,Antioquia,Oficial,6.1534946,-75.5782343,,,11,,,218.0,68.0,30,56,22.0,36.0
ENV-0868,Envigado,SALADO,Envigado,Antioquia,Oficial,6.1534946,-75.5782343,,,11,,,217.0,80.0,20,54,24.0,27.0
ENV-0869,Envigado,SALADO,Envigado,Antioquia,Oficial,6.1534946,-75.5782343,,,11,,,206.0,68.0,28,48,22.0,35.0
ENV-0870,Envigado,SALADO,Envigado,Antioquia,Oficial,6.1534946,-75.5782343,,,11,,,202.0,51.0,40,38,33.0,40.0
ENV-0871,Envigado,SALADO,Envigado,Antioquia,Oficial,6.1534946,-75.5782343,,,11,,,202.0,51.0,34,46,26.0,55.0
ENV-0872,Envigado,SALADO,Envigado,Antioquia,Oficial,6.1534946,-75.5782343,,,11,,,199.0,66.0,28,38,28.0,38.0
ENV-0873,Envigado,SALADO,Envigado,Antioquia,Oficial,6.1534946,-75.5782343,,,11,,,198.0,61.0,34,38,24.0,44.0
ENV-0874,Envigado,SALADO,Envigado,Antioquia,Oficial,6.1534946,-75.5782343,,,11,,,198.0,39.0,26,42,50.0,44.0
ENV-0875,Envigado,SALADO,Envigado,Antioquia,Oficial,6.1534946,-75.5782343,,,11,,,191.0,41.0,30,44,34.0,47.0
ENV-0876,Envigado,SALADO,Envigado,Antioquia,Oficial,6.1534946,-75.5782343,,,11,,,188.0,44.0,38,36,38.0,22.0
ENV-0877,Envigado,SALADO,Envigado,Antioquia,Oficial,6.1534946,-75.5782343,,,11,,,187.0,34.0,30,46,40.0,36.0
ENV-0878,Envigado,SALADO,Envigado,Antioquia,Oficial,6.1534946,-75.5782343,,,11,,,186.0,66.0,20,24,41.0,29.0
ENV-0879,Envigado,SALADO,Envigado,Antioquia,Oficial,6.1534946,-75.5782343,,,11,,,184.0,54.0,30,38,21.0,51.0
ENV-0880,Envigado,SALADO,Envigado,Antioquia,Oficial,6.1534946,-75.5782343,,,11,,,181.0,34.0,26,50,34.0,36.0
ENV-0881,Envigado,SALADO,Envigado,Antioquia,Oficial,6.1534946,-75.5782343,,,11,,,180.0,46.0,26,32,36.0,47.0
ENV-0882,Envigado,SALADO,Envigado,Antioquia,Oficial,6.1534946,-75.5782343,,,11,,,172.0,59.0,24,16,40.0,33.0
ENV-0883,Envigado,SALADO,Envigado,Antioquia,Oficial,6.1534946,-75.5782343,,,11,,,171.0,51.0,28,26,29.0,42.0
ENV-0884,Envigado,SALADO,Envigado,Antioquia,Oficial,6.1534946,-75.5782343,,,11,,,170.0,44.0,38,24,26.0,45.0
ENV-0885,Envigado,SALADO,Envigado,Antioquia,Oficial,6.1534946,-75.5782343,,,11,,,167.0,41.0,26,34,29.0,42.0
ENV-0886,Envigado,SALADO,Envigado,Antioquia,Oficial,6.1534946,-75.5782343,,,11,,,165.0,49.0,26,36,24.0,24.0
ENV-0887,Envigado,SALADO,Envigado,Antioquia,Oficial,6.1534946,-75.5782343,,,11,,,162.0,41.0,34,34,22.0,25.0
ENV-0888,Envigado,SALADO,Envigado,Antioquia,Oficial,6.1534946,-75.5782343,,,11,,,158.0,39.0,36,20,29.0,38.0
ENV-0889,Envigado,SALADO,Envigado,Antioquia,Oficial,6.1534946,-75.5782343,,,11,,,154.0,41.0,28,18,34.0,35.0
ENV-0890,Envigado,SALADO,Envigado,Antioquia,Oficial,6.1534946,-75.5782343,,,11,,,153.0,41.0,22,28,29.0,36.0
ENV-0891,Envigado,SALADO,Envigado,Antioquia,Oficial,6.1534946,-75.5782343,,,11,,,152.0,41.0,32,22,28.0,27.0
ENV-0892,Envigado,SALADO,Envigado,Antioquia,Oficial,6.1534946,-75.5782343,,,11,,,152.0,39.0,30,30,24.0,25.0
ENV-0893,Envigado,SALADO,Envigado,Antioquia,Oficial,6.1534946,-75.5782343,,,11,,,150.0,39.0,20,20,40.0,35.0
ENV-0894,Envigado,SALADO,Envigado,Antioquia,Oficial,6.1534946,-75.5782343,,,11,,,148.0,29.0,24,28,36.0,33.0
ENV-0895,Envigado,SALADO,Envigado,Antioquia,Oficial,6.1534946,-75.5782343,,,11,,,147.0,34.0,18,32,33.0,31.0
ENV-0896,Envigado,SALADO,Envigado,Antioquia,Oficial,6.1534946,-75.5782343,,,11,,,146.0,29.0,20,32,31.0,42.0
ENV-0897,Envigado,SALADO,Envigado,Antioquia,Oficial,6.1534946,-75.5782343,,,11,,,146.0,27.0,42,18,24.0,45.0
ENV-0898,Envigado,SALADO,Envigado,Antioquia,Oficial,6.1534946,-75.5782343,,,11,,,144.0,49.0,18,18,17.0,67.0
ENV-0899,Envigado,SALADO,Envigado,Antioquia,Oficial,6.1534946,-75.5782343,,,11,,,143.0,34.0,26,28,26.0,31.0
ENV-0900,Envigado,SALADO,Envigado,Antioquia,Oficial,6.1534946,-75.5782343,,,11,,,142.0,32.0,26,36,17.0,36.0
ENV-0901,Envigado,SALADO,Envigado,Antioquia,Oficial,6.1534946,-75.5782343,,,11,,,142.0,39.0,26,38,10.0,29.0
ENV-0902,Envigado,SALADO,Envigado,Antioquia,Oficial,6.1534946,-75.5782343,,,11,,,140.0,29.0,34,22,26.0,31.0
ENV-0903,Envigado,SALADO,Envigado,Antioquia,Oficial,6.1534946,-75.5782343,,,11,,,133.0,27.0,24,30,19.0,47.0
ENV-0904,Envigado,SALADO,Envigado,Antioquia,Oficial,6.1534946,-75.5782343,,,11,,,131.0,32.0,32,14,24.0,35.0
ENV-0905,Envigado,SALADO,Envigado,Antioquia,Oficial,6.1534946,-75.5782343,,,11,,,126.0,32.0,20,28,24.0,16.0
ENV-0906,Envigado,SALADO,Envigado,Antioquia,Oficial,6.1534946,-75.5782343,,,11,,,114.0,27.0,16,14,28.0,44.0
ENV-0907,Envigado,SAN VICENTE,Envigado,Antioquia,Oficial,6.1667839,-75.5788449,,,11,,,338.0,76.0,40,80,66.0,95.0
ENV-0908,Envigado,SAN VICENTE,Envigado,Antioquia,Oficial,6.1667839,-75.5788449,,,11,,,321.0,80.0,34,72,59.0,98.0
ENV-0909,Envigado,SAN VICENTE,Envigado,Antioquia,Oficial,6.1667839,-75.5788449,,,11,,,318.0,68.0,34,90,59.0,75.0
ENV-0910,Envigado,SAN VICENTE,Envigado,Antioquia,Oficial,6.1667839,-75.5788449,,,11,,,308.0,68.0,42,70,62.0,75.0
ENV-0911,Envigado,SAN VICENTE,Envigado,Antioquia,Oficial,6.1667839,-75.5788449,,,11,,,305.0,73.0,38,80,45.0,85.0
ENV-0912,Envigado,SAN VICENTE,Envigado,Antioquia,Oficial,6.1667839,-75.5788449,,,11,,,294.0,71.0,42,66,53.0,69.0
ENV-0913,Envigado,SAN VICENTE,Envigado,Antioquia,Oficial,6.1667839,-75.5788449,,,11,,,280.0,71.0,30,66,55.0,62.0
ENV-0914,Envigado,SAN VICENTE,Envigado,Antioquia,Oficial,6.1667839,-75.5788449,,,11,,,273.0,59.0,38,56,55.0,87.0
ENV-0915,Envigado,SAN VICENTE,Envigado,Antioquia,Oficial,6.1667839,-75.5788449,,,11,,,268.0,71.0,32,70,36.0,71.0
ENV-0916,Envigado,SAN VICENTE,Envigado,Antioquia,Oficial,6.1667839,-75.5788449,,,11,,,259.0,49.0,38,62,52.0,73.0
ENV-0917,Envigado,SAN VICENTE,Envigado,Antioquia,Oficial,6.1667839,-75.5788449,,,11,,,252.0,61.0,26,66,41.0,73.0
ENV-0918,Envigado,SAN VICENTE,Envigado,Antioquia,Oficial,6.1667839,-75.5788449,,,11,,,235.0,63.0,34,66,28.0,38.0
ENV-0919,Envigado,SAN VICENTE,Envigado,Antioquia,Oficial,6.1667839,-75.5788449,,,11,,,223.0,61.0,38,40,41.0,38.0
ENV-0920,Envigado,SAN VICENTE,Envigado,Antioquia,Oficial,6.1667839,-75.5788449,,,11,,,222.0,46.0,30,54,43.0,56.0
ENV-0921,Envigado,SAN VICENTE,Envigado,Antioquia,Oficial,6.1667839,-75.5788449,,,11,,,206.0,51.0,28,40,40.0,60.0
ENV-0922,Envigado,SAN VICENTE,Envigado,Antioquia,Oficial,6.1667839,-75.5788449,,,11,,,204.0,59.0,28,34,34.0,65.0
ENV-0923,Envigado,SAN VICENTE,Envigado,Antioquia,Oficial,6.1667839,-75.5788449,,,11,,,189.0,32.0,36,52,29.0,44.0
ENV-0924,Envigado,SAN VICENTE,Envigado,Antioquia,Oficial,6.1667839,-75.5788449,,,11,,,187.0,39.0,26,34,50.0,40.0
ENV-0925,Envigado,SAN VICENTE,Envigado,Antioquia,Oficial,6.1667839,-75.5788449,,,11,,,184.0,39.0,44,28,31.0,53.0
ENV-0926,Envigado,SAN VICENTE,Envigado,Antioquia,Oficial,6.1667839,-75.5788449,,,11,,,184.0,44.0,28,34,36.0,51.0
ENV-0927,Envigado,SAN VICENTE,Envigado,Antioquia,Oficial,6.1667839,-75.5788449,,,11,,,178.0,41.0,42,26,29.0,47.0
ENV-0928,Envigado,SAN VICENTE,Envigado,Antioquia,Oficial,6.1667839,-75.5788449,,,11,,,178.0,46.0,30,30,34.0,40.0
ENV-0929,Envigado,SAN VICENTE,Envigado,Antioquia,Oficial,6.1667839,-75.5788449,,,11,,,176.0,17.0,26,52,47.0,33.0
ENV-0930,Envigado,SAN VICENTE,Envigado,Antioquia,Oficial,6.1667839,-75.5788449,,,11,,,164.0,34.0,36,32,28.0,36.0
ENV-0931,Envigado,SAN VICENTE,Envigado,Antioquia,Oficial,6.1667839,-75.5788449,,,11,,,162.0,44.0,32,30,21.0,42.0
ENV-0932,Envigado,SAN VICENTE,Envigado,Antioquia,Oficial,6.1667839,-75.5788449,,,11,,,161.0,44.0,28,26,29.0,36.0
ENV-0933,Envigado,SAN VICENTE,Envigado,Antioquia,Oficial,6.1667839,-75.5788449,,,11,,,160.0,29.0,28,26,36.0,56.0
ENV-0934,Envigado,SAN VICENTE,Envigado,Antioquia,Oficial,6.1667839,-75.5788449,,,11,,,140.0,34.0,20,32,26.0,29.0
ENV-0935,Envigado,SAN VICENTE,Envigado,Antioquia,Oficial,6.1667839,-75.5788449,,,11,,,135.0,37.0,38,16,16.0,33.0
ENV-0936,Envigado,SAN VICENTE,Envigado,Antioquia,Oficial,6.1667839,-75.5788449,,,11,,,128.0,15.0,30,30,28.0,27.0
ENV-0937,Envigado,SAN VICENTE,Envigado,Antioquia,Oficial,6.1667839,-75.5788449,,,11,,,124.0,24.0,28,18,28.0,29.0
ENV-0938,Envigado,SAN VICENTE,Envigado,Antioquia,Oficial,6.1667839,-75.5788449,,,11,,,116.0,37.0,16,16,22.0,29.0
