id_anon,fuente,institucion,institucion_fuente,municipio,departamento,sector,latitud,longitud,grupo,simulacro,sesion_original,grado,correctas,total_preguntas,puntaje_global,lectura_critica,matematicas,sociales,ciencias_naturales,ingles,en_analisis,motivo_exclusion,puntaje_analisis
UDEA-0001,UdeA,Grupos UdeA,Grupos UdeA,Medellín,Antioquia,Público (preuniversitario UdeA),6.2675,-75.5686,G1,Simulacro 1,A+B,11.0,197.0,254.0,374.0,75.6,54,86,77.6,92.7,SI,,374.0
UDEA-0002,UdeA,Grupos UdeA,Grupos UdeA,Medellín,Antioquia,Público (preuniversitario UdeA),6.2675,-75.5686,G1,Simulacro 1,A+B,11.0,170.0,254.0,327.8,68.3,48,82,60.3,76.4,SI,,327.8
UDEA-0003,UdeA,Grupos UdeA,Grupos UdeA,Medellín,Antioquia,Público (preuniversitario UdeA),6.2675,-75.5686,G1,Simulacro 1,A+B,11.0,171.0,254.0,331.5,73.2,44,78,67.2,74.5,SI,,331.5
UDEA-0004,UdeA,Grupos UdeA,Grupos UdeA,Medellín,Antioquia,Público (preuniversitario UdeA),6.2675,-75.5686,G1,Simulacro 1,A+B,11.0,203.0,254.0,392.7,85.4,70,84,70.7,90.9,SI,,392.7
UDEA-0005,UdeA,Grupos UdeA,Grupos UdeA,Medellín,Antioquia,Público (preuniversitario UdeA),6.2675,-75.5686,G1,Simulacro 1,A+B,11.0,173.0,254.0,321.7,65.9,38,78,67.2,89.1,SI,,321.7
UDEA-0006,UdeA,Grupos UdeA,Grupos UdeA,Medellín,Antioquia,Público (preuniversitario UdeA),6.2675,-75.5686,G1,Simulacro 1,A+B,11.0,144.0,254.0,268.9,70.7,38,42,56.9,76.4,SI,,268.9
UDEA-0007,UdeA,Grupos UdeA,Grupos UdeA,Medellín,Antioquia,Público (preuniversitario UdeA),6.2675,-75.5686,G1,Simulacro 1,A+B,11.0,142.0,254.0,268.4,61.0,32,58,58.6,69.1,SI,,268.4
UDEA-0008,UdeA,Grupos UdeA,Grupos UdeA,Medellín,Antioquia,Público (preuniversitario UdeA),6.2675,-75.5686,G1,Simulacro 1,A+B,11.0,158.0,254.0,288.9,61.0,30,70,60.3,87.3,SI,,288.9
UDEA-0009,UdeA,Grupos UdeA,Grupos UdeA,Medellín,Antioquia,Público (preuniversitario UdeA),6.2675,-75.5686,G1,Simulacro 1,A+B,11.0,116.0,254.0,206.3,41.5,32,42,39.7,70.9,SI,,206.3
UDEA-0010,UdeA,Grupos UdeA,Grupos UdeA,Medellín,Antioquia,Público (preuniversitario UdeA),6.2675,-75.5686,G1,Simulacro 1,A+B,11.0,149.0,254.0,291.4,65.9,46,66,53.4,63.6,SI,,291.4
UDEA-0011,UdeA,Grupos UdeA,Grupos UdeA,Medellín,Antioquia,Público (preuniversitario UdeA),6.2675,-75.5686,G1,Simulacro 1,A+B,11.0,104.0,254.0,201.8,63.4,22,38,34.5,50.9,SI,,201.8
UDEA-0012,UdeA,Grupos UdeA,Grupos UdeA,Medellín,Antioquia,Público (preuniversitario UdeA),6.2675,-75.5686,G1,Simulacro 1,A+B,11.0,215.0,254.0,410.7,70.7,72,92,89.7,94.5,SI,,410.7
UDEA-0013,UdeA,Grupos UdeA,Grupos UdeA,Medellín,Antioquia,Público (preuniversitario UdeA),6.2675,-75.5686,G1,Simulacro 1,A+B,11.0,204.0,254.0,395.7,85.4,68,92,67.2,90.9,SI,,395.7
UDEA-0014,UdeA,Grupos UdeA,Grupos UdeA,Medellín,Antioquia,Público (preuniversitario UdeA),6.2675,-75.5686,G1,Simulacro 1,A+B,11.0,134.0,254.0,253.8,61.0,32,74,29.3,70.9,SI,,253.8
UDEA-0015,UdeA,Grupos UdeA,Grupos UdeA,Medellín,Antioquia,Público (preuniversitario UdeA),6.2675,-75.5686,G1,Simulacro 1,A+B,11.0,146.0,254.0,269.1,53.7,38,54,62.1,76.4,SI,,269.1
UDEA-0016,UdeA,Grupos UdeA,Grupos UdeA,Medellín,Antioquia,Público (preuniversitario UdeA),6.2675,-75.5686,G1,Simulacro 1,A+B,11.0,123.0,254.0,254.3,80.5,22,54,50.0,41.8,SI,,254.3
UDEA-0017,UdeA,Grupos UdeA,Grupos UdeA,Medellín,Antioquia,Público (preuniversitario UdeA),6.2675,-75.5686,G1,Simulacro 1,A+B,11.0,159.0,254.0,305.0,68.3,56,52,63.8,72.7,SI,,305.0
UDEA-0018,UdeA,Grupos UdeA,Grupos UdeA,Medellín,Antioquia,Público (preuniversitario UdeA),6.2675,-75.5686,G1,Simulacro 1,A+B,11.0,173.0,254.0,331.6,78.0,54,74,53.4,83.6,SI,,331.6
UDEA-0019,UdeA,Grupos UdeA,Grupos UdeA,Medellín,Antioquia,Público (preuniversitario UdeA),6.2675,-75.5686,G1,Simulacro 1,A+B,11.0,191.0,254.0,368.0,73.2,62,88,67.2,85.5,SI,,368.0
UDEA-0020,UdeA,Grupos UdeA,Grupos UdeA,Medellín,Antioquia,Público (preuniversitario UdeA),6.2675,-75.5686,G1,Simulacro 1,A+B,11.0,170.0,254.0,322.0,68.3,48,78,56.9,83.6,SI,,322.0
UDEA-0021,UdeA,Grupos UdeA,Grupos UdeA,Medellín,Antioquia,Público (preuniversitario UdeA),6.2675,-75.5686,G1,Simulacro 1,A+B,11.0,144.0,254.0,268.6,36.6,48,62,63.8,67.3,SI,,268.6
UDEA-0022,UdeA,Grupos UdeA,Grupos UdeA,Medellín,Antioquia,Público (preuniversitario UdeA),6.2675,-75.5686,G1,Simulacro 1,A+B,11.0,161.0,254.0,308.8,70.7,44,66,62.1,74.5,SI,,308.8
UDEA-0023,UdeA,Grupos UdeA,Grupos UdeA,Medellín,Antioquia,Público (preuniversitario UdeA),6.2675,-75.5686,G1,Simulacro 1,A+B,11.0,148.0,254.0,275.2,65.9,30,66,50.0,80.0,SI,,275.2
UDEA-0024,UdeA,Grupos UdeA,Grupos UdeA,Medellín,Antioquia,Público (preuniversitario UdeA),6.2675,-75.5686,G1,Simulacro 1,A+B,11.0,155.0,254.0,300.7,65.9,44,68,60.3,67.3,SI,,300.7
UDEA-0025,UdeA,Grupos UdeA,Grupos UdeA,Medellín,Antioquia,Público (preuniversitario UdeA),6.2675,-75.5686,G1,Simulacro 1,A+B,11.0,179.0,254.0,347.5,70.7,54,90,60.3,78.2,SI,,347.5
UDEA-0026,UdeA,Grupos UdeA,Grupos UdeA,Medellín,Antioquia,Público (preuniversitario UdeA),6.2675,-75.5686,G1,Simulacro 1,A+B,11.0,175.0,254.0,332.7,78.0,46,72,63.8,85.5,SI,,332.7
UDEA-0027,UdeA,Grupos UdeA,Grupos UdeA,Medellín,Antioquia,Público (preuniversitario UdeA),6.2675,-75.5686,G1,Simulacro 1,A+B,11.0,147.0,254.0,273.1,56.1,24,76,55.2,76.4,SI,,273.1
UDEA-0028,UdeA,Grupos UdeA,Grupos UdeA,Medellín,Antioquia,Público (preuniversitario UdeA),6.2675,-75.5686,G1,Simulacro 1,A+B,11.0,164.0,254.0,305.2,58.5,56,60,62.1,83.6,SI,,305.2
UDEA-0029,UdeA,Grupos UdeA,Grupos UdeA,Medellín,Antioquia,Público (preuniversitario UdeA),6.2675,-75.5686,G1,Simulacro 1,A+B,11.0,163.0,254.0,327.2,70.7,60,84,48.3,61.8,SI,,327.2
UDEA-0030,UdeA,Grupos UdeA,Grupos UdeA,Medellín,Antioquia,Público (preuniversitario UdeA),6.2675,-75.5686,G2,Simulacro 1,A+B,11.0,181.0,254.0,338.8,56.1,68,60,81.0,85.5,SI,,338.8
UDEA-0031,UdeA,Grupos UdeA,Grupos UdeA,Medellín,Antioquia,Público (preuniversitario UdeA),6.2675,-75.5686,G2,Simulacro 1,A+B,11.0,150.0,254.0,275.9,61.0,46,56,48.3,83.6,SI,,275.9
UDEA-0032,UdeA,Grupos UdeA,Grupos UdeA,Medellín,Antioquia,Público (preuniversitario UdeA),6.2675,-75.5686,G2,Simulacro 1,A,11.0,66.0,120.0,260.5,75.6,36,52,44.8,,SI,,260.5
UDEA-0033,UdeA,Grupos UdeA,Grupos UdeA,Medellín,Antioquia,Público (preuniversitario UdeA),6.2675,-75.5686,G2,Simulacro 1,A+B,11.0,204.0,254.0,384.7,75.6,72,72,81.0,98.2,SI,,384.7
UDEA-0034,UdeA,Grupos UdeA,Grupos UdeA,Medellín,Antioquia,Público (preuniversitario UdeA),6.2675,-75.5686,G2,Simulacro 1,A+B,11.0,162.0,254.0,311.3,73.2,44,72,55.2,76.4,SI,,311.3
UDEA-0035,UdeA,Grupos UdeA,Grupos UdeA,Medellín,Antioquia,Público (preuniversitario UdeA),6.2675,-75.5686,G2,Simulacro 1,A+B,11.0,216.0,254.0,415.3,75.6,82,80,91.4,92.7,SI,,415.3
UDEA-0036,UdeA,Grupos UdeA,Grupos UdeA,Medellín,Antioquia,Público (preuniversitario UdeA),6.2675,-75.5686,G2,Simulacro 1,A+B,11.0,154.0,254.0,282.0,61.0,26,64,65.5,83.6,SI,,282.0
UDEA-0037,UdeA,Grupos UdeA,Grupos UdeA,Medellín,Antioquia,Público (preuniversitario UdeA),6.2675,-75.5686,G2,Simulacro 1,A+B,11.0,146.0,254.0,266.0,68.3,28,54,51.7,85.5,SI,,266.0
UDEA-0038,UdeA,Grupos UdeA,Grupos UdeA,Medellín,Antioquia,Público (preuniversitario UdeA),6.2675,-75.5686,G2,Simulacro 1,A+B,11.0,163.0,254.0,312.8,65.9,42,70,69.0,72.7,SI,,312.8
UDEA-0039,UdeA,Grupos UdeA,Grupos UdeA,Medellín,Antioquia,Público (preuniversitario UdeA),6.2675,-75.5686,G2,Simulacro 1,A+B,11.0,171.0,254.0,311.1,63.4,38,66,70.7,94.5,SI,,311.1
UDEA-0040,UdeA,Grupos UdeA,Grupos UdeA,Medellín,Antioquia,Público (preuniversitario UdeA),6.2675,-75.5686,G2,Simulacro 1,A+B,11.0,192.0,254.0,365.7,80.5,46,86,74.1,90.9,SI,,365.7
UDEA-0041,UdeA,Grupos UdeA,Grupos UdeA,Medellín,Antioquia,Público (preuniversitario UdeA),6.2675,-75.5686,G2,Simulacro 1,A+B,11.0,209.0,254.0,399.8,80.5,60,90,84.5,94.5,SI,,399.8
UDEA-0042,UdeA,Grupos UdeA,Grupos UdeA,Medellín,Antioquia,Público (preuniversitario UdeA),6.2675,-75.5686,G2,Simulacro 1,A+B,11.0,165.0,254.0,312.9,65.9,34,78,67.2,78.2,SI,,312.9
UDEA-0043,UdeA,Grupos UdeA,Grupos UdeA,Medellín,Antioquia,Público (preuniversitario UdeA),6.2675,-75.5686,G2,Simulacro 1,A+B,11.0,219.0,254.0,420.5,82.9,72,94,82.8,98.2,SI,,420.5
UDEA-0044,UdeA,Grupos UdeA,Grupos UdeA,Medellín,Antioquia,Público (preuniversitario UdeA),6.2675,-75.5686,G2,Simulacro 1,A+B,11.0,181.0,254.0,343.8,80.5,50,74,63.8,89.1,SI,,343.8
UDEA-0045,UdeA,Grupos UdeA,Grupos UdeA,Medellín,Antioquia,Público (preuniversitario UdeA),6.2675,-75.5686,G2,Simulacro 1,A+B,11.0,143.0,254.0,261.8,58.5,36,54,51.7,80.0,SI,,261.8
UDEA-0046,UdeA,Grupos UdeA,Grupos UdeA,Medellín,Antioquia,Público (preuniversitario UdeA),6.2675,-75.5686,G2,Simulacro 1,A+B,11.0,106.0,254.0,209.3,51.2,40,36,39.7,43.6,SI,,209.3
UDEA-0047,UdeA,Grupos UdeA,Grupos UdeA,Medellín,Antioquia,Público (preuniversitario UdeA),6.2675,-75.5686,G2,Simulacro 1,A+B,11.0,149.0,254.0,303.0,65.9,32,88,60.3,49.1,SI,,303.0
UDEA-0048,UdeA,Grupos UdeA,Grupos UdeA,Medellín,Antioquia,Público (preuniversitario UdeA),6.2675,-75.5686,G2,Simulacro 1,A+B,11.0,183.0,254.0,337.9,61.0,60,76,63.8,96.4,SI,,337.9
UDEA-0049,UdeA,Grupos UdeA,Grupos UdeA,Medellín,Antioquia,Público (preuniversitario UdeA),6.2675,-75.5686,G2,Simulacro 1,A+B,11.0,152.0,254.0,284.7,73.2,24,74,48.3,81.8,SI,,284.7
UDEA-0050,UdeA,Grupos UdeA,Grupos UdeA,Medellín,Antioquia,Público (preuniversitario UdeA),6.2675,-75.5686,G2,Simulacro 1,A+B,11.0,165.0,254.0,316.3,68.3,42,78,60.3,76.4,SI,,316.3
UDEA-0051,UdeA,Grupos UdeA,Grupos UdeA,Medellín,Antioquia,Público (preuniversitario UdeA),6.2675,-75.5686,G2,Simulacro 1,A+B,11.0,105.0,254.0,176.7,29.3,32,36,31.0,74.5,SI,,176.7
UDEA-0052,UdeA,Grupos UdeA,Grupos UdeA,Medellín,Antioquia,Público (preuniversitario UdeA),6.2675,-75.5686,G2,Simulacro 1,A+B,11.0,144.0,254.0,263.5,58.5,30,58,55.2,80.0,SI,,263.5
UDEA-0053,UdeA,Grupos UdeA,Grupos UdeA,Medellín,Antioquia,Público (preuniversitario UdeA),6.2675,-75.5686,G2,Simulacro 1,A+B,11.0,175.0,254.0,342.8,80.5,56,72,63.8,74.5,SI,,342.8
UDEA-0054,UdeA,Grupos UdeA,Grupos UdeA,Medellín,Antioquia,Público (preuniversitario UdeA),6.2675,-75.5686,G2,Simulacro 1,A+B,11.0,169.0,254.0,319.4,73.2,36,76,63.8,83.6,SI,,319.4
UDEA-0055,UdeA,Grupos UdeA,Grupos UdeA,Medellín,Antioquia,Público (preuniversitario UdeA),6.2675,-75.5686,G2,Simulacro 1,A+B,11.0,161.0,254.0,304.1,63.4,40,80,53.4,80.0,SI,,304.1
UDEA-0056,UdeA,Grupos UdeA,Grupos UdeA,Medellín,Antioquia,Público (preuniversitario UdeA),6.2675,-75.5686,G4,Simulacro 1,A+B,11.0,134.0,254.0,248.1,53.7,32,70,34.5,74.5,SI,,248.1
UDEA-0057,UdeA,Grupos UdeA,Grupos UdeA,Medellín,Antioquia,Público (preuniversitario UdeA),6.2675,-75.5686,G4,Simulacro 1,A+B,11.0,153.0,254.0,289.4,75.6,34,68,46.6,80.0,SI,,289.4
UDEA-0058,UdeA,Grupos UdeA,Grupos UdeA,Medellín,Antioquia,Público (preuniversitario UdeA),6.2675,-75.5686,G4,Simulacro 1,A+B,11.0,203.0,254.0,386.4,82.9,56,88,75.9,96.4,SI,,386.4
UDEA-0059,UdeA,Grupos UdeA,Grupos UdeA,Medellín,Antioquia,Público (preuniversitario UdeA),6.2675,-75.5686,G4,Simulacro 1,A+B,11.0,190.0,254.0,356.3,73.2,56,82,65.5,96.4,SI,,356.3
UDEA-0060,UdeA,Grupos UdeA,Grupos UdeA,Medellín,Antioquia,Público (preuniversitario UdeA),6.2675,-75.5686,G4,Simulacro 1,A+B,11.0,146.0,254.0,260.3,48.8,28,60,60.3,85.5,SI,,260.3
UDEA-0061,UdeA,Grupos UdeA,Grupos UdeA,Medellín,Antioquia,Público (preuniversitario UdeA),6.2675,-75.5686,G4,Simulacro 1,A+B,11.0,224.0,254.0,439.7,95.1,78,88,89.7,90.9,SI,,439.7
UDEA-0062,UdeA,Grupos UdeA,Grupos UdeA,Medellín,Antioquia,Público (preuniversitario UdeA),6.2675,-75.5686,G4,Simulacro 1,A+B,11.0,135.0,254.0,268.6,61.0,44,70,39.7,54.5,SI,,268.6
UDEA-0063,UdeA,Grupos UdeA,Grupos UdeA,Medellín,Antioquia,Público (preuniversitario UdeA),6.2675,-75.5686,G4,Simulacro 1,A+B,11.0,128.0,254.0,237.7,48.8,40,50,44.8,67.3,SI,,237.7
UDEA-0064,UdeA,Grupos UdeA,Grupos UdeA,Medellín,Antioquia,Público (preuniversitario UdeA),6.2675,-75.5686,G4,Simulacro 1,A+B,11.0,173.0,254.0,327.1,78.0,36,88,51.7,89.1,SI,,327.1
UDEA-0065,UdeA,Grupos UdeA,Grupos UdeA,Medellín,Antioquia,Público (preuniversitario UdeA),6.2675,-75.5686,G4,Simulacro 1,A+B,11.0,114.0,254.0,219.6,65.9,34,40,31.0,58.2,SI,,219.6
UDEA-0066,UdeA,Grupos UdeA,Grupos UdeA,Medellín,Antioquia,Público (preuniversitario UdeA),6.2675,-75.5686,G4,Simulacro 1,A+B,11.0,156.0,254.0,290.3,68.3,48,54,53.4,83.6,SI,,290.3
UDEA-0067,UdeA,Grupos UdeA,Grupos UdeA,Medellín,Antioquia,Público (preuniversitario UdeA),6.2675,-75.5686,G4,Simulacro 1,A+B,11.0,131.0,254.0,269.6,63.4,46,62,48.3,41.8,SI,,269.6
UDEA-0068,UdeA,Grupos UdeA,Grupos UdeA,Medellín,Antioquia,Público (preuniversitario UdeA),6.2675,-75.5686,G4,Simulacro 1,A+B,11.0,183.0,254.0,337.9,56.1,68,70,67.2,94.5,SI,,337.9
UDEA-0069,UdeA,Grupos UdeA,Grupos UdeA,Medellín,Antioquia,Público (preuniversitario UdeA),6.2675,-75.5686,G4,Simulacro 1,A+B,11.0,132.0,254.0,246.1,63.4,32,54,39.7,72.7,SI,,246.1
UDEA-0070,UdeA,Grupos UdeA,Grupos UdeA,Medellín,Antioquia,Público (preuniversitario UdeA),6.2675,-75.5686,G4,Simulacro 1,A+B,11.0,145.0,254.0,265.9,56.1,40,72,34.5,83.6,SI,,265.9
UDEA-0071,UdeA,Grupos UdeA,Grupos UdeA,Medellín,Antioquia,Público (preuniversitario UdeA),6.2675,-75.5686,G4,Simulacro 1,A+B,11.0,145.0,254.0,287.6,65.9,38,68,58.6,56.4,SI,,287.6
UDEA-0072,UdeA,Grupos UdeA,Grupos UdeA,Medellín,Antioquia,Público (preuniversitario UdeA),6.2675,-75.5686,G4,Simulacro 1,A+B,11.0,152.0,254.0,282.2,61.0,38,62,56.9,80.0,SI,,282.2
UDEA-0073,UdeA,Grupos UdeA,Grupos UdeA,Medellín,Antioquia,Público (preuniversitario UdeA),6.2675,-75.5686,G4,Simulacro 1,A+B,11.0,115.0,254.0,218.0,48.8,24,48,50.0,54.5,SI,,218.0
UDEA-0074,UdeA,Grupos UdeA,Grupos UdeA,Medellín,Antioquia,Público (preuniversitario UdeA),6.2675,-75.5686,G4,Simulacro 1,A+B,11.0,160.0,254.0,313.0,75.6,42,72,58.6,69.1,SI,,313.0
UDEA-0075,UdeA,Grupos UdeA,Grupos UdeA,Medellín,Antioquia,Público (preuniversitario UdeA),6.2675,-75.5686,G4,Simulacro 1,A+B,11.0,152.0,254.0,287.2,68.3,38,70,46.6,78.2,SI,,287.2
UDEA-0076,UdeA,Grupos UdeA,Grupos UdeA,Medellín,Antioquia,Público (preuniversitario UdeA),6.2675,-75.5686,G4,Simulacro 1,A+B,11.0,99.0,254.0,206.6,58.5,20,54,36.2,30.9,SI,,206.6
UDEA-0077,UdeA,Grupos UdeA,Grupos UdeA,Medellín,Antioquia,Público (preuniversitario UdeA),6.2675,-75.5686,G4,Simulacro 1,A+B,11.0,137.0,254.0,239.9,48.8,30,50,50.0,87.3,SI,,239.9
UDEA-0078,UdeA,Grupos UdeA,Grupos UdeA,Medellín,Antioquia,Público (preuniversitario UdeA),6.2675,-75.5686,G4,Simulacro 1,A+B,11.0,153.0,254.0,289.3,61.0,34,66,65.5,72.7,SI,,289.3
UDEA-0079,UdeA,Grupos UdeA,Grupos UdeA,Medellín,Antioquia,Público (preuniversitario UdeA),6.2675,-75.5686,G4,Simulacro 1,A+B,11.0,221.0,254.0,429.4,80.5,82,96,82.8,92.7,SI,,429.4
UDEA-0080,UdeA,Grupos UdeA,Grupos UdeA,Medellín,Antioquia,Público (preuniversitario UdeA),6.2675,-75.5686,G4,Simulacro 1,A+B,11.0,192.0,254.0,360.5,75.6,68,74,62.1,98.2,SI,,360.5
UDEA-0081,UdeA,Grupos UdeA,Grupos UdeA,Medellín,Antioquia,Público (preuniversitario UdeA),6.2675,-75.5686,G4,Simulacro 1,A+B,11.0,202.0,254.0,391.2,82.9,70,84,72.4,89.1,SI,,391.2
UDEA-0082,UdeA,Grupos UdeA,Grupos UdeA,Medellín,Antioquia,Público (preuniversitario UdeA),6.2675,-75.5686,G4,Simulacro 1,A+B,11.0,150.0,254.0,289.0,68.3,38,82,37.9,72.7,SI,,289.0
UDEA-0083,UdeA,Grupos UdeA,Grupos UdeA,Medellín,Antioquia,Público (preuniversitario UdeA),6.2675,-75.5686,G4,Simulacro 1,A+B,11.0,160.0,254.0,317.3,73.2,38,84,58.6,63.6,SI,,317.3
UDEA-0084,UdeA,Grupos UdeA,Grupos UdeA,Medellín,Antioquia,Público (preuniversitario UdeA),6.2675,-75.5686,G4,Simulacro 1,A+B,11.0,143.0,254.0,254.9,56.1,40,44,51.7,87.3,SI,,254.9
UDEA-0085,UdeA,Grupos UdeA,Grupos UdeA,Medellín,Antioquia,Público (preuniversitario UdeA),6.2675,-75.5686,G4,Simulacro 1,A+B,11.0,167.0,254.0,308.4,61.0,54,56,67.2,87.3,SI,,308.4
UDEA-0086,UdeA,Grupos UdeA,Grupos UdeA,Medellín,Antioquia,Público (preuniversitario UdeA),6.2675,-75.5686,G4,Simulacro 1,A+B,11.0,148.0,254.0,268.3,51.2,48,52,53.4,83.6,SI,,268.3
UDEA-0087,UdeA,Grupos UdeA,Grupos UdeA,Medellín,Antioquia,Público (preuniversitario UdeA),6.2675,-75.5686,G4,Simulacro 1,A+B,11.0,126.0,254.0,224.7,43.9,36,40,50.0,74.5,SI,,224.7
UDEA-0088,UdeA,Grupos UdeA,Grupos UdeA,Medellín,Antioquia,Público (preuniversitario UdeA),6.2675,-75.5686,G5,Simulacro 1,A+B,11.0,152.0,254.0,277.7,43.9,34,74,62.1,80.0,SI,,277.7
UDEA-0089,UdeA,Grupos UdeA,Grupos UdeA,Medellín,Antioquia,Público (preuniversitario UdeA),6.2675,-75.5686,G5,Simulacro 1,A+B,11.0,170.0,254.0,327.7,70.7,44,80,63.8,76.4,SI,,327.7
UDEA-0090,UdeA,Grupos UdeA,Grupos UdeA,Medellín,Antioquia,Público (preuniversitario UdeA),6.2675,-75.5686,G5,Simulacro 1,A+B,11.0,132.0,254.0,262.2,75.6,30,50,53.4,54.5,SI,,262.2
UDEA-0091,UdeA,Grupos UdeA,Grupos UdeA,Medellín,Antioquia,Público (preuniversitario UdeA),6.2675,-75.5686,G5,Simulacro 1,A+B,11.0,149.0,254.0,288.8,65.9,40,72,50.0,67.3,SI,,288.8
UDEA-0092,UdeA,Grupos UdeA,Grupos UdeA,Medellín,Antioquia,Público (preuniversitario UdeA),6.2675,-75.5686,G5,Simulacro 1,A+B,11.0,164.0,254.0,314.0,73.2,42,74,56.9,78.2,SI,,314.0
UDEA-0093,UdeA,Grupos UdeA,Grupos UdeA,Medellín,Antioquia,Público (preuniversitario UdeA),6.2675,-75.5686,G5,Simulacro 1,A+B,11.0,130.0,254.0,256.6,58.5,40,50,56.9,50.9,SI,,256.6
UDEA-0094,UdeA,Grupos UdeA,Grupos UdeA,Medellín,Antioquia,Público (preuniversitario UdeA),6.2675,-75.5686,G5,Simulacro 1,A,11.0,55.0,120.0,217.8,58.5,44,20,51.7,,SI,,217.8
UDEA-0095,UdeA,Grupos UdeA,Grupos UdeA,Medellín,Antioquia,Público (preuniversitario UdeA),6.2675,-75.5686,G5,Simulacro 1,A+B,11.0,202.0,254.0,394.6,85.4,86,68,74.1,85.5,SI,,394.6
UDEA-0096,UdeA,Grupos UdeA,Grupos UdeA,Medellín,Antioquia,Público (preuniversitario UdeA),6.2675,-75.5686,G5,Simulacro 1,A+B,11.0,182.0,254.0,341.2,70.7,46,86,62.1,92.7,SI,,341.2
UDEA-0097,UdeA,Grupos UdeA,Grupos UdeA,Medellín,Antioquia,Público (preuniversitario UdeA),6.2675,-75.5686,G5,Simulacro 1,A+B,11.0,170.0,254.0,313.4,61.0,44,76,60.3,90.9,SI,,313.4
UDEA-0098,UdeA,Grupos UdeA,Grupos UdeA,Medellín,Antioquia,Público (preuniversitario UdeA),6.2675,-75.5686,G5,Simulacro 1,A+B,11.0,174.0,254.0,332.8,80.5,52,66,62.1,83.6,SI,,332.8
UDEA-0099,UdeA,Grupos UdeA,Grupos UdeA,Medellín,Antioquia,Público (preuniversitario UdeA),6.2675,-75.5686,G5,Simulacro 1,A+B,11.0,162.0,254.0,307.5,65.9,44,72,58.6,78.2,SI,,307.5
UDEA-0100,UdeA,Grupos UdeA,Grupos UdeA,Medellín,Antioquia,Público (preuniversitario UdeA),6.2675,-75.5686,G5,Simulacro 1,A+B,11.0,173.0,254.0,328.1,65.9,44,88,58.6,83.6,SI,,328.1
UDEA-0101,UdeA,Grupos UdeA,Grupos UdeA,Medellín,Antioquia,Público (preuniversitario UdeA),6.2675,-75.5686,G5,Simulacro 1,A+B,11.0,73.0,254.0,140.0,31.7,20,26,32.8,32.7,SI,,140.0
UDEA-0102,UdeA,Grupos UdeA,Grupos UdeA,Medellín,Antioquia,Público (preuniversitario UdeA),6.2675,-75.5686,G5,Simulacro 1,A+B,11.0,133.0,254.0,260.3,53.7,26,68,60.3,52.7,SI,,260.3
UDEA-0103,UdeA,Grupos UdeA,Grupos UdeA,Medellín,Antioquia,Público (preuniversitario UdeA),6.2675,-75.5686,G5,Simulacro 1,A+B,11.0,137.0,254.0,267.5,61.0,46,60,44.8,60.0,SI,,267.5
UDEA-0104,UdeA,Grupos UdeA,Grupos UdeA,Medellín,Antioquia,Público (preuniversitario UdeA),6.2675,-75.5686,G5,Simulacro 1,A+B,11.0,124.0,254.0,242.0,36.6,50,62,44.8,49.1,SI,,242.0
UDEA-0105,UdeA,Grupos UdeA,Grupos UdeA,Medellín,Antioquia,Público (preuniversitario UdeA),6.2675,-75.5686,G5,Simulacro 1,A+B,11.0,187.0,254.0,353.7,82.9,50,80,62.1,94.5,SI,,353.7
UDEA-0106,UdeA,Grupos UdeA,Grupos UdeA,Medellín,Antioquia,Público (preuniversitario UdeA),6.2675,-75.5686,G5,Simulacro 1,A+B,11.0,153.0,254.0,282.2,61.0,36,60,60.3,81.8,SI,,282.2
UDEA-0107,UdeA,Grupos UdeA,Grupos UdeA,Medellín,Antioquia,Público (preuniversitario UdeA),6.2675,-75.5686,G5,Simulacro 1,A+B,11.0,159.0,254.0,300.8,68.3,30,68,69.0,76.4,SI,,300.8
UDEA-0108,UdeA,Grupos UdeA,Grupos UdeA,Medellín,Antioquia,Público (preuniversitario UdeA),6.2675,-75.5686,G5,Simulacro 1,A,11.0,65.0,120.0,267.0,56.1,40,52,65.5,,SI,,267.0
UDEA-0109,UdeA,Grupos UdeA,Grupos UdeA,Medellín,Antioquia,Público (preuniversitario UdeA),6.2675,-75.5686,G5,Simulacro 1,A+B,11.0,134.0,254.0,249.4,58.5,26,50,58.6,69.1,SI,,249.4
UDEA-0110,UdeA,Grupos UdeA,Grupos UdeA,Medellín,Antioquia,Público (preuniversitario UdeA),6.2675,-75.5686,G5,Simulacro 1,A+B,11.0,98.0,254.0,190.8,41.5,34,38,37.9,41.8,SI,,190.8
UDEA-0111,UdeA,Grupos UdeA,Grupos UdeA,Medellín,Antioquia,Público (preuniversitario UdeA),6.2675,-75.5686,G5,Simulacro 1,A+B,11.0,134.0,254.0,270.5,61.0,32,66,60.3,45.5,SI,,270.5
UDEA-0112,UdeA,Grupos UdeA,Grupos UdeA,Medellín,Antioquia,Público (preuniversitario UdeA),6.2675,-75.5686,G5,Simulacro 1,A+B,11.0,113.0,254.0,226.9,70.7,44,38,27.6,49.1,SI,,226.9
UDEA-0113,UdeA,Grupos UdeA,Grupos UdeA,Medellín,Antioquia,Público (preuniversitario UdeA),6.2675,-75.5686,G5,Simulacro 1,A+B,11.0,199.0,254.0,381.7,82.9,60,88,69.0,92.7,SI,,381.7
UDEA-0114,UdeA,Grupos UdeA,Grupos UdeA,Medellín,Antioquia,Público (preuniversitario UdeA),6.2675,-75.5686,G5,Simulacro 1,A+B,11.0,184.0,254.0,348.1,70.7,50,84,67.2,89.1,SI,,348.1
UDEA-0115,UdeA,Grupos UdeA,Grupos UdeA,Medellín,Antioquia,Público (preuniversitario UdeA),6.2675,-75.5686,G5,Simulacro 1,A+B,11.0,180.0,254.0,338.7,73.2,54,74,62.1,90.9,SI,,338.7
UDEA-0116,UdeA,Grupos UdeA,Grupos UdeA,Medellín,Antioquia,Público (preuniversitario UdeA),6.2675,-75.5686,G5,Simulacro 1,A+B,11.0,160.0,254.0,309.7,70.7,56,72,44.8,74.5,SI,,309.7
UDEA-0117,UdeA,Grupos UdeA,Grupos UdeA,Medellín,Antioquia,Público (preuniversitario UdeA),6.2675,-75.5686,G5,Simulacro 1,A+B,11.0,166.0,254.0,310.8,63.4,38,78,62.1,83.6,SI,,310.8
UDEA-0118,UdeA,Grupos UdeA,Grupos UdeA,Medellín,Antioquia,Público (preuniversitario UdeA),6.2675,-75.5686,G5,Simulacro 1,A+B,11.0,144.0,254.0,287.5,65.9,30,80,55.2,54.5,SI,,287.5
UDEA-0119,UdeA,Grupos UdeA,Grupos UdeA,Medellín,Antioquia,Público (preuniversitario UdeA),6.2675,-75.5686,G5,Simulacro 1,A+B,11.0,113.0,254.0,209.8,43.9,32,40,46.6,58.2,SI,,209.8
UDEA-0120,UdeA,Grupos UdeA,Grupos UdeA,Medellín,Antioquia,Público (preuniversitario UdeA),6.2675,-75.5686,G5,Simulacro 1,A+B,11.0,164.0,254.0,312.1,56.1,46,78,65.5,74.5,SI,,312.1
UDEA-0121,UdeA,Grupos UdeA,Grupos UdeA,Medellín,Antioquia,Público (preuniversitario UdeA),6.2675,-75.5686,G5,Simulacro 1,A+B,11.0,152.0,254.0,308.2,78.0,40,74,56.9,54.5,SI,,308.2
UDEA-0122,UdeA,Grupos UdeA,Grupos UdeA,Medellín,Antioquia,Público (preuniversitario UdeA),6.2675,-75.5686,G5,Simulacro 1,A+B,11.0,188.0,254.0,347.2,68.3,44,88,67.2,100.0,SI,,347.2
UDEA-0123,UdeA,Grupos UdeA,Grupos UdeA,Medellín,Antioquia,Público (preuniversitario UdeA),6.2675,-75.5686,G5,Simulacro 1,A+B,11.0,171.0,254.0,337.2,85.4,38,78,67.2,70.9,SI,,337.2
UDEA-0124,UdeA,Grupos UdeA,Grupos UdeA,Medellín,Antioquia,Público (preuniversitario UdeA),6.2675,-75.5686,G5,Simulacro 1,A+B,11.0,165.0,254.0,348.3,65.9,76,80,67.2,38.2,SI,,348.3
UDEA-0125,UdeA,Grupos UdeA,Grupos UdeA,Medellín,Antioquia,Público (preuniversitario UdeA),6.2675,-75.5686,G5,Simulacro 1,A+B,11.0,159.0,254.0,307.6,85.4,36,60,60.3,74.5,SI,,307.6
UDEA-0126,UdeA,Grupos UdeA,Grupos UdeA,Medellín,Antioquia,Público (preuniversitario UdeA),6.2675,-75.5686,G5,Simulacro 1,A+B,11.0,167.0,254.0,320.8,46.3,58,88,62.1,70.9,SI,,320.8
UDEA-0127,UdeA,Grupos UdeA,Grupos UdeA,Medellín,Antioquia,Público (preuniversitario UdeA),6.2675,-75.5686,G5,Simulacro 1,A+B,11.0,113.0,254.0,208.5,43.9,32,40,44.8,60.0,SI,,208.5
UDEA-0128,UdeA,Grupos UdeA,Grupos UdeA,Medellín,Antioquia,Público (preuniversitario UdeA),6.2675,-75.5686,G5,Simulacro 1,A+B,11.0,130.0,254.0,253.9,56.1,36,58,51.7,54.5,SI,,253.9
UDEA-0129,UdeA,Grupos UdeA,Grupos UdeA,Medellín,Antioquia,Público (preuniversitario UdeA),6.2675,-75.5686,G5,Simulacro 1,A+B,11.0,147.0,254.0,274.3,63.4,36,56,56.9,76.4,SI,,274.3
UDEA-0130,UdeA,Grupos UdeA,Grupos UdeA,Medellín,Antioquia,Público (preuniversitario UdeA),6.2675,-75.5686,G5,Simulacro 1,A+B,11.0,135.0,254.0,255.0,63.4,36,52,46.6,69.1,SI,,255.0
UDEA-0131,UdeA,Grupos UdeA,Grupos UdeA,Medellín,Antioquia,Público (preuniversitario UdeA),6.2675,-75.5686,G5,Simulacro 1,A,11.0,76.0,120.0,311.1,73.2,40,84,51.7,,SI,,311.1
UDEA-0132,UdeA,Grupos UdeA,Grupos UdeA,Medellín,Antioquia,Público (preuniversitario UdeA),6.2675,-75.5686,G5,Simulacro 1,A+B,11.0,88.0,254.0,170.8,43.9,28,22,41.4,38.2,SI,,170.8
UDEA-0133,UdeA,Grupos UdeA,Grupos UdeA,Medellín,Antioquia,Público (preuniversitario UdeA),6.2675,-75.5686,G5,Simulacro 1,A+B,11.0,156.0,254.0,288.4,51.2,34,76,62.1,80.0,SI,,288.4
UDEA-0134,UdeA,Grupos UdeA,Grupos UdeA,Medellín,Antioquia,Público (preuniversitario UdeA),6.2675,-75.5686,G5,Simulacro 1,A+B,11.0,160.0,254.0,291.0,61.0,28,76,56.9,90.9,SI,,291.0
UDEA-0135,UdeA,Grupos UdeA,Grupos UdeA,Medellín,Antioquia,Público (preuniversitario UdeA),6.2675,-75.5686,G5,Simulacro 1,A+B,11.0,156.0,254.0,303.7,70.7,30,70,70.7,65.5,SI,,303.7
UDEA-0136,UdeA,Grupos UdeA,Grupos UdeA,Medellín,Antioquia,Público (preuniversitario UdeA),6.2675,-75.5686,G5,Simulacro 1,A+B,11.0,152.0,254.0,292.4,61.0,46,78,44.8,70.9,SI,,292.4
UDEA-0137,UdeA,Grupos UdeA,Grupos UdeA,Medellín,Antioquia,Público (preuniversitario UdeA),6.2675,-75.5686,G5,Simulacro 1,A+B,11.0,108.0,254.0,215.8,63.4,30,36,43.1,43.6,SI,,215.8
UDEA-0138,UdeA,Grupos UdeA,Grupos UdeA,Medellín,Antioquia,Público (preuniversitario UdeA),6.2675,-75.5686,G5,Simulacro 1,A+B,11.0,141.0,254.0,278.6,56.1,30,82,55.2,54.5,SI,,278.6
UDEA-0139,UdeA,Grupos UdeA,Grupos UdeA,Medellín,Antioquia,Público (preuniversitario UdeA),6.2675,-75.5686,G6,Simulacro 1,A+B,11.0,164.0,254.0,321.0,51.2,62,80,63.8,63.6,SI,,321.0
UDEA-0140,UdeA,Grupos UdeA,Grupos UdeA,Medellín,Antioquia,Público (preuniversitario UdeA),6.2675,-75.5686,G6,Simulacro 1,A+B,11.0,142.0,254.0,267.7,51.2,32,66,60.3,67.3,SI,,267.7
UDEA-0141,UdeA,Grupos UdeA,Grupos UdeA,Medellín,Antioquia,Público (preuniversitario UdeA),6.2675,-75.5686,G6,Simulacro 1,A+B,11.0,187.0,254.0,361.2,75.6,58,78,74.1,81.8,SI,,361.2
UDEA-0142,UdeA,Grupos UdeA,Grupos UdeA,Medellín,Antioquia,Público (preuniversitario UdeA),6.2675,-75.5686,G6,Simulacro 1,A+B,11.0,124.0,254.0,245.0,46.3,48,54,48.3,47.3,SI,,245.0
UDEA-0143,UdeA,Grupos UdeA,Grupos UdeA,Medellín,Antioquia,Público (preuniversitario UdeA),6.2675,-75.5686,G6,Simulacro 1,A,11.0,58.0,120.0,234.0,53.7,32,36,65.5,,SI,,234.0
UDEA-0144,UdeA,Grupos UdeA,Grupos UdeA,Medellín,Antioquia,Público (preuniversitario UdeA),6.2675,-75.5686,G6,Simulacro 1,A+B,11.0,131.0,254.0,257.0,63.4,40,54,46.6,56.4,SI,,257.0
UDEA-0145,UdeA,Grupos UdeA,Grupos UdeA,Medellín,Antioquia,Público (preuniversitario UdeA),6.2675,-75.5686,G6,Simulacro 1,A+B,11.0,134.0,254.0,259.4,63.4,40,56,44.8,61.8,SI,,259.4
UDEA-0146,UdeA,Grupos UdeA,Grupos UdeA,Medellín,Antioquia,Público (preuniversitario UdeA),6.2675,-75.5686,G6,Simulacro 1,A+B,11.0,145.0,254.0,271.4,68.3,40,56,44.8,78.2,SI,,271.4
UDEA-0147,UdeA,Grupos UdeA,Grupos UdeA,Medellín,Antioquia,Público (preuniversitario UdeA),6.2675,-75.5686,G6,Simulacro 1,A+B,11.0,128.0,254.0,231.2,56.1,38,52,27.6,80.0,SI,,231.2
UDEA-0148,UdeA,Grupos UdeA,Grupos UdeA,Medellín,Antioquia,Público (preuniversitario UdeA),6.2675,-75.5686,G6,Simulacro 1,A+B,11.0,127.0,254.0,251.4,68.3,34,48,50.0,52.7,SI,,251.4
UDEA-0149,UdeA,Grupos UdeA,Grupos UdeA,Medellín,Antioquia,Público (preuniversitario UdeA),6.2675,-75.5686,G6,Simulacro 1,A+B,11.0,154.0,254.0,287.1,61.0,36,62,63.8,78.2,SI,,287.1
UDEA-0150,UdeA,Grupos UdeA,Grupos UdeA,Medellín,Antioquia,Público (preuniversitario UdeA),6.2675,-75.5686,G6,Simulacro 1,A,11.0,53.0,120.0,218.8,43.9,32,44,55.2,,SI,,218.8
UDEA-0151,UdeA,Grupos UdeA,Grupos UdeA,Medellín,Antioquia,Público (preuniversitario UdeA),6.2675,-75.5686,G6,Simulacro 1,A+B,11.0,178.0,254.0,330.4,58.5,58,74,65.5,90.9,SI,,330.4
UDEA-0152,UdeA,Grupos UdeA,Grupos UdeA,Medellín,Antioquia,Público (preuniversitario UdeA),6.2675,-75.5686,G6,Simulacro 1,A+B,11.0,178.0,254.0,329.9,56.1,58,76,65.5,90.9,SI,,329.9
UDEA-0153,UdeA,Grupos UdeA,Grupos UdeA,Medellín,Antioquia,Público (preuniversitario UdeA),6.2675,-75.5686,G6,Simulacro 1,A+B,11.0,138.0,254.0,246.6,43.9,24,72,46.6,81.8,SI,,246.6
UDEA-0154,UdeA,Grupos UdeA,Grupos UdeA,Medellín,Antioquia,Público (preuniversitario UdeA),6.2675,-75.5686,G6,Simulacro 1,A+B,11.0,154.0,254.0,295.6,58.5,50,66,58.6,69.1,SI,,295.6
UDEA-0155,UdeA,Grupos UdeA,Grupos UdeA,Medellín,Antioquia,Público (preuniversitario UdeA),6.2675,-75.5686,G6,Simulacro 1,A+B,11.0,112.0,254.0,224.4,46.3,48,50,36.2,41.8,SI,,224.4
UDEA-0156,UdeA,Grupos UdeA,Grupos UdeA,Medellín,Antioquia,Público (preuniversitario UdeA),6.2675,-75.5686,G6,Simulacro 1,A+B,11.0,136.0,254.0,259.0,68.3,42,48,43.1,69.1,SI,,259.0
UDEA-0157,UdeA,Grupos UdeA,Grupos UdeA,Medellín,Antioquia,Público (preuniversitario UdeA),6.2675,-75.5686,G6,Simulacro 1,A+B,11.0,129.0,254.0,232.2,56.1,34,42,43.1,78.2,SI,,232.2
UDEA-0158,UdeA,Grupos UdeA,Grupos UdeA,Medellín,Antioquia,Público (preuniversitario UdeA),6.2675,-75.5686,G6,Simulacro 1,A+B,11.0,105.0,254.0,175.4,24.4,34,36,32.8,74.5,SI,,175.4
UDEA-0159,UdeA,Grupos UdeA,Grupos UdeA,Medellín,Antioquia,Público (preuniversitario UdeA),6.2675,-75.5686,G2,Simulacro 1,B,11.0,82.0,134.0,269.2,,28,68,58.6,74.5,SI,,269.2
UDEA-0160,UdeA,Grupos UdeA,Grupos UdeA,Medellín,Antioquia,Público (preuniversitario UdeA),6.2675,-75.5686,G5,Simulacro 1,B,11.0,50.0,134.0,175.5,,24,48,31.0,41.8,SI,,175.5
UDEA-0161,UdeA,Grupos UdeA,Grupos UdeA,Medellín,Antioquia,Público (preuniversitario UdeA),6.2675,-75.5686,G5,Simulacro 1,B,11.0,91.0,134.0,327.5,,48,84,62.1,72.7,SI,,327.5
UDEA-0162,UdeA,Grupos UdeA,Grupos UdeA,Medellín,Antioquia,Público (preuniversitario UdeA),6.2675,-75.5686,G5,Simulacro 1,B,11.0,75.0,134.0,245.8,,44,52,44.8,69.1,SI,,245.8
UDEA-0163,UdeA,Grupos UdeA,Grupos UdeA,Medellín,Antioquia,Público (preuniversitario UdeA),6.2675,-75.5686,G5,Simulacro 1,A+B,11.0,0.0,254.0,0.0,0.0,0,0,0.0,0.0,NO,"Puntaje 0, estudiante ausente",
UDEA-0164,UdeA,Grupos UdeA,Grupos UdeA,Medellín,Antioquia,Público (preuniversitario UdeA),6.2675,-75.5686,X,Simulacro 1,A+B,11.0,164.0,254.0,304.0,56.1,46,60,74.1,81.8,SI,,304.0
UDEA-0165,UdeA,Grupos UdeA,Grupos UdeA,Medellín,Antioquia,Público (preuniversitario UdeA),6.2675,-75.5686,X,Simulacro 1,A+B,11.0,123.0,254.0,243.7,51.2,50,54,39.7,49.1,SI,,243.7
UDEA-0166,UdeA,Grupos UdeA,Grupos UdeA,Medellín,Antioquia,Público (preuniversitario UdeA),6.2675,-75.5686,X,Simulacro 1,A+B,11.0,179.0,254.0,333.6,87.8,36,74,58.6,98.2,SI,,333.6
ENV-0001,Envigado,Alejandro Vélez Barrientos,ALEJANDRO VÉLEZ BARRIENTOS,Envigado,Antioquia,Oficial,6.1700512,-75.5922482,,Simulacro 1,,11.0,,,316.0,68.0,42,74,66.0,71.0,SI,,316.0
ENV-0002,Envigado,Alejandro Vélez Barrientos,ALEJANDRO VÉLEZ BARRIENTOS,Envigado,Antioquia,Oficial,6.1700512,-75.5922482,,Simulacro 1,,11.0,,,313.0,80.0,40,66,55.0,89.0,SI,,313.0
ENV-0003,Envigado,Alejandro Vélez Barrientos,ALEJANDRO VÉLEZ BARRIENTOS,Envigado,Antioquia,Oficial,6.1700512,-75.5922482,,Simulacro 1,,11.0,,,309.0,71.0,40,84,43.0,89.0,SI,,309.0
ENV-0004,Envigado,Alejandro Vélez Barrientos,ALEJANDRO VÉLEZ BARRIENTOS,Envigado,Antioquia,Oficial,6.1700512,-75.5922482,,Simulacro 1,,11.0,,,304.0,83.0,32,68,52.0,87.0,SI,,304.0
ENV-0005,Envigado,Alejandro Vélez Barrientos,ALEJANDRO VÉLEZ BARRIENTOS,Envigado,Antioquia,Oficial,6.1700512,-75.5922482,,Simulacro 1,,11.0,,,300.0,78.0,28,82,41.0,91.0,SI,,300.0
ENV-0006,Envigado,Alejandro Vélez Barrientos,ALEJANDRO VÉLEZ BARRIENTOS,Envigado,Antioquia,Oficial,6.1700512,-75.5922482,,Simulacro 1,,11.0,,,273.0,51.0,26,58,74.0,82.0,SI,,273.0
ENV-0007,Envigado,Alejandro Vélez Barrientos,ALEJANDRO VÉLEZ BARRIENTOS,Envigado,Antioquia,Oficial,6.1700512,-75.5922482,,Simulacro 1,,11.0,,,265.0,66.0,30,74,41.0,56.0,SI,,265.0
ENV-0008,Envigado,Alejandro Vélez Barrientos,ALEJANDRO VÉLEZ BARRIENTOS,Envigado,Antioquia,Oficial,6.1700512,-75.5922482,,Simulacro 1,,11.0,,,261.0,66.0,28,70,38.0,73.0,SI,,261.0
ENV-0009,Envigado,Alejandro Vélez Barrientos,ALEJANDRO VÉLEZ BARRIENTOS,Envigado,Antioquia,Oficial,6.1700512,-75.5922482,,Simulacro 1,,11.0,,,260.0,63.0,28,72,38.0,73.0,SI,,260.0
ENV-0010,Envigado,Alejandro Vélez Barrientos,ALEJANDRO VÉLEZ BARRIENTOS,Envigado,Antioquia,Oficial,6.1700512,-75.5922482,,Simulacro 1,,11.0,,,260.0,51.0,34,72,53.0,44.0,SI,,260.0
ENV-0011,Envigado,Alejandro Vélez Barrientos,ALEJANDRO VÉLEZ BARRIENTOS,Envigado,Antioquia,Oficial,6.1700512,-75.5922482,,Simulacro 1,,11.0,,,259.0,56.0,24,64,55.0,76.0,SI,,259.0
ENV-0012,Envigado,Alejandro Vélez Barrientos,ALEJANDRO VÉLEZ BARRIENTOS,Envigado,Antioquia,Oficial,6.1700512,-75.5922482,,Simulacro 1,,11.0,,,258.0,37.0,52,46,60.0,87.0,SI,,258.0
ENV-0013,Envigado,Alejandro Vélez Barrientos,ALEJANDRO VÉLEZ BARRIENTOS,Envigado,Antioquia,Oficial,6.1700512,-75.5922482,,Simulacro 1,,11.0,,,258.0,71.0,48,46,41.0,53.0,SI,,258.0
ENV-0014,Envigado,Alejandro Vélez Barrientos,ALEJANDRO VÉLEZ BARRIENTOS,Envigado,Antioquia,Oficial,6.1700512,-75.5922482,,Simulacro 1,,11.0,,,255.0,59.0,36,60,48.0,55.0,SI,,255.0
ENV-0015,Envigado,Alejandro Vélez Barrientos,ALEJANDRO VÉLEZ BARRIENTOS,Envigado,Antioquia,Oficial,6.1700512,-75.5922482,,Simulacro 1,,11.0,,,254.0,76.0,34,56,28.0,82.0,SI,,254.0
ENV-0016,Envigado,Alejandro Vélez Barrientos,ALEJANDRO VÉLEZ BARRIENTOS,Envigado,Antioquia,Oficial,6.1700512,-75.5922482,,Simulacro 1,,11.0,,,248.0,61.0,30,50,43.0,93.0,SI,,248.0
ENV-0017,Envigado,Alejandro Vélez Barrientos,ALEJANDRO VÉLEZ BARRIENTOS,Envigado,Antioquia,Oficial,6.1700512,-75.5922482,,Simulacro 1,,11.0,,,247.0,66.0,32,62,31.0,69.0,SI,,247.0
ENV-0018,Envigado,Alejandro Vélez Barrientos,ALEJANDRO VÉLEZ BARRIENTOS,Envigado,Antioquia,Oficial,6.1700512,-75.5922482,,Simulacro 1,,11.0,,,246.0,66.0,34,56,47.0,33.0,SI,,246.0
ENV-0019,Envigado,Alejandro Vélez Barrientos,ALEJANDRO VÉLEZ BARRIENTOS,Envigado,Antioquia,Oficial,6.1700512,-75.5922482,,Simulacro 1,,11.0,,,244.0,73.0,36,50,40.0,38.0,SI,,244.0
ENV-0020,Envigado,Alejandro Vélez Barrientos,ALEJANDRO VÉLEZ BARRIENTOS,Envigado,Antioquia,Oficial,6.1700512,-75.5922482,,Simulacro 1,,11.0,,,241.0,29.0,40,54,62.0,71.0,SI,,241.0
ENV-0021,Envigado,Alejandro Vélez Barrientos,ALEJANDRO VÉLEZ BARRIENTOS,Envigado,Antioquia,Oficial,6.1700512,-75.5922482,,Simulacro 1,,11.0,,,240.0,44.0,44,60,36.0,71.0,SI,,240.0
ENV-0022,Envigado,Alejandro Vélez Barrientos,ALEJANDRO VÉLEZ BARRIENTOS,Envigado,Antioquia,Oficial,6.1700512,-75.5922482,,Simulacro 1,,11.0,,,239.0,73.0,46,52,12.0,71.0,SI,,239.0
ENV-0023,Envigado,Alejandro Vélez Barrientos,ALEJANDRO VÉLEZ BARRIENTOS,Envigado,Antioquia,Oficial,6.1700512,-75.5922482,,Simulacro 1,,11.0,,,234.0,68.0,24,50,34.0,78.0,SI,,234.0
ENV-0024,Envigado,Alejandro Vélez Barrientos,ALEJANDRO VÉLEZ BARRIENTOS,Envigado,Antioquia,Oficial,6.1700512,-75.5922482,,Simulacro 1,,11.0,,,224.0,59.0,40,44,40.0,36.0,SI,,224.0
ENV-0025,Envigado,Alejandro Vélez Barrientos,ALEJANDRO VÉLEZ BARRIENTOS,Envigado,Antioquia,Oficial,6.1700512,-75.5922482,,Simulacro 1,,11.0,,,223.0,51.0,32,56,34.0,58.0,SI,,223.0
ENV-0026,Envigado,Alejandro Vélez Barrientos,ALEJANDRO VÉLEZ BARRIENTOS,Envigado,Antioquia,Oficial,6.1700512,-75.5922482,,Simulacro 1,,11.0,,,217.0,54.0,36,46,33.0,60.0,SI,,217.0
ENV-0027,Envigado,Alejandro Vélez Barrientos,ALEJANDRO VÉLEZ BARRIENTOS,Envigado,Antioquia,Oficial,6.1700512,-75.5922482,,Simulacro 1,,11.0,,,215.0,66.0,34,30,34.0,67.0,SI,,215.0
ENV-0028,Envigado,Alejandro Vélez Barrientos,ALEJANDRO VÉLEZ BARRIENTOS,Envigado,Antioquia,Oficial,6.1700512,-75.5922482,,Simulacro 1,,11.0,,,213.0,46.0,34,44,36.0,73.0,SI,,213.0
ENV-0029,Envigado,Alejandro Vélez Barrientos,ALEJANDRO VÉLEZ BARRIENTOS,Envigado,Antioquia,Oficial,6.1700512,-75.5922482,,Simulacro 1,,11.0,,,213.0,54.0,40,42,34.0,44.0,SI,,213.0
ENV-0030,Envigado,Alejandro Vélez Barrientos,ALEJANDRO VÉLEZ BARRIENTOS,Envigado,Antioquia,Oficial,6.1700512,-75.5922482,,Simulacro 1,,11.0,,,212.0,66.0,32,38,28.0,62.0,SI,,212.0
ENV-0031,Envigado,Alejandro Vélez Barrientos,ALEJANDRO VÉLEZ BARRIENTOS,Envigado,Antioquia,Oficial,6.1700512,-75.5922482,,Simulacro 1,,11.0,,,212.0,61.0,34,44,33.0,36.0,SI,,212.0
ENV-0032,Envigado,Alejandro Vélez Barrientos,ALEJANDRO VÉLEZ BARRIENTOS,Envigado,Antioquia,Oficial,6.1700512,-75.5922482,,Simulacro 1,,11.0,,,212.0,49.0,30,62,26.0,51.0,SI,,212.0
ENV-0033,Envigado,Alejandro Vélez Barrientos,ALEJANDRO VÉLEZ BARRIENTOS,Envigado,Antioquia,Oficial,6.1700512,-75.5922482,,Simulacro 1,,11.0,,,211.0,71.0,30,22,43.0,51.0,SI,,211.0
ENV-0034,Envigado,Alejandro Vélez Barrientos,ALEJANDRO VÉLEZ BARRIENTOS,Envigado,Antioquia,Oficial,6.1700512,-75.5922482,,Simulacro 1,,11.0,,,208.0,54.0,30,34,40.0,69.0,SI,,208.0
ENV-0035,Envigado,Alejandro Vélez Barrientos,ALEJANDRO VÉLEZ BARRIENTOS,Envigado,Antioquia,Oficial,6.1700512,-75.5922482,,Simulacro 1,,11.0,,,206.0,46.0,36,26,52.0,55.0,SI,,206.0
ENV-0036,Envigado,Alejandro Vélez Barrientos,ALEJANDRO VÉLEZ BARRIENTOS,Envigado,Antioquia,Oficial,6.1700512,-75.5922482,,Simulacro 1,,11.0,,,203.0,56.0,30,56,22.0,35.0,SI,,203.0
ENV-0037,Envigado,Alejandro Vélez Barrientos,ALEJANDRO VÉLEZ BARRIENTOS,Envigado,Antioquia,Oficial,6.1700512,-75.5922482,,Simulacro 1,,11.0,,,201.0,63.0,34,12,38.0,80.0,SI,,201.0
ENV-0038,Envigado,Alejandro Vélez Barrientos,ALEJANDRO VÉLEZ BARRIENTOS,Envigado,Antioquia,Oficial,6.1700512,-75.5922482,,Simulacro 1,,11.0,,,200.0,54.0,30,44,29.0,49.0,SI,,200.0
ENV-0039,Envigado,Alejandro Vélez Barrientos,ALEJANDRO VÉLEZ BARRIENTOS,Envigado,Antioquia,Oficial,6.1700512,-75.5922482,,Simulacro 1,,11.0,,,199.0,41.0,28,44,41.0,53.0,SI,,199.0
ENV-0040,Envigado,Alejandro Vélez Barrientos,ALEJANDRO VÉLEZ BARRIENTOS,Envigado,Antioquia,Oficial,6.1700512,-75.5922482,,Simulacro 1,,11.0,,,199.0,78.0,38,10,31.0,45.0,SI,,199.0
ENV-0041,Envigado,Alejandro Vélez Barrientos,ALEJANDRO VÉLEZ BARRIENTOS,Envigado,Antioquia,Oficial,6.1700512,-75.5922482,,Simulacro 1,,11.0,,,198.0,61.0,46,28,24.0,36.0,SI,,198.0
ENV-0042,Envigado,Alejandro Vélez Barrientos,ALEJANDRO VÉLEZ BARRIENTOS,Envigado,Antioquia,Oficial,6.1700512,-75.5922482,,Simulacro 1,,11.0,,,196.0,46.0,26,48,40.0,31.0,SI,,196.0
ENV-0043,Envigado,Alejandro Vélez Barrientos,ALEJANDRO VÉLEZ BARRIENTOS,Envigado,Antioquia,Oficial,6.1700512,-75.5922482,,Simulacro 1,,11.0,,,196.0,51.0,46,32,29.0,35.0,SI,,196.0
ENV-0044,Envigado,Alejandro Vélez Barrientos,ALEJANDRO VÉLEZ BARRIENTOS,Envigado,Antioquia,Oficial,6.1700512,-75.5922482,,Simulacro 1,,11.0,,,195.0,56.0,30,28,36.0,56.0,SI,,195.0
ENV-0045,Envigado,Alejandro Vélez Barrientos,ALEJANDRO VÉLEZ BARRIENTOS,Envigado,Antioquia,Oficial,6.1700512,-75.5922482,,Simulacro 1,,11.0,,,191.0,27.0,22,56,36.0,75.0,SI,,191.0
ENV-0046,Envigado,Alejandro Vélez Barrientos,ALEJANDRO VÉLEZ BARRIENTOS,Envigado,Antioquia,Oficial,6.1700512,-75.5922482,,Simulacro 1,,11.0,,,191.0,49.0,28,28,33.0,84.0,SI,,191.0
ENV-0047,Envigado,Alejandro Vélez Barrientos,ALEJANDRO VÉLEZ BARRIENTOS,Envigado,Antioquia,Oficial,6.1700512,-75.5922482,,Simulacro 1,,11.0,,,189.0,54.0,28,38,28.0,49.0,SI,,189.0
ENV-0048,Envigado,Alejandro Vélez Barrientos,ALEJANDRO VÉLEZ BARRIENTOS,Envigado,Antioquia,Oficial,6.1700512,-75.5922482,,Simulacro 1,,11.0,,,187.0,54.0,38,32,24.0,44.0,SI,,187.0
ENV-0049,Envigado,Alejandro Vélez Barrientos,ALEJANDRO VÉLEZ BARRIENTOS,Envigado,Antioquia,Oficial,6.1700512,-75.5922482,,Simulacro 1,,11.0,,,185.0,37.0,42,36,33.0,38.0,SI,,185.0
ENV-0050,Envigado,Alejandro Vélez Barrientos,ALEJANDRO VÉLEZ BARRIENTOS,Envigado,Antioquia,Oficial,6.1700512,-75.5922482,,Simulacro 1,,11.0,,,183.0,51.0,28,32,36.0,33.0,SI,,183.0
ENV-0051,Envigado,Alejandro Vélez Barrientos,ALEJANDRO VÉLEZ BARRIENTOS,Envigado,Antioquia,Oficial,6.1700512,-75.5922482,,Simulacro 1,,11.0,,,178.0,61.0,38,14,31.0,31.0,SI,,178.0
ENV-0052,Envigado,Alejandro Vélez Barrientos,ALEJANDRO VÉLEZ BARRIENTOS,Envigado,Antioquia,Oficial,6.1700512,-75.5922482,,Simulacro 1,,11.0,,,178.0,34.0,38,26,40.0,49.0,SI,,178.0
ENV-0053,Envigado,Alejandro Vélez Barrientos,ALEJANDRO VÉLEZ BARRIENTOS,Envigado,Antioquia,Oficial,6.1700512,-75.5922482,,Simulacro 1,,11.0,,,176.0,63.0,34,20,19.0,47.0,SI,,176.0
ENV-0054,Envigado,Alejandro Vélez Barrientos,ALEJANDRO VÉLEZ BARRIENTOS,Envigado,Antioquia,Oficial,6.1700512,-75.5922482,,Simulacro 1,,11.0,,,174.0,41.0,32,30,31.0,49.0,SI,,174.0
ENV-0055,Envigado,Alejandro Vélez Barrientos,ALEJANDRO VÉLEZ BARRIENTOS,Envigado,Antioquia,Oficial,6.1700512,-75.5922482,,Simulacro 1,,11.0,,,173.0,37.0,34,36,28.0,47.0,SI,,173.0
ENV-0056,Envigado,Alejandro Vélez Barrientos,ALEJANDRO VÉLEZ BARRIENTOS,Envigado,Antioquia,Oficial,6.1700512,-75.5922482,,Simulacro 1,,11.0,,,171.0,44.0,24,36,28.0,51.0,SI,,171.0
ENV-0057,Envigado,Alejandro Vélez Barrientos,ALEJANDRO VÉLEZ BARRIENTOS,Envigado,Antioquia,Oficial,6.1700512,-75.5922482,,Simulacro 1,,11.0,,,170.0,51.0,32,24,22.0,53.0,SI,,170.0
ENV-0058,Envigado,Alejandro Vélez Barrientos,ALEJANDRO VÉLEZ BARRIENTOS,Envigado,Antioquia,Oficial,6.1700512,-75.5922482,,Simulacro 1,,11.0,,,168.0,39.0,34,26,31.0,47.0,SI,,168.0
ENV-0059,Envigado,Alejandro Vélez Barrientos,ALEJANDRO VÉLEZ BARRIENTOS,Envigado,Antioquia,Oficial,6.1700512,-75.5922482,,Simulacro 1,,11.0,,,168.0,29.0,28,32,41.0,45.0,SI,,168.0
ENV-0060,Envigado,Alejandro Vélez Barrientos,ALEJANDRO VÉLEZ BARRIENTOS,Envigado,Antioquia,Oficial,6.1700512,-75.5922482,,Simulacro 1,,11.0,,,164.0,29.0,30,34,40.0,27.0,SI,,164.0
ENV-0061,Envigado,Alejandro Vélez Barrientos,ALEJANDRO VÉLEZ BARRIENTOS,Envigado,Antioquia,Oficial,6.1700512,-75.5922482,,Simulacro 1,,11.0,,,163.0,34.0,32,36,26.0,40.0,SI,,163.0
ENV-0062,Envigado,Alejandro Vélez Barrientos,ALEJANDRO VÉLEZ BARRIENTOS,Envigado,Antioquia,Oficial,6.1700512,-75.5922482,,Simulacro 1,,11.0,,,158.0,39.0,20,30,36.0,35.0,SI,,158.0
ENV-0063,Envigado,Alejandro Vélez Barrientos,ALEJANDRO VÉLEZ BARRIENTOS,Envigado,Antioquia,Oficial,6.1700512,-75.5922482,,Simulacro 1,,11.0,,,157.0,24.0,30,38,28.0,47.0,SI,,157.0
ENV-0064,Envigado,Alejandro Vélez Barrientos,ALEJANDRO VÉLEZ BARRIENTOS,Envigado,Antioquia,Oficial,6.1700512,-75.5922482,,Simulacro 1,,11.0,,,149.0,29.0,24,40,24.0,36.0,SI,,149.0
ENV-0065,Envigado,Alejandro Vélez Barrientos,ALEJANDRO VÉLEZ BARRIENTOS,Envigado,Antioquia,Oficial,6.1700512,-75.5922482,,Simulacro 1,,11.0,,,139.0,32.0,22,30,22.0,44.0,SI,,139.0
ENV-0066,Envigado,Alejandro Vélez Barrientos,ALEJANDRO VÉLEZ BARRIENTOS,Envigado,Antioquia,Oficial,6.1700512,-75.5922482,,Simulacro 1,,11.0,,,124.0,0.0,10,48,22.0,82.0,SI,,124.0
ENV-0067,Envigado,Alejandro Vélez Barrientos,ALEJANDRO VÉLEZ BARRIENTOS,Envigado,Antioquia,Oficial,6.1700512,-75.5922482,,Simulacro 1,,11.0,,,123.0,37.0,18,24,21.0,22.0,SI,,123.0
ENV-0068,Envigado,Alejandro Vélez Barrientos,ALEJANDRO VÉLEZ BARRIENTOS,Envigado,Antioquia,Oficial,6.1700512,-75.5922482,,Simulacro 1,,11.0,,,115.0,0.0,16,40,28.0,49.0,SI,,115.0
ENV-0069,Envigado,Alejandro Vélez Barrientos,ALEJANDRO VÉLEZ BARRIENTOS,Envigado,Antioquia,Oficial,6.1700512,-75.5922482,,Simulacro 1,,11.0,,,94.0,0.0,12,24,21.0,75.0,SI,,94.0
ENV-0070,Envigado,Comercial,COMERCIAL,Envigado,Antioquia,Oficial,6.1534647,-75.5847027,,Simulacro 1,,11.0,,,308.0,78.0,72,30,57.0,91.0,SI,,308.0
ENV-0071,Envigado,Comercial,COMERCIAL,Envigado,Antioquia,Oficial,6.1534647,-75.5847027,,Simulacro 1,,11.0,,,278.0,71.0,48,52,53.0,49.0,SI,,278.0
ENV-0072,Envigado,Comercial,COMERCIAL,Envigado,Antioquia,Oficial,6.1534647,-75.5847027,,Simulacro 1,,11.0,,,270.0,66.0,38,66,36.0,84.0,SI,,270.0
ENV-0073,Envigado,Comercial,COMERCIAL,Envigado,Antioquia,Oficial,6.1534647,-75.5847027,,Simulacro 1,,11.0,,,254.0,76.0,28,40,48.0,85.0,SI,,254.0
ENV-0074,Envigado,Comercial,COMERCIAL,Envigado,Antioquia,Oficial,6.1534647,-75.5847027,,Simulacro 1,,11.0,,,254.0,71.0,32,60,41.0,47.0,SI,,254.0
ENV-0075,Envigado,Comercial,COMERCIAL,Envigado,Antioquia,Oficial,6.1534647,-75.5847027,,Simulacro 1,,11.0,,,248.0,61.0,44,52,41.0,49.0,SI,,248.0
ENV-0076,Envigado,Comercial,COMERCIAL,Envigado,Antioquia,Oficial,6.1534647,-75.5847027,,Simulacro 1,,11.0,,,245.0,76.0,40,18,60.0,55.0,SI,,245.0
ENV-0077,Envigado,Comercial,COMERCIAL,Envigado,Antioquia,Oficial,6.1534647,-75.5847027,,Simulacro 1,,11.0,,,243.0,49.0,38,52,59.0,40.0,SI,,243.0
ENV-0078,Envigado,Comercial,COMERCIAL,Envigado,Antioquia,Oficial,6.1534647,-75.5847027,,Simulacro 1,,11.0,,,241.0,68.0,26,58,31.0,76.0,SI,,241.0
ENV-0079,Envigado,Comercial,COMERCIAL,Envigado,Antioquia,Oficial,6.1534647,-75.5847027,,Simulacro 1,,11.0,,,229.0,71.0,32,38,47.0,35.0,SI,,229.0
ENV-0080,Envigado,Comercial,COMERCIAL,Envigado,Antioquia,Oficial,6.1534647,-75.5847027,,Simulacro 1,,11.0,,,228.0,39.0,42,62,31.0,71.0,SI,,228.0
ENV-0081,Envigado,Comercial,COMERCIAL,Envigado,Antioquia,Oficial,6.1534647,-75.5847027,,Simulacro 1,,11.0,,,225.0,22.0,42,56,66.0,29.0,SI,,225.0
ENV-0082,Envigado,Comercial,COMERCIAL,Envigado,Antioquia,Oficial,6.1534647,-75.5847027,,Simulacro 1,,11.0,,,224.0,61.0,32,44,45.0,38.0,SI,,224.0
ENV-0083,Envigado,Comercial,COMERCIAL,Envigado,Antioquia,Oficial,6.1534647,-75.5847027,,Simulacro 1,,11.0,,,223.0,59.0,18,38,60.0,56.0,SI,,223.0
ENV-0084,Envigado,Comercial,COMERCIAL,Envigado,Antioquia,Oficial,6.1534647,-75.5847027,,Simulacro 1,,11.0,,,223.0,71.0,32,28,38.0,73.0,SI,,223.0
ENV-0085,Envigado,Comercial,COMERCIAL,Envigado,Antioquia,Oficial,6.1534647,-75.5847027,,Simulacro 1,,11.0,,,222.0,59.0,34,54,22.0,69.0,SI,,222.0
ENV-0086,Envigado,Comercial,COMERCIAL,Envigado,Antioquia,Oficial,6.1534647,-75.5847027,,Simulacro 1,,11.0,,,221.0,51.0,46,54,28.0,38.0,SI,,221.0
ENV-0087,Envigado,Comercial,COMERCIAL,Envigado,Antioquia,Oficial,6.1534647,-75.5847027,,Simulacro 1,,11.0,,,220.0,61.0,42,40,33.0,44.0,SI,,220.0
ENV-0088,Envigado,Comercial,COMERCIAL,Envigado,Antioquia,Oficial,6.1534647,-75.5847027,,Simulacro 1,,11.0,,,214.0,61.0,28,30,52.0,44.0,SI,,214.0
ENV-0089,Envigado,Comercial,COMERCIAL,Envigado,Antioquia,Oficial,6.1534647,-75.5847027,,Simulacro 1,,11.0,,,212.0,46.0,28,36,50.0,69.0,SI,,212.0
ENV-0090,Envigado,Comercial,COMERCIAL,Envigado,Antioquia,Oficial,6.1534647,-75.5847027,,Simulacro 1,,11.0,,,211.0,76.0,30,36,16.0,76.0,SI,,211.0
ENV-0091,Envigado,Comercial,COMERCIAL,Envigado,Antioquia,Oficial,6.1534647,-75.5847027,,Simulacro 1,,11.0,,,210.0,56.0,36,36,38.0,49.0,SI,,210.0
ENV-0092,Envigado,Comercial,COMERCIAL,Envigado,Antioquia,Oficial,6.1534647,-75.5847027,,Simulacro 1,,11.0,,,210.0,49.0,34,40,41.0,55.0,SI,,210.0
ENV-0093,Envigado,Comercial,COMERCIAL,Envigado,Antioquia,Oficial,6.1534647,-75.5847027,,Simulacro 1,,11.0,,,205.0,68.0,34,30,31.0,44.0,SI,,205.0
ENV-0094,Envigado,Comercial,COMERCIAL,Envigado,Antioquia,Oficial,6.1534647,-75.5847027,,Simulacro 1,,11.0,,,205.0,51.0,48,24,36.0,55.0,SI,,205.0
ENV-0095,Envigado,Comercial,COMERCIAL,Envigado,Antioquia,Oficial,6.1534647,-75.5847027,,Simulacro 1,,11.0,,,203.0,54.0,28,44,41.0,25.0,SI,,203.0
ENV-0096,Envigado,Comercial,COMERCIAL,Envigado,Antioquia,Oficial,6.1534647,-75.5847027,,Simulacro 1,,11.0,,,200.0,59.0,28,32,43.0,36.0,SI,,200.0
ENV-0097,Envigado,Comercial,COMERCIAL,Envigado,Antioquia,Oficial,6.1534647,-75.5847027,,Simulacro 1,,11.0,,,196.0,44.0,30,30,50.0,49.0,SI,,196.0
ENV-0098,Envigado,Comercial,COMERCIAL,Envigado,Antioquia,Oficial,6.1534647,-75.5847027,,Simulacro 1,,11.0,,,193.0,54.0,28,30,36.0,58.0,SI,,193.0
ENV-0099,Envigado,Comercial,COMERCIAL,Envigado,Antioquia,Oficial,6.1534647,-75.5847027,,Simulacro 1,,11.0,,,191.0,49.0,38,32,29.0,53.0,SI,,191.0
ENV-0100,Envigado,Comercial,COMERCIAL,Envigado,Antioquia,Oficial,6.1534647,-75.5847027,,Simulacro 1,,11.0,,,191.0,49.0,30,18,50.0,56.0,SI,,191.0
ENV-0101,Envigado,Comercial,COMERCIAL,Envigado,Antioquia,Oficial,6.1534647,-75.5847027,,Simulacro 1,,11.0,,,189.0,22.0,38,54,40.0,31.0,SI,,189.0
ENV-0102,Envigado,Comercial,COMERCIAL,Envigado,Antioquia,Oficial,6.1534647,-75.5847027,,Simulacro 1,,11.0,,,188.0,46.0,30,36,34.0,49.0,SI,,188.0
ENV-0103,Envigado,Comercial,COMERCIAL,Envigado,Antioquia,Oficial,6.1534647,-75.5847027,,Simulacro 1,,11.0,,,188.0,41.0,38,34,36.0,40.0,SI,,188.0
ENV-0104,Envigado,Comercial,COMERCIAL,Envigado,Antioquia,Oficial,6.1534647,-75.5847027,,Simulacro 1,,11.0,,,188.0,41.0,22,56,33.0,31.0,SI,,188.0
ENV-0105,Envigado,Comercial,COMERCIAL,Envigado,Antioquia,Oficial,6.1534647,-75.5847027,,Simulacro 1,,11.0,,,186.0,41.0,26,30,41.0,67.0,SI,,186.0
ENV-0106,Envigado,Comercial,COMERCIAL,Envigado,Antioquia,Oficial,6.1534647,-75.5847027,,Simulacro 1,,11.0,,,185.0,39.0,18,40,50.0,40.0,SI,,185.0
ENV-0107,Envigado,Comercial,COMERCIAL,Envigado,Antioquia,Oficial,6.1534647,-75.5847027,,Simulacro 1,,11.0,,,183.0,51.0,36,22,38.0,35.0,SI,,183.0
ENV-0108,Envigado,Comercial,COMERCIAL,Envigado,Antioquia,Oficial,6.1534647,-75.5847027,,Simulacro 1,,11.0,,,181.0,54.0,26,32,34.0,33.0,SI,,181.0
ENV-0109,Envigado,Comercial,COMERCIAL,Envigado,Antioquia,Oficial,6.1534647,-75.5847027,,Simulacro 1,,11.0,,,181.0,41.0,26,50,29.0,29.0,SI,,181.0
ENV-0110,Envigado,Comercial,COMERCIAL,Envigado,Antioquia,Oficial,6.1534647,-75.5847027,,Simulacro 1,,11.0,,,180.0,41.0,34,34,31.0,47.0,SI,,180.0
ENV-0111,Envigado,Comercial,COMERCIAL,Envigado,Antioquia,Oficial,6.1534647,-75.5847027,,Simulacro 1,,11.0,,,179.0,71.0,18,22,33.0,35.0,SI,,179.0
ENV-0112,Envigado,Comercial,COMERCIAL,Envigado,Antioquia,Oficial,6.1534647,-75.5847027,,Simulacro 1,,11.0,,,175.0,44.0,26,34,33.0,45.0,SI,,175.0
ENV-0113,Envigado,Comercial,COMERCIAL,Envigado,Antioquia,Oficial,6.1534647,-75.5847027,,Simulacro 1,,11.0,,,174.0,46.0,34,32,24.0,44.0,SI,,174.0
ENV-0114,Envigado,Comercial,COMERCIAL,Envigado,Antioquia,Oficial,6.1534647,-75.5847027,,Simulacro 1,,11.0,,,173.0,39.0,38,40,22.0,33.0,SI,,173.0
ENV-0115,Envigado,Comercial,COMERCIAL,Envigado,Antioquia,Oficial,6.1534647,-75.5847027,,Simulacro 1,,11.0,,,173.0,39.0,28,32,38.0,40.0,SI,,173.0
ENV-0116,Envigado,Comercial,COMERCIAL,Envigado,Antioquia,Oficial,6.1534647,-75.5847027,,Simulacro 1,,11.0,,,171.0,34.0,40,22,41.0,31.0,SI,,171.0
ENV-0117,Envigado,Comercial,COMERCIAL,Envigado,Antioquia,Oficial,6.1534647,-75.5847027,,Simulacro 1,,11.0,,,170.0,54.0,24,30,31.0,25.0,SI,,170.0
ENV-0118,Envigado,Comercial,COMERCIAL,Envigado,Antioquia,Oficial,6.1534647,-75.5847027,,Simulacro 1,,11.0,,,167.0,39.0,28,34,29.0,44.0,SI,,167.0
ENV-0119,Envigado,Comercial,COMERCIAL,Envigado,Antioquia,Oficial,6.1534647,-75.5847027,,Simulacro 1,,11.0,,,165.0,49.0,28,14,40.0,38.0,SI,,165.0
ENV-0120,Envigado,Comercial,COMERCIAL,Envigado,Antioquia,Oficial,6.1534647,-75.5847027,,Simulacro 1,,11.0,,,165.0,46.0,32,22,31.0,35.0,SI,,165.0
ENV-0121,Envigado,Comercial,COMERCIAL,Envigado,Antioquia,Oficial,6.1534647,-75.5847027,,Simulacro 1,,11.0,,,155.0,46.0,22,28,28.0,31.0,SI,,155.0
ENV-0122,Envigado,Comercial,COMERCIAL,Envigado,Antioquia,Oficial,6.1534647,-75.5847027,,Simulacro 1,,11.0,,,155.0,37.0,30,30,24.0,40.0,SI,,155.0
ENV-0123,Envigado,Comercial,COMERCIAL,Envigado,Antioquia,Oficial,6.1534647,-75.5847027,,Simulacro 1,,11.0,,,153.0,29.0,30,22,38.0,40.0,SI,,153.0
ENV-0124,Envigado,Comercial,COMERCIAL,Envigado,Antioquia,Oficial,6.1534647,-75.5847027,,Simulacro 1,,11.0,,,152.0,20.0,26,34,36.0,49.0,SI,,152.0
ENV-0125,Envigado,Comercial,COMERCIAL,Envigado,Antioquia,Oficial,6.1534647,-75.5847027,,Simulacro 1,,11.0,,,151.0,49.0,22,24,29.0,20.0,SI,,151.0
ENV-0126,Envigado,Comercial,COMERCIAL,Envigado,Antioquia,Oficial,6.1534647,-75.5847027,,Simulacro 1,,11.0,,,144.0,34.0,26,36,16.0,40.0,SI,,144.0
ENV-0127,Envigado,Comercial,COMERCIAL,Envigado,Antioquia,Oficial,6.1534647,-75.5847027,,Simulacro 1,,11.0,,,144.0,27.0,34,22,29.0,38.0,SI,,144.0
ENV-0128,Envigado,Comercial,COMERCIAL,Envigado,Antioquia,Oficial,6.1534647,-75.5847027,,Simulacro 1,,11.0,,,143.0,39.0,24,24,22.0,44.0,SI,,143.0
ENV-0129,Envigado,Comercial,COMERCIAL,Envigado,Antioquia,Oficial,6.1534647,-75.5847027,,Simulacro 1,,11.0,,,141.0,15.0,26,26,38.0,53.0,SI,,141.0
ENV-0130,Envigado,Comercial,COMERCIAL,Envigado,Antioquia,Oficial,6.1534647,-75.5847027,,Simulacro 1,,11.0,,,134.0,24.0,32,22,26.0,36.0,SI,,134.0
ENV-0131,Envigado,Comercial,COMERCIAL,Envigado,Antioquia,Oficial,6.1534647,-75.5847027,,Simulacro 1,,11.0,,,130.0,27.0,30,22,21.0,38.0,SI,,130.0
ENV-0132,Envigado,Comercial,COMERCIAL,Envigado,Antioquia,Oficial,6.1534647,-75.5847027,,Simulacro 1,,11.0,,,128.0,22.0,16,22,33.0,55.0,SI,,128.0
ENV-0133,Envigado,Comercial,COMERCIAL,Envigado,Antioquia,Oficial,6.1534647,-75.5847027,,Simulacro 1,,11.0,,,127.0,17.0,26,24,29.0,42.0,SI,,127.0
ENV-0134,Envigado,Comercial,COMERCIAL,Envigado,Antioquia,Oficial,6.1534647,-75.5847027,,Simulacro 1,,11.0,,,127.0,46.0,28,10,26.0,0.0,SI,,127.0
ENV-0135,Envigado,Comercial,COMERCIAL,Envigado,Antioquia,Oficial,6.1534647,-75.5847027,,Simulacro 1,,11.0,,,125.0,32.0,18,12,34.0,36.0,SI,,125.0
ENV-0136,Envigado,Comercial,COMERCIAL,Envigado,Antioquia,Oficial,6.1534647,-75.5847027,,Simulacro 1,,11.0,,,123.0,29.0,10,24,28.0,47.0,SI,,123.0
ENV-0137,Envigado,Comercial,COMERCIAL,Envigado,Antioquia,Oficial,6.1534647,-75.5847027,,Simulacro 1,,11.0,,,117.0,22.0,20,22,29.0,25.0,SI,,117.0
ENV-0138,Envigado,Comercial,COMERCIAL,Envigado,Antioquia,Oficial,6.1534647,-75.5847027,,Simulacro 1,,11.0,,,114.0,27.0,20,16,26.0,31.0,SI,,114.0
ENV-0139,Envigado,Comercial,COMERCIAL,Envigado,Antioquia,Oficial,6.1534647,-75.5847027,,Simulacro 1,,11.0,,,114.0,54.0,18,20,7.0,0.0,SI,,114.0
ENV-0140,Envigado,Comercial,COMERCIAL,Envigado,Antioquia,Oficial,6.1534647,-75.5847027,,Simulacro 1,,11.0,,,112.0,17.0,22,16,28.0,44.0,SI,,112.0
ENV-0141,Envigado,Comercial,COMERCIAL,Envigado,Antioquia,Oficial,6.1534647,-75.5847027,,Simulacro 1,,11.0,,,63.0,0.0,16,6,19.0,40.0,SI,,63.0
ENV-0142,Envigado,Darío de Bedout,DARÍO DE BEDOUT,Envigado,Antioquia,Oficial,6.1679396,-75.578613,,Simulacro 1,,11.0,,,282.0,63.0,38,78,41.0,71.0,SI,,282.0
ENV-0143,Envigado,Darío de Bedout,DARÍO DE BEDOUT,Envigado,Antioquia,Oficial,6.1679396,-75.578613,,Simulacro 1,,11.0,,,277.0,59.0,38,52,62.0,89.0,SI,,277.0
ENV-0144,Envigado,Darío de Bedout,DARÍO DE BEDOUT,Envigado,Antioquia,Oficial,6.1679396,-75.578613,,Simulacro 1,,11.0,,,262.0,61.0,32,54,60.0,60.0,SI,,262.0
ENV-0145,Envigado,Darío de Bedout,DARÍO DE BEDOUT,Envigado,Antioquia,Oficial,6.1679396,-75.578613,,Simulacro 1,,11.0,,,247.0,76.0,30,58,38.0,38.0,SI,,247.0
ENV-0146,Envigado,Darío de Bedout,DARÍO DE BEDOUT,Envigado,Antioquia,Oficial,6.1679396,-75.578613,,Simulacro 1,,11.0,,,231.0,66.0,28,50,36.0,60.0,SI,,231.0
ENV-0147,Envigado,Darío de Bedout,DARÍO DE BEDOUT,Envigado,Antioquia,Oficial,6.1679396,-75.578613,,Simulacro 1,,11.0,,,228.0,61.0,48,28,38.0,69.0,SI,,228.0
ENV-0148,Envigado,Darío de Bedout,DARÍO DE BEDOUT,Envigado,Antioquia,Oficial,6.1679396,-75.578613,,Simulacro 1,,11.0,,,220.0,39.0,32,52,43.0,75.0,SI,,220.0
ENV-0149,Envigado,Darío de Bedout,DARÍO DE BEDOUT,Envigado,Antioquia,Oficial,6.1679396,-75.578613,,Simulacro 1,,11.0,,,214.0,54.0,34,48,36.0,42.0,SI,,214.0
ENV-0150,Envigado,Darío de Bedout,DARÍO DE BEDOUT,Envigado,Antioquia,Oficial,6.1679396,-75.578613,,Simulacro 1,,11.0,,,214.0,54.0,32,50,36.0,42.0,SI,,214.0
ENV-0151,Envigado,Darío de Bedout,DARÍO DE BEDOUT,Envigado,Antioquia,Oficial,6.1679396,-75.578613,,Simulacro 1,,11.0,,,211.0,46.0,26,52,45.0,42.0,SI,,211.0
ENV-0152,Envigado,Darío de Bedout,DARÍO DE BEDOUT,Envigado,Antioquia,Oficial,6.1679396,-75.578613,,Simulacro 1,,11.0,,,208.0,51.0,26,44,41.0,53.0,SI,,208.0
ENV-0153,Envigado,Darío de Bedout,DARÍO DE BEDOUT,Envigado,Antioquia,Oficial,6.1679396,-75.578613,,Simulacro 1,,11.0,,,195.0,49.0,38,28,43.0,33.0,SI,,195.0
ENV-0154,Envigado,Darío de Bedout,DARÍO DE BEDOUT,Envigado,Antioquia,Oficial,6.1679396,-75.578613,,Simulacro 1,,11.0,,,184.0,44.0,32,50,22.0,33.0,SI,,184.0
ENV-0155,Envigado,José Manuel Restrepo,JOSÉ MANUEL RESTREPO,Envigado,Antioquia,Oficial,6.1715726,-75.5908994,,Simulacro 1,,11.0,,,341.0,80.0,46,88,52.0,89.0,SI,,341.0
ENV-0156,Envigado,José Manuel Restrepo,JOSÉ MANUEL RESTREPO,Envigado,Antioquia,Oficial,6.1715726,-75.5908994,,Simulacro 1,,11.0,,,341.0,83.0,46,82,55.0,89.0,SI,,341.0
ENV-0157,Envigado,José Manuel Restrepo,JOSÉ MANUEL RESTREPO,Envigado,Antioquia,Oficial,6.1715726,-75.5908994,,Simulacro 1,,11.0,,,332.0,66.0,40,88,64.0,91.0,SI,,332.0
ENV-0158,Envigado,José Manuel Restrepo,JOSÉ MANUEL RESTREPO,Envigado,Antioquia,Oficial,6.1715726,-75.5908994,,Simulacro 1,,11.0,,,328.0,80.0,22,70,88.0,71.0,SI,,328.0
ENV-0159,Envigado,José Manuel Restrepo,JOSÉ MANUEL RESTREPO,Envigado,Antioquia,Oficial,6.1715726,-75.5908994,,Simulacro 1,,11.0,,,327.0,73.0,32,80,69.0,87.0,SI,,327.0
ENV-0160,Envigado,José Manuel Restrepo,JOSÉ MANUEL RESTREPO,Envigado,Antioquia,Oficial,6.1715726,-75.5908994,,Simulacro 1,,11.0,,,320.0,63.0,54,70,60.0,89.0,SI,,320.0
ENV-0161,Envigado,José Manuel Restrepo,JOSÉ MANUEL RESTREPO,Envigado,Antioquia,Oficial,6.1715726,-75.5908994,,Simulacro 1,,11.0,,,310.0,66.0,42,74,67.0,58.0,SI,,310.0
ENV-0162,Envigado,José Manuel Restrepo,JOSÉ MANUEL RESTREPO,Envigado,Antioquia,Oficial,6.1715726,-75.5908994,,Simulacro 1,,11.0,,,307.0,66.0,40,88,55.0,51.0,SI,,307.0
ENV-0163,Envigado,José Manuel Restrepo,JOSÉ MANUEL RESTREPO,Envigado,Antioquia,Oficial,6.1715726,-75.5908994,,Simulacro 1,,11.0,,,301.0,68.0,40,70,60.0,67.0,SI,,301.0
ENV-0164,Envigado,José Manuel Restrepo,JOSÉ MANUEL RESTREPO,Envigado,Antioquia,Oficial,6.1715726,-75.5908994,,Simulacro 1,,11.0,,,300.0,68.0,40,72,55.0,73.0,SI,,300.0
ENV-0165,Envigado,José Manuel Restrepo,JOSÉ MANUEL RESTREPO,Envigado,Antioquia,Oficial,6.1715726,-75.5908994,,Simulacro 1,,11.0,,,292.0,73.0,38,68,48.0,76.0,SI,,292.0
ENV-0166,Envigado,José Manuel Restrepo,JOSÉ MANUEL RESTREPO,Envigado,Antioquia,Oficial,6.1715726,-75.5908994,,Simulacro 1,,11.0,,,286.0,76.0,30,72,50.0,60.0,SI,,286.0
ENV-0167,Envigado,José Manuel Restrepo,JOSÉ MANUEL RESTREPO,Envigado,Antioquia,Oficial,6.1715726,-75.5908994,,Simulacro 1,,11.0,,,267.0,59.0,36,74,52.0,33.0,SI,,267.0
ENV-0168,Envigado,José Manuel Restrepo,JOSÉ MANUEL RESTREPO,Envigado,Antioquia,Oficial,6.1715726,-75.5908994,,Simulacro 1,,11.0,,,267.0,68.0,48,34,52.0,87.0,SI,,267.0
ENV-0169,Envigado,José Manuel Restrepo,JOSÉ MANUEL RESTREPO,Envigado,Antioquia,Oficial,6.1715726,-75.5908994,,Simulacro 1,,11.0,,,266.0,49.0,44,70,50.0,53.0,SI,,266.0
ENV-0170,Envigado,José Manuel Restrepo,JOSÉ MANUEL RESTREPO,Envigado,Antioquia,Oficial,6.1715726,-75.5908994,,Simulacro 1,,11.0,,,265.0,37.0,38,74,52.0,89.0,SI,,265.0
ENV-0171,Envigado,José Manuel Restrepo,JOSÉ MANUEL RESTREPO,Envigado,Antioquia,Oficial,6.1715726,-75.5908994,,Simulacro 1,,11.0,,,256.0,41.0,44,56,53.0,80.0,SI,,256.0
ENV-0172,Envigado,José Manuel Restrepo,JOSÉ MANUEL RESTREPO,Envigado,Antioquia,Oficial,6.1715726,-75.5908994,,Simulacro 1,,11.0,,,255.0,68.0,36,60,31.0,76.0,SI,,255.0
ENV-0173,Envigado,José Manuel Restrepo,JOSÉ MANUEL RESTREPO,Envigado,Antioquia,Oficial,6.1715726,-75.5908994,,Simulacro 1,,11.0,,,253.0,54.0,44,40,52.0,89.0,SI,,253.0
ENV-0174,Envigado,José Manuel Restrepo,JOSÉ MANUEL RESTREPO,Envigado,Antioquia,Oficial,6.1715726,-75.5908994,,Simulacro 1,,11.0,,,252.0,66.0,24,58,48.0,67.0,SI,,252.0
ENV-0175,Envigado,José Manuel Restrepo,JOSÉ MANUEL RESTREPO,Envigado,Antioquia,Oficial,6.1715726,-75.5908994,,Simulacro 1,,11.0,,,247.0,54.0,34,50,48.0,85.0,SI,,247.0
ENV-0176,Envigado,José Manuel Restrepo,JOSÉ MANUEL RESTREPO,Envigado,Antioquia,Oficial,6.1715726,-75.5908994,,Simulacro 1,,11.0,,,247.0,63.0,28,48,55.0,58.0,SI,,247.0
ENV-0177,Envigado,José Manuel Restrepo,JOSÉ MANUEL RESTREPO,Envigado,Antioquia,Oficial,6.1715726,-75.5908994,,Simulacro 1,,11.0,,,240.0,56.0,42,52,38.0,60.0,SI,,240.0
ENV-0178,Envigado,José Manuel Restrepo,JOSÉ MANUEL RESTREPO,Envigado,Antioquia,Oficial,6.1715726,-75.5908994,,Simulacro 1,,11.0,,,239.0,63.0,30,50,36.0,82.0,SI,,239.0
ENV-0179,Envigado,José Manuel Restrepo,JOSÉ MANUEL RESTREPO,Envigado,Antioquia,Oficial,6.1715726,-75.5908994,,Simulacro 1,,11.0,,,238.0,61.0,44,42,33.0,80.0,SI,,238.0
ENV-0180,Envigado,José Manuel Restrepo,JOSÉ MANUEL RESTREPO,Envigado,Antioquia,Oficial,6.1715726,-75.5908994,,Simulacro 1,,11.0,,,238.0,46.0,44,52,45.0,56.0,SI,,238.0
ENV-0181,Envigado,José Manuel Restrepo,JOSÉ MANUEL RESTREPO,Envigado,Antioquia,Oficial,6.1715726,-75.5908994,,Simulacro 1,,11.0,,,234.0,59.0,32,46,47.0,58.0,SI,,234.0
ENV-0182,Envigado,José Manuel Restrepo,JOSÉ MANUEL RESTREPO,Envigado,Antioquia,Oficial,6.1715726,-75.5908994,,Simulacro 1,,11.0,,,232.0,61.0,34,34,48.0,71.0,SI,,232.0
ENV-0183,Envigado,José Manuel Restrepo,JOSÉ MANUEL RESTREPO,Envigado,Antioquia,Oficial,6.1715726,-75.5908994,,Simulacro 1,,11.0,,,232.0,32.0,42,64,43.0,60.0,SI,,232.0
ENV-0184,Envigado,José Manuel Restrepo,JOSÉ MANUEL RESTREPO,Envigado,Antioquia,Oficial,6.1715726,-75.5908994,,Simulacro 1,,11.0,,,232.0,51.0,46,36,40.0,84.0,SI,,232.0
ENV-0185,Envigado,José Manuel Restrepo,JOSÉ MANUEL RESTREPO,Envigado,Antioquia,Oficial,6.1715726,-75.5908994,,Simulacro 1,,11.0,,,228.0,37.0,28,66,55.0,36.0,SI,,228.0
ENV-0186,Envigado,José Manuel Restrepo,JOSÉ MANUEL RESTREPO,Envigado,Antioquia,Oficial,6.1715726,-75.5908994,,Simulacro 1,,11.0,,,227.0,44.0,38,36,50.0,85.0,SI,,227.0
ENV-0187,Envigado,José Manuel Restrepo,JOSÉ MANUEL RESTREPO,Envigado,Antioquia,Oficial,6.1715726,-75.5908994,,Simulacro 1,,11.0,,,225.0,66.0,32,38,34.0,73.0,SI,,225.0
ENV-0188,Envigado,José Manuel Restrepo,JOSÉ MANUEL RESTREPO,Envigado,Antioquia,Oficial,6.1715726,-75.5908994,,Simulacro 1,,11.0,,,223.0,49.0,24,58,48.0,44.0,SI,,223.0
ENV-0189,Envigado,José Manuel Restrepo,JOSÉ MANUEL RESTREPO,Envigado,Antioquia,Oficial,6.1715726,-75.5908994,,Simulacro 1,,11.0,,,223.0,51.0,44,36,31.0,93.0,SI,,223.0
ENV-0190,Envigado,José Manuel Restrepo,JOSÉ MANUEL RESTREPO,Envigado,Antioquia,Oficial,6.1715726,-75.5908994,,Simulacro 1,,11.0,,,223.0,71.0,34,38,26.0,73.0,SI,,223.0
ENV-0191,Envigado,José Manuel Restrepo,JOSÉ MANUEL RESTREPO,Envigado,Antioquia,Oficial,6.1715726,-75.5908994,,Simulacro 1,,11.0,,,220.0,63.0,38,34,40.0,47.0,SI,,220.0
ENV-0192,Envigado,José Manuel Restrepo,JOSÉ MANUEL RESTREPO,Envigado,Antioquia,Oficial,6.1715726,-75.5908994,,Simulacro 1,,11.0,,,219.0,59.0,28,42,38.0,71.0,SI,,219.0
ENV-0193,Envigado,José Manuel Restrepo,JOSÉ MANUEL RESTREPO,Envigado,Antioquia,Oficial,6.1715726,-75.5908994,,Simulacro 1,,11.0,,,217.0,56.0,42,30,29.0,91.0,SI,,217.0
ENV-0194,Envigado,José Manuel Restrepo,JOSÉ MANUEL RESTREPO,Envigado,Antioquia,Oficial,6.1715726,-75.5908994,,Simulacro 1,,11.0,,,215.0,68.0,34,44,14.0,80.0,SI,,215.0
ENV-0195,Envigado,José Manuel Restrepo,JOSÉ MANUEL RESTREPO,Envigado,Antioquia,Oficial,6.1715726,-75.5908994,,Simulacro 1,,11.0,,,215.0,49.0,26,40,45.0,80.0,SI,,215.0
ENV-0196,Envigado,José Manuel Restrepo,JOSÉ MANUEL RESTREPO,Envigado,Antioquia,Oficial,6.1715726,-75.5908994,,Simulacro 1,,11.0,,,214.0,68.0,32,36,38.0,35.0,SI,,214.0
ENV-0197,Envigado,José Manuel Restrepo,JOSÉ MANUEL RESTREPO,Envigado,Antioquia,Oficial,6.1715726,-75.5908994,,Simulacro 1,,11.0,,,213.0,29.0,36,66,34.0,56.0,SI,,213.0
ENV-0198,Envigado,José Manuel Restrepo,JOSÉ MANUEL RESTREPO,Envigado,Antioquia,Oficial,6.1715726,-75.5908994,,Simulacro 1,,11.0,,,212.0,54.0,26,58,33.0,40.0,SI,,212.0
ENV-0199,Envigado,José Manuel Restrepo,JOSÉ MANUEL RESTREPO,Envigado,Antioquia,Oficial,6.1715726,-75.5908994,,Simulacro 1,,11.0,,,212.0,61.0,36,38,33.0,47.0,SI,,212.0
ENV-0200,Envigado,José Manuel Restrepo,JOSÉ MANUEL RESTREPO,Envigado,Antioquia,Oficial,6.1715726,-75.5908994,,Simulacro 1,,11.0,,,211.0,41.0,30,36,45.0,93.0,SI,,211.0
ENV-0201,Envigado,José Manuel Restrepo,JOSÉ MANUEL RESTREPO,Envigado,Antioquia,Oficial,6.1715726,-75.5908994,,Simulacro 1,,11.0,,,209.0,61.0,28,48,24.0,60.0,SI,,209.0
ENV-0202,Envigado,José Manuel Restrepo,JOSÉ MANUEL RESTREPO,Envigado,Antioquia,Oficial,6.1715726,-75.5908994,,Simulacro 1,,11.0,,,202.0,59.0,28,30,43.0,45.0,SI,,202.0
ENV-0203,Envigado,José Manuel Restrepo,JOSÉ MANUEL RESTREPO,Envigado,Antioquia,Oficial,6.1715726,-75.5908994,,Simulacro 1,,11.0,,,201.0,56.0,26,44,36.0,36.0,SI,,201.0
ENV-0204,Envigado,José Manuel Restrepo,JOSÉ MANUEL RESTREPO,Envigado,Antioquia,Oficial,6.1715726,-75.5908994,,Simulacro 1,,11.0,,,201.0,59.0,24,30,36.0,76.0,SI,,201.0
ENV-0205,Envigado,José Manuel Restrepo,JOSÉ MANUEL RESTREPO,Envigado,Antioquia,Oficial,6.1715726,-75.5908994,,Simulacro 1,,11.0,,,199.0,46.0,42,32,26.0,80.0,SI,,199.0
ENV-0206,Envigado,José Manuel Restrepo,JOSÉ MANUEL RESTREPO,Envigado,Antioquia,Oficial,6.1715726,-75.5908994,,Simulacro 1,,11.0,,,195.0,44.0,26,38,40.0,64.0,SI,,195.0
ENV-0207,Envigado,José Manuel Restrepo,JOSÉ MANUEL RESTREPO,Envigado,Antioquia,Oficial,6.1715726,-75.5908994,,Simulacro 1,,11.0,,,195.0,59.0,36,38,14.0,67.0,SI,,195.0
ENV-0208,Envigado,José Manuel Restrepo,JOSÉ MANUEL RESTREPO,Envigado,Antioquia,Oficial,6.1715726,-75.5908994,,Simulacro 1,,11.0,,,194.0,54.0,26,26,41.0,64.0,SI,,194.0
ENV-0209,Envigado,José Manuel Restrepo,JOSÉ MANUEL RESTREPO,Envigado,Antioquia,Oficial,6.1715726,-75.5908994,,Simulacro 1,,11.0,,,193.0,61.0,26,30,28.0,69.0,SI,,193.0
ENV-0210,Envigado,José Manuel Restrepo,JOSÉ MANUEL RESTREPO,Envigado,Antioquia,Oficial,6.1715726,-75.5908994,,Simulacro 1,,11.0,,,193.0,56.0,20,38,31.0,65.0,SI,,193.0
ENV-0211,Envigado,José Manuel Restrepo,JOSÉ MANUEL RESTREPO,Envigado,Antioquia,Oficial,6.1715726,-75.5908994,,Simulacro 1,,11.0,,,192.0,34.0,46,34,34.0,55.0,SI,,192.0
ENV-0212,Envigado,José Manuel Restrepo,JOSÉ MANUEL RESTREPO,Envigado,Antioquia,Oficial,6.1715726,-75.5908994,,Simulacro 1,,11.0,,,192.0,39.0,34,28,43.0,67.0,SI,,192.0
ENV-0213,Envigado,José Manuel Restrepo,JOSÉ MANUEL RESTREPO,Envigado,Antioquia,Oficial,6.1715726,-75.5908994,,Simulacro 1,,11.0,,,185.0,17.0,28,54,40.0,64.0,SI,,185.0
ENV-0214,Envigado,José Manuel Restrepo,JOSÉ MANUEL RESTREPO,Envigado,Antioquia,Oficial,6.1715726,-75.5908994,,Simulacro 1,,11.0,,,183.0,46.0,22,32,36.0,67.0,SI,,183.0
ENV-0215,Envigado,José Manuel Restrepo,JOSÉ MANUEL RESTREPO,Envigado,Antioquia,Oficial,6.1715726,-75.5908994,,Simulacro 1,,11.0,,,180.0,39.0,32,36,36.0,38.0,SI,,180.0
ENV-0216,Envigado,José Manuel Restrepo,JOSÉ MANUEL RESTREPO,Envigado,Antioquia,Oficial,6.1715726,-75.5908994,,Simulacro 1,,11.0,,,179.0,56.0,32,28,22.0,49.0,SI,,179.0
ENV-0217,Envigado,José Manuel Restrepo,JOSÉ MANUEL RESTREPO,Envigado,Antioquia,Oficial,6.1715726,-75.5908994,,Simulacro 1,,11.0,,,179.0,32.0,28,22,48.0,75.0,SI,,179.0
ENV-0218,Envigado,José Manuel Restrepo,JOSÉ MANUEL RESTREPO,Envigado,Antioquia,Oficial,6.1715726,-75.5908994,,Simulacro 1,,11.0,,,177.0,44.0,36,26,33.0,45.0,SI,,177.0
ENV-0219,Envigado,José Manuel Restrepo,JOSÉ MANUEL RESTREPO,Envigado,Antioquia,Oficial,6.1715726,-75.5908994,,Simulacro 1,,11.0,,,176.0,54.0,34,16,21.0,85.0,SI,,176.0
ENV-0220,Envigado,José Manuel Restrepo,JOSÉ MANUEL RESTREPO,Envigado,Antioquia,Oficial,6.1715726,-75.5908994,,Simulacro 1,,11.0,,,176.0,29.0,26,38,34.0,75.0,SI,,176.0
ENV-0221,Envigado,José Manuel Restrepo,JOSÉ MANUEL RESTREPO,Envigado,Antioquia,Oficial,6.1715726,-75.5908994,,Simulacro 1,,11.0,,,170.0,41.0,26,32,34.0,40.0,SI,,170.0
ENV-0222,Envigado,José Manuel Restrepo,JOSÉ MANUEL RESTREPO,Envigado,Antioquia,Oficial,6.1715726,-75.5908994,,Simulacro 1,,11.0,,,169.0,39.0,16,30,47.0,45.0,SI,,169.0
ENV-0223,Envigado,José Manuel Restrepo,JOSÉ MANUEL RESTREPO,Envigado,Antioquia,Oficial,6.1715726,-75.5908994,,Simulacro 1,,11.0,,,168.0,44.0,30,28,28.0,47.0,SI,,168.0
ENV-0224,Envigado,José Manuel Restrepo,JOSÉ MANUEL RESTREPO,Envigado,Antioquia,Oficial,6.1715726,-75.5908994,,Simulacro 1,,11.0,,,166.0,39.0,20,36,33.0,47.0,SI,,166.0
ENV-0225,Envigado,José Manuel Restrepo,JOSÉ MANUEL RESTREPO,Envigado,Antioquia,Oficial,6.1715726,-75.5908994,,Simulacro 1,,11.0,,,166.0,37.0,30,28,26.0,69.0,SI,,166.0
ENV-0226,Envigado,José Manuel Restrepo,JOSÉ MANUEL RESTREPO,Envigado,Antioquia,Oficial,6.1715726,-75.5908994,,Simulacro 1,,11.0,,,165.0,34.0,32,42,22.0,38.0,SI,,165.0
ENV-0227,Envigado,José Manuel Restrepo,JOSÉ MANUEL RESTREPO,Envigado,Antioquia,Oficial,6.1715726,-75.5908994,,Simulacro 1,,11.0,,,163.0,51.0,24,28,29.0,27.0,SI,,163.0
ENV-0228,Envigado,José Manuel Restrepo,JOSÉ MANUEL RESTREPO,Envigado,Antioquia,Oficial,6.1715726,-75.5908994,,Simulacro 1,,11.0,,,161.0,34.0,32,30,26.0,53.0,SI,,161.0
ENV-0229,Envigado,José Manuel Restrepo,JOSÉ MANUEL RESTREPO,Envigado,Antioquia,Oficial,6.1715726,-75.5908994,,Simulacro 1,,11.0,,,160.0,22.0,36,40,24.0,51.0,SI,,160.0
ENV-0230,Envigado,José Manuel Restrepo,JOSÉ MANUEL RESTREPO,Envigado,Antioquia,Oficial,6.1715726,-75.5908994,,Simulacro 1,,11.0,,,160.0,29.0,32,32,28.0,53.0,SI,,160.0
ENV-0231,Envigado,José Manuel Restrepo,JOSÉ MANUEL RESTREPO,Envigado,Antioquia,Oficial,6.1715726,-75.5908994,,Simulacro 1,,11.0,,,160.0,27.0,34,36,28.0,42.0,SI,,160.0
ENV-0232,Envigado,José Manuel Restrepo,JOSÉ MANUEL RESTREPO,Envigado,Antioquia,Oficial,6.1715726,-75.5908994,,Simulacro 1,,11.0,,,158.0,34.0,30,20,34.0,55.0,SI,,158.0
ENV-0233,Envigado,José Manuel Restrepo,JOSÉ MANUEL RESTREPO,Envigado,Antioquia,Oficial,6.1715726,-75.5908994,,Simulacro 1,,11.0,,,157.0,32.0,36,22,21.0,76.0,SI,,157.0
ENV-0234,Envigado,José Manuel Restrepo,JOSÉ MANUEL RESTREPO,Envigado,Antioquia,Oficial,6.1715726,-75.5908994,,Simulacro 1,,11.0,,,152.0,37.0,18,28,22.0,80.0,SI,,152.0
ENV-0235,Envigado,José Manuel Restrepo,JOSÉ MANUEL RESTREPO,Envigado,Antioquia,Oficial,6.1715726,-75.5908994,,Simulacro 1,,11.0,,,149.0,32.0,26,30,24.0,51.0,SI,,149.0
ENV-0236,Envigado,José Manuel Restrepo,JOSÉ MANUEL RESTREPO,Envigado,Antioquia,Oficial,6.1715726,-75.5908994,,Simulacro 1,,11.0,,,147.0,37.0,38,30,10.0,38.0,SI,,147.0
ENV-0237,Envigado,José Manuel Restrepo,JOSÉ MANUEL RESTREPO,Envigado,Antioquia,Oficial,6.1715726,-75.5908994,,Simulacro 1,,11.0,,,143.0,27.0,20,40,28.0,29.0,SI,,143.0
ENV-0238,Envigado,José Manuel Restrepo,JOSÉ MANUEL RESTREPO,Envigado,Antioquia,Oficial,6.1715726,-75.5908994,,Simulacro 1,,11.0,,,137.0,0.0,20,40,38.0,62.0,SI,,137.0
ENV-0239,Envigado,José Manuel Restrepo,JOSÉ MANUEL RESTREPO,Envigado,Antioquia,Oficial,6.1715726,-75.5908994,,Simulacro 1,,11.0,,,126.0,17.0,28,24,26.0,44.0,SI,,126.0
ENV-0240,Envigado,José Manuel Restrepo,JOSÉ MANUEL RESTREPO,Envigado,Antioquia,Oficial,6.1715726,-75.5908994,,Simulacro 1,,11.0,,,125.0,51.0,18,18,21.0,0.0,SI,,125.0
ENV-0241,Envigado,José Manuel Restrepo,JOSÉ MANUEL RESTREPO,Envigado,Antioquia,Oficial,6.1715726,-75.5908994,,Simulacro 1,,11.0,,,117.0,34.0,18,16,17.0,49.0,SI,,117.0
ENV-0242,Envigado,José Manuel Restrepo,JOSÉ MANUEL RESTREPO,Envigado,Antioquia,Oficial,6.1715726,-75.5908994,,Simulacro 1,,11.0,,,113.0,54.0,20,12,12.0,0.0,SI,,113.0
ENV-0243,Envigado,José Manuel Restrepo,JOSÉ MANUEL RESTREPO,Envigado,Antioquia,Oficial,6.1715726,-75.5908994,,Simulacro 1,,11.0,,,103.0,0.0,16,32,14.0,84.0,SI,,103.0
ENV-0244,Envigado,José Manuel Restrepo,JOSÉ MANUEL RESTREPO,Envigado,Antioquia,Oficial,6.1715726,-75.5908994,,Simulacro 1,,11.0,,,80.0,0.0,16,18,14.0,65.0,SI,,80.0
ENV-0245,Envigado,José Manuel Restrepo,JOSÉ MANUEL RESTREPO,Envigado,Antioquia,Oficial,6.1715726,-75.5908994,,Simulacro 1,,11.0,,,61.0,0.0,14,14,14.0,33.0,SI,,61.0
ENV-0246,Envigado,José Miguel de la Calle,JOSÉ MIGUEL DE LA CALLE,Envigado,Antioquia,Oficial,6.1726759,-75.5812295,,Simulacro 1,,11.0,,,378.0,88.0,56,90,64.0,89.0,SI,,378.0
ENV-0247,Envigado,José Miguel de la Calle,JOSÉ MIGUEL DE LA CALLE,Envigado,Antioquia,Oficial,6.1726759,-75.5812295,,Simulacro 1,,11.0,,,310.0,68.0,28,82,60.0,91.0,SI,,310.0
ENV-0248,Envigado,José Miguel de la Calle,JOSÉ MIGUEL DE LA CALLE,Envigado,Antioquia,Oficial,6.1726759,-75.5812295,,Simulacro 1,,11.0,,,304.0,83.0,34,72,52.0,67.0,SI,,304.0
ENV-0249,Envigado,José Miguel de la Calle,JOSÉ MIGUEL DE LA CALLE,Envigado,Antioquia,Oficial,6.1726759,-75.5812295,,Simulacro 1,,11.0,,,284.0,59.0,44,66,48.0,89.0,SI,,284.0
ENV-0250,Envigado,José Miguel de la Calle,JOSÉ MIGUEL DE LA CALLE,Envigado,Antioquia,Oficial,6.1726759,-75.5812295,,Simulacro 1,,11.0,,,270.0,68.0,32,66,50.0,53.0,SI,,270.0
ENV-0251,Envigado,José Miguel de la Calle,JOSÉ MIGUEL DE LA CALLE,Envigado,Antioquia,Oficial,6.1726759,-75.5812295,,Simulacro 1,,11.0,,,261.0,59.0,44,60,52.0,35.0,SI,,261.0
ENV-0252,Envigado,José Miguel de la Calle,JOSÉ MIGUEL DE LA CALLE,Envigado,Antioquia,Oficial,6.1726759,-75.5812295,,Simulacro 1,,11.0,,,260.0,63.0,40,58,43.0,64.0,SI,,260.0
ENV-0253,Envigado,José Miguel de la Calle,JOSÉ MIGUEL DE LA CALLE,Envigado,Antioquia,Oficial,6.1726759,-75.5812295,,Simulacro 1,,11.0,,,253.0,71.0,20,66,34.0,84.0,SI,,253.0
ENV-0254,Envigado,José Miguel de la Calle,JOSÉ MIGUEL DE LA CALLE,Envigado,Antioquia,Oficial,6.1726759,-75.5812295,,Simulacro 1,,11.0,,,237.0,63.0,32,56,41.0,38.0,SI,,237.0
ENV-0255,Envigado,José Miguel de la Calle,JOSÉ MIGUEL DE LA CALLE,Envigado,Antioquia,Oficial,6.1726759,-75.5812295,,Simulacro 1,,11.0,,,236.0,54.0,30,60,52.0,27.0,SI,,236.0
ENV-0256,Envigado,José Miguel de la Calle,JOSÉ MIGUEL DE LA CALLE,Envigado,Antioquia,Oficial,6.1726759,-75.5812295,,Simulacro 1,,11.0,,,230.0,56.0,32,54,45.0,38.0,SI,,230.0
ENV-0257,Envigado,José Miguel de la Calle,JOSÉ MIGUEL DE LA CALLE,Envigado,Antioquia,Oficial,6.1726759,-75.5812295,,Simulacro 1,,11.0,,,229.0,80.0,44,34,16.0,73.0,SI,,229.0
ENV-0258,Envigado,José Miguel de la Calle,JOSÉ MIGUEL DE LA CALLE,Envigado,Antioquia,Oficial,6.1726759,-75.5812295,,Simulacro 1,,11.0,,,224.0,63.0,36,50,29.0,47.0,SI,,224.0
ENV-0259,Envigado,José Miguel de la Calle,JOSÉ MIGUEL DE LA CALLE,Envigado,Antioquia,Oficial,6.1726759,-75.5812295,,Simulacro 1,,11.0,,,224.0,61.0,30,44,43.0,49.0,SI,,224.0
ENV-0260,Envigado,José Miguel de la Calle,JOSÉ MIGUEL DE LA CALLE,Envigado,Antioquia,Oficial,6.1726759,-75.5812295,,Simulacro 1,,11.0,,,222.0,63.0,26,50,40.0,40.0,SI,,222.0
ENV-0261,Envigado,José Miguel de la Calle,JOSÉ MIGUEL DE LA CALLE,Envigado,Antioquia,Oficial,6.1726759,-75.5812295,,Simulacro 1,,11.0,,,218.0,59.0,34,42,33.0,65.0,SI,,218.0
ENV-0262,Envigado,José Miguel de la Calle,JOSÉ MIGUEL DE LA CALLE,Envigado,Antioquia,Oficial,6.1726759,-75.5812295,,Simulacro 1,,11.0,,,216.0,59.0,24,60,29.0,47.0,SI,,216.0
ENV-0263,Envigado,José Miguel de la Calle,JOSÉ MIGUEL DE LA CALLE,Envigado,Antioquia,Oficial,6.1726759,-75.5812295,,Simulacro 1,,11.0,,,214.0,51.0,38,32,48.0,49.0,SI,,214.0
ENV-0264,Envigado,José Miguel de la Calle,JOSÉ MIGUEL DE LA CALLE,Envigado,Antioquia,Oficial,6.1726759,-75.5812295,,Simulacro 1,,11.0,,,214.0,66.0,26,40,38.0,47.0,SI,,214.0
ENV-0265,Envigado,José Miguel de la Calle,JOSÉ MIGUEL DE LA CALLE,Envigado,Antioquia,Oficial,6.1726759,-75.5812295,,Simulacro 1,,11.0,,,210.0,44.0,30,50,43.0,45.0,SI,,210.0
ENV-0266,Envigado,José Miguel de la Calle,JOSÉ MIGUEL DE LA CALLE,Envigado,Antioquia,Oficial,6.1726759,-75.5812295,,Simulacro 1,,11.0,,,204.0,51.0,26,48,36.0,47.0,SI,,204.0
ENV-0267,Envigado,José Miguel de la Calle,JOSÉ MIGUEL DE LA CALLE,Envigado,Antioquia,Oficial,6.1726759,-75.5812295,,Simulacro 1,,11.0,,,204.0,44.0,36,42,33.0,67.0,SI,,204.0
ENV-0268,Envigado,José Miguel de la Calle,JOSÉ MIGUEL DE LA CALLE,Envigado,Antioquia,Oficial,6.1726759,-75.5812295,,Simulacro 1,,11.0,,,198.0,54.0,28,46,31.0,40.0,SI,,198.0
ENV-0269,Envigado,José Miguel de la Calle,JOSÉ MIGUEL DE LA CALLE,Envigado,Antioquia,Oficial,6.1726759,-75.5812295,,Simulacro 1,,11.0,,,194.0,66.0,36,38,19.0,29.0,SI,,194.0
ENV-0270,Envigado,José Miguel de la Calle,JOSÉ MIGUEL DE LA CALLE,Envigado,Antioquia,Oficial,6.1726759,-75.5812295,,Simulacro 1,,11.0,,,191.0,44.0,44,28,33.0,51.0,SI,,191.0
ENV-0271,Envigado,José Miguel de la Calle,JOSÉ MIGUEL DE LA CALLE,Envigado,Antioquia,Oficial,6.1726759,-75.5812295,,Simulacro 1,,11.0,,,191.0,46.0,28,44,29.0,53.0,SI,,191.0
ENV-0272,Envigado,José Miguel de la Calle,JOSÉ MIGUEL DE LA CALLE,Envigado,Antioquia,Oficial,6.1726759,-75.5812295,,Simulacro 1,,11.0,,,187.0,56.0,32,34,28.0,38.0,SI,,187.0
ENV-0273,Envigado,José Miguel de la Calle,JOSÉ MIGUEL DE LA CALLE,Envigado,Antioquia,Oficial,6.1726759,-75.5812295,,Simulacro 1,,11.0,,,184.0,44.0,30,40,33.0,38.0,SI,,184.0
ENV-0274,Envigado,José Miguel de la Calle,JOSÉ MIGUEL DE LA CALLE,Envigado,Antioquia,Oficial,6.1726759,-75.5812295,,Simulacro 1,,11.0,,,180.0,49.0,30,42,24.0,33.0,SI,,180.0
ENV-0275,Envigado,José Miguel de la Calle,JOSÉ MIGUEL DE LA CALLE,Envigado,Antioquia,Oficial,6.1726759,-75.5812295,,Simulacro 1,,11.0,,,177.0,44.0,42,28,24.0,45.0,SI,,177.0
ENV-0276,Envigado,José Miguel de la Calle,JOSÉ MIGUEL DE LA CALLE,Envigado,Antioquia,Oficial,6.1726759,-75.5812295,,Simulacro 1,,11.0,,,169.0,51.0,28,18,34.0,44.0,SI,,169.0
ENV-0277,Envigado,José Miguel de la Calle,JOSÉ MIGUEL DE LA CALLE,Envigado,Antioquia,Oficial,6.1726759,-75.5812295,,Simulacro 1,,11.0,,,169.0,34.0,24,36,36.0,47.0,SI,,169.0
ENV-0278,Envigado,José Miguel de la Calle,JOSÉ MIGUEL DE LA CALLE,Envigado,Antioquia,Oficial,6.1726759,-75.5812295,,Simulacro 1,,11.0,,,166.0,37.0,42,26,26.0,40.0,SI,,166.0
ENV-0279,Envigado,José Miguel de la Calle,JOSÉ MIGUEL DE LA CALLE,Envigado,Antioquia,Oficial,6.1726759,-75.5812295,,Simulacro 1,,11.0,,,164.0,34.0,36,24,38.0,31.0,SI,,164.0
ENV-0280,Envigado,José Miguel de la Calle,JOSÉ MIGUEL DE LA CALLE,Envigado,Antioquia,Oficial,6.1726759,-75.5812295,,Simulacro 1,,11.0,,,162.0,44.0,34,28,22.0,36.0,SI,,162.0
ENV-0281,Envigado,José Miguel de la Calle,JOSÉ MIGUEL DE LA CALLE,Envigado,Antioquia,Oficial,6.1726759,-75.5812295,,Simulacro 1,,11.0,,,159.0,29.0,30,40,24.0,44.0,SI,,159.0
ENV-0282,Envigado,José Miguel de la Calle,JOSÉ MIGUEL DE LA CALLE,Envigado,Antioquia,Oficial,6.1726759,-75.5812295,,Simulacro 1,,11.0,,,157.0,44.0,36,22,22.0,36.0,SI,,157.0
ENV-0283,Envigado,José Miguel de la Calle,JOSÉ MIGUEL DE LA CALLE,Envigado,Antioquia,Oficial,6.1726759,-75.5812295,,Simulacro 1,,11.0,,,156.0,29.0,32,34,28.0,38.0,SI,,156.0
ENV-0284,Envigado,José Miguel de la Calle,JOSÉ MIGUEL DE LA CALLE,Envigado,Antioquia,Oficial,6.1726759,-75.5812295,,Simulacro 1,,11.0,,,155.0,39.0,32,32,24.0,22.0,SI,,155.0
ENV-0285,Envigado,José Miguel de la Calle,JOSÉ MIGUEL DE LA CALLE,Envigado,Antioquia,Oficial,6.1726759,-75.5812295,,Simulacro 1,,11.0,,,152.0,37.0,30,32,22.0,31.0,SI,,152.0
ENV-0286,Envigado,José Miguel de la Calle,JOSÉ MIGUEL DE LA CALLE,Envigado,Antioquia,Oficial,6.1726759,-75.5812295,,Simulacro 1,,11.0,,,150.0,29.0,32,36,26.0,22.0,SI,,150.0
ENV-0287,Envigado,José Miguel de la Calle,JOSÉ MIGUEL DE LA CALLE,Envigado,Antioquia,Oficial,6.1726759,-75.5812295,,Simulacro 1,,11.0,,,150.0,24.0,36,22,31.0,51.0,SI,,150.0
ENV-0288,Envigado,José Miguel de la Calle,JOSÉ MIGUEL DE LA CALLE,Envigado,Antioquia,Oficial,6.1726759,-75.5812295,,Simulacro 1,,11.0,,,146.0,39.0,20,34,22.0,33.0,SI,,146.0
ENV-0289,Envigado,José Miguel de la Calle,JOSÉ MIGUEL DE LA CALLE,Envigado,Antioquia,Oficial,6.1726759,-75.5812295,,Simulacro 1,,11.0,,,138.0,29.0,24,26,26.0,44.0,SI,,138.0
ENV-0290,Envigado,José Miguel de la Calle,JOSÉ MIGUEL DE LA CALLE,Envigado,Antioquia,Oficial,6.1726759,-75.5812295,,Simulacro 1,,11.0,,,138.0,22.0,38,18,33.0,25.0,SI,,138.0
ENV-0291,Envigado,José Miguel de la Calle,JOSÉ MIGUEL DE LA CALLE,Envigado,Antioquia,Oficial,6.1726759,-75.5812295,,Simulacro 1,,11.0,,,130.0,24.0,26,24,24.0,44.0,SI,,130.0
ENV-0292,Envigado,José Miguel de la Calle,JOSÉ MIGUEL DE LA CALLE,Envigado,Antioquia,Oficial,6.1726759,-75.5812295,,Simulacro 1,,11.0,,,117.0,24.0,20,28,19.0,29.0,SI,,117.0
ENV-0293,Envigado,José Miguel de la Calle,JOSÉ MIGUEL DE LA CALLE,Envigado,Antioquia,Oficial,6.1726759,-75.5812295,,Simulacro 1,,11.0,,,113.0,37.0,20,12,21.0,27.0,SI,,113.0
ENV-0294,Envigado,José Miguel de la Calle,JOSÉ MIGUEL DE LA CALLE,Envigado,Antioquia,Oficial,6.1726759,-75.5812295,,Simulacro 1,,11.0,,,91.0,34.0,12,10,22.0,0.0,SI,,91.0
ENV-0295,Envigado,La Paz,LA PAZ,Envigado,Antioquia,Oficial,6.1619843,-75.593804,,Simulacro 1,,11.0,,,378.0,83.0,56,82,74.0,96.0,SI,,378.0
ENV-0296,Envigado,La Paz,LA PAZ,Envigado,Antioquia,Oficial,6.1619843,-75.593804,,Simulacro 1,,11.0,,,347.0,63.0,54,76,79.0,84.0,SI,,347.0
ENV-0297,Envigado,La Paz,LA PAZ,Envigado,Antioquia,Oficial,6.1619843,-75.593804,,Simulacro 1,,11.0,,,345.0,68.0,54,80,67.0,89.0,SI,,345.0
ENV-0298,Envigado,La Paz,LA PAZ,Envigado,Antioquia,Oficial,6.1619843,-75.593804,,Simulacro 1,,11.0,,,338.0,83.0,48,72,59.0,95.0,SI,,338.0
ENV-0299,Envigado,La Paz,LA PAZ,Envigado,Antioquia,Oficial,6.1619843,-75.593804,,Simulacro 1,,11.0,,,335.0,76.0,52,72,66.0,76.0,SI,,335.0
ENV-0300,Envigado,La Paz,LA PAZ,Envigado,Antioquia,Oficial,6.1619843,-75.593804,,Simulacro 1,,11.0,,,326.0,78.0,28,88,60.0,85.0,SI,,326.0
ENV-0301,Envigado,La Paz,LA PAZ,Envigado,Antioquia,Oficial,6.1619843,-75.593804,,Simulacro 1,,11.0,,,322.0,68.0,46,70,64.0,93.0,SI,,322.0
ENV-0302,Envigado,La Paz,LA PAZ,Envigado,Antioquia,Oficial,6.1619843,-75.593804,,Simulacro 1,,11.0,,,314.0,63.0,42,88,50.0,85.0,SI,,314.0
ENV-0303,Envigado,La Paz,LA PAZ,Envigado,Antioquia,Oficial,6.1619843,-75.593804,,Simulacro 1,,11.0,,,314.0,73.0,34,78,57.0,89.0,SI,,314.0
ENV-0304,Envigado,La Paz,LA PAZ,Envigado,Antioquia,Oficial,6.1619843,-75.593804,,Simulacro 1,,11.0,,,310.0,76.0,46,62,55.0,89.0,SI,,310.0
ENV-0305,Envigado,La Paz,LA PAZ,Envigado,Antioquia,Oficial,6.1619843,-75.593804,,Simulacro 1,,11.0,,,306.0,76.0,40,60,64.0,76.0,SI,,306.0
ENV-0306,Envigado,La Paz,LA PAZ,Envigado,Antioquia,Oficial,6.1619843,-75.593804,,Simulacro 1,,11.0,,,300.0,68.0,34,80,50.0,84.0,SI,,300.0
ENV-0307,Envigado,La Paz,LA PAZ,Envigado,Antioquia,Oficial,6.1619843,-75.593804,,Simulacro 1,,11.0,,,298.0,83.0,42,70,34.0,87.0,SI,,298.0
ENV-0308,Envigado,La Paz,LA PAZ,Envigado,Antioquia,Oficial,6.1619843,-75.593804,,Simulacro 1,,11.0,,,298.0,68.0,40,72,55.0,69.0,SI,,298.0
ENV-0309,Envigado,La Paz,LA PAZ,Envigado,Antioquia,Oficial,6.1619843,-75.593804,,Simulacro 1,,11.0,,,295.0,78.0,44,66,45.0,69.0,SI,,295.0
ENV-0310,Envigado,La Paz,LA PAZ,Envigado,Antioquia,Oficial,6.1619843,-75.593804,,Simulacro 1,,11.0,,,294.0,78.0,34,60,55.0,84.0,SI,,294.0
ENV-0311,Envigado,La Paz,LA PAZ,Envigado,Antioquia,Oficial,6.1619843,-75.593804,,Simulacro 1,,11.0,,,292.0,76.0,48,48,64.0,53.0,SI,,292.0
ENV-0312,Envigado,La Paz,LA PAZ,Envigado,Antioquia,Oficial,6.1619843,-75.593804,,Simulacro 1,,11.0,,,290.0,66.0,48,64,50.0,71.0,SI,,290.0
ENV-0313,Envigado,La Paz,LA PAZ,Envigado,Antioquia,Oficial,6.1619843,-75.593804,,Simulacro 1,,11.0,,,287.0,68.0,44,54,59.0,71.0,SI,,287.0
ENV-0314,Envigado,La Paz,LA PAZ,Envigado,Antioquia,Oficial,6.1619843,-75.593804,,Simulacro 1,,11.0,,,285.0,68.0,32,72,57.0,55.0,SI,,285.0
ENV-0315,Envigado,La Paz,LA PAZ,Envigado,Antioquia,Oficial,6.1619843,-75.593804,,Simulacro 1,,11.0,,,282.0,68.0,42,58,52.0,73.0,SI,,282.0
ENV-0316,Envigado,La Paz,LA PAZ,Envigado,Antioquia,Oficial,6.1619843,-75.593804,,Simulacro 1,,11.0,,,279.0,61.0,34,66,52.0,87.0,SI,,279.0
ENV-0317,Envigado,La Paz,LA PAZ,Envigado,Antioquia,Oficial,6.1619843,-75.593804,,Simulacro 1,,11.0,,,277.0,63.0,46,80,33.0,53.0,SI,,277.0
ENV-0318,Envigado,La Paz,LA PAZ,Envigado,Antioquia,Oficial,6.1619843,-75.593804,,Simulacro 1,,11.0,,,275.0,68.0,38,54,59.0,58.0,SI,,275.0
ENV-0319,Envigado,La Paz,LA PAZ,Envigado,Antioquia,Oficial,6.1619843,-75.593804,,Simulacro 1,,11.0,,,274.0,63.0,50,52,52.0,60.0,SI,,274.0
ENV-0320,Envigado,La Paz,LA PAZ,Envigado,Antioquia,Oficial,6.1619843,-75.593804,,Simulacro 1,,11.0,,,273.0,68.0,40,70,34.0,73.0,SI,,273.0
ENV-0321,Envigado,La Paz,LA PAZ,Envigado,Antioquia,Oficial,6.1619843,-75.593804,,Simulacro 1,,11.0,,,270.0,80.0,38,56,40.0,60.0,SI,,270.0
ENV-0322,Envigado,La Paz,LA PAZ,Envigado,Antioquia,Oficial,6.1619843,-75.593804,,Simulacro 1,,11.0,,,264.0,68.0,40,50,47.0,73.0,SI,,264.0
ENV-0323,Envigado,La Paz,LA PAZ,Envigado,Antioquia,Oficial,6.1619843,-75.593804,,Simulacro 1,,11.0,,,261.0,66.0,38,56,47.0,58.0,SI,,261.0
ENV-0324,Envigado,La Paz,LA PAZ,Envigado,Antioquia,Oficial,6.1619843,-75.593804,,Simulacro 1,,11.0,,,258.0,66.0,44,48,50.0,47.0,SI,,258.0
ENV-0325,Envigado,La Paz,LA PAZ,Envigado,Antioquia,Oficial,6.1619843,-75.593804,,Simulacro 1,,11.0,,,257.0,49.0,32,62,52.0,85.0,SI,,257.0
ENV-0326,Envigado,La Paz,LA PAZ,Envigado,Antioquia,Oficial,6.1619843,-75.593804,,Simulacro 1,,11.0,,,256.0,68.0,40,24,62.0,84.0,SI,,256.0
ENV-0327,Envigado,La Paz,LA PAZ,Envigado,Antioquia,Oficial,6.1619843,-75.593804,,Simulacro 1,,11.0,,,255.0,56.0,34,70,47.0,44.0,SI,,255.0
ENV-0328,Envigado,La Paz,LA PAZ,Envigado,Antioquia,Oficial,6.1619843,-75.593804,,Simulacro 1,,11.0,,,253.0,63.0,36,44,48.0,84.0,SI,,253.0
ENV-0329,Envigado,La Paz,LA PAZ,Envigado,Antioquia,Oficial,6.1619843,-75.593804,,Simulacro 1,,11.0,,,251.0,63.0,40,52,43.0,58.0,SI,,251.0
ENV-0330,Envigado,La Paz,LA PAZ,Envigado,Antioquia,Oficial,6.1619843,-75.593804,,Simulacro 1,,11.0,,,250.0,59.0,34,78,28.0,56.0,SI,,250.0
ENV-0331,Envigado,La Paz,LA PAZ,Envigado,Antioquia,Oficial,6.1619843,-75.593804,,Simulacro 1,,11.0,,,249.0,80.0,26,62,33.0,44.0,SI,,249.0
ENV-0332,Envigado,La Paz,LA PAZ,Envigado,Antioquia,Oficial,6.1619843,-75.593804,,Simulacro 1,,11.0,,,248.0,68.0,38,44,38.0,80.0,SI,,248.0
ENV-0333,Envigado,La Paz,LA PAZ,Envigado,Antioquia,Oficial,6.1619843,-75.593804,,Simulacro 1,,11.0,,,247.0,63.0,26,46,52.0,80.0,SI,,247.0
ENV-0334,Envigado,La Paz,LA PAZ,Envigado,Antioquia,Oficial,6.1619843,-75.593804,,Simulacro 1,,11.0,,,246.0,66.0,26,28,72.0,62.0,SI,,246.0
ENV-0335,Envigado,La Paz,LA PAZ,Envigado,Antioquia,Oficial,6.1619843,-75.593804,,Simulacro 1,,11.0,,,244.0,59.0,38,52,40.0,69.0,SI,,244.0
ENV-0336,Envigado,La Paz,LA PAZ,Envigado,Antioquia,Oficial,6.1619843,-75.593804,,Simulacro 1,,11.0,,,243.0,68.0,36,44,47.0,47.0,SI,,243.0
ENV-0337,Envigado,La Paz,LA PAZ,Envigado,Antioquia,Oficial,6.1619843,-75.593804,,Simulacro 1,,11.0,,,243.0,66.0,42,36,43.0,71.0,SI,,243.0
ENV-0338,Envigado,La Paz,LA PAZ,Envigado,Antioquia,Oficial,6.1619843,-75.593804,,Simulacro 1,,11.0,,,243.0,59.0,28,62,41.0,62.0,SI,,243.0
ENV-0339,Envigado,La Paz,LA PAZ,Envigado,Antioquia,Oficial,6.1619843,-75.593804,,Simulacro 1,,11.0,,,242.0,73.0,30,56,36.0,44.0,SI,,242.0
ENV-0340,Envigado,La Paz,LA PAZ,Envigado,Antioquia,Oficial,6.1619843,-75.593804,,Simulacro 1,,11.0,,,241.0,56.0,28,54,50.0,62.0,SI,,241.0
ENV-0341,Envigado,La Paz,LA PAZ,Envigado,Antioquia,Oficial,6.1619843,-75.593804,,Simulacro 1,,11.0,,,241.0,66.0,28,50,38.0,80.0,SI,,241.0
ENV-0342,Envigado,La Paz,LA PAZ,Envigado,Antioquia,Oficial,6.1619843,-75.593804,,Simulacro 1,,11.0,,,239.0,59.0,38,48,43.0,58.0,SI,,239.0
ENV-0343,Envigado,La Paz,LA PAZ,Envigado,Antioquia,Oficial,6.1619843,-75.593804,,Simulacro 1,,11.0,,,237.0,49.0,40,46,57.0,42.0,SI,,237.0
ENV-0344,Envigado,La Paz,LA PAZ,Envigado,Antioquia,Oficial,6.1619843,-75.593804,,Simulacro 1,,11.0,,,237.0,56.0,38,46,48.0,51.0,SI,,237.0
ENV-0345,Envigado,La Paz,LA PAZ,Envigado,Antioquia,Oficial,6.1619843,-75.593804,,Simulacro 1,,11.0,,,237.0,68.0,24,54,40.0,58.0,SI,,237.0
ENV-0346,Envigado,La Paz,LA PAZ,Envigado,Antioquia,Oficial,6.1619843,-75.593804,,Simulacro 1,,11.0,,,237.0,54.0,34,50,40.0,84.0,SI,,237.0
ENV-0347,Envigado,La Paz,LA PAZ,Envigado,Antioquia,Oficial,6.1619843,-75.593804,,Simulacro 1,,11.0,,,236.0,71.0,40,36,36.0,65.0,SI,,236.0
ENV-0348,Envigado,La Paz,LA PAZ,Envigado,Antioquia,Oficial,6.1619843,-75.593804,,Simulacro 1,,11.0,,,236.0,68.0,36,42,40.0,56.0,SI,,236.0
ENV-0349,Envigado,La Paz,LA PAZ,Envigado,Antioquia,Oficial,6.1619843,-75.593804,,Simulacro 1,,11.0,,,236.0,51.0,50,38,34.0,93.0,SI,,236.0
ENV-0350,Envigado,La Paz,LA PAZ,Envigado,Antioquia,Oficial,6.1619843,-75.593804,,Simulacro 1,,11.0,,,233.0,54.0,56,38,33.0,64.0,SI,,233.0
ENV-0351,Envigado,La Paz,LA PAZ,Envigado,Antioquia,Oficial,6.1619843,-75.593804,,Simulacro 1,,11.0,,,232.0,41.0,42,54,47.0,51.0,SI,,232.0
ENV-0352,Envigado,La Paz,LA PAZ,Envigado,Antioquia,Oficial,6.1619843,-75.593804,,Simulacro 1,,11.0,,,232.0,46.0,38,40,45.0,95.0,SI,,232.0
ENV-0353,Envigado,La Paz,LA PAZ,Envigado,Antioquia,Oficial,6.1619843,-75.593804,,Simulacro 1,,11.0,,,230.0,61.0,32,44,50.0,38.0,SI,,230.0
ENV-0354,Envigado,La Paz,LA PAZ,Envigado,Antioquia,Oficial,6.1619843,-75.593804,,Simulacro 1,,11.0,,,228.0,54.0,38,48,45.0,40.0,SI,,228.0
ENV-0355,Envigado,La Paz,LA PAZ,Envigado,Antioquia,Oficial,6.1619843,-75.593804,,Simulacro 1,,11.0,,,228.0,63.0,44,54,22.0,42.0,SI,,228.0
ENV-0356,Envigado,La Paz,LA PAZ,Envigado,Antioquia,Oficial,6.1619843,-75.593804,,Simulacro 1,,11.0,,,227.0,59.0,32,46,47.0,42.0,SI,,227.0
ENV-0357,Envigado,La Paz,LA PAZ,Envigado,Antioquia,Oficial,6.1619843,-75.593804,,Simulacro 1,,11.0,,,227.0,46.0,42,22,62.0,73.0,SI,,227.0
ENV-0358,Envigado,La Paz,LA PAZ,Envigado,Antioquia,Oficial,6.1619843,-75.593804,,Simulacro 1,,11.0,,,226.0,49.0,34,38,60.0,45.0,SI,,226.0
ENV-0359,Envigado,La Paz,LA PAZ,Envigado,Antioquia,Oficial,6.1619843,-75.593804,,Simulacro 1,,11.0,,,225.0,68.0,34,28,45.0,60.0,SI,,225.0
ENV-0360,Envigado,La Paz,LA PAZ,Envigado,Antioquia,Oficial,6.1619843,-75.593804,,Simulacro 1,,11.0,,,224.0,71.0,36,30,41.0,47.0,SI,,224.0
ENV-0361,Envigado,La Paz,LA PAZ,Envigado,Antioquia,Oficial,6.1619843,-75.593804,,Simulacro 1,,11.0,,,223.0,46.0,28,72,33.0,44.0,SI,,223.0
ENV-0362,Envigado,La Paz,LA PAZ,Envigado,Antioquia,Oficial,6.1619843,-75.593804,,Simulacro 1,,11.0,,,221.0,56.0,38,28,48.0,64.0,SI,,221.0
ENV-0363,Envigado,La Paz,LA PAZ,Envigado,Antioquia,Oficial,6.1619843,-75.593804,,Simulacro 1,,11.0,,,221.0,71.0,44,20,41.0,45.0,SI,,221.0
ENV-0364,Envigado,La Paz,LA PAZ,Envigado,Antioquia,Oficial,6.1619843,-75.593804,,Simulacro 1,,11.0,,,220.0,71.0,32,40,33.0,45.0,SI,,220.0
ENV-0365,Envigado,La Paz,LA PAZ,Envigado,Antioquia,Oficial,6.1619843,-75.593804,,Simulacro 1,,11.0,,,220.0,61.0,32,60,22.0,45.0,SI,,220.0
ENV-0366,Envigado,La Paz,LA PAZ,Envigado,Antioquia,Oficial,6.1619843,-75.593804,,Simulacro 1,,11.0,,,219.0,56.0,30,50,41.0,38.0,SI,,219.0
ENV-0367,Envigado,La Paz,LA PAZ,Envigado,Antioquia,Oficial,6.1619843,-75.593804,,Simulacro 1,,11.0,,,219.0,49.0,48,26,47.0,62.0,SI,,219.0
ENV-0368,Envigado,La Paz,LA PAZ,Envigado,Antioquia,Oficial,6.1619843,-75.593804,,Simulacro 1,,11.0,,,219.0,59.0,36,50,24.0,64.0,SI,,219.0
ENV-0369,Envigado,La Paz,LA PAZ,Envigado,Antioquia,Oficial,6.1619843,-75.593804,,Simulacro 1,,11.0,,,219.0,68.0,30,36,34.0,62.0,SI,,219.0
ENV-0370,Envigado,La Paz,LA PAZ,Envigado,Antioquia,Oficial,6.1619843,-75.593804,,Simulacro 1,,11.0,,,215.0,37.0,26,62,48.0,40.0,SI,,215.0
ENV-0371,Envigado,La Paz,LA PAZ,Envigado,Antioquia,Oficial,6.1619843,-75.593804,,Simulacro 1,,11.0,,,215.0,59.0,34,44,36.0,40.0,SI,,215.0
ENV-0372,Envigado,La Paz,LA PAZ,Envigado,Antioquia,Oficial,6.1619843,-75.593804,,Simulacro 1,,11.0,,,214.0,51.0,26,26,62.0,62.0,SI,,214.0
ENV-0373,Envigado,La Paz,LA PAZ,Envigado,Antioquia,Oficial,6.1619843,-75.593804,,Simulacro 1,,11.0,,,214.0,44.0,26,40,53.0,65.0,SI,,214.0
ENV-0374,Envigado,La Paz,LA PAZ,Envigado,Antioquia,Oficial,6.1619843,-75.593804,,Simulacro 1,,11.0,,,213.0,54.0,28,44,47.0,38.0,SI,,213.0
ENV-0375,Envigado,La Paz,LA PAZ,Envigado,Antioquia,Oficial,6.1619843,-75.593804,,Simulacro 1,,11.0,,,213.0,51.0,28,48,43.0,44.0,SI,,213.0
ENV-0376,Envigado,La Paz,LA PAZ,Envigado,Antioquia,Oficial,6.1619843,-75.593804,,Simulacro 1,,11.0,,,213.0,66.0,46,30,26.0,51.0,SI,,213.0
ENV-0377,Envigado,La Paz,LA PAZ,Envigado,Antioquia,Oficial,6.1619843,-75.593804,,Simulacro 1,,11.0,,,213.0,61.0,32,38,33.0,62.0,SI,,213.0
ENV-0378,Envigado,La Paz,LA PAZ,Envigado,Antioquia,Oficial,6.1619843,-75.593804,,Simulacro 1,,11.0,,,213.0,54.0,34,36,43.0,53.0,SI,,213.0
ENV-0379,Envigado,La Paz,LA PAZ,Envigado,Antioquia,Oficial,6.1619843,-75.593804,,Simulacro 1,,11.0,,,212.0,59.0,40,26,52.0,24.0,SI,,212.0
ENV-0380,Envigado,La Paz,LA PAZ,Envigado,Antioquia,Oficial,6.1619843,-75.593804,,Simulacro 1,,11.0,,,212.0,56.0,26,58,28.0,49.0,SI,,212.0
ENV-0381,Envigado,La Paz,LA PAZ,Envigado,Antioquia,Oficial,6.1619843,-75.593804,,Simulacro 1,,11.0,,,210.0,54.0,42,36,36.0,44.0,SI,,210.0
ENV-0382,Envigado,La Paz,LA PAZ,Envigado,Antioquia,Oficial,6.1619843,-75.593804,,Simulacro 1,,11.0,,,210.0,63.0,34,22,50.0,38.0,SI,,210.0
ENV-0383,Envigado,La Paz,LA PAZ,Envigado,Antioquia,Oficial,6.1619843,-75.593804,,Simulacro 1,,11.0,,,210.0,59.0,44,16,47.0,51.0,SI,,210.0
ENV-0384,Envigado,La Paz,LA PAZ,Envigado,Antioquia,Oficial,6.1619843,-75.593804,,Simulacro 1,,11.0,,,210.0,56.0,36,30,41.0,55.0,SI,,210.0
ENV-0385,Envigado,La Paz,LA PAZ,Envigado,Antioquia,Oficial,6.1619843,-75.593804,,Simulacro 1,,11.0,,,208.0,71.0,28,34,33.0,45.0,SI,,208.0
ENV-0386,Envigado,La Paz,LA PAZ,Envigado,Antioquia,Oficial,6.1619843,-75.593804,,Simulacro 1,,11.0,,,205.0,63.0,38,38,17.0,62.0,SI,,205.0
ENV-0387,Envigado,La Paz,LA PAZ,Envigado,Antioquia,Oficial,6.1619843,-75.593804,,Simulacro 1,,11.0,,,204.0,66.0,34,30,33.0,42.0,SI,,204.0
ENV-0388,Envigado,La Paz,LA PAZ,Envigado,Antioquia,Oficial,6.1619843,-75.593804,,Simulacro 1,,11.0,,,202.0,44.0,44,28,45.0,44.0,SI,,202.0
ENV-0389,Envigado,La Paz,LA PAZ,Envigado,Antioquia,Oficial,6.1619843,-75.593804,,Simulacro 1,,11.0,,,202.0,61.0,28,28,43.0,45.0,SI,,202.0
ENV-0390,Envigado,La Paz,LA PAZ,Envigado,Antioquia,Oficial,6.1619843,-75.593804,,Simulacro 1,,11.0,,,202.0,56.0,38,38,31.0,35.0,SI,,202.0
ENV-0391,Envigado,La Paz,LA PAZ,Envigado,Antioquia,Oficial,6.1619843,-75.593804,,Simulacro 1,,11.0,,,201.0,46.0,32,42,31.0,67.0,SI,,201.0
ENV-0392,Envigado,La Paz,LA PAZ,Envigado,Antioquia,Oficial,6.1619843,-75.593804,,Simulacro 1,,11.0,,,200.0,56.0,28,42,21.0,80.0,SI,,200.0
ENV-0393,Envigado,La Paz,LA PAZ,Envigado,Antioquia,Oficial,6.1619843,-75.593804,,Simulacro 1,,11.0,,,197.0,22.0,36,52,45.0,47.0,SI,,197.0
ENV-0394,Envigado,La Paz,LA PAZ,Envigado,Antioquia,Oficial,6.1619843,-75.593804,,Simulacro 1,,11.0,,,197.0,49.0,32,44,31.0,44.0,SI,,197.0
ENV-0395,Envigado,La Paz,LA PAZ,Envigado,Antioquia,Oficial,6.1619843,-75.593804,,Simulacro 1,,11.0,,,195.0,32.0,16,62,43.0,47.0,SI,,195.0
ENV-0396,Envigado,La Paz,LA PAZ,Envigado,Antioquia,Oficial,6.1619843,-75.593804,,Simulacro 1,,11.0,,,194.0,51.0,24,42,33.0,55.0,SI,,194.0
ENV-0397,Envigado,La Paz,LA PAZ,Envigado,Antioquia,Oficial,6.1619843,-75.593804,,Simulacro 1,,11.0,,,193.0,46.0,38,24,38.0,64.0,SI,,193.0
ENV-0398,Envigado,La Paz,LA PAZ,Envigado,Antioquia,Oficial,6.1619843,-75.593804,,Simulacro 1,,11.0,,,193.0,51.0,40,30,29.0,49.0,SI,,193.0
ENV-0399,Envigado,La Paz,LA PAZ,Envigado,Antioquia,Oficial,6.1619843,-75.593804,,Simulacro 1,,11.0,,,192.0,59.0,30,30,26.0,67.0,SI,,192.0
ENV-0400,Envigado,La Paz,LA PAZ,Envigado,Antioquia,Oficial,6.1619843,-75.593804,,Simulacro 1,,11.0,,,192.0,34.0,36,42,45.0,29.0,SI,,192.0
ENV-0401,Envigado,La Paz,LA PAZ,Envigado,Antioquia,Oficial,6.1619843,-75.593804,,Simulacro 1,,11.0,,,192.0,44.0,26,32,52.0,38.0,SI,,192.0
ENV-0402,Envigado,La Paz,LA PAZ,Envigado,Antioquia,Oficial,6.1619843,-75.593804,,Simulacro 1,,11.0,,,191.0,17.0,30,44,50.0,75.0,SI,,191.0
ENV-0403,Envigado,La Paz,LA PAZ,Envigado,Antioquia,Oficial,6.1619843,-75.593804,,Simulacro 1,,11.0,,,190.0,44.0,48,28,24.0,62.0,SI,,190.0
ENV-0404,Envigado,La Paz,LA PAZ,Envigado,Antioquia,Oficial,6.1619843,-75.593804,,Simulacro 1,,11.0,,,188.0,44.0,28,36,33.0,67.0,SI,,188.0
ENV-0405,Envigado,La Paz,LA PAZ,Envigado,Antioquia,Oficial,6.1619843,-75.593804,,Simulacro 1,,11.0,,,188.0,56.0,38,24,34.0,31.0,SI,,188.0
ENV-0406,Envigado,La Paz,LA PAZ,Envigado,Antioquia,Oficial,6.1619843,-75.593804,,Simulacro 1,,11.0,,,187.0,46.0,32,38,33.0,40.0,SI,,187.0
ENV-0407,Envigado,La Paz,LA PAZ,Envigado,Antioquia,Oficial,6.1619843,-75.593804,,Simulacro 1,,11.0,,,186.0,54.0,34,26,38.0,29.0,SI,,186.0
ENV-0408,Envigado,La Paz,LA PAZ,Envigado,Antioquia,Oficial,6.1619843,-75.593804,,Simulacro 1,,11.0,,,185.0,51.0,40,26,28.0,47.0,SI,,185.0
ENV-0409,Envigado,La Paz,LA PAZ,Envigado,Antioquia,Oficial,6.1619843,-75.593804,,Simulacro 1,,11.0,,,184.0,54.0,34,28,26.0,53.0,SI,,184.0
ENV-0410,Envigado,La Paz,LA PAZ,Envigado,Antioquia,Oficial,6.1619843,-75.593804,,Simulacro 1,,11.0,,,183.0,46.0,32,36,33.0,35.0,SI,,183.0
ENV-0411,Envigado,La Paz,LA PAZ,Envigado,Antioquia,Oficial,6.1619843,-75.593804,,Simulacro 1,,11.0,,,177.0,41.0,26,28,45.0,40.0,SI,,177.0
ENV-0412,Envigado,La Paz,LA PAZ,Envigado,Antioquia,Oficial,6.1619843,-75.593804,,Simulacro 1,,11.0,,,177.0,27.0,42,22,50.0,38.0,SI,,177.0
ENV-0413,Envigado,La Paz,LA PAZ,Envigado,Antioquia,Oficial,6.1619843,-75.593804,,Simulacro 1,,11.0,,,177.0,51.0,38,20,31.0,38.0,SI,,177.0
ENV-0414,Envigado,La Paz,LA PAZ,Envigado,Antioquia,Oficial,6.1619843,-75.593804,,Simulacro 1,,11.0,,,175.0,34.0,42,34,33.0,27.0,SI,,175.0
ENV-0415,Envigado,La Paz,LA PAZ,Envigado,Antioquia,Oficial,6.1619843,-75.593804,,Simulacro 1,,11.0,,,174.0,51.0,30,24,28.0,53.0,SI,,174.0
ENV-0416,Envigado,La Paz,LA PAZ,Envigado,Antioquia,Oficial,6.1619843,-75.593804,,Simulacro 1,,11.0,,,173.0,37.0,28,48,24.0,40.0,SI,,173.0
ENV-0417,Envigado,La Paz,LA PAZ,Envigado,Antioquia,Oficial,6.1619843,-75.593804,,Simulacro 1,,11.0,,,173.0,51.0,36,26,26.0,33.0,SI,,173.0
ENV-0418,Envigado,La Paz,LA PAZ,Envigado,Antioquia,Oficial,6.1619843,-75.593804,,Simulacro 1,,11.0,,,173.0,49.0,28,16,41.0,47.0,SI,,173.0
ENV-0419,Envigado,La Paz,LA PAZ,Envigado,Antioquia,Oficial,6.1619843,-75.593804,,Simulacro 1,,11.0,,,170.0,41.0,38,24,31.0,38.0,SI,,170.0
ENV-0420,Envigado,La Paz,LA PAZ,Envigado,Antioquia,Oficial,6.1619843,-75.593804,,Simulacro 1,,11.0,,,168.0,27.0,26,38,33.0,65.0,SI,,168.0
ENV-0421,Envigado,La Paz,LA PAZ,Envigado,Antioquia,Oficial,6.1619843,-75.593804,,Simulacro 1,,11.0,,,165.0,51.0,30,18,29.0,44.0,SI,,165.0
ENV-0422,Envigado,La Paz,LA PAZ,Envigado,Antioquia,Oficial,6.1619843,-75.593804,,Simulacro 1,,11.0,,,163.0,44.0,24,38,22.0,40.0,SI,,163.0
ENV-0423,Envigado,La Paz,LA PAZ,Envigado,Antioquia,Oficial,6.1619843,-75.593804,,Simulacro 1,,11.0,,,159.0,44.0,32,22,28.0,36.0,SI,,159.0
ENV-0424,Envigado,La Paz,LA PAZ,Envigado,Antioquia,Oficial,6.1619843,-75.593804,,Simulacro 1,,11.0,,,157.0,39.0,28,24,33.0,36.0,SI,,157.0
ENV-0425,Envigado,La Paz,LA PAZ,Envigado,Antioquia,Oficial,6.1619843,-75.593804,,Simulacro 1,,11.0,,,156.0,24.0,34,34,29.0,40.0,SI,,156.0
ENV-0426,Envigado,La Paz,LA PAZ,Envigado,Antioquia,Oficial,6.1619843,-75.593804,,Simulacro 1,,11.0,,,154.0,56.0,24,18,26.0,27.0,SI,,154.0
ENV-0427,Envigado,La Paz,LA PAZ,Envigado,Antioquia,Oficial,6.1619843,-75.593804,,Simulacro 1,,11.0,,,153.0,41.0,28,22,26.0,45.0,SI,,153.0
ENV-0428,Envigado,La Paz,LA PAZ,Envigado,Antioquia,Oficial,6.1619843,-75.593804,,Simulacro 1,,11.0,,,152.0,34.0,34,20,29.0,42.0,SI,,152.0
ENV-0429,Envigado,La Paz,LA PAZ,Envigado,Antioquia,Oficial,6.1619843,-75.593804,,Simulacro 1,,11.0,,,151.0,29.0,26,26,33.0,51.0,SI,,151.0
ENV-0430,Envigado,La Paz,LA PAZ,Envigado,Antioquia,Oficial,6.1619843,-75.593804,,Simulacro 1,,11.0,,,151.0,44.0,26,28,21.0,36.0,SI,,151.0
ENV-0431,Envigado,La Paz,LA PAZ,Envigado,Antioquia,Oficial,6.1619843,-75.593804,,Simulacro 1,,11.0,,,150.0,27.0,30,32,29.0,36.0,SI,,150.0
ENV-0432,Envigado,La Paz,LA PAZ,Envigado,Antioquia,Oficial,6.1619843,-75.593804,,Simulacro 1,,11.0,,,146.0,39.0,26,14,34.0,38.0,SI,,146.0
ENV-0433,Envigado,La Paz,LA PAZ,Envigado,Antioquia,Oficial,6.1619843,-75.593804,,Simulacro 1,,11.0,,,141.0,56.0,22,20,24.0,0.0,SI,,141.0
ENV-0434,Envigado,Las Palmas,LAS PALMAS,Envigado,Antioquia,Oficial,6.1512749,-75.5360508,,Simulacro 1,,11.0,,,316.0,68.0,46,70,60.0,87.0,SI,,316.0
ENV-0435,Envigado,Las Palmas,LAS PALMAS,Envigado,Antioquia,Oficial,6.1512749,-75.5360508,,Simulacro 1,,11.0,,,301.0,76.0,28,66,66.0,76.0,SI,,301.0
ENV-0436,Envigado,Las Palmas,LAS PALMAS,Envigado,Antioquia,Oficial,6.1512749,-75.5360508,,Simulacro 1,,11.0,,,282.0,59.0,44,68,52.0,65.0,SI,,282.0
ENV-0437,Envigado,Las Palmas,LAS PALMAS,Envigado,Antioquia,Oficial,6.1512749,-75.5360508,,Simulacro 1,,11.0,,,279.0,78.0,26,62,60.0,47.0,SI,,279.0
ENV-0438,Envigado,Las Palmas,LAS PALMAS,Envigado,Antioquia,Oficial,6.1512749,-75.5360508,,Simulacro 1,,11.0,,,261.0,63.0,28,74,45.0,49.0,SI,,261.0
ENV-0439,Envigado,Las Palmas,LAS PALMAS,Envigado,Antioquia,Oficial,6.1512749,-75.5360508,,Simulacro 1,,11.0,,,255.0,61.0,40,66,40.0,44.0,SI,,255.0
ENV-0440,Envigado,Las Palmas,LAS PALMAS,Envigado,Antioquia,Oficial,6.1512749,-75.5360508,,Simulacro 1,,11.0,,,254.0,66.0,22,58,48.0,78.0,SI,,254.0
ENV-0441,Envigado,Las Palmas,LAS PALMAS,Envigado,Antioquia,Oficial,6.1512749,-75.5360508,,Simulacro 1,,11.0,,,250.0,49.0,28,70,47.0,69.0,SI,,250.0
ENV-0442,Envigado,Las Palmas,LAS PALMAS,Envigado,Antioquia,Oficial,6.1512749,-75.5360508,,Simulacro 1,,11.0,,,247.0,61.0,40,50,47.0,49.0,SI,,247.0
ENV-0443,Envigado,Las Palmas,LAS PALMAS,Envigado,Antioquia,Oficial,6.1512749,-75.5360508,,Simulacro 1,,11.0,,,229.0,63.0,34,48,38.0,45.0,SI,,229.0
ENV-0444,Envigado,Las Palmas,LAS PALMAS,Envigado,Antioquia,Oficial,6.1512749,-75.5360508,,Simulacro 1,,11.0,,,229.0,46.0,38,32,53.0,85.0,SI,,229.0
ENV-0445,Envigado,Las Palmas,LAS PALMAS,Envigado,Antioquia,Oficial,6.1512749,-75.5360508,,Simulacro 1,,11.0,,,226.0,54.0,32,42,55.0,40.0,SI,,226.0
ENV-0446,Envigado,Las Palmas,LAS PALMAS,Envigado,Antioquia,Oficial,6.1512749,-75.5360508,,Simulacro 1,,11.0,,,221.0,44.0,30,56,48.0,40.0,SI,,221.0
ENV-0447,Envigado,Las Palmas,LAS PALMAS,Envigado,Antioquia,Oficial,6.1512749,-75.5360508,,Simulacro 1,,11.0,,,214.0,59.0,30,48,29.0,60.0,SI,,214.0
ENV-0448,Envigado,Las Palmas,LAS PALMAS,Envigado,Antioquia,Oficial,6.1512749,-75.5360508,,Simulacro 1,,11.0,,,211.0,46.0,32,60,31.0,40.0,SI,,211.0
ENV-0449,Envigado,Las Palmas,LAS PALMAS,Envigado,Antioquia,Oficial,6.1512749,-75.5360508,,Simulacro 1,,11.0,,,205.0,59.0,24,46,38.0,35.0,SI,,205.0
ENV-0450,Envigado,Las Palmas,LAS PALMAS,Envigado,Antioquia,Oficial,6.1512749,-75.5360508,,Simulacro 1,,11.0,,,197.0,61.0,24,32,34.0,58.0,SI,,197.0
ENV-0451,Envigado,Las Palmas,LAS PALMAS,Envigado,Antioquia,Oficial,6.1512749,-75.5360508,,Simulacro 1,,11.0,,,192.0,54.0,40,28,24.0,62.0,SI,,192.0
ENV-0452,Envigado,Las Palmas,LAS PALMAS,Envigado,Antioquia,Oficial,6.1512749,-75.5360508,,Simulacro 1,,11.0,,,190.0,46.0,20,46,33.0,58.0,SI,,190.0
ENV-0453,Envigado,Las Palmas,LAS PALMAS,Envigado,Antioquia,Oficial,6.1512749,-75.5360508,,Simulacro 1,,11.0,,,188.0,29.0,36,40,52.0,18.0,SI,,188.0
ENV-0454,Envigado,Las Palmas,LAS PALMAS,Envigado,Antioquia,Oficial,6.1512749,-75.5360508,,Simulacro 1,,11.0,,,187.0,39.0,26,46,34.0,49.0,SI,,187.0
ENV-0455,Envigado,Las Palmas,LAS PALMAS,Envigado,Antioquia,Oficial,6.1512749,-75.5360508,,Simulacro 1,,11.0,,,178.0,56.0,22,34,31.0,35.0,SI,,178.0
ENV-0456,Envigado,Las Palmas,LAS PALMAS,Envigado,Antioquia,Oficial,6.1512749,-75.5360508,,Simulacro 1,,11.0,,,176.0,29.0,28,36,40.0,58.0,SI,,176.0
ENV-0457,Envigado,Las Palmas,LAS PALMAS,Envigado,Antioquia,Oficial,6.1512749,-75.5360508,,Simulacro 1,,11.0,,,175.0,44.0,28,46,21.0,38.0,SI,,175.0
ENV-0458,Envigado,Las Palmas,LAS PALMAS,Envigado,Antioquia,Oficial,6.1512749,-75.5360508,,Simulacro 1,,11.0,,,172.0,41.0,28,30,38.0,35.0,SI,,172.0
ENV-0459,Envigado,Las Palmas,LAS PALMAS,Envigado,Antioquia,Oficial,6.1512749,-75.5360508,,Simulacro 1,,11.0,,,171.0,46.0,30,26,31.0,44.0,SI,,171.0
ENV-0460,Envigado,Las Palmas,LAS PALMAS,Envigado,Antioquia,Oficial,6.1512749,-75.5360508,,Simulacro 1,,11.0,,,169.0,56.0,26,26,26.0,36.0,SI,,169.0
ENV-0461,Envigado,Las Palmas,LAS PALMAS,Envigado,Antioquia,Oficial,6.1512749,-75.5360508,,Simulacro 1,,11.0,,,168.0,51.0,36,24,22.0,36.0,SI,,168.0
ENV-0462,Envigado,Las Palmas,LAS PALMAS,Envigado,Antioquia,Oficial,6.1512749,-75.5360508,,Simulacro 1,,11.0,,,161.0,59.0,20,30,21.0,31.0,SI,,161.0
ENV-0463,Envigado,Las Palmas,LAS PALMAS,Envigado,Antioquia,Oficial,6.1512749,-75.5360508,,Simulacro 1,,11.0,,,160.0,39.0,16,36,38.0,29.0,SI,,160.0
ENV-0464,Envigado,Las Palmas,LAS PALMAS,Envigado,Antioquia,Oficial,6.1512749,-75.5360508,,Simulacro 1,,11.0,,,158.0,37.0,26,42,14.0,56.0,SI,,158.0
ENV-0465,Envigado,Las Palmas,LAS PALMAS,Envigado,Antioquia,Oficial,6.1512749,-75.5360508,,Simulacro 1,,11.0,,,151.0,41.0,28,26,24.0,33.0,SI,,151.0
ENV-0466,Envigado,Las Palmas,LAS PALMAS,Envigado,Antioquia,Oficial,6.1512749,-75.5360508,,Simulacro 1,,11.0,,,147.0,37.0,12,38,29.0,35.0,SI,,147.0
ENV-0467,Envigado,Las Palmas,LAS PALMAS,Envigado,Antioquia,Oficial,6.1512749,-75.5360508,,Simulacro 1,,11.0,,,145.0,39.0,20,22,34.0,31.0,SI,,145.0
ENV-0468,Envigado,Las Palmas,LAS PALMAS,Envigado,Antioquia,Oficial,6.1512749,-75.5360508,,Simulacro 1,,11.0,,,139.0,20.0,30,28,26.0,51.0,SI,,139.0
ENV-0469,Envigado,Las Palmas,LAS PALMAS,Envigado,Antioquia,Oficial,6.1512749,-75.5360508,,Simulacro 1,,11.0,,,136.0,32.0,32,24,21.0,29.0,SI,,136.0
ENV-0470,Envigado,Las Palmas,LAS PALMAS,Envigado,Antioquia,Oficial,6.1512749,-75.5360508,,Simulacro 1,,11.0,,,131.0,24.0,30,30,19.0,31.0,SI,,131.0
ENV-0471,Envigado,Las Palmas,LAS PALMAS,Envigado,Antioquia,Oficial,6.1512749,-75.5360508,,Simulacro 1,,11.0,,,128.0,27.0,10,40,26.0,24.0,SI,,128.0
ENV-0472,Envigado,Las Palmas,LAS PALMAS,Envigado,Antioquia,Oficial,6.1512749,-75.5360508,,Simulacro 1,,11.0,,,125.0,27.0,36,14,19.0,36.0,SI,,125.0
ENV-0473,Envigado,Las Palmas,LAS PALMAS,Envigado,Antioquia,Oficial,6.1512749,-75.5360508,,Simulacro 1,,11.0,,,106.0,22.0,16,30,24.0,0.0,SI,,106.0
ENV-0474,Envigado,Leticia Arango,LETICIA ARANGO,Envigado,Antioquia,Oficial,6.163249,-75.5941636,,Simulacro 1,,11.0,,,354.0,68.0,62,78,67.0,93.0,SI,,354.0
ENV-0475,Envigado,Leticia Arango,LETICIA ARANGO,Envigado,Antioquia,Oficial,6.163249,-75.5941636,,Simulacro 1,,11.0,,,334.0,76.0,70,72,40.0,96.0,SI,,334.0
ENV-0476,Envigado,Leticia Arango,LETICIA ARANGO,Envigado,Antioquia,Oficial,6.163249,-75.5941636,,Simulacro 1,,11.0,,,326.0,68.0,52,68,67.0,80.0,SI,,326.0
ENV-0477,Envigado,Leticia Arango,LETICIA ARANGO,Envigado,Antioquia,Oficial,6.163249,-75.5941636,,Simulacro 1,,11.0,,,325.0,71.0,50,82,53.0,76.0,SI,,325.0
ENV-0478,Envigado,Leticia Arango,LETICIA ARANGO,Envigado,Antioquia,Oficial,6.163249,-75.5941636,,Simulacro 1,,11.0,,,312.0,76.0,56,70,47.0,67.0,SI,,312.0
ENV-0479,Envigado,Leticia Arango,LETICIA ARANGO,Envigado,Antioquia,Oficial,6.163249,-75.5941636,,Simulacro 1,,11.0,,,297.0,83.0,42,78,41.0,40.0,SI,,297.0
ENV-0480,Envigado,Leticia Arango,LETICIA ARANGO,Envigado,Antioquia,Oficial,6.163249,-75.5941636,,Simulacro 1,,11.0,,,295.0,56.0,56,66,52.0,78.0,SI,,295.0
ENV-0481,Envigado,Leticia Arango,LETICIA ARANGO,Envigado,Antioquia,Oficial,6.163249,-75.5941636,,Simulacro 1,,11.0,,,292.0,68.0,46,64,43.0,95.0,SI,,292.0
ENV-0482,Envigado,Leticia Arango,LETICIA ARANGO,Envigado,Antioquia,Oficial,6.163249,-75.5941636,,Simulacro 1,,11.0,,,287.0,59.0,46,62,55.0,82.0,SI,,287.0
ENV-0483,Envigado,Leticia Arango,LETICIA ARANGO,Envigado,Antioquia,Oficial,6.163249,-75.5941636,,Simulacro 1,,11.0,,,286.0,49.0,52,82,45.0,60.0,SI,,286.0
ENV-0484,Envigado,Leticia Arango,LETICIA ARANGO,Envigado,Antioquia,Oficial,6.163249,-75.5941636,,Simulacro 1,,11.0,,,284.0,61.0,32,78,45.0,91.0,SI,,284.0
ENV-0485,Envigado,Leticia Arango,LETICIA ARANGO,Envigado,Antioquia,Oficial,6.163249,-75.5941636,,Simulacro 1,,11.0,,,283.0,66.0,34,70,50.0,76.0,SI,,283.0
ENV-0486,Envigado,Leticia Arango,LETICIA ARANGO,Envigado,Antioquia,Oficial,6.163249,-75.5941636,,Simulacro 1,,11.0,,,276.0,59.0,36,74,48.0,67.0,SI,,276.0
ENV-0487,Envigado,Leticia Arango,LETICIA ARANGO,Envigado,Antioquia,Oficial,6.163249,-75.5941636,,Simulacro 1,,11.0,,,275.0,66.0,46,54,53.0,58.0,SI,,275.0
ENV-0488,Envigado,Leticia Arango,LETICIA ARANGO,Envigado,Antioquia,Oficial,6.163249,-75.5941636,,Simulacro 1,,11.0,,,275.0,63.0,30,80,45.0,60.0,SI,,275.0
ENV-0489,Envigado,Leticia Arango,LETICIA ARANGO,Envigado,Antioquia,Oficial,6.163249,-75.5941636,,Simulacro 1,,11.0,,,274.0,51.0,52,60,48.0,78.0,SI,,274.0
ENV-0490,Envigado,Leticia Arango,LETICIA ARANGO,Envigado,Antioquia,Oficial,6.163249,-75.5941636,,Simulacro 1,,11.0,,,271.0,54.0,48,56,59.0,55.0,SI,,271.0
ENV-0491,Envigado,Leticia Arango,LETICIA ARANGO,Envigado,Antioquia,Oficial,6.163249,-75.5941636,,Simulacro 1,,11.0,,,269.0,66.0,42,72,29.0,73.0,SI,,269.0
ENV-0492,Envigado,Leticia Arango,LETICIA ARANGO,Envigado,Antioquia,Oficial,6.163249,-75.5941636,,Simulacro 1,,11.0,,,267.0,68.0,62,24,57.0,62.0,SI,,267.0
ENV-0493,Envigado,Leticia Arango,LETICIA ARANGO,Envigado,Antioquia,Oficial,6.163249,-75.5941636,,Simulacro 1,,11.0,,,264.0,73.0,28,58,41.0,85.0,SI,,264.0
ENV-0494,Envigado,Leticia Arango,LETICIA ARANGO,Envigado,Antioquia,Oficial,6.163249,-75.5941636,,Simulacro 1,,11.0,,,255.0,51.0,46,50,55.0,55.0,SI,,255.0
ENV-0495,Envigado,Leticia Arango,LETICIA ARANGO,Envigado,Antioquia,Oficial,6.163249,-75.5941636,,Simulacro 1,,11.0,,,251.0,63.0,38,70,29.0,51.0,SI,,251.0
ENV-0496,Envigado,Leticia Arango,LETICIA ARANGO,Envigado,Antioquia,Oficial,6.163249,-75.5941636,,Simulacro 1,,11.0,,,251.0,49.0,52,42,50.0,75.0,SI,,251.0
ENV-0497,Envigado,Leticia Arango,LETICIA ARANGO,Envigado,Antioquia,Oficial,6.163249,-75.5941636,,Simulacro 1,,11.0,,,250.0,49.0,58,54,38.0,53.0,SI,,250.0
ENV-0498,Envigado,Leticia Arango,LETICIA ARANGO,Envigado,Antioquia,Oficial,6.163249,-75.5941636,,Simulacro 1,,11.0,,,249.0,51.0,38,62,48.0,49.0,SI,,249.0
ENV-0499,Envigado,Leticia Arango,LETICIA ARANGO,Envigado,Antioquia,Oficial,6.163249,-75.5941636,,Simulacro 1,,11.0,,,248.0,46.0,42,50,60.0,49.0,SI,,248.0
ENV-0500,Envigado,Leticia Arango,LETICIA ARANGO,Envigado,Antioquia,Oficial,6.163249,-75.5941636,,Simulacro 1,,11.0,,,247.0,59.0,34,60,36.0,76.0,SI,,247.0
ENV-0501,Envigado,Leticia Arango,LETICIA ARANGO,Envigado,Antioquia,Oficial,6.163249,-75.5941636,,Simulacro 1,,11.0,,,246.0,34.0,44,74,33.0,85.0,SI,,246.0
ENV-0502,Envigado,Leticia Arango,LETICIA ARANGO,Envigado,Antioquia,Oficial,6.163249,-75.5941636,,Simulacro 1,,11.0,,,244.0,51.0,50,20,62.0,85.0,SI,,244.0
ENV-0503,Envigado,Leticia Arango,LETICIA ARANGO,Envigado,Antioquia,Oficial,6.163249,-75.5941636,,Simulacro 1,,11.0,,,243.0,66.0,36,60,33.0,47.0,SI,,243.0
ENV-0504,Envigado,Leticia Arango,LETICIA ARANGO,Envigado,Antioquia,Oficial,6.163249,-75.5941636,,Simulacro 1,,11.0,,,239.0,59.0,30,58,33.0,84.0,SI,,239.0
ENV-0505,Envigado,Leticia Arango,LETICIA ARANGO,Envigado,Antioquia,Oficial,6.163249,-75.5941636,,Simulacro 1,,11.0,,,239.0,63.0,38,40,45.0,62.0,SI,,239.0
ENV-0506,Envigado,Leticia Arango,LETICIA ARANGO,Envigado,Antioquia,Oficial,6.163249,-75.5941636,,Simulacro 1,,11.0,,,238.0,78.0,32,40,29.0,82.0,SI,,238.0
ENV-0507,Envigado,Leticia Arango,LETICIA ARANGO,Envigado,Antioquia,Oficial,6.163249,-75.5941636,,Simulacro 1,,11.0,,,236.0,12.0,44,58,59.0,96.0,SI,,236.0
ENV-0508,Envigado,Leticia Arango,LETICIA ARANGO,Envigado,Antioquia,Oficial,6.163249,-75.5941636,,Simulacro 1,,11.0,,,234.0,59.0,42,44,40.0,56.0,SI,,234.0
ENV-0509,Envigado,Leticia Arango,LETICIA ARANGO,Envigado,Antioquia,Oficial,6.163249,-75.5941636,,Simulacro 1,,11.0,,,233.0,49.0,44,40,50.0,58.0,SI,,233.0
ENV-0510,Envigado,Leticia Arango,LETICIA ARANGO,Envigado,Antioquia,Oficial,6.163249,-75.5941636,,Simulacro 1,,11.0,,,233.0,51.0,46,62,26.0,51.0,SI,,233.0
ENV-0511,Envigado,Leticia Arango,LETICIA ARANGO,Envigado,Antioquia,Oficial,6.163249,-75.5941636,,Simulacro 1,,11.0,,,231.0,66.0,28,42,41.0,69.0,SI,,231.0
ENV-0512,Envigado,Leticia Arango,LETICIA ARANGO,Envigado,Antioquia,Oficial,6.163249,-75.5941636,,Simulacro 1,,11.0,,,230.0,76.0,42,36,34.0,35.0,SI,,230.0
ENV-0513,Envigado,Leticia Arango,LETICIA ARANGO,Envigado,Antioquia,Oficial,6.163249,-75.5941636,,Simulacro 1,,11.0,,,229.0,51.0,40,60,33.0,44.0,SI,,229.0
ENV-0514,Envigado,Leticia Arango,LETICIA ARANGO,Envigado,Antioquia,Oficial,6.163249,-75.5941636,,Simulacro 1,,11.0,,,228.0,39.0,36,50,48.0,73.0,SI,,228.0
ENV-0515,Envigado,Leticia Arango,LETICIA ARANGO,Envigado,Antioquia,Oficial,6.163249,-75.5941636,,Simulacro 1,,11.0,,,223.0,56.0,30,48,41.0,55.0,SI,,223.0
ENV-0516,Envigado,Leticia Arango,LETICIA ARANGO,Envigado,Antioquia,Oficial,6.163249,-75.5941636,,Simulacro 1,,11.0,,,222.0,51.0,34,38,48.0,64.0,SI,,222.0
ENV-0517,Envigado,Leticia Arango,LETICIA ARANGO,Envigado,Antioquia,Oficial,6.163249,-75.5941636,,Simulacro 1,,11.0,,,220.0,37.0,52,28,53.0,62.0,SI,,220.0
ENV-0518,Envigado,Leticia Arango,LETICIA ARANGO,Envigado,Antioquia,Oficial,6.163249,-75.5941636,,Simulacro 1,,11.0,,,220.0,68.0,30,54,24.0,42.0,SI,,220.0
ENV-0519,Envigado,Leticia Arango,LETICIA ARANGO,Envigado,Antioquia,Oficial,6.163249,-75.5941636,,Simulacro 1,,11.0,,,219.0,54.0,34,48,38.0,49.0,SI,,219.0
ENV-0520,Envigado,Leticia Arango,LETICIA ARANGO,Envigado,Antioquia,Oficial,6.163249,-75.5941636,,Simulacro 1,,11.0,,,218.0,61.0,38,44,28.0,55.0,SI,,218.0
ENV-0521,Envigado,Leticia Arango,LETICIA ARANGO,Envigado,Antioquia,Oficial,6.163249,-75.5941636,,Simulacro 1,,11.0,,,217.0,56.0,30,24,62.0,47.0,SI,,217.0
ENV-0522,Envigado,Leticia Arango,LETICIA ARANGO,Envigado,Antioquia,Oficial,6.163249,-75.5941636,,Simulacro 1,,11.0,,,214.0,41.0,34,40,47.0,69.0,SI,,214.0
ENV-0523,Envigado,Leticia Arango,LETICIA ARANGO,Envigado,Antioquia,Oficial,6.163249,-75.5941636,,Simulacro 1,,11.0,,,212.0,54.0,32,48,43.0,22.0,SI,,212.0
ENV-0524,Envigado,Leticia Arango,LETICIA ARANGO,Envigado,Antioquia,Oficial,6.163249,-75.5941636,,Simulacro 1,,11.0,,,208.0,49.0,34,32,38.0,84.0,SI,,208.0
ENV-0525,Envigado,Leticia Arango,LETICIA ARANGO,Envigado,Antioquia,Oficial,6.163249,-75.5941636,,Simulacro 1,,11.0,,,207.0,51.0,34,32,45.0,53.0,SI,,207.0
ENV-0526,Envigado,Leticia Arango,LETICIA ARANGO,Envigado,Antioquia,Oficial,6.163249,-75.5941636,,Simulacro 1,,11.0,,,207.0,49.0,42,34,33.0,65.0,SI,,207.0
ENV-0527,Envigado,Leticia Arango,LETICIA ARANGO,Envigado,Antioquia,Oficial,6.163249,-75.5941636,,Simulacro 1,,11.0,,,206.0,41.0,40,40,40.0,53.0,SI,,206.0
ENV-0528,Envigado,Leticia Arango,LETICIA ARANGO,Envigado,Antioquia,Oficial,6.163249,-75.5941636,,Simulacro 1,,11.0,,,205.0,54.0,24,44,29.0,80.0,SI,,205.0
ENV-0529,Envigado,Leticia Arango,LETICIA ARANGO,Envigado,Antioquia,Oficial,6.163249,-75.5941636,,Simulacro 1,,11.0,,,203.0,46.0,30,36,52.0,35.0,SI,,203.0
ENV-0530,Envigado,Leticia Arango,LETICIA ARANGO,Envigado,Antioquia,Oficial,6.163249,-75.5941636,,Simulacro 1,,11.0,,,201.0,49.0,34,28,45.0,55.0,SI,,201.0
ENV-0531,Envigado,Leticia Arango,LETICIA ARANGO,Envigado,Antioquia,Oficial,6.163249,-75.5941636,,Simulacro 1,,11.0,,,199.0,46.0,24,34,52.0,49.0,SI,,199.0
ENV-0532,Envigado,Leticia Arango,LETICIA ARANGO,Envigado,Antioquia,Oficial,6.163249,-75.5941636,,Simulacro 1,,11.0,,,198.0,46.0,24,46,41.0,42.0,SI,,198.0
ENV-0533,Envigado,Leticia Arango,LETICIA ARANGO,Envigado,Antioquia,Oficial,6.163249,-75.5941636,,Simulacro 1,,11.0,,,195.0,39.0,42,32,43.0,38.0,SI,,195.0
ENV-0534,Envigado,Leticia Arango,LETICIA ARANGO,Envigado,Antioquia,Oficial,6.163249,-75.5941636,,Simulacro 1,,11.0,,,193.0,27.0,50,30,36.0,73.0,SI,,193.0
ENV-0535,Envigado,Leticia Arango,LETICIA ARANGO,Envigado,Antioquia,Oficial,6.163249,-75.5941636,,Simulacro 1,,11.0,,,188.0,54.0,44,24,19.0,67.0,SI,,188.0
ENV-0536,Envigado,Leticia Arango,LETICIA ARANGO,Envigado,Antioquia,Oficial,6.163249,-75.5941636,,Simulacro 1,,11.0,,,188.0,68.0,26,18,31.0,58.0,SI,,188.0
ENV-0537,Envigado,Leticia Arango,LETICIA ARANGO,Envigado,Antioquia,Oficial,6.163249,-75.5941636,,Simulacro 1,,11.0,,,188.0,66.0,30,34,33.0,0.0,SI,,188.0
ENV-0538,Envigado,Leticia Arango,LETICIA ARANGO,Envigado,Antioquia,Oficial,6.163249,-75.5941636,,Simulacro 1,,11.0,,,184.0,51.0,38,28,31.0,35.0,SI,,184.0
ENV-0539,Envigado,Leticia Arango,LETICIA ARANGO,Envigado,Antioquia,Oficial,6.163249,-75.5941636,,Simulacro 1,,11.0,,,184.0,54.0,30,32,33.0,33.0,SI,,184.0
ENV-0540,Envigado,Leticia Arango,LETICIA ARANGO,Envigado,Antioquia,Oficial,6.163249,-75.5941636,,Simulacro 1,,11.0,,,182.0,39.0,22,52,29.0,45.0,SI,,182.0
ENV-0541,Envigado,Leticia Arango,LETICIA ARANGO,Envigado,Antioquia,Oficial,6.163249,-75.5941636,,Simulacro 1,,11.0,,,182.0,63.0,38,16,24.0,47.0,SI,,182.0
ENV-0542,Envigado,Leticia Arango,LETICIA ARANGO,Envigado,Antioquia,Oficial,6.163249,-75.5941636,,Simulacro 1,,11.0,,,181.0,51.0,28,34,28.0,47.0,SI,,181.0
ENV-0543,Envigado,Leticia Arango,LETICIA ARANGO,Envigado,Antioquia,Oficial,6.163249,-75.5941636,,Simulacro 1,,11.0,,,176.0,46.0,28,34,29.0,44.0,SI,,176.0
ENV-0544,Envigado,Leticia Arango,LETICIA ARANGO,Envigado,Antioquia,Oficial,6.163249,-75.5941636,,Simulacro 1,,11.0,,,171.0,46.0,30,30,26.0,49.0,SI,,171.0
ENV-0545,Envigado,Leticia Arango,LETICIA ARANGO,Envigado,Antioquia,Oficial,6.163249,-75.5941636,,Simulacro 1,,11.0,,,171.0,37.0,36,32,26.0,53.0,SI,,171.0
ENV-0546,Envigado,Leticia Arango,LETICIA ARANGO,Envigado,Antioquia,Oficial,6.163249,-75.5941636,,Simulacro 1,,11.0,,,168.0,24.0,32,36,40.0,42.0,SI,,168.0
ENV-0547,Envigado,Leticia Arango,LETICIA ARANGO,Envigado,Antioquia,Oficial,6.163249,-75.5941636,,Simulacro 1,,11.0,,,167.0,41.0,28,24,36.0,45.0,SI,,167.0
ENV-0548,Envigado,Leticia Arango,LETICIA ARANGO,Envigado,Antioquia,Oficial,6.163249,-75.5941636,,Simulacro 1,,11.0,,,167.0,44.0,24,34,19.0,71.0,SI,,167.0
ENV-0549,Envigado,Leticia Arango,LETICIA ARANGO,Envigado,Antioquia,Oficial,6.163249,-75.5941636,,Simulacro 1,,11.0,,,165.0,37.0,28,28,29.0,64.0,SI,,165.0
ENV-0550,Envigado,Leticia Arango,LETICIA ARANGO,Envigado,Antioquia,Oficial,6.163249,-75.5941636,,Simulacro 1,,11.0,,,162.0,44.0,38,20,22.0,47.0,SI,,162.0
ENV-0551,Envigado,Leticia Arango,LETICIA ARANGO,Envigado,Antioquia,Oficial,6.163249,-75.5941636,,Simulacro 1,,11.0,,,158.0,29.0,26,34,38.0,29.0,SI,,158.0
ENV-0552,Envigado,Leticia Arango,LETICIA ARANGO,Envigado,Antioquia,Oficial,6.163249,-75.5941636,,Simulacro 1,,11.0,,,151.0,32.0,28,30,28.0,40.0,SI,,151.0
ENV-0553,Envigado,Leticia Arango,LETICIA ARANGO,Envigado,Antioquia,Oficial,6.163249,-75.5941636,,Simulacro 1,,11.0,,,150.0,32.0,28,34,26.0,31.0,SI,,150.0
ENV-0554,Envigado,Leticia Arango,LETICIA ARANGO,Envigado,Antioquia,Oficial,6.163249,-75.5941636,,Simulacro 1,,11.0,,,146.0,29.0,34,26,26.0,35.0,SI,,146.0
ENV-0555,Envigado,Leticia Arango,LETICIA ARANGO,Envigado,Antioquia,Oficial,6.163249,-75.5941636,,Simulacro 1,,11.0,,,145.0,34.0,36,20,22.0,40.0,SI,,145.0
ENV-0556,Envigado,Leticia Arango,LETICIA ARANGO,Envigado,Antioquia,Oficial,6.163249,-75.5941636,,Simulacro 1,,11.0,,,142.0,29.0,32,16,33.0,40.0,SI,,142.0
ENV-0557,Envigado,Leticia Arango,LETICIA ARANGO,Envigado,Antioquia,Oficial,6.163249,-75.5941636,,Simulacro 1,,11.0,,,142.0,39.0,26,18,29.0,33.0,SI,,142.0
ENV-0558,Envigado,Leticia Arango,LETICIA ARANGO,Envigado,Antioquia,Oficial,6.163249,-75.5941636,,Simulacro 1,,11.0,,,141.0,34.0,26,20,29.0,38.0,SI,,141.0
ENV-0559,Envigado,Leticia Arango,LETICIA ARANGO,Envigado,Antioquia,Oficial,6.163249,-75.5941636,,Simulacro 1,,11.0,,,140.0,34.0,24,20,28.0,47.0,SI,,140.0
ENV-0560,Envigado,Leticia Arango,LETICIA ARANGO,Envigado,Antioquia,Oficial,6.163249,-75.5941636,,Simulacro 1,,11.0,,,138.0,27.0,26,30,28.0,27.0,SI,,138.0
ENV-0561,Envigado,Leticia Arango,LETICIA ARANGO,Envigado,Antioquia,Oficial,6.163249,-75.5941636,,Simulacro 1,,11.0,,,131.0,37.0,20,22,24.0,33.0,SI,,131.0
ENV-0562,Envigado,Leticia Arango,LETICIA ARANGO,Envigado,Antioquia,Oficial,6.163249,-75.5941636,,Simulacro 1,,11.0,,,127.0,54.0,24,8,24.0,0.0,SI,,127.0
ENV-0563,Envigado,Leticia Arango,LETICIA ARANGO,Envigado,Antioquia,Oficial,6.163249,-75.5941636,,Simulacro 1,,11.0,,,126.0,27.0,28,32,16.0,22.0,SI,,126.0
ENV-0564,Envigado,Leticia Arango,LETICIA ARANGO,Envigado,Antioquia,Oficial,6.163249,-75.5941636,,Simulacro 1,,11.0,,,107.0,20.0,18,28,19.0,25.0,SI,,107.0
ENV-0565,Envigado,Leticia Arango,LETICIA ARANGO,Envigado,Antioquia,Oficial,6.163249,-75.5941636,,Simulacro 1,,11.0,,,103.0,17.0,22,18,22.0,29.0,SI,,103.0
ENV-0566,Envigado,Leticia Arango,LETICIA ARANGO,Envigado,Antioquia,Oficial,6.163249,-75.5941636,,Simulacro 1,,11.0,,,98.0,39.0,20,10,16.0,0.0,SI,,98.0
ENV-0567,Envigado,Leticia Arango,LETICIA ARANGO,Envigado,Antioquia,Oficial,6.163249,-75.5941636,,Simulacro 1,,11.0,,,89.0,0.0,16,28,21.0,38.0,SI,,89.0
ENV-0568,Envigado,Leticia Arango,LETICIA ARANGO,Envigado,Antioquia,Oficial,6.163249,-75.5941636,,Simulacro 1,,11.0,,,86.0,0.0,10,26,21.0,53.0,SI,,86.0
ENV-0569,Envigado,Leticia Arango,LETICIA ARANGO,Envigado,Antioquia,Oficial,6.163249,-75.5941636,,Simulacro 1,,11.0,,,76.0,0.0,14,16,14.0,65.0,SI,,76.0
ENV-0570,Envigado,Leticia Arango,LETICIA ARANGO,Envigado,Antioquia,Oficial,6.163249,-75.5941636,,Simulacro 1,,11.0,,,75.0,0.0,12,20,21.0,38.0,SI,,75.0
ENV-0571,Envigado,Manuel Uribe Ángel,MANUEL URIBE ÁNGEL,Envigado,Antioquia,Oficial,6.1702637,-75.5895184,,Simulacro 1,,11.0,,,359.0,85.0,48,84,66.0,85.0,SI,,359.0
ENV-0572,Envigado,Manuel Uribe Ángel,MANUEL URIBE ÁNGEL,Envigado,Antioquia,Oficial,6.1702637,-75.5895184,,Simulacro 1,,11.0,,,336.0,85.0,42,68,71.0,76.0,SI,,336.0
ENV-0573,Envigado,Manuel Uribe Ángel,MANUEL URIBE ÁNGEL,Envigado,Antioquia,Oficial,6.1702637,-75.5895184,,Simulacro 1,,11.0,,,326.0,78.0,36,82,57.0,89.0,SI,,326.0
ENV-0574,Envigado,Manuel Uribe Ángel,MANUEL URIBE ÁNGEL,Envigado,Antioquia,Oficial,6.1702637,-75.5895184,,Simulacro 1,,11.0,,,318.0,66.0,56,84,38.0,95.0,SI,,318.0
ENV-0575,Envigado,Manuel Uribe Ángel,MANUEL URIBE ÁNGEL,Envigado,Antioquia,Oficial,6.1702637,-75.5895184,,Simulacro 1,,11.0,,,306.0,56.0,56,60,71.0,67.0,SI,,306.0
ENV-0576,Envigado,Manuel Uribe Ángel,MANUEL URIBE ÁNGEL,Envigado,Antioquia,Oficial,6.1702637,-75.5895184,,Simulacro 1,,11.0,,,306.0,68.0,48,52,64.0,98.0,SI,,306.0
ENV-0577,Envigado,Manuel Uribe Ángel,MANUEL URIBE ÁNGEL,Envigado,Antioquia,Oficial,6.1702637,-75.5895184,,Simulacro 1,,11.0,,,297.0,59.0,48,62,71.0,55.0,SI,,297.0
ENV-0578,Envigado,Manuel Uribe Ángel,MANUEL URIBE ÁNGEL,Envigado,Antioquia,Oficial,6.1702637,-75.5895184,,Simulacro 1,,11.0,,,297.0,76.0,52,62,48.0,58.0,SI,,297.0
ENV-0579,Envigado,Manuel Uribe Ángel,MANUEL URIBE ÁNGEL,Envigado,Antioquia,Oficial,6.1702637,-75.5895184,,Simulacro 1,,11.0,,,282.0,73.0,32,66,45.0,85.0,SI,,282.0
ENV-0580,Envigado,Manuel Uribe Ángel,MANUEL URIBE ÁNGEL,Envigado,Antioquia,Oficial,6.1702637,-75.5895184,,Simulacro 1,,11.0,,,275.0,71.0,30,58,55.0,75.0,SI,,275.0
ENV-0581,Envigado,Manuel Uribe Ángel,MANUEL URIBE ÁNGEL,Envigado,Antioquia,Oficial,6.1702637,-75.5895184,,Simulacro 1,,11.0,,,274.0,63.0,38,72,47.0,53.0,SI,,274.0
ENV-0582,Envigado,Manuel Uribe Ángel,MANUEL URIBE ÁNGEL,Envigado,Antioquia,Oficial,6.1702637,-75.5895184,,Simulacro 1,,11.0,,,274.0,71.0,40,54,52.0,62.0,SI,,274.0
ENV-0583,Envigado,Manuel Uribe Ángel,MANUEL URIBE ÁNGEL,Envigado,Antioquia,Oficial,6.1702637,-75.5895184,,Simulacro 1,,11.0,,,269.0,68.0,40,50,50.0,75.0,SI,,269.0
ENV-0584,Envigado,Manuel Uribe Ángel,MANUEL URIBE ÁNGEL,Envigado,Antioquia,Oficial,6.1702637,-75.5895184,,Simulacro 1,,11.0,,,267.0,54.0,42,54,53.0,85.0,SI,,267.0
ENV-0585,Envigado,Manuel Uribe Ángel,MANUEL URIBE ÁNGEL,Envigado,Antioquia,Oficial,6.1702637,-75.5895184,,Simulacro 1,,11.0,,,259.0,59.0,42,58,50.0,47.0,SI,,259.0
ENV-0586,Envigado,Manuel Uribe Ángel,MANUEL URIBE ÁNGEL,Envigado,Antioquia,Oficial,6.1702637,-75.5895184,,Simulacro 1,,11.0,,,256.0,68.0,50,62,28.0,42.0,SI,,256.0
ENV-0587,Envigado,Manuel Uribe Ángel,MANUEL URIBE ÁNGEL,Envigado,Antioquia,Oficial,6.1702637,-75.5895184,,Simulacro 1,,11.0,,,252.0,73.0,34,52,45.0,44.0,SI,,252.0
ENV-0588,Envigado,Manuel Uribe Ángel,MANUEL URIBE ÁNGEL,Envigado,Antioquia,Oficial,6.1702637,-75.5895184,,Simulacro 1,,11.0,,,250.0,54.0,38,46,59.0,62.0,SI,,250.0
ENV-0589,Envigado,Manuel Uribe Ángel,MANUEL URIBE ÁNGEL,Envigado,Antioquia,Oficial,6.1702637,-75.5895184,,Simulacro 1,,11.0,,,249.0,66.0,38,40,50.0,65.0,SI,,249.0
ENV-0590,Envigado,Manuel Uribe Ángel,MANUEL URIBE ÁNGEL,Envigado,Antioquia,Oficial,6.1702637,-75.5895184,,Simulacro 1,,11.0,,,247.0,73.0,52,30,38.0,64.0,SI,,247.0
ENV-0591,Envigado,Manuel Uribe Ángel,MANUEL URIBE ÁNGEL,Envigado,Antioquia,Oficial,6.1702637,-75.5895184,,Simulacro 1,,11.0,,,247.0,54.0,30,52,52.0,80.0,SI,,247.0
ENV-0592,Envigado,Manuel Uribe Ángel,MANUEL URIBE ÁNGEL,Envigado,Antioquia,Oficial,6.1702637,-75.5895184,,Simulacro 1,,11.0,,,247.0,80.0,26,52,38.0,53.0,SI,,247.0
ENV-0593,Envigado,Manuel Uribe Ángel,MANUEL URIBE ÁNGEL,Envigado,Antioquia,Oficial,6.1702637,-75.5895184,,Simulacro 1,,11.0,,,247.0,66.0,32,42,55.0,56.0,SI,,247.0
ENV-0594,Envigado,Manuel Uribe Ángel,MANUEL URIBE ÁNGEL,Envigado,Antioquia,Oficial,6.1702637,-75.5895184,,Simulacro 1,,11.0,,,246.0,73.0,32,58,31.0,58.0,SI,,246.0
ENV-0595,Envigado,Manuel Uribe Ángel,MANUEL URIBE ÁNGEL,Envigado,Antioquia,Oficial,6.1702637,-75.5895184,,Simulacro 1,,11.0,,,243.0,61.0,36,44,41.0,85.0,SI,,243.0
ENV-0596,Envigado,Manuel Uribe Ángel,MANUEL URIBE ÁNGEL,Envigado,Antioquia,Oficial,6.1702637,-75.5895184,,Simulacro 1,,11.0,,,241.0,54.0,32,48,50.0,76.0,SI,,241.0
ENV-0597,Envigado,Manuel Uribe Ángel,MANUEL URIBE ÁNGEL,Envigado,Antioquia,Oficial,6.1702637,-75.5895184,,Simulacro 1,,11.0,,,233.0,54.0,28,60,43.0,51.0,SI,,233.0
ENV-0598,Envigado,Manuel Uribe Ángel,MANUEL URIBE ÁNGEL,Envigado,Antioquia,Oficial,6.1702637,-75.5895184,,Simulacro 1,,11.0,,,233.0,63.0,44,44,26.0,73.0,SI,,233.0
ENV-0599,Envigado,Manuel Uribe Ángel,MANUEL URIBE ÁNGEL,Envigado,Antioquia,Oficial,6.1702637,-75.5895184,,Simulacro 1,,11.0,,,232.0,66.0,42,38,38.0,53.0,SI,,232.0
ENV-0600,Envigado,Manuel Uribe Ángel,MANUEL URIBE ÁNGEL,Envigado,Antioquia,Oficial,6.1702637,-75.5895184,,Simulacro 1,,11.0,,,227.0,66.0,32,58,21.0,62.0,SI,,227.0
ENV-0601,Envigado,Manuel Uribe Ángel,MANUEL URIBE ÁNGEL,Envigado,Antioquia,Oficial,6.1702637,-75.5895184,,Simulacro 1,,11.0,,,227.0,56.0,38,32,55.0,45.0,SI,,227.0
ENV-0602,Envigado,Manuel Uribe Ángel,MANUEL URIBE ÁNGEL,Envigado,Antioquia,Oficial,6.1702637,-75.5895184,,Simulacro 1,,11.0,,,225.0,59.0,34,36,43.0,69.0,SI,,225.0
ENV-0603,Envigado,Manuel Uribe Ángel,MANUEL URIBE ÁNGEL,Envigado,Antioquia,Oficial,6.1702637,-75.5895184,,Simulacro 1,,11.0,,,224.0,49.0,34,44,47.0,64.0,SI,,224.0
ENV-0604,Envigado,Manuel Uribe Ángel,MANUEL URIBE ÁNGEL,Envigado,Antioquia,Oficial,6.1702637,-75.5895184,,Simulacro 1,,11.0,,,224.0,63.0,36,34,36.0,73.0,SI,,224.0
ENV-0605,Envigado,Manuel Uribe Ángel,MANUEL URIBE ÁNGEL,Envigado,Antioquia,Oficial,6.1702637,-75.5895184,,Simulacro 1,,11.0,,,223.0,51.0,32,50,43.0,51.0,SI,,223.0
ENV-0606,Envigado,Manuel Uribe Ángel,MANUEL URIBE ÁNGEL,Envigado,Antioquia,Oficial,6.1702637,-75.5895184,,Simulacro 1,,11.0,,,220.0,44.0,26,50,52.0,58.0,SI,,220.0
ENV-0607,Envigado,Manuel Uribe Ángel,MANUEL URIBE ÁNGEL,Envigado,Antioquia,Oficial,6.1702637,-75.5895184,,Simulacro 1,,11.0,,,217.0,49.0,40,44,38.0,51.0,SI,,217.0
ENV-0608,Envigado,Manuel Uribe Ángel,MANUEL URIBE ÁNGEL,Envigado,Antioquia,Oficial,6.1702637,-75.5895184,,Simulacro 1,,11.0,,,216.0,44.0,32,32,52.0,82.0,SI,,216.0
ENV-0609,Envigado,Manuel Uribe Ángel,MANUEL URIBE ÁNGEL,Envigado,Antioquia,Oficial,6.1702637,-75.5895184,,Simulacro 1,,11.0,,,216.0,63.0,36,42,34.0,33.0,SI,,216.0
ENV-0610,Envigado,Manuel Uribe Ángel,MANUEL URIBE ÁNGEL,Envigado,Antioquia,Oficial,6.1702637,-75.5895184,,Simulacro 1,,11.0,,,215.0,54.0,38,48,33.0,42.0,SI,,215.0
ENV-0611,Envigado,Manuel Uribe Ángel,MANUEL URIBE ÁNGEL,Envigado,Antioquia,Oficial,6.1702637,-75.5895184,,Simulacro 1,,11.0,,,215.0,56.0,38,42,36.0,42.0,SI,,215.0
ENV-0612,Envigado,Manuel Uribe Ángel,MANUEL URIBE ÁNGEL,Envigado,Antioquia,Oficial,6.1702637,-75.5895184,,Simulacro 1,,11.0,,,215.0,56.0,44,44,31.0,33.0,SI,,215.0
ENV-0613,Envigado,Manuel Uribe Ángel,MANUEL URIBE ÁNGEL,Envigado,Antioquia,Oficial,6.1702637,-75.5895184,,Simulacro 1,,11.0,,,213.0,63.0,34,32,38.0,53.0,SI,,213.0
ENV-0614,Envigado,Manuel Uribe Ángel,MANUEL URIBE ÁNGEL,Envigado,Antioquia,Oficial,6.1702637,-75.5895184,,Simulacro 1,,11.0,,,210.0,44.0,34,48,43.0,40.0,SI,,210.0
ENV-0615,Envigado,Manuel Uribe Ángel,MANUEL URIBE ÁNGEL,Envigado,Antioquia,Oficial,6.1702637,-75.5895184,,Simulacro 1,,11.0,,,210.0,71.0,22,42,31.0,49.0,SI,,210.0
ENV-0616,Envigado,Manuel Uribe Ángel,MANUEL URIBE ÁNGEL,Envigado,Antioquia,Oficial,6.1702637,-75.5895184,,Simulacro 1,,11.0,,,209.0,41.0,28,38,55.0,55.0,SI,,209.0
ENV-0617,Envigado,Manuel Uribe Ángel,MANUEL URIBE ÁNGEL,Envigado,Antioquia,Oficial,6.1702637,-75.5895184,,Simulacro 1,,11.0,,,208.0,66.0,28,32,38.0,49.0,SI,,208.0
ENV-0618,Envigado,Manuel Uribe Ángel,MANUEL URIBE ÁNGEL,Envigado,Antioquia,Oficial,6.1702637,-75.5895184,,Simulacro 1,,11.0,,,206.0,63.0,50,18,24.0,69.0,SI,,206.0
ENV-0619,Envigado,Manuel Uribe Ángel,MANUEL URIBE ÁNGEL,Envigado,Antioquia,Oficial,6.1702637,-75.5895184,,Simulacro 1,,11.0,,,206.0,61.0,28,32,45.0,38.0,SI,,206.0
ENV-0620,Envigado,Manuel Uribe Ángel,MANUEL URIBE ÁNGEL,Envigado,Antioquia,Oficial,6.1702637,-75.5895184,,Simulacro 1,,11.0,,,205.0,54.0,30,28,41.0,73.0,SI,,205.0
ENV-0621,Envigado,Manuel Uribe Ángel,MANUEL URIBE ÁNGEL,Envigado,Antioquia,Oficial,6.1702637,-75.5895184,,Simulacro 1,,11.0,,,202.0,49.0,38,32,33.0,71.0,SI,,202.0
ENV-0622,Envigado,Manuel Uribe Ángel,MANUEL URIBE ÁNGEL,Envigado,Antioquia,Oficial,6.1702637,-75.5895184,,Simulacro 1,,11.0,,,202.0,59.0,24,46,31.0,45.0,SI,,202.0
ENV-0623,Envigado,Manuel Uribe Ángel,MANUEL URIBE ÁNGEL,Envigado,Antioquia,Oficial,6.1702637,-75.5895184,,Simulacro 1,,11.0,,,200.0,49.0,26,34,40.0,75.0,SI,,200.0
ENV-0624,Envigado,Manuel Uribe Ángel,MANUEL URIBE ÁNGEL,Envigado,Antioquia,Oficial,6.1702637,-75.5895184,,Simulacro 1,,11.0,,,199.0,63.0,24,34,38.0,40.0,SI,,199.0
ENV-0625,Envigado,Manuel Uribe Ángel,MANUEL URIBE ÁNGEL,Envigado,Antioquia,Oficial,6.1702637,-75.5895184,,Simulacro 1,,11.0,,,198.0,49.0,30,46,26.0,62.0,SI,,198.0
ENV-0626,Envigado,Manuel Uribe Ángel,MANUEL URIBE ÁNGEL,Envigado,Antioquia,Oficial,6.1702637,-75.5895184,,Simulacro 1,,11.0,,,197.0,41.0,40,46,29.0,42.0,SI,,197.0
ENV-0627,Envigado,Manuel Uribe Ángel,MANUEL URIBE ÁNGEL,Envigado,Antioquia,Oficial,6.1702637,-75.5895184,,Simulacro 1,,11.0,,,192.0,59.0,28,42,29.0,25.0,SI,,192.0
ENV-0628,Envigado,Manuel Uribe Ángel,MANUEL URIBE ÁNGEL,Envigado,Antioquia,Oficial,6.1702637,-75.5895184,,Simulacro 1,,11.0,,,192.0,39.0,38,34,33.0,67.0,SI,,192.0
ENV-0629,Envigado,Manuel Uribe Ángel,MANUEL URIBE ÁNGEL,Envigado,Antioquia,Oficial,6.1702637,-75.5895184,,Simulacro 1,,11.0,,,191.0,41.0,28,52,31.0,40.0,SI,,191.0
ENV-0630,Envigado,Manuel Uribe Ángel,MANUEL URIBE ÁNGEL,Envigado,Antioquia,Oficial,6.1702637,-75.5895184,,Simulacro 1,,11.0,,,191.0,44.0,32,40,34.0,45.0,SI,,191.0
ENV-0631,Envigado,Manuel Uribe Ángel,MANUEL URIBE ÁNGEL,Envigado,Antioquia,Oficial,6.1702637,-75.5895184,,Simulacro 1,,11.0,,,189.0,46.0,30,36,34.0,51.0,SI,,189.0
ENV-0632,Envigado,Manuel Uribe Ángel,MANUEL URIBE ÁNGEL,Envigado,Antioquia,Oficial,6.1702637,-75.5895184,,Simulacro 1,,11.0,,,188.0,41.0,34,38,36.0,40.0,SI,,188.0
ENV-0633,Envigado,Manuel Uribe Ángel,MANUEL URIBE ÁNGEL,Envigado,Antioquia,Oficial,6.1702637,-75.5895184,,Simulacro 1,,11.0,,,187.0,54.0,28,32,38.0,31.0,SI,,187.0
ENV-0634,Envigado,Manuel Uribe Ángel,MANUEL URIBE ÁNGEL,Envigado,Antioquia,Oficial,6.1702637,-75.5895184,,Simulacro 1,,11.0,,,185.0,61.0,14,30,45.0,33.0,SI,,185.0
ENV-0635,Envigado,Manuel Uribe Ángel,MANUEL URIBE ÁNGEL,Envigado,Antioquia,Oficial,6.1702637,-75.5895184,,Simulacro 1,,11.0,,,184.0,44.0,28,38,38.0,35.0,SI,,184.0
ENV-0636,Envigado,Manuel Uribe Ángel,MANUEL URIBE ÁNGEL,Envigado,Antioquia,Oficial,6.1702637,-75.5895184,,Simulacro 1,,11.0,,,179.0,54.0,24,28,36.0,40.0,SI,,179.0
ENV-0637,Envigado,Manuel Uribe Ángel,MANUEL URIBE ÁNGEL,Envigado,Antioquia,Oficial,6.1702637,-75.5895184,,Simulacro 1,,11.0,,,179.0,37.0,32,42,28.0,51.0,SI,,179.0
ENV-0638,Envigado,Manuel Uribe Ángel,MANUEL URIBE ÁNGEL,Envigado,Antioquia,Oficial,6.1702637,-75.5895184,,Simulacro 1,,11.0,,,178.0,41.0,30,38,33.0,36.0,SI,,178.0
ENV-0639,Envigado,Manuel Uribe Ángel,MANUEL URIBE ÁNGEL,Envigado,Antioquia,Oficial,6.1702637,-75.5895184,,Simulacro 1,,11.0,,,177.0,54.0,24,34,22.0,58.0,SI,,177.0
ENV-0640,Envigado,Manuel Uribe Ángel,MANUEL URIBE ÁNGEL,Envigado,Antioquia,Oficial,6.1702637,-75.5895184,,Simulacro 1,,11.0,,,177.0,54.0,24,30,33.0,38.0,SI,,177.0
ENV-0641,Envigado,Manuel Uribe Ángel,MANUEL URIBE ÁNGEL,Envigado,Antioquia,Oficial,6.1702637,-75.5895184,,Simulacro 1,,11.0,,,177.0,41.0,28,40,22.0,64.0,SI,,177.0
ENV-0642,Envigado,Manuel Uribe Ángel,MANUEL URIBE ÁNGEL,Envigado,Antioquia,Oficial,6.1702637,-75.5895184,,Simulacro 1,,11.0,,,176.0,46.0,16,42,33.0,47.0,SI,,176.0
ENV-0643,Envigado,Manuel Uribe Ángel,MANUEL URIBE ÁNGEL,Envigado,Antioquia,Oficial,6.1702637,-75.5895184,,Simulacro 1,,11.0,,,176.0,37.0,36,40,24.0,47.0,SI,,176.0
ENV-0644,Envigado,Manuel Uribe Ángel,MANUEL URIBE ÁNGEL,Envigado,Antioquia,Oficial,6.1702637,-75.5895184,,Simulacro 1,,11.0,,,175.0,41.0,12,46,28.0,75.0,SI,,175.0
ENV-0645,Envigado,Manuel Uribe Ángel,MANUEL URIBE ÁNGEL,Envigado,Antioquia,Oficial,6.1702637,-75.5895184,,Simulacro 1,,11.0,,,175.0,49.0,30,28,33.0,36.0,SI,,175.0
ENV-0646,Envigado,Manuel Uribe Ángel,MANUEL URIBE ÁNGEL,Envigado,Antioquia,Oficial,6.1702637,-75.5895184,,Simulacro 1,,11.0,,,173.0,54.0,32,24,22.0,55.0,SI,,173.0
ENV-0647,Envigado,Manuel Uribe Ángel,MANUEL URIBE ÁNGEL,Envigado,Antioquia,Oficial,6.1702637,-75.5895184,,Simulacro 1,,11.0,,,168.0,24.0,30,50,29.0,35.0,SI,,168.0
ENV-0648,Envigado,Manuel Uribe Ángel,MANUEL URIBE ÁNGEL,Envigado,Antioquia,Oficial,6.1702637,-75.5895184,,Simulacro 1,,11.0,,,163.0,54.0,28,14,34.0,33.0,SI,,163.0
ENV-0649,Envigado,Manuel Uribe Ángel,MANUEL URIBE ÁNGEL,Envigado,Antioquia,Oficial,6.1702637,-75.5895184,,Simulacro 1,,11.0,,,161.0,39.0,22,38,29.0,33.0,SI,,161.0
ENV-0650,Envigado,Manuel Uribe Ángel,MANUEL URIBE ÁNGEL,Envigado,Antioquia,Oficial,6.1702637,-75.5895184,,Simulacro 1,,11.0,,,160.0,46.0,34,20,17.0,64.0,SI,,160.0
ENV-0651,Envigado,Manuel Uribe Ángel,MANUEL URIBE ÁNGEL,Envigado,Antioquia,Oficial,6.1702637,-75.5895184,,Simulacro 1,,11.0,,,158.0,46.0,28,24,26.0,38.0,SI,,158.0
ENV-0652,Envigado,Manuel Uribe Ángel,MANUEL URIBE ÁNGEL,Envigado,Antioquia,Oficial,6.1702637,-75.5895184,,Simulacro 1,,11.0,,,157.0,29.0,28,42,24.0,38.0,SI,,157.0
ENV-0653,Envigado,Manuel Uribe Ángel,MANUEL URIBE ÁNGEL,Envigado,Antioquia,Oficial,6.1702637,-75.5895184,,Simulacro 1,,11.0,,,155.0,41.0,32,26,22.0,38.0,SI,,155.0
ENV-0654,Envigado,Manuel Uribe Ángel,MANUEL URIBE ÁNGEL,Envigado,Antioquia,Oficial,6.1702637,-75.5895184,,Simulacro 1,,11.0,,,154.0,41.0,28,20,31.0,40.0,SI,,154.0
ENV-0655,Envigado,Manuel Uribe Ángel,MANUEL URIBE ÁNGEL,Envigado,Antioquia,Oficial,6.1702637,-75.5895184,,Simulacro 1,,11.0,,,152.0,32.0,24,30,29.0,49.0,SI,,152.0
ENV-0656,Envigado,Manuel Uribe Ángel,MANUEL URIBE ÁNGEL,Envigado,Antioquia,Oficial,6.1702637,-75.5895184,,Simulacro 1,,11.0,,,150.0,32.0,28,26,31.0,40.0,SI,,150.0
ENV-0657,Envigado,Manuel Uribe Ángel,MANUEL URIBE ÁNGEL,Envigado,Antioquia,Oficial,6.1702637,-75.5895184,,Simulacro 1,,11.0,,,138.0,17.0,28,26,36.0,38.0,SI,,138.0
ENV-0658,Envigado,Manuel Uribe Ángel,MANUEL URIBE ÁNGEL,Envigado,Antioquia,Oficial,6.1702637,-75.5895184,,Simulacro 1,,11.0,,,137.0,27.0,32,24,24.0,36.0,SI,,137.0
ENV-0659,Envigado,Manuel Uribe Ángel,MANUEL URIBE ÁNGEL,Envigado,Antioquia,Oficial,6.1702637,-75.5895184,,Simulacro 1,,11.0,,,136.0,27.0,28,20,28.0,45.0,SI,,136.0
ENV-0660,Envigado,Manuel Uribe Ángel,MANUEL URIBE ÁNGEL,Envigado,Antioquia,Oficial,6.1702637,-75.5895184,,Simulacro 1,,11.0,,,134.0,34.0,18,18,31.0,44.0,SI,,134.0
ENV-0661,Envigado,Manuel Uribe Ángel,MANUEL URIBE ÁNGEL,Envigado,Antioquia,Oficial,6.1702637,-75.5895184,,Simulacro 1,,11.0,,,133.0,24.0,30,26,22.0,38.0,SI,,133.0
ENV-0662,Envigado,Manuel Uribe Ángel,MANUEL URIBE ÁNGEL,Envigado,Antioquia,Oficial,6.1702637,-75.5895184,,Simulacro 1,,11.0,,,128.0,24.0,28,22,22.0,42.0,SI,,128.0
ENV-0663,Envigado,Manuel Uribe Ángel,MANUEL URIBE ÁNGEL,Envigado,Antioquia,Oficial,6.1702637,-75.5895184,,Simulacro 1,,11.0,,,126.0,17.0,28,26,28.0,31.0,SI,,126.0
ENV-0664,Envigado,Manuel Uribe Ángel,MANUEL URIBE ÁNGEL,Envigado,Antioquia,Oficial,6.1702637,-75.5895184,,Simulacro 1,,11.0,,,122.0,51.0,14,20,21.0,0.0,SI,,122.0
ENV-0665,Envigado,Manuel Uribe Ángel,MANUEL URIBE ÁNGEL,Envigado,Antioquia,Oficial,6.1702637,-75.5895184,,Simulacro 1,,11.0,,,118.0,17.0,26,24,24.0,33.0,SI,,118.0
ENV-0666,Envigado,Manuel Uribe Ángel,MANUEL URIBE ÁNGEL,Envigado,Antioquia,Oficial,6.1702637,-75.5895184,,Simulacro 1,,11.0,,,117.0,15.0,20,26,29.0,35.0,SI,,117.0
ENV-0667,Envigado,Manuel Uribe Ángel,MANUEL URIBE ÁNGEL,Envigado,Antioquia,Oficial,6.1702637,-75.5895184,,Simulacro 1,,11.0,,,115.0,37.0,18,14,31.0,0.0,SI,,115.0
ENV-0668,Envigado,Manuel Uribe Ángel,MANUEL URIBE ÁNGEL,Envigado,Antioquia,Oficial,6.1702637,-75.5895184,,Simulacro 1,,11.0,,,84.0,0.0,16,20,12.0,75.0,SI,,84.0
ENV-0669,Envigado,Martín Eduardo,MARTÍN EDUARDO,Envigado,Antioquia,Oficial,6.1869358,-75.4899922,,Simulacro 1,,11.0,,,326.0,71.0,56,78,55.0,67.0,SI,,326.0
ENV-0670,Envigado,Martín Eduardo,MARTÍN EDUARDO,Envigado,Antioquia,Oficial,6.1869358,-75.4899922,,Simulacro 1,,11.0,,,305.0,66.0,50,68,59.0,65.0,SI,,305.0
ENV-0671,Envigado,Martín Eduardo,MARTÍN EDUARDO,Envigado,Antioquia,Oficial,6.1869358,-75.4899922,,Simulacro 1,,11.0,,,300.0,73.0,40,58,62.0,80.0,SI,,300.0
ENV-0672,Envigado,Martín Eduardo,MARTÍN EDUARDO,Envigado,Antioquia,Oficial,6.1869358,-75.4899922,,Simulacro 1,,11.0,,,297.0,61.0,44,86,41.0,75.0,SI,,297.0
ENV-0673,Envigado,Martín Eduardo,MARTÍN EDUARDO,Envigado,Antioquia,Oficial,6.1869358,-75.4899922,,Simulacro 1,,11.0,,,293.0,68.0,42,74,52.0,55.0,SI,,293.0
ENV-0674,Envigado,Martín Eduardo,MARTÍN EDUARDO,Envigado,Antioquia,Oficial,6.1869358,-75.4899922,,Simulacro 1,,11.0,,,291.0,76.0,30,70,59.0,55.0,SI,,291.0
ENV-0675,Envigado,Martín Eduardo,MARTÍN EDUARDO,Envigado,Antioquia,Oficial,6.1869358,-75.4899922,,Simulacro 1,,11.0,,,280.0,78.0,24,70,57.0,40.0,SI,,280.0
ENV-0676,Envigado,Martín Eduardo,MARTÍN EDUARDO,Envigado,Antioquia,Oficial,6.1869358,-75.4899922,,Simulacro 1,,11.0,,,273.0,61.0,42,62,57.0,45.0,SI,,273.0
ENV-0677,Envigado,Martín Eduardo,MARTÍN EDUARDO,Envigado,Antioquia,Oficial,6.1869358,-75.4899922,,Simulacro 1,,11.0,,,269.0,76.0,34,62,41.0,60.0,SI,,269.0
ENV-0678,Envigado,Martín Eduardo,MARTÍN EDUARDO,Envigado,Antioquia,Oficial,6.1869358,-75.4899922,,Simulacro 1,,11.0,,,247.0,54.0,28,62,50.0,60.0,SI,,247.0
ENV-0679,Envigado,Martín Eduardo,MARTÍN EDUARDO,Envigado,Antioquia,Oficial,6.1869358,-75.4899922,,Simulacro 1,,11.0,,,236.0,54.0,30,62,41.0,53.0,SI,,236.0
ENV-0680,Envigado,Martín Eduardo,MARTÍN EDUARDO,Envigado,Antioquia,Oficial,6.1869358,-75.4899922,,Simulacro 1,,11.0,,,226.0,51.0,48,30,50.0,49.0,SI,,226.0
ENV-0681,Envigado,Martín Eduardo,MARTÍN EDUARDO,Envigado,Antioquia,Oficial,6.1869358,-75.4899922,,Simulacro 1,,11.0,,,218.0,56.0,30,44,50.0,25.0,SI,,218.0
ENV-0682,Envigado,Martín Eduardo,MARTÍN EDUARDO,Envigado,Antioquia,Oficial,6.1869358,-75.4899922,,Simulacro 1,,11.0,,,206.0,49.0,38,40,40.0,36.0,SI,,206.0
ENV-0683,Envigado,Martín Eduardo,MARTÍN EDUARDO,Envigado,Antioquia,Oficial,6.1869358,-75.4899922,,Simulacro 1,,11.0,,,200.0,34.0,32,46,50.0,33.0,SI,,200.0
ENV-0684,Envigado,Martín Eduardo,MARTÍN EDUARDO,Envigado,Antioquia,Oficial,6.1869358,-75.4899922,,Simulacro 1,,11.0,,,178.0,39.0,34,26,36.0,56.0,SI,,178.0
ENV-0685,Envigado,Martín Eduardo,MARTÍN EDUARDO,Envigado,Antioquia,Oficial,6.1869358,-75.4899922,,Simulacro 1,,11.0,,,161.0,39.0,22,26,40.0,38.0,SI,,161.0
ENV-0686,Envigado,María Poussepin,MARÍA POUSSEPIN,Envigado,Antioquia,Oficial,6.1709289,-75.5771223,,Simulacro 1,,11.0,,,359.0,68.0,74,80,59.0,91.0,SI,,359.0
ENV-0687,Envigado,María Poussepin,MARÍA POUSSEPIN,Envigado,Antioquia,Oficial,6.1709289,-75.5771223,,Simulacro 1,,11.0,,,322.0,63.0,58,80,48.0,87.0,SI,,322.0
ENV-0688,Envigado,María Poussepin,MARÍA POUSSEPIN,Envigado,Antioquia,Oficial,6.1709289,-75.5771223,,Simulacro 1,,11.0,,,301.0,71.0,44,80,40.0,78.0,SI,,301.0
ENV-0689,Envigado,María Poussepin,MARÍA POUSSEPIN,Envigado,Antioquia,Oficial,6.1709289,-75.5771223,,Simulacro 1,,11.0,,,281.0,59.0,38,74,59.0,44.0,SI,,281.0
ENV-0690,Envigado,María Poussepin,MARÍA POUSSEPIN,Envigado,Antioquia,Oficial,6.1709289,-75.5771223,,Simulacro 1,,11.0,,,271.0,76.0,50,38,53.0,53.0,SI,,271.0
ENV-0691,Envigado,María Poussepin,MARÍA POUSSEPIN,Envigado,Antioquia,Oficial,6.1709289,-75.5771223,,Simulacro 1,,11.0,,,270.0,59.0,42,64,53.0,49.0,SI,,270.0
ENV-0692,Envigado,María Poussepin,MARÍA POUSSEPIN,Envigado,Antioquia,Oficial,6.1709289,-75.5771223,,Simulacro 1,,11.0,,,266.0,73.0,26,66,41.0,73.0,SI,,266.0
ENV-0693,Envigado,María Poussepin,MARÍA POUSSEPIN,Envigado,Antioquia,Oficial,6.1709289,-75.5771223,,Simulacro 1,,11.0,,,266.0,71.0,44,66,33.0,51.0,SI,,266.0
ENV-0694,Envigado,María Poussepin,MARÍA POUSSEPIN,Envigado,Antioquia,Oficial,6.1709289,-75.5771223,,Simulacro 1,,11.0,,,263.0,71.0,42,52,33.0,91.0,SI,,263.0
ENV-0695,Envigado,María Poussepin,MARÍA POUSSEPIN,Envigado,Antioquia,Oficial,6.1709289,-75.5771223,,Simulacro 1,,11.0,,,255.0,71.0,36,54,34.0,78.0,SI,,255.0
ENV-0696,Envigado,María Poussepin,MARÍA POUSSEPIN,Envigado,Antioquia,Oficial,6.1709289,-75.5771223,,Simulacro 1,,11.0,,,250.0,71.0,46,38,38.0,71.0,SI,,250.0
ENV-0697,Envigado,María Poussepin,MARÍA POUSSEPIN,Envigado,Antioquia,Oficial,6.1709289,-75.5771223,,Simulacro 1,,11.0,,,214.0,56.0,36,40,40.0,42.0,SI,,214.0
ENV-0698,Envigado,María Poussepin,MARÍA POUSSEPIN,Envigado,Antioquia,Oficial,6.1709289,-75.5771223,,Simulacro 1,,11.0,,,202.0,44.0,30,38,50.0,40.0,SI,,202.0
ENV-0699,Envigado,María Poussepin,MARÍA POUSSEPIN,Envigado,Antioquia,Oficial,6.1709289,-75.5771223,,Simulacro 1,,11.0,,,198.0,56.0,32,48,19.0,51.0,SI,,198.0
ENV-0700,Envigado,María Poussepin,MARÍA POUSSEPIN,Envigado,Antioquia,Oficial,6.1709289,-75.5771223,,Simulacro 1,,11.0,,,193.0,44.0,20,48,43.0,36.0,SI,,193.0
ENV-0701,Envigado,María Poussepin,MARÍA POUSSEPIN,Envigado,Antioquia,Oficial,6.1709289,-75.5771223,,Simulacro 1,,11.0,,,184.0,41.0,26,34,41.0,49.0,SI,,184.0
ENV-0702,Envigado,María Poussepin,MARÍA POUSSEPIN,Envigado,Antioquia,Oficial,6.1709289,-75.5771223,,Simulacro 1,,11.0,,,179.0,49.0,28,46,22.0,31.0,SI,,179.0
ENV-0703,Envigado,María Poussepin,MARÍA POUSSEPIN,Envigado,Antioquia,Oficial,6.1709289,-75.5771223,,Simulacro 1,,11.0,,,168.0,29.0,30,36,40.0,31.0,SI,,168.0
ENV-0704,Envigado,María Poussepin,MARÍA POUSSEPIN,Envigado,Antioquia,Oficial,6.1709289,-75.5771223,,Simulacro 1,,11.0,,,167.0,41.0,26,32,33.0,38.0,SI,,167.0
ENV-0705,Envigado,María Poussepin,MARÍA POUSSEPIN,Envigado,Antioquia,Oficial,6.1709289,-75.5771223,,Simulacro 1,,11.0,,,164.0,41.0,32,32,29.0,22.0,SI,,164.0
ENV-0706,Envigado,María Poussepin,MARÍA POUSSEPIN,Envigado,Antioquia,Oficial,6.1709289,-75.5771223,,Simulacro 1,,11.0,,,148.0,27.0,44,24,17.0,49.0,SI,,148.0
ENV-0707,Envigado,Normal Superior,NORMAL SUPERIOR,Envigado,Antioquia,Oficial,6.1670338,-75.5818357,,Simulacro 1,,11.0,,,382.0,80.0,76,76,66.0,98.0,SI,,382.0
ENV-0708,Envigado,Normal Superior,NORMAL SUPERIOR,Envigado,Antioquia,Oficial,6.1670338,-75.5818357,,Simulacro 1,,11.0,,,361.0,78.0,52,86,64.0,98.0,SI,,361.0
ENV-0709,Envigado,Normal Superior,NORMAL SUPERIOR,Envigado,Antioquia,Oficial,6.1670338,-75.5818357,,Simulacro 1,,11.0,,,352.0,80.0,44,78,72.0,91.0,SI,,352.0
ENV-0710,Envigado,Normal Superior,NORMAL SUPERIOR,Envigado,Antioquia,Oficial,6.1670338,-75.5818357,,Simulacro 1,,11.0,,,341.0,76.0,58,70,64.0,85.0,SI,,341.0
ENV-0711,Envigado,Normal Superior,NORMAL SUPERIOR,Envigado,Antioquia,Oficial,6.1670338,-75.5818357,,Simulacro 1,,11.0,,,340.0,71.0,48,76,72.0,82.0,SI,,340.0
ENV-0712,Envigado,Normal Superior,NORMAL SUPERIOR,Envigado,Antioquia,Oficial,6.1670338,-75.5818357,,Simulacro 1,,11.0,,,324.0,73.0,44,74,62.0,84.0,SI,,324.0
ENV-0713,Envigado,Normal Superior,NORMAL SUPERIOR,Envigado,Antioquia,Oficial,6.1670338,-75.5818357,,Simulacro 1,,11.0,,,324.0,63.0,48,80,64.0,76.0,SI,,324.0
ENV-0714,Envigado,Normal Superior,NORMAL SUPERIOR,Envigado,Antioquia,Oficial,6.1670338,-75.5818357,,Simulacro 1,,11.0,,,319.0,44.0,52,72,78.0,93.0,SI,,319.0
ENV-0715,Envigado,Normal Superior,NORMAL SUPERIOR,Envigado,Antioquia,Oficial,6.1670338,-75.5818357,,Simulacro 1,,11.0,,,316.0,76.0,40,78,57.0,69.0,SI,,316.0
ENV-0716,Envigado,Normal Superior,NORMAL SUPERIOR,Envigado,Antioquia,Oficial,6.1670338,-75.5818357,,Simulacro 1,,11.0,,,308.0,63.0,34,84,55.0,91.0,SI,,308.0
ENV-0717,Envigado,Normal Superior,NORMAL SUPERIOR,Envigado,Antioquia,Oficial,6.1670338,-75.5818357,,Simulacro 1,,11.0,,,307.0,76.0,44,50,67.0,87.0,SI,,307.0
ENV-0718,Envigado,Normal Superior,NORMAL SUPERIOR,Envigado,Antioquia,Oficial,6.1670338,-75.5818357,,Simulacro 1,,11.0,,,306.0,76.0,48,68,47.0,80.0,SI,,306.0
ENV-0719,Envigado,Normal Superior,NORMAL SUPERIOR,Envigado,Antioquia,Oficial,6.1670338,-75.5818357,,Simulacro 1,,11.0,,,303.0,63.0,40,64,64.0,95.0,SI,,303.0
ENV-0720,Envigado,Normal Superior,NORMAL SUPERIOR,Envigado,Antioquia,Oficial,6.1670338,-75.5818357,,Simulacro 1,,11.0,,,302.0,66.0,48,56,60.0,95.0,SI,,302.0
ENV-0721,Envigado,Normal Superior,NORMAL SUPERIOR,Envigado,Antioquia,Oficial,6.1670338,-75.5818357,,Simulacro 1,,11.0,,,294.0,68.0,38,72,69.0,24.0,SI,,294.0
ENV-0722,Envigado,Normal Superior,NORMAL SUPERIOR,Envigado,Antioquia,Oficial,6.1670338,-75.5818357,,Simulacro 1,,11.0,,,291.0,63.0,52,60,55.0,65.0,SI,,291.0
ENV-0723,Envigado,Normal Superior,NORMAL SUPERIOR,Envigado,Antioquia,Oficial,6.1670338,-75.5818357,,Simulacro 1,,11.0,,,287.0,68.0,36,66,55.0,69.0,SI,,287.0
ENV-0724,Envigado,Normal Superior,NORMAL SUPERIOR,Envigado,Antioquia,Oficial,6.1670338,-75.5818357,,Simulacro 1,,11.0,,,285.0,71.0,38,82,40.0,51.0,SI,,285.0
ENV-0725,Envigado,Normal Superior,NORMAL SUPERIOR,Envigado,Antioquia,Oficial,6.1670338,-75.5818357,,Simulacro 1,,11.0,,,285.0,49.0,38,80,59.0,64.0,SI,,285.0
ENV-0726,Envigado,Normal Superior,NORMAL SUPERIOR,Envigado,Antioquia,Oficial,6.1670338,-75.5818357,,Simulacro 1,,11.0,,,282.0,66.0,44,66,47.0,67.0,SI,,282.0
ENV-0727,Envigado,Normal Superior,NORMAL SUPERIOR,Envigado,Antioquia,Oficial,6.1670338,-75.5818357,,Simulacro 1,,11.0,,,282.0,63.0,52,72,45.0,36.0,SI,,282.0
ENV-0728,Envigado,Normal Superior,NORMAL SUPERIOR,Envigado,Antioquia,Oficial,6.1670338,-75.5818357,,Simulacro 1,,11.0,,,280.0,66.0,38,80,45.0,42.0,SI,,280.0
ENV-0729,Envigado,Normal Superior,NORMAL SUPERIOR,Envigado,Antioquia,Oficial,6.1670338,-75.5818357,,Simulacro 1,,11.0,,,276.0,71.0,30,78,29.0,95.0,SI,,276.0
ENV-0730,Envigado,Normal Superior,NORMAL SUPERIOR,Envigado,Antioquia,Oficial,6.1670338,-75.5818357,,Simulacro 1,,11.0,,,274.0,56.0,42,54,55.0,91.0,SI,,274.0
ENV-0731,Envigado,Normal Superior,NORMAL SUPERIOR,Envigado,Antioquia,Oficial,6.1670338,-75.5818357,,Simulacro 1,,11.0,,,272.0,73.0,40,78,21.0,73.0,SI,,272.0
ENV-0732,Envigado,Normal Superior,NORMAL SUPERIOR,Envigado,Antioquia,Oficial,6.1670338,-75.5818357,,Simulacro 1,,11.0,,,272.0,61.0,50,62,43.0,58.0,SI,,272.0
ENV-0733,Envigado,Normal Superior,NORMAL SUPERIOR,Envigado,Antioquia,Oficial,6.1670338,-75.5818357,,Simulacro 1,,11.0,,,270.0,76.0,36,44,59.0,60.0,SI,,270.0
ENV-0734,Envigado,Normal Superior,NORMAL SUPERIOR,Envigado,Antioquia,Oficial,6.1670338,-75.5818357,,Simulacro 1,,11.0,,,266.0,68.0,46,44,48.0,71.0,SI,,266.0
ENV-0735,Envigado,Normal Superior,NORMAL SUPERIOR,Envigado,Antioquia,Oficial,6.1670338,-75.5818357,,Simulacro 1,,11.0,,,264.0,66.0,46,44,45.0,85.0,SI,,264.0
ENV-0736,Envigado,Normal Superior,NORMAL SUPERIOR,Envigado,Antioquia,Oficial,6.1670338,-75.5818357,,Simulacro 1,,11.0,,,263.0,71.0,40,66,33.0,56.0,SI,,263.0
ENV-0737,Envigado,Normal Superior,NORMAL SUPERIOR,Envigado,Antioquia,Oficial,6.1670338,-75.5818357,,Simulacro 1,,11.0,,,263.0,63.0,38,66,38.0,67.0,SI,,263.0
ENV-0738,Envigado,Normal Superior,NORMAL SUPERIOR,Envigado,Antioquia,Oficial,6.1670338,-75.5818357,,Simulacro 1,,11.0,,,262.0,54.0,40,60,60.0,40.0,SI,,262.0
ENV-0739,Envigado,Normal Superior,NORMAL SUPERIOR,Envigado,Antioquia,Oficial,6.1670338,-75.5818357,,Simulacro 1,,11.0,,,262.0,61.0,40,58,48.0,60.0,SI,,262.0
ENV-0740,Envigado,Normal Superior,NORMAL SUPERIOR,Envigado,Antioquia,Oficial,6.1670338,-75.5818357,,Simulacro 1,,11.0,,,262.0,66.0,38,54,53.0,47.0,SI,,262.0
ENV-0741,Envigado,Normal Superior,NORMAL SUPERIOR,Envigado,Antioquia,Oficial,6.1670338,-75.5818357,,Simulacro 1,,11.0,,,262.0,59.0,42,46,53.0,80.0,SI,,262.0
ENV-0742,Envigado,Normal Superior,NORMAL SUPERIOR,Envigado,Antioquia,Oficial,6.1670338,-75.5818357,,Simulacro 1,,11.0,,,261.0,51.0,48,52,62.0,40.0,SI,,261.0
ENV-0743,Envigado,Normal Superior,NORMAL SUPERIOR,Envigado,Antioquia,Oficial,6.1670338,-75.5818357,,Simulacro 1,,11.0,,,261.0,61.0,36,50,50.0,87.0,SI,,261.0
ENV-0744,Envigado,Normal Superior,NORMAL SUPERIOR,Envigado,Antioquia,Oficial,6.1670338,-75.5818357,,Simulacro 1,,11.0,,,260.0,51.0,36,60,53.0,73.0,SI,,260.0
ENV-0745,Envigado,Normal Superior,NORMAL SUPERIOR,Envigado,Antioquia,Oficial,6.1670338,-75.5818357,,Simulacro 1,,11.0,,,256.0,63.0,30,60,45.0,71.0,SI,,256.0
ENV-0746,Envigado,Normal Superior,NORMAL SUPERIOR,Envigado,Antioquia,Oficial,6.1670338,-75.5818357,,Simulacro 1,,11.0,,,256.0,59.0,42,50,48.0,69.0,SI,,256.0
ENV-0747,Envigado,Normal Superior,NORMAL SUPERIOR,Envigado,Antioquia,Oficial,6.1670338,-75.5818357,,Simulacro 1,,11.0,,,253.0,56.0,42,52,55.0,42.0,SI,,253.0
ENV-0748,Envigado,Normal Superior,NORMAL SUPERIOR,Envigado,Antioquia,Oficial,6.1670338,-75.5818357,,Simulacro 1,,11.0,,,252.0,61.0,42,44,45.0,80.0,SI,,252.0
ENV-0749,Envigado,Normal Superior,NORMAL SUPERIOR,Envigado,Antioquia,Oficial,6.1670338,-75.5818357,,Simulacro 1,,11.0,,,245.0,76.0,30,42,50.0,45.0,SI,,245.0
ENV-0750,Envigado,Normal Superior,NORMAL SUPERIOR,Envigado,Antioquia,Oficial,6.1670338,-75.5818357,,Simulacro 1,,11.0,,,245.0,44.0,36,58,59.0,47.0,SI,,245.0
ENV-0751,Envigado,Normal Superior,NORMAL SUPERIOR,Envigado,Antioquia,Oficial,6.1670338,-75.5818357,,Simulacro 1,,11.0,,,244.0,49.0,32,70,36.0,73.0,SI,,244.0
ENV-0752,Envigado,Normal Superior,NORMAL SUPERIOR,Envigado,Antioquia,Oficial,6.1670338,-75.5818357,,Simulacro 1,,11.0,,,243.0,0.0,46,82,53.0,87.0,SI,,243.0
ENV-0753,Envigado,Normal Superior,NORMAL SUPERIOR,Envigado,Antioquia,Oficial,6.1670338,-75.5818357,,Simulacro 1,,11.0,,,242.0,49.0,30,52,57.0,67.0,SI,,242.0
ENV-0754,Envigado,Normal Superior,NORMAL SUPERIOR,Envigado,Antioquia,Oficial,6.1670338,-75.5818357,,Simulacro 1,,11.0,,,241.0,59.0,36,54,43.0,51.0,SI,,241.0
ENV-0755,Envigado,Normal Superior,NORMAL SUPERIOR,Envigado,Antioquia,Oficial,6.1670338,-75.5818357,,Simulacro 1,,11.0,,,240.0,66.0,40,38,45.0,58.0,SI,,240.0
ENV-0756,Envigado,Normal Superior,NORMAL SUPERIOR,Envigado,Antioquia,Oficial,6.1670338,-75.5818357,,Simulacro 1,,11.0,,,239.0,46.0,42,46,57.0,47.0,SI,,239.0
ENV-0757,Envigado,Normal Superior,NORMAL SUPERIOR,Envigado,Antioquia,Oficial,6.1670338,-75.5818357,,Simulacro 1,,11.0,,,238.0,63.0,32,56,40.0,45.0,SI,,238.0
ENV-0758,Envigado,Normal Superior,NORMAL SUPERIOR,Envigado,Antioquia,Oficial,6.1670338,-75.5818357,,Simulacro 1,,11.0,,,238.0,59.0,36,64,31.0,49.0,SI,,238.0
ENV-0759,Envigado,Normal Superior,NORMAL SUPERIOR,Envigado,Antioquia,Oficial,6.1670338,-75.5818357,,Simulacro 1,,11.0,,,236.0,68.0,20,46,50.0,60.0,SI,,236.0
ENV-0760,Envigado,Normal Superior,NORMAL SUPERIOR,Envigado,Antioquia,Oficial,6.1670338,-75.5818357,,Simulacro 1,,11.0,,,233.0,51.0,32,52,50.0,51.0,SI,,233.0
ENV-0761,Envigado,Normal Superior,NORMAL SUPERIOR,Envigado,Antioquia,Oficial,6.1670338,-75.5818357,,Simulacro 1,,11.0,,,229.0,61.0,34,56,34.0,40.0,SI,,229.0
ENV-0762,Envigado,Normal Superior,NORMAL SUPERIOR,Envigado,Antioquia,Oficial,6.1670338,-75.5818357,,Simulacro 1,,11.0,,,228.0,66.0,44,36,34.0,53.0,SI,,228.0
ENV-0763,Envigado,Normal Superior,NORMAL SUPERIOR,Envigado,Antioquia,Oficial,6.1670338,-75.5818357,,Simulacro 1,,11.0,,,225.0,56.0,40,32,55.0,36.0,SI,,225.0
ENV-0764,Envigado,Normal Superior,NORMAL SUPERIOR,Envigado,Antioquia,Oficial,6.1670338,-75.5818357,,Simulacro 1,,11.0,,,223.0,56.0,26,64,34.0,38.0,SI,,223.0
ENV-0765,Envigado,Normal Superior,NORMAL SUPERIOR,Envigado,Antioquia,Oficial,6.1670338,-75.5818357,,Simulacro 1,,11.0,,,223.0,61.0,32,44,40.0,49.0,SI,,223.0
ENV-0766,Envigado,Normal Superior,NORMAL SUPERIOR,Envigado,Antioquia,Oficial,6.1670338,-75.5818357,,Simulacro 1,,11.0,,,221.0,54.0,28,62,38.0,31.0,SI,,221.0
ENV-0767,Envigado,Normal Superior,NORMAL SUPERIOR,Envigado,Antioquia,Oficial,6.1670338,-75.5818357,,Simulacro 1,,11.0,,,220.0,54.0,46,42,34.0,44.0,SI,,220.0
ENV-0768,Envigado,Normal Superior,NORMAL SUPERIOR,Envigado,Antioquia,Oficial,6.1670338,-75.5818357,,Simulacro 1,,11.0,,,220.0,54.0,30,52,36.0,56.0,SI,,220.0
ENV-0769,Envigado,Normal Superior,NORMAL SUPERIOR,Envigado,Antioquia,Oficial,6.1670338,-75.5818357,,Simulacro 1,,11.0,,,218.0,44.0,46,42,40.0,53.0,SI,,218.0
ENV-0770,Envigado,Normal Superior,NORMAL SUPERIOR,Envigado,Antioquia,Oficial,6.1670338,-75.5818357,,Simulacro 1,,11.0,,,217.0,54.0,48,36,36.0,44.0,SI,,217.0
ENV-0771,Envigado,Normal Superior,NORMAL SUPERIOR,Envigado,Antioquia,Oficial,6.1670338,-75.5818357,,Simulacro 1,,11.0,,,216.0,44.0,30,56,47.0,33.0,SI,,216.0
ENV-0772,Envigado,Normal Superior,NORMAL SUPERIOR,Envigado,Antioquia,Oficial,6.1670338,-75.5818357,,Simulacro 1,,11.0,,,216.0,71.0,26,52,24.0,42.0,SI,,216.0
ENV-0773,Envigado,Normal Superior,NORMAL SUPERIOR,Envigado,Antioquia,Oficial,6.1670338,-75.5818357,,Simulacro 1,,11.0,,,215.0,56.0,52,40,17.0,64.0,SI,,215.0
ENV-0774,Envigado,Normal Superior,NORMAL SUPERIOR,Envigado,Antioquia,Oficial,6.1670338,-75.5818357,,Simulacro 1,,11.0,,,214.0,56.0,38,40,33.0,56.0,SI,,214.0
ENV-0775,Envigado,Normal Superior,NORMAL SUPERIOR,Envigado,Antioquia,Oficial,6.1670338,-75.5818357,,Simulacro 1,,11.0,,,214.0,46.0,34,50,40.0,45.0,SI,,214.0
ENV-0776,Envigado,Normal Superior,NORMAL SUPERIOR,Envigado,Antioquia,Oficial,6.1670338,-75.5818357,,Simulacro 1,,11.0,,,212.0,49.0,36,28,48.0,67.0,SI,,212.0
ENV-0777,Envigado,Normal Superior,NORMAL SUPERIOR,Envigado,Antioquia,Oficial,6.1670338,-75.5818357,,Simulacro 1,,11.0,,,210.0,44.0,16,54,50.0,55.0,SI,,210.0
ENV-0778,Envigado,Normal Superior,NORMAL SUPERIOR,Envigado,Antioquia,Oficial,6.1670338,-75.5818357,,Simulacro 1,,11.0,,,210.0,59.0,30,50,31.0,36.0,SI,,210.0
ENV-0779,Envigado,Normal Superior,NORMAL SUPERIOR,Envigado,Antioquia,Oficial,6.1670338,-75.5818357,,Simulacro 1,,11.0,,,209.0,54.0,34,24,55.0,42.0,SI,,209.0
ENV-0780,Envigado,Normal Superior,NORMAL SUPERIOR,Envigado,Antioquia,Oficial,6.1670338,-75.5818357,,Simulacro 1,,11.0,,,208.0,46.0,32,42,45.0,45.0,SI,,208.0
ENV-0781,Envigado,Normal Superior,NORMAL SUPERIOR,Envigado,Antioquia,Oficial,6.1670338,-75.5818357,,Simulacro 1,,11.0,,,207.0,56.0,34,38,43.0,25.0,SI,,207.0
ENV-0782,Envigado,Normal Superior,NORMAL SUPERIOR,Envigado,Antioquia,Oficial,6.1670338,-75.5818357,,Simulacro 1,,11.0,,,206.0,54.0,34,34,36.0,62.0,SI,,206.0
ENV-0783,Envigado,Normal Superior,NORMAL SUPERIOR,Envigado,Antioquia,Oficial,6.1670338,-75.5818357,,Simulacro 1,,11.0,,,204.0,44.0,40,36,45.0,36.0,SI,,204.0
ENV-0784,Envigado,Normal Superior,NORMAL SUPERIOR,Envigado,Antioquia,Oficial,6.1670338,-75.5818357,,Simulacro 1,,11.0,,,204.0,56.0,22,42,43.0,40.0,SI,,204.0
ENV-0785,Envigado,Normal Superior,NORMAL SUPERIOR,Envigado,Antioquia,Oficial,6.1670338,-75.5818357,,Simulacro 1,,11.0,,,200.0,56.0,26,42,22.0,80.0,SI,,200.0
ENV-0786,Envigado,Normal Superior,NORMAL SUPERIOR,Envigado,Antioquia,Oficial,6.1670338,-75.5818357,,Simulacro 1,,11.0,,,199.0,61.0,40,22,31.0,56.0,SI,,199.0
ENV-0787,Envigado,Normal Superior,NORMAL SUPERIOR,Envigado,Antioquia,Oficial,6.1670338,-75.5818357,,Simulacro 1,,11.0,,,199.0,56.0,32,42,19.0,71.0,SI,,199.0
ENV-0788,Envigado,Normal Superior,NORMAL SUPERIOR,Envigado,Antioquia,Oficial,6.1670338,-75.5818357,,Simulacro 1,,11.0,,,197.0,54.0,38,24,43.0,36.0,SI,,197.0
ENV-0789,Envigado,Normal Superior,NORMAL SUPERIOR,Envigado,Antioquia,Oficial,6.1670338,-75.5818357,,Simulacro 1,,11.0,,,196.0,39.0,34,42,41.0,40.0,SI,,196.0
ENV-0790,Envigado,Normal Superior,NORMAL SUPERIOR,Envigado,Antioquia,Oficial,6.1670338,-75.5818357,,Simulacro 1,,11.0,,,195.0,61.0,28,34,31.0,45.0,SI,,195.0
ENV-0791,Envigado,Normal Superior,NORMAL SUPERIOR,Envigado,Antioquia,Oficial,6.1670338,-75.5818357,,Simulacro 1,,11.0,,,195.0,54.0,32,32,40.0,35.0,SI,,195.0
ENV-0792,Envigado,Normal Superior,NORMAL SUPERIOR,Envigado,Antioquia,Oficial,6.1670338,-75.5818357,,Simulacro 1,,11.0,,,194.0,51.0,28,44,34.0,31.0,SI,,194.0
ENV-0793,Envigado,Normal Superior,NORMAL SUPERIOR,Envigado,Antioquia,Oficial,6.1670338,-75.5818357,,Simulacro 1,,11.0,,,191.0,51.0,32,20,43.0,58.0,SI,,191.0
ENV-0794,Envigado,Normal Superior,NORMAL SUPERIOR,Envigado,Antioquia,Oficial,6.1670338,-75.5818357,,Simulacro 1,,11.0,,,190.0,56.0,22,36,36.0,44.0,SI,,190.0
ENV-0795,Envigado,Normal Superior,NORMAL SUPERIOR,Envigado,Antioquia,Oficial,6.1670338,-75.5818357,,Simulacro 1,,11.0,,,189.0,63.0,22,28,31.0,58.0,SI,,189.0
ENV-0796,Envigado,Normal Superior,NORMAL SUPERIOR,Envigado,Antioquia,Oficial,6.1670338,-75.5818357,,Simulacro 1,,11.0,,,188.0,41.0,28,38,43.0,38.0,SI,,188.0
ENV-0797,Envigado,Normal Superior,NORMAL SUPERIOR,Envigado,Antioquia,Oficial,6.1670338,-75.5818357,,Simulacro 1,,11.0,,,188.0,49.0,40,34,26.0,42.0,SI,,188.0
ENV-0798,Envigado,Normal Superior,NORMAL SUPERIOR,Envigado,Antioquia,Oficial,6.1670338,-75.5818357,,Simulacro 1,,11.0,,,187.0,41.0,38,34,34.0,44.0,SI,,187.0
ENV-0799,Envigado,Normal Superior,NORMAL SUPERIOR,Envigado,Antioquia,Oficial,6.1670338,-75.5818357,,Simulacro 1,,11.0,,,187.0,44.0,34,42,31.0,35.0,SI,,187.0
ENV-0800,Envigado,Normal Superior,NORMAL SUPERIOR,Envigado,Antioquia,Oficial,6.1670338,-75.5818357,,Simulacro 1,,11.0,,,187.0,37.0,24,48,38.0,47.0,SI,,187.0
ENV-0801,Envigado,Normal Superior,NORMAL SUPERIOR,Envigado,Antioquia,Oficial,6.1670338,-75.5818357,,Simulacro 1,,11.0,,,183.0,46.0,38,24,34.0,47.0,SI,,183.0
ENV-0802,Envigado,Normal Superior,NORMAL SUPERIOR,Envigado,Antioquia,Oficial,6.1670338,-75.5818357,,Simulacro 1,,11.0,,,182.0,56.0,28,36,28.0,31.0,SI,,182.0
ENV-0803,Envigado,Normal Superior,NORMAL SUPERIOR,Envigado,Antioquia,Oficial,6.1670338,-75.5818357,,Simulacro 1,,11.0,,,182.0,49.0,34,16,40.0,58.0,SI,,182.0
ENV-0804,Envigado,Normal Superior,NORMAL SUPERIOR,Envigado,Antioquia,Oficial,6.1670338,-75.5818357,,Simulacro 1,,11.0,,,182.0,41.0,22,38,45.0,35.0,SI,,182.0
ENV-0805,Envigado,Normal Superior,NORMAL SUPERIOR,Envigado,Antioquia,Oficial,6.1670338,-75.5818357,,Simulacro 1,,11.0,,,182.0,46.0,24,38,40.0,29.0,SI,,182.0
ENV-0806,Envigado,Normal Superior,NORMAL SUPERIOR,Envigado,Antioquia,Oficial,6.1670338,-75.5818357,,Simulacro 1,,11.0,,,182.0,54.0,26,24,38.0,47.0,SI,,182.0
ENV-0807,Envigado,Normal Superior,NORMAL SUPERIOR,Envigado,Antioquia,Oficial,6.1670338,-75.5818357,,Simulacro 1,,11.0,,,181.0,51.0,22,34,34.0,45.0,SI,,181.0
ENV-0808,Envigado,Normal Superior,NORMAL SUPERIOR,Envigado,Antioquia,Oficial,6.1670338,-75.5818357,,Simulacro 1,,11.0,,,180.0,39.0,30,40,40.0,22.0,SI,,180.0
ENV-0809,Envigado,Normal Superior,NORMAL SUPERIOR,Envigado,Antioquia,Oficial,6.1670338,-75.5818357,,Simulacro 1,,11.0,,,178.0,51.0,26,46,19.0,36.0,SI,,178.0
ENV-0810,Envigado,Normal Superior,NORMAL SUPERIOR,Envigado,Antioquia,Oficial,6.1670338,-75.5818357,,Simulacro 1,,11.0,,,178.0,39.0,34,38,31.0,36.0,SI,,178.0
ENV-0811,Envigado,Normal Superior,NORMAL SUPERIOR,Envigado,Antioquia,Oficial,6.1670338,-75.5818357,,Simulacro 1,,11.0,,,176.0,46.0,42,34,17.0,38.0,SI,,176.0
ENV-0812,Envigado,Normal Superior,NORMAL SUPERIOR,Envigado,Antioquia,Oficial,6.1670338,-75.5818357,,Simulacro 1,,11.0,,,175.0,39.0,24,30,45.0,42.0,SI,,175.0
ENV-0813,Envigado,Normal Superior,NORMAL SUPERIOR,Envigado,Antioquia,Oficial,6.1670338,-75.5818357,,Simulacro 1,,11.0,,,175.0,39.0,24,48,28.0,38.0,SI,,175.0
ENV-0814,Envigado,Normal Superior,NORMAL SUPERIOR,Envigado,Antioquia,Oficial,6.1670338,-75.5818357,,Simulacro 1,,11.0,,,173.0,41.0,36,22,34.0,47.0,SI,,173.0
ENV-0815,Envigado,Normal Superior,NORMAL SUPERIOR,Envigado,Antioquia,Oficial,6.1670338,-75.5818357,,Simulacro 1,,11.0,,,171.0,39.0,32,38,31.0,25.0,SI,,171.0
ENV-0816,Envigado,Normal Superior,NORMAL SUPERIOR,Envigado,Antioquia,Oficial,6.1670338,-75.5818357,,Simulacro 1,,11.0,,,171.0,37.0,30,36,31.0,44.0,SI,,171.0
ENV-0817,Envigado,Normal Superior,NORMAL SUPERIOR,Envigado,Antioquia,Oficial,6.1670338,-75.5818357,,Simulacro 1,,11.0,,,171.0,49.0,28,32,26.0,40.0,SI,,171.0
ENV-0818,Envigado,Normal Superior,NORMAL SUPERIOR,Envigado,Antioquia,Oficial,6.1670338,-75.5818357,,Simulacro 1,,11.0,,,170.0,39.0,34,30,31.0,40.0,SI,,170.0
ENV-0819,Envigado,Normal Superior,NORMAL SUPERIOR,Envigado,Antioquia,Oficial,6.1670338,-75.5818357,,Simulacro 1,,11.0,,,169.0,49.0,22,32,29.0,44.0,SI,,169.0
ENV-0820,Envigado,Normal Superior,NORMAL SUPERIOR,Envigado,Antioquia,Oficial,6.1670338,-75.5818357,,Simulacro 1,,11.0,,,169.0,39.0,42,20,36.0,27.0,SI,,169.0
ENV-0821,Envigado,Normal Superior,NORMAL SUPERIOR,Envigado,Antioquia,Oficial,6.1670338,-75.5818357,,Simulacro 1,,11.0,,,169.0,46.0,28,28,31.0,38.0,SI,,169.0
ENV-0822,Envigado,Normal Superior,NORMAL SUPERIOR,Envigado,Antioquia,Oficial,6.1670338,-75.5818357,,Simulacro 1,,11.0,,,166.0,46.0,24,28,29.0,49.0,SI,,166.0
ENV-0823,Envigado,Normal Superior,NORMAL SUPERIOR,Envigado,Antioquia,Oficial,6.1670338,-75.5818357,,Simulacro 1,,11.0,,,165.0,39.0,30,28,34.0,35.0,SI,,165.0
ENV-0824,Envigado,Normal Superior,NORMAL SUPERIOR,Envigado,Antioquia,Oficial,6.1670338,-75.5818357,,Simulacro 1,,11.0,,,165.0,37.0,36,20,31.0,58.0,SI,,165.0
ENV-0825,Envigado,Normal Superior,NORMAL SUPERIOR,Envigado,Antioquia,Oficial,6.1670338,-75.5818357,,Simulacro 1,,11.0,,,165.0,41.0,16,26,45.0,44.0,SI,,165.0
ENV-0826,Envigado,Normal Superior,NORMAL SUPERIOR,Envigado,Antioquia,Oficial,6.1670338,-75.5818357,,Simulacro 1,,11.0,,,164.0,49.0,26,22,33.0,38.0,SI,,164.0
ENV-0827,Envigado,Normal Superior,NORMAL SUPERIOR,Envigado,Antioquia,Oficial,6.1670338,-75.5818357,,Simulacro 1,,11.0,,,160.0,71.0,26,30,12.0,0.0,SI,,160.0
ENV-0828,Envigado,Normal Superior,NORMAL SUPERIOR,Envigado,Antioquia,Oficial,6.1670338,-75.5818357,,Simulacro 1,,11.0,,,158.0,46.0,32,26,22.0,31.0,SI,,158.0
ENV-0829,Envigado,Normal Superior,NORMAL SUPERIOR,Envigado,Antioquia,Oficial,6.1670338,-75.5818357,,Simulacro 1,,11.0,,,157.0,29.0,24,26,41.0,45.0,SI,,157.0
ENV-0830,Envigado,Normal Superior,NORMAL SUPERIOR,Envigado,Antioquia,Oficial,6.1670338,-75.5818357,,Simulacro 1,,11.0,,,156.0,39.0,26,30,31.0,27.0,SI,,156.0
ENV-0831,Envigado,Normal Superior,NORMAL SUPERIOR,Envigado,Antioquia,Oficial,6.1670338,-75.5818357,,Simulacro 1,,11.0,,,152.0,29.0,40,26,28.0,27.0,SI,,152.0
ENV-0832,Envigado,Normal Superior,NORMAL SUPERIOR,Envigado,Antioquia,Oficial,6.1670338,-75.5818357,,Simulacro 1,,11.0,,,152.0,32.0,32,32,24.0,35.0,SI,,152.0
ENV-0833,Envigado,Normal Superior,NORMAL SUPERIOR,Envigado,Antioquia,Oficial,6.1670338,-75.5818357,,Simulacro 1,,11.0,,,151.0,27.0,24,30,34.0,47.0,SI,,151.0
ENV-0834,Envigado,Normal Superior,NORMAL SUPERIOR,Envigado,Antioquia,Oficial,6.1670338,-75.5818357,,Simulacro 1,,11.0,,,151.0,37.0,24,32,26.0,36.0,SI,,151.0
ENV-0835,Envigado,Normal Superior,NORMAL SUPERIOR,Envigado,Antioquia,Oficial,6.1670338,-75.5818357,,Simulacro 1,,11.0,,,150.0,39.0,18,30,29.0,42.0,SI,,150.0
ENV-0836,Envigado,Normal Superior,NORMAL SUPERIOR,Envigado,Antioquia,Oficial,6.1670338,-75.5818357,,Simulacro 1,,11.0,,,148.0,34.0,28,30,26.0,31.0,SI,,148.0
ENV-0837,Envigado,Normal Superior,NORMAL SUPERIOR,Envigado,Antioquia,Oficial,6.1670338,-75.5818357,,Simulacro 1,,11.0,,,144.0,17.0,44,26,19.0,56.0,SI,,144.0
ENV-0838,Envigado,Normal Superior,NORMAL SUPERIOR,Envigado,Antioquia,Oficial,6.1670338,-75.5818357,,Simulacro 1,,11.0,,,144.0,37.0,32,26,19.0,33.0,SI,,144.0
ENV-0839,Envigado,Normal Superior,NORMAL SUPERIOR,Envigado,Antioquia,Oficial,6.1670338,-75.5818357,,Simulacro 1,,11.0,,,143.0,34.0,26,24,31.0,27.0,SI,,143.0
ENV-0840,Envigado,Normal Superior,NORMAL SUPERIOR,Envigado,Antioquia,Oficial,6.1670338,-75.5818357,,Simulacro 1,,11.0,,,141.0,56.0,18,22,26.0,0.0,SI,,141.0
ENV-0841,Envigado,Normal Superior,NORMAL SUPERIOR,Envigado,Antioquia,Oficial,6.1670338,-75.5818357,,Simulacro 1,,11.0,,,138.0,51.0,16,18,34.0,0.0,SI,,138.0
ENV-0842,Envigado,Normal Superior,NORMAL SUPERIOR,Envigado,Antioquia,Oficial,6.1670338,-75.5818357,,Simulacro 1,,11.0,,,134.0,32.0,32,14,22.0,47.0,SI,,134.0
ENV-0843,Envigado,Normal Superior,NORMAL SUPERIOR,Envigado,Antioquia,Oficial,6.1670338,-75.5818357,,Simulacro 1,,11.0,,,130.0,27.0,20,24,29.0,36.0,SI,,130.0
ENV-0844,Envigado,Normal Superior,NORMAL SUPERIOR,Envigado,Antioquia,Oficial,6.1670338,-75.5818357,,Simulacro 1,,11.0,,,122.0,29.0,14,28,22.0,36.0,SI,,122.0
ENV-0845,Envigado,Normal Superior,NORMAL SUPERIOR,Envigado,Antioquia,Oficial,6.1670338,-75.5818357,,Simulacro 1,,11.0,,,122.0,44.0,14,20,28.0,0.0,SI,,122.0
ENV-0846,Envigado,Normal Superior,NORMAL SUPERIOR,Envigado,Antioquia,Oficial,6.1670338,-75.5818357,,Simulacro 1,,11.0,,,104.0,54.0,14,14,9.0,0.0,SI,,104.0
ENV-0847,Envigado,Normal Superior,NORMAL SUPERIOR,Envigado,Antioquia,Oficial,6.1670338,-75.5818357,,Simulacro 1,,11.0,,,89.0,0.0,12,22,26.0,51.0,SI,,89.0
ENV-0848,Envigado,Normal Superior,NORMAL SUPERIOR,Envigado,Antioquia,Oficial,6.1670338,-75.5818357,,Simulacro 1,,11.0,,,87.0,0.0,10,20,22.0,69.0,SI,,87.0
ENV-0849,Envigado,Normal Superior,NORMAL SUPERIOR,Envigado,Antioquia,Oficial,6.1670338,-75.5818357,,Simulacro 1,,11.0,,,84.0,0.0,10,30,17.0,45.0,SI,,84.0
ENV-0850,Envigado,Normal Superior,NORMAL SUPERIOR,Envigado,Antioquia,Oficial,6.1670338,-75.5818357,,Simulacro 1,,11.0,,,82.0,20.0,20,18,14.0,0.0,SI,,82.0
ENV-0851,Envigado,Normal Superior,NORMAL SUPERIOR,Envigado,Antioquia,Oficial,6.1670338,-75.5818357,,Simulacro 1,,11.0,,,73.0,32.0,10,8,14.0,0.0,SI,,73.0
ENV-0852,Envigado,Normal Superior,NORMAL SUPERIOR,Envigado,Antioquia,Oficial,6.1670338,-75.5818357,,Simulacro 1,,11.0,,,63.0,32.0,10,6,7.0,0.0,SI,,63.0
ENV-0853,Envigado,Normal Superior,NORMAL SUPERIOR,Envigado,Antioquia,Oficial,6.1670338,-75.5818357,,Simulacro 1,,11.0,,,60.0,12.0,10,16,14.0,0.0,SI,,60.0
ENV-0854,Envigado,Salado,SALADO,Envigado,Antioquia,Oficial,6.1534946,-75.5782343,,Simulacro 1,,11.0,,,276.0,76.0,38,64,41.0,62.0,SI,,276.0
ENV-0855,Envigado,Salado,SALADO,Envigado,Antioquia,Oficial,6.1534946,-75.5782343,,Simulacro 1,,11.0,,,262.0,71.0,44,46,43.0,69.0,SI,,262.0
ENV-0856,Envigado,Salado,SALADO,Envigado,Antioquia,Oficial,6.1534946,-75.5782343,,Simulacro 1,,11.0,,,261.0,66.0,28,66,48.0,55.0,SI,,261.0
ENV-0857,Envigado,Salado,SALADO,Envigado,Antioquia,Oficial,6.1534946,-75.5782343,,Simulacro 1,,11.0,,,259.0,71.0,32,62,41.0,55.0,SI,,259.0
ENV-0858,Envigado,Salado,SALADO,Envigado,Antioquia,Oficial,6.1534946,-75.5782343,,Simulacro 1,,11.0,,,243.0,66.0,18,70,40.0,51.0,SI,,243.0
ENV-0859,Envigado,Salado,SALADO,Envigado,Antioquia,Oficial,6.1534946,-75.5782343,,Simulacro 1,,11.0,,,242.0,51.0,50,46,45.0,53.0,SI,,242.0
ENV-0860,Envigado,Salado,SALADO,Envigado,Antioquia,Oficial,6.1534946,-75.5782343,,Simulacro 1,,11.0,,,240.0,61.0,34,30,55.0,84.0,SI,,240.0
ENV-0861,Envigado,Salado,SALADO,Envigado,Antioquia,Oficial,6.1534946,-75.5782343,,Simulacro 1,,11.0,,,232.0,63.0,38,52,31.0,49.0,SI,,232.0
ENV-0862,Envigado,Salado,SALADO,Envigado,Antioquia,Oficial,6.1534946,-75.5782343,,Simulacro 1,,11.0,,,226.0,63.0,34,38,40.0,62.0,SI,,226.0
ENV-0863,Envigado,Salado,SALADO,Envigado,Antioquia,Oficial,6.1534946,-75.5782343,,Simulacro 1,,11.0,,,225.0,71.0,30,38,36.0,60.0,SI,,225.0
ENV-0864,Envigado,Salado,SALADO,Envigado,Antioquia,Oficial,6.1534946,-75.5782343,,Simulacro 1,,11.0,,,223.0,59.0,28,52,33.0,65.0,SI,,223.0
ENV-0865,Envigado,Salado,SALADO,Envigado,Antioquia,Oficial,6.1534946,-75.5782343,,Simulacro 1,,11.0,,,220.0,49.0,32,68,29.0,38.0,SI,,220.0
ENV-0866,Envigado,Salado,SALADO,Envigado,Antioquia,Oficial,6.1534946,-75.5782343,,Simulacro 1,,11.0,,,218.0,49.0,40,60,28.0,38.0,SI,,218.0
ENV-0867,Envigado,Salado,SALADO,Envigado,Antioquia,Oficial,6.1534946,-75.5782343,,Simulacro 1,,11.0,,,218.0,68.0,30,56,22.0,36.0,SI,,218.0
ENV-0868,Envigado,Salado,SALADO,Envigado,Antioquia,Oficial,6.1534946,-75.5782343,,Simulacro 1,,11.0,,,217.0,80.0,20,54,24.0,27.0,SI,,217.0
ENV-0869,Envigado,Salado,SALADO,Envigado,Antioquia,Oficial,6.1534946,-75.5782343,,Simulacro 1,,11.0,,,206.0,68.0,28,48,22.0,35.0,SI,,206.0
ENV-0870,Envigado,Salado,SALADO,Envigado,Antioquia,Oficial,6.1534946,-75.5782343,,Simulacro 1,,11.0,,,202.0,51.0,40,38,33.0,40.0,SI,,202.0
ENV-0871,Envigado,Salado,SALADO,Envigado,Antioquia,Oficial,6.1534946,-75.5782343,,Simulacro 1,,11.0,,,202.0,51.0,34,46,26.0,55.0,SI,,202.0
ENV-0872,Envigado,Salado,SALADO,Envigado,Antioquia,Oficial,6.1534946,-75.5782343,,Simulacro 1,,11.0,,,199.0,66.0,28,38,28.0,38.0,SI,,199.0
ENV-0873,Envigado,Salado,SALADO,Envigado,Antioquia,Oficial,6.1534946,-75.5782343,,Simulacro 1,,11.0,,,198.0,61.0,34,38,24.0,44.0,SI,,198.0
ENV-0874,Envigado,Salado,SALADO,Envigado,Antioquia,Oficial,6.1534946,-75.5782343,,Simulacro 1,,11.0,,,198.0,39.0,26,42,50.0,44.0,SI,,198.0
ENV-0875,Envigado,Salado,SALADO,Envigado,Antioquia,Oficial,6.1534946,-75.5782343,,Simulacro 1,,11.0,,,191.0,41.0,30,44,34.0,47.0,SI,,191.0
ENV-0876,Envigado,Salado,SALADO,Envigado,Antioquia,Oficial,6.1534946,-75.5782343,,Simulacro 1,,11.0,,,188.0,44.0,38,36,38.0,22.0,SI,,188.0
ENV-0877,Envigado,Salado,SALADO,Envigado,Antioquia,Oficial,6.1534946,-75.5782343,,Simulacro 1,,11.0,,,187.0,34.0,30,46,40.0,36.0,SI,,187.0
ENV-0878,Envigado,Salado,SALADO,Envigado,Antioquia,Oficial,6.1534946,-75.5782343,,Simulacro 1,,11.0,,,186.0,66.0,20,24,41.0,29.0,SI,,186.0
ENV-0879,Envigado,Salado,SALADO,Envigado,Antioquia,Oficial,6.1534946,-75.5782343,,Simulacro 1,,11.0,,,184.0,54.0,30,38,21.0,51.0,SI,,184.0
ENV-0880,Envigado,Salado,SALADO,Envigado,Antioquia,Oficial,6.1534946,-75.5782343,,Simulacro 1,,11.0,,,181.0,34.0,26,50,34.0,36.0,SI,,181.0
ENV-0881,Envigado,Salado,SALADO,Envigado,Antioquia,Oficial,6.1534946,-75.5782343,,Simulacro 1,,11.0,,,180.0,46.0,26,32,36.0,47.0,SI,,180.0
ENV-0882,Envigado,Salado,SALADO,Envigado,Antioquia,Oficial,6.1534946,-75.5782343,,Simulacro 1,,11.0,,,172.0,59.0,24,16,40.0,33.0,SI,,172.0
ENV-0883,Envigado,Salado,SALADO,Envigado,Antioquia,Oficial,6.1534946,-75.5782343,,Simulacro 1,,11.0,,,171.0,51.0,28,26,29.0,42.0,SI,,171.0
ENV-0884,Envigado,Salado,SALADO,Envigado,Antioquia,Oficial,6.1534946,-75.5782343,,Simulacro 1,,11.0,,,170.0,44.0,38,24,26.0,45.0,SI,,170.0
ENV-0885,Envigado,Salado,SALADO,Envigado,Antioquia,Oficial,6.1534946,-75.5782343,,Simulacro 1,,11.0,,,167.0,41.0,26,34,29.0,42.0,SI,,167.0
ENV-0886,Envigado,Salado,SALADO,Envigado,Antioquia,Oficial,6.1534946,-75.5782343,,Simulacro 1,,11.0,,,165.0,49.0,26,36,24.0,24.0,SI,,165.0
ENV-0887,Envigado,Salado,SALADO,Envigado,Antioquia,Oficial,6.1534946,-75.5782343,,Simulacro 1,,11.0,,,162.0,41.0,34,34,22.0,25.0,SI,,162.0
ENV-0888,Envigado,Salado,SALADO,Envigado,Antioquia,Oficial,6.1534946,-75.5782343,,Simulacro 1,,11.0,,,158.0,39.0,36,20,29.0,38.0,SI,,158.0
ENV-0889,Envigado,Salado,SALADO,Envigado,Antioquia,Oficial,6.1534946,-75.5782343,,Simulacro 1,,11.0,,,154.0,41.0,28,18,34.0,35.0,SI,,154.0
ENV-0890,Envigado,Salado,SALADO,Envigado,Antioquia,Oficial,6.1534946,-75.5782343,,Simulacro 1,,11.0,,,153.0,41.0,22,28,29.0,36.0,SI,,153.0
ENV-0891,Envigado,Salado,SALADO,Envigado,Antioquia,Oficial,6.1534946,-75.5782343,,Simulacro 1,,11.0,,,152.0,41.0,32,22,28.0,27.0,SI,,152.0
ENV-0892,Envigado,Salado,SALADO,Envigado,Antioquia,Oficial,6.1534946,-75.5782343,,Simulacro 1,,11.0,,,152.0,39.0,30,30,24.0,25.0,SI,,152.0
ENV-0893,Envigado,Salado,SALADO,Envigado,Antioquia,Oficial,6.1534946,-75.5782343,,Simulacro 1,,11.0,,,150.0,39.0,20,20,40.0,35.0,SI,,150.0
ENV-0894,Envigado,Salado,SALADO,Envigado,Antioquia,Oficial,6.1534946,-75.5782343,,Simulacro 1,,11.0,,,148.0,29.0,24,28,36.0,33.0,SI,,148.0
ENV-0895,Envigado,Salado,SALADO,Envigado,Antioquia,Oficial,6.1534946,-75.5782343,,Simulacro 1,,11.0,,,147.0,34.0,18,32,33.0,31.0,SI,,147.0
ENV-0896,Envigado,Salado,SALADO,Envigado,Antioquia,Oficial,6.1534946,-75.5782343,,Simulacro 1,,11.0,,,146.0,29.0,20,32,31.0,42.0,SI,,146.0
ENV-0897,Envigado,Salado,SALADO,Envigado,Antioquia,Oficial,6.1534946,-75.5782343,,Simulacro 1,,11.0,,,146.0,27.0,42,18,24.0,45.0,SI,,146.0
ENV-0898,Envigado,Salado,SALADO,Envigado,Antioquia,Oficial,6.1534946,-75.5782343,,Simulacro 1,,11.0,,,144.0,49.0,18,18,17.0,67.0,SI,,144.0
ENV-0899,Envigado,Salado,SALADO,Envigado,Antioquia,Oficial,6.1534946,-75.5782343,,Simulacro 1,,11.0,,,143.0,34.0,26,28,26.0,31.0,SI,,143.0
ENV-0900,Envigado,Salado,SALADO,Envigado,Antioquia,Oficial,6.1534946,-75.5782343,,Simulacro 1,,11.0,,,142.0,32.0,26,36,17.0,36.0,SI,,142.0
ENV-0901,Envigado,Salado,SALADO,Envigado,Antioquia,Oficial,6.1534946,-75.5782343,,Simulacro 1,,11.0,,,142.0,39.0,26,38,10.0,29.0,SI,,142.0
ENV-0902,Envigado,Salado,SALADO,Envigado,Antioquia,Oficial,6.1534946,-75.5782343,,Simulacro 1,,11.0,,,140.0,29.0,34,22,26.0,31.0,SI,,140.0
ENV-0903,Envigado,Salado,SALADO,Envigado,Antioquia,Oficial,6.1534946,-75.5782343,,Simulacro 1,,11.0,,,133.0,27.0,24,30,19.0,47.0,SI,,133.0
ENV-0904,Envigado,Salado,SALADO,Envigado,Antioquia,Oficial,6.1534946,-75.5782343,,Simulacro 1,,11.0,,,131.0,32.0,32,14,24.0,35.0,SI,,131.0
ENV-0905,Envigado,Salado,SALADO,Envigado,Antioquia,Oficial,6.1534946,-75.5782343,,Simulacro 1,,11.0,,,126.0,32.0,20,28,24.0,16.0,SI,,126.0
ENV-0906,Envigado,Salado,SALADO,Envigado,Antioquia,Oficial,6.1534946,-75.5782343,,Simulacro 1,,11.0,,,114.0,27.0,16,14,28.0,44.0,SI,,114.0
ENV-0907,Envigado,San Vicente,SAN VICENTE,Envigado,Antioquia,Oficial,6.1667839,-75.5788449,,Simulacro 1,,11.0,,,338.0,76.0,40,80,66.0,95.0,SI,,338.0
ENV-0908,Envigado,San Vicente,SAN VICENTE,Envigado,Antioquia,Oficial,6.1667839,-75.5788449,,Simulacro 1,,11.0,,,321.0,80.0,34,72,59.0,98.0,SI,,321.0
ENV-0909,Envigado,San Vicente,SAN VICENTE,Envigado,Antioquia,Oficial,6.1667839,-75.5788449,,Simulacro 1,,11.0,,,318.0,68.0,34,90,59.0,75.0,SI,,318.0
ENV-0910,Envigado,San Vicente,SAN VICENTE,Envigado,Antioquia,Oficial,6.1667839,-75.5788449,,Simulacro 1,,11.0,,,308.0,68.0,42,70,62.0,75.0,SI,,308.0
ENV-0911,Envigado,San Vicente,SAN VICENTE,Envigado,Antioquia,Oficial,6.1667839,-75.5788449,,Simulacro 1,,11.0,,,305.0,73.0,38,80,45.0,85.0,SI,,305.0
ENV-0912,Envigado,San Vicente,SAN VICENTE,Envigado,Antioquia,Oficial,6.1667839,-75.5788449,,Simulacro 1,,11.0,,,294.0,71.0,42,66,53.0,69.0,SI,,294.0
ENV-0913,Envigado,San Vicente,SAN VICENTE,Envigado,Antioquia,Oficial,6.1667839,-75.5788449,,Simulacro 1,,11.0,,,280.0,71.0,30,66,55.0,62.0,SI,,280.0
ENV-0914,Envigado,San Vicente,SAN VICENTE,Envigado,Antioquia,Oficial,6.1667839,-75.5788449,,Simulacro 1,,11.0,,,273.0,59.0,38,56,55.0,87.0,SI,,273.0
ENV-0915,Envigado,San Vicente,SAN VICENTE,Envigado,Antioquia,Oficial,6.1667839,-75.5788449,,Simulacro 1,,11.0,,,268.0,71.0,32,70,36.0,71.0,SI,,268.0
ENV-0916,Envigado,San Vicente,SAN VICENTE,Envigado,Antioquia,Oficial,6.1667839,-75.5788449,,Simulacro 1,,11.0,,,259.0,49.0,38,62,52.0,73.0,SI,,259.0
ENV-0917,Envigado,San Vicente,SAN VICENTE,Envigado,Antioquia,Oficial,6.1667839,-75.5788449,,Simulacro 1,,11.0,,,252.0,61.0,26,66,41.0,73.0,SI,,252.0
ENV-0918,Envigado,San Vicente,SAN VICENTE,Envigado,Antioquia,Oficial,6.1667839,-75.5788449,,Simulacro 1,,11.0,,,235.0,63.0,34,66,28.0,38.0,SI,,235.0
ENV-0919,Envigado,San Vicente,SAN VICENTE,Envigado,Antioquia,Oficial,6.1667839,-75.5788449,,Simulacro 1,,11.0,,,223.0,61.0,38,40,41.0,38.0,SI,,223.0
ENV-0920,Envigado,San Vicente,SAN VICENTE,Envigado,Antioquia,Oficial,6.1667839,-75.5788449,,Simulacro 1,,11.0,,,222.0,46.0,30,54,43.0,56.0,SI,,222.0
ENV-0921,Envigado,San Vicente,SAN VICENTE,Envigado,Antioquia,Oficial,6.1667839,-75.5788449,,Simulacro 1,,11.0,,,206.0,51.0,28,40,40.0,60.0,SI,,206.0
ENV-0922,Envigado,San Vicente,SAN VICENTE,Envigado,Antioquia,Oficial,6.1667839,-75.5788449,,Simulacro 1,,11.0,,,204.0,59.0,28,34,34.0,65.0,SI,,204.0
ENV-0923,Envigado,San Vicente,SAN VICENTE,Envigado,Antioquia,Oficial,6.1667839,-75.5788449,,Simulacro 1,,11.0,,,189.0,32.0,36,52,29.0,44.0,SI,,189.0
ENV-0924,Envigado,San Vicente,SAN VICENTE,Envigado,Antioquia,Oficial,6.1667839,-75.5788449,,Simulacro 1,,11.0,,,187.0,39.0,26,34,50.0,40.0,SI,,187.0
ENV-0925,Envigado,San Vicente,SAN VICENTE,Envigado,Antioquia,Oficial,6.1667839,-75.5788449,,Simulacro 1,,11.0,,,184.0,39.0,44,28,31.0,53.0,SI,,184.0
ENV-0926,Envigado,San Vicente,SAN VICENTE,Envigado,Antioquia,Oficial,6.1667839,-75.5788449,,Simulacro 1,,11.0,,,184.0,44.0,28,34,36.0,51.0,SI,,184.0
ENV-0927,Envigado,San Vicente,SAN VICENTE,Envigado,Antioquia,Oficial,6.1667839,-75.5788449,,Simulacro 1,,11.0,,,178.0,41.0,42,26,29.0,47.0,SI,,178.0
ENV-0928,Envigado,San Vicente,SAN VICENTE,Envigado,Antioquia,Oficial,6.1667839,-75.5788449,,Simulacro 1,,11.0,,,178.0,46.0,30,30,34.0,40.0,SI,,178.0
ENV-0929,Envigado,San Vicente,SAN VICENTE,Envigado,Antioquia,Oficial,6.1667839,-75.5788449,,Simulacro 1,,11.0,,,176.0,17.0,26,52,47.0,33.0,SI,,176.0
ENV-0930,Envigado,San Vicente,SAN VICENTE,Envigado,Antioquia,Oficial,6.1667839,-75.5788449,,Simulacro 1,,11.0,,,164.0,34.0,36,32,28.0,36.0,SI,,164.0
ENV-0931,Envigado,San Vicente,SAN VICENTE,Envigado,Antioquia,Oficial,6.1667839,-75.5788449,,Simulacro 1,,11.0,,,162.0,44.0,32,30,21.0,42.0,SI,,162.0
ENV-0932,Envigado,San Vicente,SAN VICENTE,Envigado,Antioquia,Oficial,6.1667839,-75.5788449,,Simulacro 1,,11.0,,,161.0,44.0,28,26,29.0,36.0,SI,,161.0
ENV-0933,Envigado,San Vicente,SAN VICENTE,Envigado,Antioquia,Oficial,6.1667839,-75.5788449,,Simulacro 1,,11.0,,,160.0,29.0,28,26,36.0,56.0,SI,,160.0
ENV-0934,Envigado,San Vicente,SAN VICENTE,Envigado,Antioquia,Oficial,6.1667839,-75.5788449,,Simulacro 1,,11.0,,,140.0,34.0,20,32,26.0,29.0,SI,,140.0
ENV-0935,Envigado,San Vicente,SAN VICENTE,Envigado,Antioquia,Oficial,6.1667839,-75.5788449,,Simulacro 1,,11.0,,,135.0,37.0,38,16,16.0,33.0,SI,,135.0
ENV-0936,Envigado,San Vicente,SAN VICENTE,Envigado,Antioquia,Oficial,6.1667839,-75.5788449,,Simulacro 1,,11.0,,,128.0,15.0,30,30,28.0,27.0,SI,,128.0
ENV-0937,Envigado,San Vicente,SAN VICENTE,Envigado,Antioquia,Oficial,6.1667839,-75.5788449,,Simulacro 1,,11.0,,,124.0,24.0,28,18,28.0,29.0,SI,,124.0
ENV-0938,Envigado,San Vicente,SAN VICENTE,Envigado,Antioquia,Oficial,6.1667839,-75.5788449,,Simulacro 1,,11.0,,,116.0,37.0,16,16,22.0,29.0,SI,,116.0
TAB-0001,Tablazo,I.E. Rural el Tablazo,I.E. Rural El Tablazo,Rionegro,Antioquia,Oficial,6.1440246,-75.4484784,11-01,Simulacro 1,A+B,11.0,110.0,254.0,226.9,51.2,40,56,37.9,34.5,SI,,226.9
TAB-0002,Tablazo,I.E. Rural el Tablazo,I.E. Rural El Tablazo,Rionegro,Antioquia,Oficial,6.1440246,-75.4484784,11-01,Simulacro 1,A+B,11.0,138.0,254.0,260.6,58.5,44,60,39.7,70.9,SI,,260.6
TAB-0003,Tablazo,I.E. Rural el Tablazo,I.E. Rural El Tablazo,Rionegro,Antioquia,Oficial,6.1440246,-75.4484784,11-01,Simulacro 1,A+B,11.0,92.0,254.0,151.4,31.7,20,30,25.9,70.9,SI,,151.4
TAB-0004,Tablazo,I.E. Rural el Tablazo,I.E. Rural El Tablazo,Rionegro,Antioquia,Oficial,6.1440246,-75.4484784,11-01,Simulacro 1,A+B,11.0,122.0,254.0,240.5,39.0,44,62,48.3,45.5,SI,,240.5
TAB-0005,Tablazo,I.E. Rural el Tablazo,I.E. Rural El Tablazo,Rionegro,Antioquia,Oficial,6.1440246,-75.4484784,11-01,Simulacro 1,A+B,11.0,114.0,254.0,209.0,36.6,32,62,29.3,63.6,SI,,209.0
TAB-0006,Tablazo,I.E. Rural el Tablazo,I.E. Rural El Tablazo,Rionegro,Antioquia,Oficial,6.1440246,-75.4484784,11-01,Simulacro 1,A+B,11.0,147.0,254.0,269.9,56.1,36,60,55.2,80.0,SI,,269.9
TAB-0007,Tablazo,I.E. Rural el Tablazo,I.E. Rural El Tablazo,Rionegro,Antioquia,Oficial,6.1440246,-75.4484784,11-01,Simulacro 1,A+B,11.0,85.0,254.0,172.1,46.3,16,26,51.7,27.3,SI,,172.1
TAB-0008,Tablazo,I.E. Rural el Tablazo,I.E. Rural El Tablazo,Rionegro,Antioquia,Oficial,6.1440246,-75.4484784,11-01,Simulacro 1,A+B,11.0,121.0,254.0,212.2,26.8,28,52,53.4,70.9,SI,,212.2
TAB-0009,Tablazo,I.E. Rural el Tablazo,I.E. Rural El Tablazo,Rionegro,Antioquia,Oficial,6.1440246,-75.4484784,11-01,Simulacro 1,A+B,11.0,127.0,254.0,250.9,53.7,32,70,44.8,50.9,SI,,250.9
TAB-0010,Tablazo,I.E. Rural el Tablazo,I.E. Rural El Tablazo,Rionegro,Antioquia,Oficial,6.1440246,-75.4484784,11-01,Simulacro 1,A+B,11.0,104.0,254.0,187.3,17.1,32,52,43.1,54.5,SI,,187.3
TAB-0011,Tablazo,I.E. Rural el Tablazo,I.E. Rural El Tablazo,Rionegro,Antioquia,Oficial,6.1440246,-75.4484784,11-01,Simulacro 1,A+B,11.0,124.0,254.0,226.2,39.0,28,60,46.6,67.3,SI,,226.2
TAB-0012,Tablazo,I.E. Rural el Tablazo,I.E. Rural El Tablazo,Rionegro,Antioquia,Oficial,6.1440246,-75.4484784,11-01,Simulacro 1,A+B,11.0,134.0,254.0,248.3,61.0,32,56,41.4,74.5,SI,,248.3
TAB-0013,Tablazo,I.E. Rural el Tablazo,I.E. Rural El Tablazo,Rionegro,Antioquia,Oficial,6.1440246,-75.4484784,11-01,Simulacro 1,A+B,11.0,130.0,254.0,245.0,53.7,32,60,44.8,65.5,SI,,245.0
TAB-0014,Tablazo,I.E. Rural el Tablazo,I.E. Rural El Tablazo,Rionegro,Antioquia,Oficial,6.1440246,-75.4484784,11-01,Simulacro 1,A+B,11.0,102.0,254.0,199.3,31.7,38,50,39.7,40.0,SI,,199.3
TAB-0015,Tablazo,I.E. Rural el Tablazo,I.E. Rural El Tablazo,Rionegro,Antioquia,Oficial,6.1440246,-75.4484784,11-01,Simulacro 1,A+B,11.0,116.0,254.0,200.1,41.5,20,48,37.9,78.2,SI,,200.1
TAB-0016,Tablazo,I.E. Rural el Tablazo,I.E. Rural El Tablazo,Rionegro,Antioquia,Oficial,6.1440246,-75.4484784,11-01,Simulacro 1,A+B,11.0,132.0,254.0,237.2,34.1,38,62,46.6,74.5,SI,,237.2
TAB-0017,Tablazo,I.E. Rural el Tablazo,I.E. Rural El Tablazo,Rionegro,Antioquia,Oficial,6.1440246,-75.4484784,11-01,Simulacro 1,A+B,11.0,123.0,254.0,232.2,56.1,26,68,29.3,65.5,SI,,232.2
TAB-0018,Tablazo,I.E. Rural el Tablazo,I.E. Rural El Tablazo,Rionegro,Antioquia,Oficial,6.1440246,-75.4484784,11-01,Simulacro 1,A+B,11.0,101.0,254.0,209.5,43.9,32,58,37.9,29.1,SI,,209.5
TAB-0019,Tablazo,I.E. Rural el Tablazo,I.E. Rural El Tablazo,Rionegro,Antioquia,Oficial,6.1440246,-75.4484784,11-01,Simulacro 1,A+B,11.0,105.0,254.0,222.4,46.3,36,56,46.6,23.6,SI,,222.4
TAB-0020,Tablazo,I.E. Rural el Tablazo,I.E. Rural El Tablazo,Rionegro,Antioquia,Oficial,6.1440246,-75.4484784,11-01,Simulacro 1,A+B,11.0,146.0,254.0,281.8,56.1,44,74,48.3,65.5,SI,,281.8
TAB-0021,Tablazo,I.E. Rural el Tablazo,I.E. Rural El Tablazo,Rionegro,Antioquia,Oficial,6.1440246,-75.4484784,11-01,Simulacro 1,A+B,11.0,96.0,254.0,184.0,51.2,20,54,17.2,50.9,SI,,184.0
TAB-0022,Tablazo,I.E. Rural el Tablazo,I.E. Rural El Tablazo,Rionegro,Antioquia,Oficial,6.1440246,-75.4484784,11-01,Simulacro 1,A+B,11.0,110.0,254.0,228.2,46.3,44,62,34.5,32.7,SI,,228.2
RIO-ANA GOMEZ-1,Rionegro,Ana Gomez,ANA GOMEZ,Rionegro,Antioquia,Oficial,6.187,-75.38,G2,Simulacro 2,S2,,,,210.8,58.5,38,44,27.6,43.6,NO,Segunda aplicacion del mismo estudiante,
RIO-ANA GOMEZ-10,Rionegro,Ana Gomez,ANA GOMEZ,Rionegro,Antioquia,Oficial,6.187,-75.38,G2,Simulacro 1,S1,,,,279.7,58.5,32,78,56.9,50.9,SI,,279.7
RIO-ANA GOMEZ-10,Rionegro,Ana Gomez,ANA GOMEZ,Rionegro,Antioquia,Oficial,6.187,-75.38,G2,Simulacro 2,S2,,,,303.7,63.4,42,88,53.4,49.1,NO,Segunda aplicacion del mismo estudiante,
RIO-ANA GOMEZ-11,Rionegro,Ana Gomez,ANA GOMEZ,Rionegro,Antioquia,Oficial,6.187,-75.38,G2,Simulacro 1,S1,,,,313.4,61.0,52,80,58.6,60.0,SI,,313.4
RIO-ANA GOMEZ-11,Rionegro,Ana Gomez,ANA GOMEZ,Rionegro,Antioquia,Oficial,6.187,-75.38,G2,Simulacro 2,S2,,,,323.5,56.1,60,80,65.5,56.4,NO,Segunda aplicacion del mismo estudiante,
RIO-ANA GOMEZ-12,Rionegro,Ana Gomez,ANA GOMEZ,Rionegro,Antioquia,Oficial,6.187,-75.38,G2,Simulacro 1,S1,,,,163.4,31.7,30,28,37.9,41.8,SI,,163.4
RIO-ANA GOMEZ-12,Rionegro,Ana Gomez,ANA GOMEZ,Rionegro,Antioquia,Oficial,6.187,-75.38,G2,Simulacro 2,S2,,,,169.2,46.3,26,24,32.8,52.7,NO,Segunda aplicacion del mismo estudiante,
RIO-ANA GOMEZ-13,Rionegro,Ana Gomez,ANA GOMEZ,Rionegro,Antioquia,Oficial,6.187,-75.38,G2,Simulacro 1,S1,,,,268.5,82.9,34,70,27.6,54.5,SI,,268.5
RIO-ANA GOMEZ-13,Rionegro,Ana Gomez,ANA GOMEZ,Rionegro,Antioquia,Oficial,6.187,-75.38,G2,Simulacro 2,S2,,,,301.2,53.7,52,82,55.2,54.5,NO,Segunda aplicacion del mismo estudiante,
RIO-ANA GOMEZ-14,Rionegro,Ana Gomez,ANA GOMEZ,Rionegro,Antioquia,Oficial,6.187,-75.38,G2,Simulacro 1,S1,,,,201.2,61.0,32,30,36.2,45.5,SI,,201.2
RIO-ANA GOMEZ-14,Rionegro,Ana Gomez,ANA GOMEZ,Rionegro,Antioquia,Oficial,6.187,-75.38,G2,Simulacro 2,S2,,,,220.2,48.8,38,46,46.6,34.5,NO,Segunda aplicacion del mismo estudiante,
RIO-ANA GOMEZ-15,Rionegro,Ana Gomez,ANA GOMEZ,Rionegro,Antioquia,Oficial,6.187,-75.38,G2,Simulacro 2,S2,,,,243.6,48.8,44,62,44.8,34.5,NO,Segunda aplicacion del mismo estudiante,
RIO-ANA GOMEZ-16,Rionegro,Ana Gomez,ANA GOMEZ,Rionegro,Antioquia,Oficial,6.187,-75.38,G2,Simulacro 1,S1,,,,228.8,58.5,24,58,41.4,49.1,SI,,228.8
RIO-ANA GOMEZ-16,Rionegro,Ana Gomez,ANA GOMEZ,Rionegro,Antioquia,Oficial,6.187,-75.38,G2,Simulacro 2,S2,,,,235.1,58.5,28,54,51.7,34.5,NO,Segunda aplicacion del mismo estudiante,
RIO-ANA GOMEZ-17,Rionegro,Ana Gomez,ANA GOMEZ,Rionegro,Antioquia,Oficial,6.187,-75.38,G2,Simulacro 1,S1,,,,255.1,63.4,30,70,43.1,43.6,SI,,255.1
RIO-ANA GOMEZ-17,Rionegro,Ana Gomez,ANA GOMEZ,Rionegro,Antioquia,Oficial,6.187,-75.38,G2,Simulacro 2,S2,,,,277.6,51.2,56,84,39.7,29.1,NO,Segunda aplicacion del mismo estudiante,
RIO-ANA GOMEZ-18,Rionegro,Ana Gomez,ANA GOMEZ,Rionegro,Antioquia,Oficial,6.187,-75.38,G2,Simulacro 1,S1,,,,236.6,73.2,22,60,29.3,61.8,SI,,236.6
RIO-ANA GOMEZ-18,Rionegro,Ana Gomez,ANA GOMEZ,Rionegro,Antioquia,Oficial,6.187,-75.38,G2,Simulacro 2,S2,,,,255.2,53.7,42,70,37.9,52.7,NO,Segunda aplicacion del mismo estudiante,
RIO-ANA GOMEZ-19,Rionegro,Ana Gomez,ANA GOMEZ,Rionegro,Antioquia,Oficial,6.187,-75.38,G2,Simulacro 1,S1,,,,205.4,51.2,32,40,39.7,45.5,SI,,205.4
RIO-ANA GOMEZ-19,Rionegro,Ana Gomez,ANA GOMEZ,Rionegro,Antioquia,Oficial,6.187,-75.38,G2,Simulacro 2,S2,,,,201.5,46.3,32,58,31.0,21.8,NO,Segunda aplicacion del mismo estudiante,
RIO-ANA GOMEZ-2,Rionegro,Ana Gomez,ANA GOMEZ,Rionegro,Antioquia,Oficial,6.187,-75.38,G2,Simulacro 2,S2,,,,207.4,41.5,26,60,41.4,32.7,NO,Segunda aplicacion del mismo estudiante,
RIO-ANA GOMEZ-20,Rionegro,Ana Gomez,ANA GOMEZ,Rionegro,Antioquia,Oficial,6.187,-75.38,G2,Simulacro 1,S1,,,,228.4,65.9,40,50,27.6,43.6,SI,,228.4
RIO-ANA GOMEZ-20,Rionegro,Ana Gomez,ANA GOMEZ,Rionegro,Antioquia,Oficial,6.187,-75.38,G2,Simulacro 2,S2,,,,260.3,56.1,30,72,51.7,47.3,NO,Segunda aplicacion del mismo estudiante,
RIO-ANA GOMEZ-21,Rionegro,Ana Gomez,ANA GOMEZ,Rionegro,Antioquia,Oficial,6.187,-75.38,G1,Simulacro 2,S2,,,,234.2,56.1,52,28,51.7,45.5,NO,Segunda aplicacion del mismo estudiante,
RIO-ANA GOMEZ-22,Rionegro,Ana Gomez,ANA GOMEZ,Rionegro,Antioquia,Oficial,6.187,-75.38,G1,Simulacro 2,S2,,,,192.1,56.1,30,46,25.9,25.5,NO,Segunda aplicacion del mismo estudiante,
RIO-ANA GOMEZ-23,Rionegro,Ana Gomez,ANA GOMEZ,Rionegro,Antioquia,Oficial,6.187,-75.38,G1,Simulacro 1,S1,,,,177.9,34.1,36,34,37.9,36.4,SI,,177.9
RIO-ANA GOMEZ-23,Rionegro,Ana Gomez,ANA GOMEZ,Rionegro,Antioquia,Oficial,6.187,-75.38,G1,Simulacro 2,S2,,,,234.6,46.3,64,40,39.7,40.0,NO,Segunda aplicacion del mismo estudiante,
RIO-ANA GOMEZ-24,Rionegro,Ana Gomez,ANA GOMEZ,Rionegro,Antioquia,Oficial,6.187,-75.38,G1,Simulacro 1,S1,,,,294.8,56.1,54,60,67.2,54.5,SI,,294.8
RIO-ANA GOMEZ-24,Rionegro,Ana Gomez,ANA GOMEZ,Rionegro,Antioquia,Oficial,6.187,-75.38,G1,Simulacro 2,S2,,,,210.3,43.9,26,46,50.0,49.1,NO,Segunda aplicacion del mismo estudiante,
RIO-ANA GOMEZ-25,Rionegro,Ana Gomez,ANA GOMEZ,Rionegro,Antioquia,Oficial,6.187,-75.38,G1,Simulacro 1,S1,,,,348.5,90.2,50,84,62.1,47.3,SI,,348.5
RIO-ANA GOMEZ-25,Rionegro,Ana Gomez,ANA GOMEZ,Rionegro,Antioquia,Oficial,6.187,-75.38,G1,Simulacro 2,S2,,,,300.2,53.7,46,78,65.5,50.9,NO,Segunda aplicacion del mismo estudiante,
RIO-ANA GOMEZ-26,Rionegro,Ana Gomez,ANA GOMEZ,Rionegro,Antioquia,Oficial,6.187,-75.38,G1,Simulacro 1,S1,,,,212.2,34.1,30,56,53.4,30.9,SI,,212.2
RIO-ANA GOMEZ-26,Rionegro,Ana Gomez,ANA GOMEZ,Rionegro,Antioquia,Oficial,6.187,-75.38,G1,Simulacro 2,S2,,,,202.0,48.8,34,40,41.4,32.7,NO,Segunda aplicacion del mismo estudiante,
RIO-ANA GOMEZ-27,Rionegro,Ana Gomez,ANA GOMEZ,Rionegro,Antioquia,Oficial,6.187,-75.38,G1,Simulacro 1,S1,,,,146.8,29.3,26,34,25.9,36.4,SI,,146.8
RIO-ANA GOMEZ-27,Rionegro,Ana Gomez,ANA GOMEZ,Rionegro,Antioquia,Oficial,6.187,-75.38,G1,Simulacro 2,S2,,,,166.8,46.3,34,32,20.7,34.5,NO,Segunda aplicacion del mismo estudiante,
RIO-ANA GOMEZ-28,Rionegro,Ana Gomez,ANA GOMEZ,Rionegro,Antioquia,Oficial,6.187,-75.38,G1,Simulacro 1,S1,,,,173.8,46.3,30,26,36.2,36.4,SI,,173.8
RIO-ANA GOMEZ-28,Rionegro,Ana Gomez,ANA GOMEZ,Rionegro,Antioquia,Oficial,6.187,-75.38,G1,Simulacro 2,S2,,,,193.4,51.2,42,32,34.5,23.6,NO,Segunda aplicacion del mismo estudiante,
RIO-ANA GOMEZ-29,Rionegro,Ana Gomez,ANA GOMEZ,Rionegro,Antioquia,Oficial,6.187,-75.38,G1,Simulacro 1,S1,,,,214.4,48.8,38,60,29.3,29.1,SI,,214.4
RIO-ANA GOMEZ-29,Rionegro,Ana Gomez,ANA GOMEZ,Rionegro,Antioquia,Oficial,6.187,-75.38,G1,Simulacro 2,S2,,,,265.4,58.5,36,78,46.6,32.7,NO,Segunda aplicacion del mismo estudiante,
RIO-ANA GOMEZ-3,Rionegro,Ana Gomez,ANA GOMEZ,Rionegro,Antioquia,Oficial,6.187,-75.38,G2,Simulacro 1,S1,,,,262.2,70.7,22,64,51.7,56.4,SI,,262.2
RIO-ANA GOMEZ-3,Rionegro,Ana Gomez,ANA GOMEZ,Rionegro,Antioquia,Oficial,6.187,-75.38,G2,Simulacro 2,S2,,,,278.6,61.0,46,70,51.7,38.2,NO,Segunda aplicacion del mismo estudiante,
RIO-ANA GOMEZ-30,Rionegro,Ana Gomez,ANA GOMEZ,Rionegro,Antioquia,Oficial,6.187,-75.38,G1,Simulacro 1,S1,,,,312.6,70.7,44,80,48.3,83.6,SI,,312.6
RIO-ANA GOMEZ-30,Rionegro,Ana Gomez,ANA GOMEZ,Rionegro,Antioquia,Oficial,6.187,-75.38,G1,Simulacro 2,S2,,,,341.2,61.0,66,80,62.1,80.0,NO,Segunda aplicacion del mismo estudiante,
RIO-ANA GOMEZ-31,Rionegro,Ana Gomez,ANA GOMEZ,Rionegro,Antioquia,Oficial,6.187,-75.38,G1,Simulacro 1,S1,,,,256.1,56.1,42,58,48.3,52.7,SI,,256.1
RIO-ANA GOMEZ-31,Rionegro,Ana Gomez,ANA GOMEZ,Rionegro,Antioquia,Oficial,6.187,-75.38,G1,Simulacro 2,S2,,,,299.2,53.7,50,68,70.7,50.9,NO,Segunda aplicacion del mismo estudiante,
RIO-ANA GOMEZ-32,Rionegro,Ana Gomez,ANA GOMEZ,Rionegro,Antioquia,Oficial,6.187,-75.38,G1,Simulacro 1,S1,,,,217.9,65.9,24,50,34.5,43.6,SI,,217.9
RIO-ANA GOMEZ-32,Rionegro,Ana Gomez,ANA GOMEZ,Rionegro,Antioquia,Oficial,6.187,-75.38,G1,Simulacro 2,S2,,,,284.2,61.0,46,80,44.8,43.6,NO,Segunda aplicacion del mismo estudiante,
RIO-ANA GOMEZ-33,Rionegro,Ana Gomez,ANA GOMEZ,Rionegro,Antioquia,Oficial,6.187,-75.38,G1,Simulacro 1,S1,,,,190.4,58.5,36,32,27.6,32.7,SI,,190.4
RIO-ANA GOMEZ-33,Rionegro,Ana Gomez,ANA GOMEZ,Rionegro,Antioquia,Oficial,6.187,-75.38,G1,Simulacro 2,S2,,,,188.3,48.8,34,40,25.9,43.6,NO,Segunda aplicacion del mismo estudiante,
RIO-ANA GOMEZ-34,Rionegro,Ana Gomez,ANA GOMEZ,Rionegro,Antioquia,Oficial,6.187,-75.38,G1,Simulacro 1,S1,,,,145.6,31.7,32,22,24.1,49.1,SI,,145.6
RIO-ANA GOMEZ-34,Rionegro,Ana Gomez,ANA GOMEZ,Rionegro,Antioquia,Oficial,6.187,-75.38,G1,Simulacro 2,S2,,,,171.7,36.6,28,40,34.5,29.1,NO,Segunda aplicacion del mismo estudiante,
RIO-ANA GOMEZ-35,Rionegro,Ana Gomez,ANA GOMEZ,Rionegro,Antioquia,Oficial,6.187,-75.38,G1,Simulacro 2,S2,,,,188.2,39.0,34,36,41.4,38.2,NO,Segunda aplicacion del mismo estudiante,
RIO-ANA GOMEZ-36,Rionegro,Ana Gomez,ANA GOMEZ,Rionegro,Antioquia,Oficial,6.187,-75.38,G1,Simulacro 2,S2,,,,247.2,53.7,46,60,43.1,34.5,NO,Segunda aplicacion del mismo estudiante,
RIO-ANA GOMEZ-37,Rionegro,Ana Gomez,ANA GOMEZ,Rionegro,Antioquia,Oficial,6.187,-75.38,G1,Simulacro 1,S1,,,,186.3,48.8,32,30,25.9,74.5,SI,,186.3
RIO-ANA GOMEZ-37,Rionegro,Ana Gomez,ANA GOMEZ,Rionegro,Antioquia,Oficial,6.187,-75.38,G1,Simulacro 2,S2,,,,243.9,41.5,42,60,43.1,74.5,NO,Segunda aplicacion del mismo estudiante,
RIO-ANA GOMEZ-38,Rionegro,Ana Gomez,ANA GOMEZ,Rionegro,Antioquia,Oficial,6.187,-75.38,G1,Simulacro 1,S1,,,,293.4,58.5,44,74,51.7,78.2,SI,,293.4
RIO-ANA GOMEZ-38,Rionegro,Ana Gomez,ANA GOMEZ,Rionegro,Antioquia,Oficial,6.187,-75.38,G1,Simulacro 2,S2,,,,325.9,61.0,64,78,53.4,78.2,NO,Segunda aplicacion del mismo estudiante,
RIO-ANA GOMEZ-39,Rionegro,Ana Gomez,ANA GOMEZ,Rionegro,Antioquia,Oficial,6.187,-75.38,G1,Simulacro 1,S1,,,,226.3,48.8,36,52,44.8,43.6,SI,,226.3
RIO-ANA GOMEZ-39,Rionegro,Ana Gomez,ANA GOMEZ,Rionegro,Antioquia,Oficial,6.187,-75.38,G1,Simulacro 2,S2,,,,261.5,53.7,50,58,53.4,34.5,NO,Segunda aplicacion del mismo estudiante,
RIO-ANA GOMEZ-4,Rionegro,Ana Gomez,ANA GOMEZ,Rionegro,Antioquia,Oficial,6.187,-75.38,G2,Simulacro 1,S1,,,,206.7,56.1,42,42,29.3,29.1,SI,,206.7
RIO-ANA GOMEZ-4,Rionegro,Ana Gomez,ANA GOMEZ,Rionegro,Antioquia,Oficial,6.187,-75.38,G2,Simulacro 2,S2,,,,179.2,31.7,48,34,25.9,47.3,NO,Segunda aplicacion del mismo estudiante,
RIO-ANA GOMEZ-40,Rionegro,Ana Gomez,ANA GOMEZ,Rionegro,Antioquia,Oficial,6.187,-75.38,G1,Simulacro 1,S1,,,,234.3,51.2,32,56,51.7,36.4,SI,,234.3
RIO-ANA GOMEZ-40,Rionegro,Ana Gomez,ANA GOMEZ,Rionegro,Antioquia,Oficial,6.187,-75.38,G1,Simulacro 2,S2,,,,185.0,29.3,40,36,46.6,25.5,NO,Segunda aplicacion del mismo estudiante,
RIO-ANA GOMEZ-41,Rionegro,Ana Gomez,ANA GOMEZ,Rionegro,Antioquia,Oficial,6.187,-75.38,G1,Simulacro 1,S1,,,,207.4,46.3,34,40,44.8,43.6,SI,,207.4
RIO-ANA GOMEZ-41,Rionegro,Ana Gomez,ANA GOMEZ,Rionegro,Antioquia,Oficial,6.187,-75.38,G1,Simulacro 2,S2,,,,234.2,51.2,46,50,44.8,32.7,NO,Segunda aplicacion del mismo estudiante,
RIO-ANA GOMEZ-5,Rionegro,Ana Gomez,ANA GOMEZ,Rionegro,Antioquia,Oficial,6.187,-75.38,G2,Simulacro 1,S1,,,,188.8,43.9,36,40,31.0,38.2,SI,,188.8
RIO-ANA GOMEZ-5,Rionegro,Ana Gomez,ANA GOMEZ,Rionegro,Antioquia,Oficial,6.187,-75.38,G2,Simulacro 2,S2,,,,243.1,63.4,46,66,20.7,43.6,NO,Segunda aplicacion del mismo estudiante,
RIO-ANA GOMEZ-6,Rionegro,Ana Gomez,ANA GOMEZ,Rionegro,Antioquia,Oficial,6.187,-75.38,G2,Simulacro 1,S1,,,,233.5,46.3,22,70,48.3,47.3,SI,,233.5
RIO-ANA GOMEZ-6,Rionegro,Ana Gomez,ANA GOMEZ,Rionegro,Antioquia,Oficial,6.187,-75.38,G2,Simulacro 2,S2,,,,302.8,61.0,60,70,56.9,43.6,NO,Segunda aplicacion del mismo estudiante,
RIO-ANA GOMEZ-7,Rionegro,Ana Gomez,ANA GOMEZ,Rionegro,Antioquia,Oficial,6.187,-75.38,G2,Simulacro 1,S1,,,,316.9,75.6,52,84,32.8,90.9,SI,,316.9
RIO-ANA GOMEZ-7,Rionegro,Ana Gomez,ANA GOMEZ,Rionegro,Antioquia,Oficial,6.187,-75.38,G2,Simulacro 2,S2,,,,376.5,68.3,76,88,65.5,85.5,NO,Segunda aplicacion del mismo estudiante,
RIO-ANA GOMEZ-8,Rionegro,Ana Gomez,ANA GOMEZ,Rionegro,Antioquia,Oficial,6.187,-75.38,G2,Simulacro 1,S1,,,,201.1,31.7,38,44,44.8,47.3,SI,,201.1
RIO-ANA GOMEZ-8,Rionegro,Ana Gomez,ANA GOMEZ,Rionegro,Antioquia,Oficial,6.187,-75.38,G2,Simulacro 2,S2,,,,213.4,34.1,40,44,53.4,40.0,NO,Segunda aplicacion del mismo estudiante,
RIO-ANA GOMEZ-9,Rionegro,Ana Gomez,ANA GOMEZ,Rionegro,Antioquia,Oficial,6.187,-75.38,G2,Simulacro 1,S1,,,,279.7,56.1,50,66,55.2,45.5,SI,,279.7
RIO-ANA GOMEZ-9,Rionegro,Ana Gomez,ANA GOMEZ,Rionegro,Antioquia,Oficial,6.187,-75.38,G2,Simulacro 2,S2,,,,315.1,58.5,48,80,69.0,52.7,NO,Segunda aplicacion del mismo estudiante,
RIO-ANTONIO DONADO-1,Rionegro,Antonio Donado,ANTONIO DONADO,Rionegro,Antioquia,Oficial,6.143,-75.449,G1,Simulacro 1,S1,,,,156.8,34.1,38,24,27.6,36.4,SI,,156.8
RIO-ANTONIO DONADO-1,Rionegro,Antonio Donado,ANTONIO DONADO,Rionegro,Antioquia,Oficial,6.143,-75.449,G1,Simulacro 2,S2,,,,162.5,41.5,30,34,29.3,18.2,NO,Segunda aplicacion del mismo estudiante,
RIO-ANTONIO DONADO-10,Rionegro,Antonio Donado,ANTONIO DONADO,Rionegro,Antioquia,Oficial,6.143,-75.449,G1,Simulacro 1,S1,,,,198.9,51.2,26,60,22.4,38.2,SI,,198.9
RIO-ANTONIO DONADO-10,Rionegro,Antonio Donado,ANTONIO DONADO,Rionegro,Antioquia,Oficial,6.143,-75.449,G1,Simulacro 2,S2,,,,217.6,51.2,32,68,25.9,34.5,NO,Segunda aplicacion del mismo estudiante,
RIO-ANTONIO DONADO-11,Rionegro,Antonio Donado,ANTONIO DONADO,Rionegro,Antioquia,Oficial,6.143,-75.449,G1,Simulacro 1,S1,,,,286.1,63.4,36,80,43.1,76.4,SI,,286.1
RIO-ANTONIO DONADO-11,Rionegro,Antonio Donado,ANTONIO DONADO,Rionegro,Antioquia,Oficial,6.143,-75.449,G1,Simulacro 2,S2,,,,324.9,58.5,62,86,56.9,54.5,NO,Segunda aplicacion del mismo estudiante,
RIO-ANTONIO DONADO-12,Rionegro,Antonio Donado,ANTONIO DONADO,Rionegro,Antioquia,Oficial,6.143,-75.449,G1,Simulacro 1,S1,,,,239.3,51.2,24,64,50.0,54.5,SI,,239.3
RIO-ANTONIO DONADO-12,Rionegro,Antonio Donado,ANTONIO DONADO,Rionegro,Antioquia,Oficial,6.143,-75.449,G1,Simulacro 2,S2,,,,276.6,53.7,36,74,60.3,47.3,NO,Segunda aplicacion del mismo estudiante,
RIO-ANTONIO DONADO-13,Rionegro,Antonio Donado,ANTONIO DONADO,Rionegro,Antioquia,Oficial,6.143,-75.449,G1,Simulacro 1,S1,,,,188.5,43.9,36,38,32.8,38.2,SI,,188.5
RIO-ANTONIO DONADO-13,Rionegro,Antonio Donado,ANTONIO DONADO,Rionegro,Antioquia,Oficial,6.143,-75.449,G1,Simulacro 2,S2,,,,255.9,56.1,54,64,36.2,34.5,NO,Segunda aplicacion del mismo estudiante,
RIO-ANTONIO DONADO-14,Rionegro,Antonio Donado,ANTONIO DONADO,Rionegro,Antioquia,Oficial,6.143,-75.449,G1,Simulacro 1,S1,,,,237.1,56.1,26,70,32.8,61.8,SI,,237.1
RIO-ANTONIO DONADO-14,Rionegro,Antonio Donado,ANTONIO DONADO,Rionegro,Antioquia,Oficial,6.143,-75.449,G1,Simulacro 2,S2,,,,227.1,56.1,24,74,17.2,76.4,NO,Segunda aplicacion del mismo estudiante,
RIO-ANTONIO DONADO-15,Rionegro,Antonio Donado,ANTONIO DONADO,Rionegro,Antioquia,Oficial,6.143,-75.449,G1,Simulacro 1,S1,,,,121.5,19.5,22,24,25.9,41.8,SI,,121.5
RIO-ANTONIO DONADO-15,Rionegro,Antonio Donado,ANTONIO DONADO,Rionegro,Antioquia,Oficial,6.143,-75.449,G1,Simulacro 2,S2,,,,158.9,36.6,32,30,27.6,34.5,NO,Segunda aplicacion del mismo estudiante,
RIO-ANTONIO DONADO-16,Rionegro,Antonio Donado,ANTONIO DONADO,Rionegro,Antioquia,Oficial,6.143,-75.449,G1,Simulacro 1,S1,,,,133.5,31.7,26,24,20.7,40.0,SI,,133.5
RIO-ANTONIO DONADO-16,Rionegro,Antonio Donado,ANTONIO DONADO,Rionegro,Antioquia,Oficial,6.143,-75.449,G1,Simulacro 2,S2,,,,139.7,41.5,28,20,20.7,32.7,NO,Segunda aplicacion del mismo estudiante,
RIO-ANTONIO DONADO-17,Rionegro,Antonio Donado,ANTONIO DONADO,Rionegro,Antioquia,Oficial,6.143,-75.449,G1,Simulacro 1,S1,,,,171.0,56.1,22,36,19.0,45.5,SI,,171.0
RIO-ANTONIO DONADO-17,Rionegro,Antonio Donado,ANTONIO DONADO,Rionegro,Antioquia,Oficial,6.143,-75.449,G1,Simulacro 2,S2,,,,213.9,56.1,26,54,29.3,60.0,NO,Segunda aplicacion del mismo estudiante,
RIO-ANTONIO DONADO-18,Rionegro,Antonio Donado,ANTONIO DONADO,Rionegro,Antioquia,Oficial,6.143,-75.449,G1,Simulacro 1,S1,,,,160.9,36.6,30,36,24.1,38.2,SI,,160.9
RIO-ANTONIO DONADO-18,Rionegro,Antonio Donado,ANTONIO DONADO,Rionegro,Antioquia,Oficial,6.143,-75.449,G1,Simulacro 2,S2,,,,174.1,31.7,48,28,31.0,36.4,NO,Segunda aplicacion del mismo estudiante,
RIO-ANTONIO DONADO-19,Rionegro,Antonio Donado,ANTONIO DONADO,Rionegro,Antioquia,Oficial,6.143,-75.449,G1,Simulacro 1,S1,,,,132.1,41.5,18,24,20.7,30.9,SI,,132.1
RIO-ANTONIO DONADO-19,Rionegro,Antonio Donado,ANTONIO DONADO,Rionegro,Antioquia,Oficial,6.143,-75.449,G1,Simulacro 2,S2,,,,170.6,36.6,30,30,37.9,40.0,NO,Segunda aplicacion del mismo estudiante,
RIO-ANTONIO DONADO-2,Rionegro,Antonio Donado,ANTONIO DONADO,Rionegro,Antioquia,Oficial,6.143,-75.449,G1,Simulacro 1,S1,,,,197.7,41.5,30,40,46.6,40.0,SI,,197.7
RIO-ANTONIO DONADO-2,Rionegro,Antonio Donado,ANTONIO DONADO,Rionegro,Antioquia,Oficial,6.143,-75.449,G1,Simulacro 2,S2,,,,131.1,51.2,10,30,22.4,0.0,NO,Segunda aplicacion del mismo estudiante,
RIO-ANTONIO DONADO-20,Rionegro,Antonio Donado,ANTONIO DONADO,Rionegro,Antioquia,Oficial,6.143,-75.449,G1,Simulacro 1,S1,,,,140.4,39.0,16,32,20.7,41.8,SI,,140.4
RIO-ANTONIO DONADO-20,Rionegro,Antonio Donado,ANTONIO DONADO,Rionegro,Antioquia,Oficial,6.143,-75.449,G1,Simulacro 2,S2,,,,182.3,53.7,32,24,36.2,36.4,NO,Segunda aplicacion del mismo estudiante,
RIO-ANTONIO DONADO-21,Rionegro,Antonio Donado,ANTONIO DONADO,Rionegro,Antioquia,Oficial,6.143,-75.449,G1,Simulacro 1,S1,,,,280.5,56.1,28,72,60.3,80.0,SI,,280.5
RIO-ANTONIO DONADO-21,Rionegro,Antonio Donado,ANTONIO DONADO,Rionegro,Antioquia,Oficial,6.143,-75.449,G1,Simulacro 2,S2,,,,338.0,65.9,56,86,62.1,69.1,NO,Segunda aplicacion del mismo estudiante,
RIO-ANTONIO DONADO-22,Rionegro,Antonio Donado,ANTONIO DONADO,Rionegro,Antioquia,Oficial,6.143,-75.449,G1,Simulacro 1,S1,,,,140.1,26.8,28,28,25.9,38.2,SI,,140.1
RIO-ANTONIO DONADO-22,Rionegro,Antonio Donado,ANTONIO DONADO,Rionegro,Antioquia,Oficial,6.143,-75.449,G1,Simulacro 2,S2,,,,189.5,41.5,32,36,39.7,45.5,NO,Segunda aplicacion del mismo estudiante,
RIO-ANTONIO DONADO-23,Rionegro,Antonio Donado,ANTONIO DONADO,Rionegro,Antioquia,Oficial,6.143,-75.449,G1,Simulacro 1,S1,,,,123.1,34.1,28,16,20.7,23.6,SI,,123.1
RIO-ANTONIO DONADO-23,Rionegro,Antonio Donado,ANTONIO DONADO,Rionegro,Antioquia,Oficial,6.143,-75.449,G1,Simulacro 2,S2,,,,158.9,36.6,32,26,31.0,36.4,NO,Segunda aplicacion del mismo estudiante,
RIO-ANTONIO DONADO-24,Rionegro,Antonio Donado,ANTONIO DONADO,Rionegro,Antioquia,Oficial,6.143,-75.449,G1,Simulacro 1,S1,,,,165.4,34.1,38,30,32.8,25.5,SI,,165.4
RIO-ANTONIO DONADO-24,Rionegro,Antonio Donado,ANTONIO DONADO,Rionegro,Antioquia,Oficial,6.143,-75.449,G1,Simulacro 2,S2,,,,173.3,53.7,24,30,31.0,34.5,NO,Segunda aplicacion del mismo estudiante,
RIO-ANTONIO DONADO-25,Rionegro,Antonio Donado,ANTONIO DONADO,Rionegro,Antioquia,Oficial,6.143,-75.449,G1,Simulacro 1,S1,,,,119.7,29.3,22,20,27.6,14.5,SI,,119.7
RIO-ANTONIO DONADO-25,Rionegro,Antonio Donado,ANTONIO DONADO,Rionegro,Antioquia,Oficial,6.143,-75.449,G1,Simulacro 2,S2,,,,155.9,41.5,24,26,32.8,32.7,NO,Segunda aplicacion del mismo estudiante,
RIO-ANTONIO DONADO-26,Rionegro,Antonio Donado,ANTONIO DONADO,Rionegro,Antioquia,Oficial,6.143,-75.449,G1,Simulacro 1,S1,,,,294.5,58.5,42,70,58.6,78.2,SI,,294.5
RIO-ANTONIO DONADO-26,Rionegro,Antonio Donado,ANTONIO DONADO,Rionegro,Antioquia,Oficial,6.143,-75.449,G1,Simulacro 2,S2,,,,318.0,58.5,52,78,58.6,85.5,NO,Segunda aplicacion del mismo estudiante,
RIO-ANTONIO DONADO-27,Rionegro,Antonio Donado,ANTONIO DONADO,Rionegro,Antioquia,Oficial,6.143,-75.449,G1,Simulacro 1,S1,,,,171.2,48.8,26,34,29.3,30.9,SI,,171.2
RIO-ANTONIO DONADO-27,Rionegro,Antonio Donado,ANTONIO DONADO,Rionegro,Antioquia,Oficial,6.143,-75.449,G1,Simulacro 2,S2,,,,181.5,51.2,36,28,29.3,38.2,NO,Segunda aplicacion del mismo estudiante,
RIO-ANTONIO DONADO-28,Rionegro,Antonio Donado,ANTONIO DONADO,Rionegro,Antioquia,Oficial,6.143,-75.449,G1,Simulacro 1,S1,,,,143.1,31.7,26,22,32.8,34.5,SI,,143.1
RIO-ANTONIO DONADO-28,Rionegro,Antonio Donado,ANTONIO DONADO,Rionegro,Antioquia,Oficial,6.143,-75.449,G1,Simulacro 2,S2,,,,142.5,34.1,16,36,25.9,34.5,NO,Segunda aplicacion del mismo estudiante,
RIO-ANTONIO DONADO-3,Rionegro,Antonio Donado,ANTONIO DONADO,Rionegro,Antioquia,Oficial,6.143,-75.449,G1,Simulacro 1,S1,,,,156.9,31.7,28,30,29.3,50.9,SI,,156.9
RIO-ANTONIO DONADO-3,Rionegro,Antonio Donado,ANTONIO DONADO,Rionegro,Antioquia,Oficial,6.143,-75.449,G1,Simulacro 2,S2,,,,161.4,41.5,32,26,25.9,43.6,NO,Segunda aplicacion del mismo estudiante,
RIO-ANTONIO DONADO-4,Rionegro,Antonio Donado,ANTONIO DONADO,Rionegro,Antioquia,Oficial,6.143,-75.449,G1,Simulacro 1,S1,,,,136.9,24.4,26,16,41.4,32.7,SI,,136.9
RIO-ANTONIO DONADO-4,Rionegro,Antonio Donado,ANTONIO DONADO,Rionegro,Antioquia,Oficial,6.143,-75.449,G1,Simulacro 2,S2,,,,66.8,43.9,14,0,0.0,0.0,NO,Segunda aplicacion del mismo estudiante,
RIO-ANTONIO DONADO-5,Rionegro,Antonio Donado,ANTONIO DONADO,Rionegro,Antioquia,Oficial,6.143,-75.449,G1,Simulacro 1,S1,,,,181.0,51.2,30,24,41.4,30.9,SI,,181.0
RIO-ANTONIO DONADO-5,Rionegro,Antonio Donado,ANTONIO DONADO,Rionegro,Antioquia,Oficial,6.143,-75.449,G1,Simulacro 2,S2,,,,171.8,41.5,26,32,37.9,34.5,NO,Segunda aplicacion del mismo estudiante,
RIO-ANTONIO DONADO-6,Rionegro,Antonio Donado,ANTONIO DONADO,Rionegro,Antioquia,Oficial,6.143,-75.449,G1,Simulacro 1,S1,,,,178.8,41.5,30,28,37.9,52.7,SI,,178.8
RIO-ANTONIO DONADO-6,Rionegro,Antonio Donado,ANTONIO DONADO,Rionegro,Antioquia,Oficial,6.143,-75.449,G1,Simulacro 2,S2,,,,129.2,48.8,20,14,20.7,25.5,NO,Segunda aplicacion del mismo estudiante,
RIO-ANTONIO DONADO-7,Rionegro,Antonio Donado,ANTONIO DONADO,Rionegro,Antioquia,Oficial,6.143,-75.449,G1,Simulacro 1,S1,,,,159.3,43.9,34,24,25.9,30.9,SI,,159.3
RIO-ANTONIO DONADO-7,Rionegro,Antonio Donado,ANTONIO DONADO,Rionegro,Antioquia,Oficial,6.143,-75.449,G1,Simulacro 2,S2,,,,150.5,31.7,40,18,31.0,29.1,NO,Segunda aplicacion del mismo estudiante,
RIO-ANTONIO DONADO-8,Rionegro,Antonio Donado,ANTONIO DONADO,Rionegro,Antioquia,Oficial,6.143,-75.449,G1,Simulacro 1,S1,,,,165.5,39.0,26,30,34.5,41.8,SI,,165.5
RIO-ANTONIO DONADO-8,Rionegro,Antonio Donado,ANTONIO DONADO,Rionegro,Antioquia,Oficial,6.143,-75.449,G1,Simulacro 2,S2,,,,156.2,41.5,28,22,27.6,49.1,NO,Segunda aplicacion del mismo estudiante,
RIO-ANTONIO DONADO-9,Rionegro,Antonio Donado,ANTONIO DONADO,Rionegro,Antioquia,Oficial,6.143,-75.449,G1,Simulacro 1,S1,,,,269.9,63.4,40,66,39.7,74.5,SI,,269.9
RIO-ANTONIO DONADO-9,Rionegro,Antonio Donado,ANTONIO DONADO,Rionegro,Antioquia,Oficial,6.143,-75.449,G1,Simulacro 2,S2,,,,240.4,53.7,26,74,31.0,70.9,NO,Segunda aplicacion del mismo estudiante,
RIO-BALTAZAR SALAZAR-1,Rionegro,Baltazar Salazar,BALTAZAR SALAZAR,Rionegro,Antioquia,Oficial,6.079,-75.424,G1,Simulacro 1,S1,,,,286.0,63.4,34,66,62.1,67.3,SI,,286.0
RIO-BALTAZAR SALAZAR-1,Rionegro,Baltazar Salazar,BALTAZAR SALAZAR,Rionegro,Antioquia,Oficial,6.079,-75.424,G1,Simulacro 2,S2,,,,276.9,61.0,52,64,44.8,54.5,NO,Segunda aplicacion del mismo estudiante,
RIO-BALTAZAR SALAZAR-10,Rionegro,Baltazar Salazar,BALTAZAR SALAZAR,Rionegro,Antioquia,Oficial,6.079,-75.424,G1,Simulacro 1,S1,,,,230.5,58.5,44,26,50.0,63.6,SI,,230.5
RIO-BALTAZAR SALAZAR-10,Rionegro,Baltazar Salazar,BALTAZAR SALAZAR,Rionegro,Antioquia,Oficial,6.079,-75.424,G1,Simulacro 2,S2,,,,294.7,51.2,46,72,63.8,67.3,NO,Segunda aplicacion del mismo estudiante,
RIO-BALTAZAR SALAZAR-11,Rionegro,Baltazar Salazar,BALTAZAR SALAZAR,Rionegro,Antioquia,Oficial,6.079,-75.424,G1,Simulacro 1,S1,,,,153.5,46.3,20,16,37.9,38.2,SI,,153.5
RIO-BALTAZAR SALAZAR-11,Rionegro,Baltazar Salazar,BALTAZAR SALAZAR,Rionegro,Antioquia,Oficial,6.079,-75.424,G1,Simulacro 2,S2,,,,216.5,43.9,26,46,62.1,29.1,NO,Segunda aplicacion del mismo estudiante,
RIO-BALTAZAR SALAZAR-12,Rionegro,Baltazar Salazar,BALTAZAR SALAZAR,Rionegro,Antioquia,Oficial,6.079,-75.424,G1,Simulacro 1,S1,,,,316.1,48.8,52,80,69.0,72.7,SI,,316.1
RIO-BALTAZAR SALAZAR-12,Rionegro,Baltazar Salazar,BALTAZAR SALAZAR,Rionegro,Antioquia,Oficial,6.079,-75.424,G1,Simulacro 2,S2,,,,352.8,56.1,78,76,69.0,80.0,NO,Segunda aplicacion del mismo estudiante,
RIO-BALTAZAR SALAZAR-13,Rionegro,Baltazar Salazar,BALTAZAR SALAZAR,Rionegro,Antioquia,Oficial,6.079,-75.424,G1,Simulacro 1,S1,,,,259.8,58.5,36,66,48.3,49.1,SI,,259.8
RIO-BALTAZAR SALAZAR-13,Rionegro,Baltazar Salazar,BALTAZAR SALAZAR,Rionegro,Antioquia,Oficial,6.079,-75.424,G1,Simulacro 2,S2,,,,207.5,48.8,30,52,34.5,43.6,NO,Segunda aplicacion del mismo estudiante,
RIO-BALTAZAR SALAZAR-14,Rionegro,Baltazar Salazar,BALTAZAR SALAZAR,Rionegro,Antioquia,Oficial,6.079,-75.424,G1,Simulacro 1,S1,,,,320.0,73.2,42,80,50.0,96.4,SI,,320.0
RIO-BALTAZAR SALAZAR-14,Rionegro,Baltazar Salazar,BALTAZAR SALAZAR,Rionegro,Antioquia,Oficial,6.079,-75.424,G1,Simulacro 2,S2,,,,346.2,58.5,58,82,72.4,87.3,NO,Segunda aplicacion del mismo estudiante,
RIO-BALTAZAR SALAZAR-15,Rionegro,Baltazar Salazar,BALTAZAR SALAZAR,Rionegro,Antioquia,Oficial,6.079,-75.424,G1,Simulacro 1,S1,,,,138.1,22.0,36,30,19.0,38.2,SI,,138.1
RIO-BALTAZAR SALAZAR-15,Rionegro,Baltazar Salazar,BALTAZAR SALAZAR,Rionegro,Antioquia,Oficial,6.079,-75.424,G1,Simulacro 2,S2,,,,186.6,41.5,40,28,41.4,32.7,NO,Segunda aplicacion del mismo estudiante,
RIO-BALTAZAR SALAZAR-16,Rionegro,Baltazar Salazar,BALTAZAR SALAZAR,Rionegro,Antioquia,Oficial,6.079,-75.424,G1,Simulacro 1,S1,,,,275.1,65.9,28,74,50.0,61.8,SI,,275.1
RIO-BALTAZAR SALAZAR-16,Rionegro,Baltazar Salazar,BALTAZAR SALAZAR,Rionegro,Antioquia,Oficial,6.079,-75.424,G1,Simulacro 2,S2,,,,269.2,56.1,34,78,48.3,50.9,NO,Segunda aplicacion del mismo estudiante,
RIO-BALTAZAR SALAZAR-17,Rionegro,Baltazar Salazar,BALTAZAR SALAZAR,Rionegro,Antioquia,Oficial,6.079,-75.424,G1,Simulacro 1,S1,,,,229.2,75.6,32,20,53.4,52.7,SI,,229.2
RIO-BALTAZAR SALAZAR-17,Rionegro,Baltazar Salazar,BALTAZAR SALAZAR,Rionegro,Antioquia,Oficial,6.079,-75.424,G1,Simulacro 2,S2,,,,268.5,61.0,52,54,50.0,47.3,NO,Segunda aplicacion del mismo estudiante,
RIO-BALTAZAR SALAZAR-2,Rionegro,Baltazar Salazar,BALTAZAR SALAZAR,Rionegro,Antioquia,Oficial,6.079,-75.424,G1,Simulacro 1,S1,,,,226.0,46.3,32,58,41.4,54.5,SI,,226.0
RIO-BALTAZAR SALAZAR-2,Rionegro,Baltazar Salazar,BALTAZAR SALAZAR,Rionegro,Antioquia,Oficial,6.079,-75.424,G1,Simulacro 2,S2,,,,224.0,48.8,40,68,25.9,34.5,NO,Segunda aplicacion del mismo estudiante,
RIO-BALTAZAR SALAZAR-3,Rionegro,Baltazar Salazar,BALTAZAR SALAZAR,Rionegro,Antioquia,Oficial,6.079,-75.424,G1,Simulacro 1,S1,,,,176.8,41.5,24,28,37.9,65.5,SI,,176.8
RIO-BALTAZAR SALAZAR-3,Rionegro,Baltazar Salazar,BALTAZAR SALAZAR,Rionegro,Antioquia,Oficial,6.079,-75.424,G1,Simulacro 2,S2,,,,232.7,41.5,38,44,55.2,69.1,NO,Segunda aplicacion del mismo estudiante,
RIO-BALTAZAR SALAZAR-4,Rionegro,Baltazar Salazar,BALTAZAR SALAZAR,Rionegro,Antioquia,Oficial,6.079,-75.424,G1,Simulacro 1,S1,,,,238.0,56.1,46,54,36.2,41.8,SI,,238.0
RIO-BALTAZAR SALAZAR-4,Rionegro,Baltazar Salazar,BALTAZAR SALAZAR,Rionegro,Antioquia,Oficial,6.079,-75.424,G1,Simulacro 2,S2,,,,242.3,51.2,36,48,62.1,38.2,NO,Segunda aplicacion del mismo estudiante,
RIO-BALTAZAR SALAZAR-5,Rionegro,Baltazar Salazar,BALTAZAR SALAZAR,Rionegro,Antioquia,Oficial,6.079,-75.424,G1,Simulacro 1,S1,,,,218.7,51.2,40,32,50.0,49.1,SI,,218.7
RIO-BALTAZAR SALAZAR-5,Rionegro,Baltazar Salazar,BALTAZAR SALAZAR,Rionegro,Antioquia,Oficial,6.079,-75.424,G1,Simulacro 2,S2,,,,269.6,53.7,54,48,58.6,58.2,NO,Segunda aplicacion del mismo estudiante,
RIO-BALTAZAR SALAZAR-6,Rionegro,Baltazar Salazar,BALTAZAR SALAZAR,Rionegro,Antioquia,Oficial,6.079,-75.424,G1,Simulacro 1,S1,,,,278.0,61.0,32,74,55.2,56.4,SI,,278.0
RIO-BALTAZAR SALAZAR-6,Rionegro,Baltazar Salazar,BALTAZAR SALAZAR,Rionegro,Antioquia,Oficial,6.079,-75.424,G1,Simulacro 2,S2,,,,310.6,63.4,58,64,63.8,60.0,NO,Segunda aplicacion del mismo estudiante,
RIO-BALTAZAR SALAZAR-7,Rionegro,Baltazar Salazar,BALTAZAR SALAZAR,Rionegro,Antioquia,Oficial,6.079,-75.424,G1,Simulacro 1,S1,,,,180.3,56.1,38,24,22.4,47.3,SI,,180.3
RIO-BALTAZAR SALAZAR-7,Rionegro,Baltazar Salazar,BALTAZAR SALAZAR,Rionegro,Antioquia,Oficial,6.079,-75.424,G1,Simulacro 2,S2,,,,258.7,51.2,38,76,41.4,52.7,NO,Segunda aplicacion del mismo estudiante,
RIO-BALTAZAR SALAZAR-8,Rionegro,Baltazar Salazar,BALTAZAR SALAZAR,Rionegro,Antioquia,Oficial,6.079,-75.424,G1,Simulacro 1,S1,,,,199.1,48.8,32,36,44.8,32.7,SI,,199.1
RIO-BALTAZAR SALAZAR-8,Rionegro,Baltazar Salazar,BALTAZAR SALAZAR,Rionegro,Antioquia,Oficial,6.079,-75.424,G1,Simulacro 2,S2,,,,203.5,46.3,32,48,37.9,36.4,NO,Segunda aplicacion del mismo estudiante,
RIO-BALTAZAR SALAZAR-9,Rionegro,Baltazar Salazar,BALTAZAR SALAZAR,Rionegro,Antioquia,Oficial,6.079,-75.424,G1,Simulacro 1,S1,,,,314.9,73.2,38,74,58.6,87.3,SI,,314.9
RIO-BALTAZAR SALAZAR-9,Rionegro,Baltazar Salazar,BALTAZAR SALAZAR,Rionegro,Antioquia,Oficial,6.079,-75.424,G1,Simulacro 2,S2,,,,333.9,58.5,56,82,63.8,87.3,NO,Segunda aplicacion del mismo estudiante,
RIO-BARRO BLANCO-1,Rionegro,Barro Blanco,BARRO BLANCO,Rionegro,Antioquia,Oficial,6.153,-75.407,G2,Simulacro 1,S1,,,,307.3,65.9,56,60,62.1,67.3,SI,,307.3
RIO-BARRO BLANCO-1,Rionegro,Barro Blanco,BARRO BLANCO,Rionegro,Antioquia,Oficial,6.153,-75.407,G2,Simulacro 2,S2,,,,355.5,61.0,74,78,67.2,83.6,NO,Segunda aplicacion del mismo estudiante,
RIO-BARRO BLANCO-10,Rionegro,Barro Blanco,BARRO BLANCO,Rionegro,Antioquia,Oficial,6.153,-75.407,G2,Simulacro 1,S1,,,,146.6,39.0,16,26,34.5,34.5,SI,,146.6
RIO-BARRO BLANCO-10,Rionegro,Barro Blanco,BARRO BLANCO,Rionegro,Antioquia,Oficial,6.153,-75.407,G2,Simulacro 2,S2,,,,121.9,36.6,14,18,20.7,49.1,NO,Segunda aplicacion del mismo estudiante,
RIO-BARRO BLANCO-11,Rionegro,Barro Blanco,BARRO BLANCO,Rionegro,Antioquia,Oficial,6.153,-75.407,G2,Simulacro 1,S1,,,,179.6,39.0,24,42,37.9,38.2,SI,,179.6
RIO-BARRO BLANCO-11,Rionegro,Barro Blanco,BARRO BLANCO,Rionegro,Antioquia,Oficial,6.153,-75.407,G2,Simulacro 2,S2,,,,216.5,51.2,34,42,48.3,36.4,NO,Segunda aplicacion del mismo estudiante,
RIO-BARRO BLANCO-12,Rionegro,Barro Blanco,BARRO BLANCO,Rionegro,Antioquia,Oficial,6.153,-75.407,G2,Simulacro 1,S1,,,,208.9,56.1,36,36,39.7,40.0,SI,,208.9
RIO-BARRO BLANCO-12,Rionegro,Barro Blanco,BARRO BLANCO,Rionegro,Antioquia,Oficial,6.153,-75.407,G2,Simulacro 2,S2,,,,206.8,46.3,32,54,29.3,52.7,NO,Segunda aplicacion del mismo estudiante,
RIO-BARRO BLANCO-13,Rionegro,Barro Blanco,BARRO BLANCO,Rionegro,Antioquia,Oficial,6.153,-75.407,G2,Simulacro 1,S1,,,,243.9,48.8,40,50,58.6,41.8,SI,,243.9
RIO-BARRO BLANCO-13,Rionegro,Barro Blanco,BARRO BLANCO,Rionegro,Antioquia,Oficial,6.153,-75.407,G2,Simulacro 2,S2,,,,226.8,48.8,48,44,44.8,32.7,NO,Segunda aplicacion del mismo estudiante,
RIO-BARRO BLANCO-14,Rionegro,Barro Blanco,BARRO BLANCO,Rionegro,Antioquia,Oficial,6.153,-75.407,G2,Simulacro 1,S1,,,,225.8,56.1,46,48,31.0,43.6,SI,,225.8
RIO-BARRO BLANCO-14,Rionegro,Barro Blanco,BARRO BLANCO,Rionegro,Antioquia,Oficial,6.153,-75.407,G2,Simulacro 2,S2,,,,157.1,43.9,28,24,29.3,32.7,NO,Segunda aplicacion del mismo estudiante,
RIO-BARRO BLANCO-15,Rionegro,Barro Blanco,BARRO BLANCO,Rionegro,Antioquia,Oficial,6.153,-75.407,G2,Simulacro 1,S1,,,,197.2,46.3,28,36,44.8,47.3,SI,,197.2
RIO-BARRO BLANCO-15,Rionegro,Barro Blanco,BARRO BLANCO,Rionegro,Antioquia,Oficial,6.153,-75.407,G2,Simulacro 2,S2,,,,219.1,43.9,42,42,51.7,30.9,NO,Segunda aplicacion del mismo estudiante,
RIO-BARRO BLANCO-16,Rionegro,Barro Blanco,BARRO BLANCO,Rionegro,Antioquia,Oficial,6.153,-75.407,G2,Simulacro 1,S1,,,,233.9,58.5,32,36,58.6,52.7,SI,,233.9
RIO-BARRO BLANCO-16,Rionegro,Barro Blanco,BARRO BLANCO,Rionegro,Antioquia,Oficial,6.153,-75.407,G2,Simulacro 2,S2,,,,240.1,43.9,48,52,44.8,58.2,NO,Segunda aplicacion del mismo estudiante,
RIO-BARRO BLANCO-17,Rionegro,Barro Blanco,BARRO BLANCO,Rionegro,Antioquia,Oficial,6.153,-75.407,G2,Simulacro 1,S1,,,,182.7,41.5,26,32,43.1,47.3,SI,,182.7
RIO-BARRO BLANCO-17,Rionegro,Barro Blanco,BARRO BLANCO,Rionegro,Antioquia,Oficial,6.153,-75.407,G2,Simulacro 2,S2,,,,167.7,41.5,30,32,32.8,27.3,NO,Segunda aplicacion del mismo estudiante,
RIO-BARRO BLANCO-18,Rionegro,Barro Blanco,BARRO BLANCO,Rionegro,Antioquia,Oficial,6.153,-75.407,G2,Simulacro 1,S1,,,,109.5,17.1,20,26,17.2,43.6,SI,,109.5
RIO-BARRO BLANCO-18,Rionegro,Barro Blanco,BARRO BLANCO,Rionegro,Antioquia,Oficial,6.153,-75.407,G2,Simulacro 2,S2,,,,178.6,34.1,38,24,36.2,67.3,NO,Segunda aplicacion del mismo estudiante,
RIO-BARRO BLANCO-19,Rionegro,Barro Blanco,BARRO BLANCO,Rionegro,Antioquia,Oficial,6.153,-75.407,G1,Simulacro 1,S1,,,,272.6,78.0,26,66,41.4,74.5,SI,,272.6
RIO-BARRO BLANCO-19,Rionegro,Barro Blanco,BARRO BLANCO,Rionegro,Antioquia,Oficial,6.153,-75.407,G1,Simulacro 2,S2,,,,286.4,61.0,40,66,55.2,78.2,NO,Segunda aplicacion del mismo estudiante,
RIO-BARRO BLANCO-2,Rionegro,Barro Blanco,BARRO BLANCO,Rionegro,Antioquia,Oficial,6.153,-75.407,G2,Simulacro 1,S1,,,,190.0,53.7,22,40,34.5,43.6,SI,,190.0
RIO-BARRO BLANCO-2,Rionegro,Barro Blanco,BARRO BLANCO,Rionegro,Antioquia,Oficial,6.153,-75.407,G2,Simulacro 2,S2,,,,159.9,22.0,36,28,34.5,54.5,NO,Segunda aplicacion del mismo estudiante,
RIO-BARRO BLANCO-20,Rionegro,Barro Blanco,BARRO BLANCO,Rionegro,Antioquia,Oficial,6.153,-75.407,G1,Simulacro 1,S1,,,,164.9,43.9,34,16,34.5,43.6,SI,,164.9
RIO-BARRO BLANCO-20,Rionegro,Barro Blanco,BARRO BLANCO,Rionegro,Antioquia,Oficial,6.153,-75.407,G1,Simulacro 2,S2,,,,230.2,43.9,48,48,41.4,54.5,NO,Segunda aplicacion del mismo estudiante,
RIO-BARRO BLANCO-21,Rionegro,Barro Blanco,BARRO BLANCO,Rionegro,Antioquia,Oficial,6.153,-75.407,G1,Simulacro 1,S1,,,,171.4,48.8,26,22,39.7,36.4,SI,,171.4
RIO-BARRO BLANCO-21,Rionegro,Barro Blanco,BARRO BLANCO,Rionegro,Antioquia,Oficial,6.153,-75.407,G1,Simulacro 2,S2,,,,229.2,53.7,46,36,44.8,54.5,NO,Segunda aplicacion del mismo estudiante,
RIO-BARRO BLANCO-22,Rionegro,Barro Blanco,BARRO BLANCO,Rionegro,Antioquia,Oficial,6.153,-75.407,G1,Simulacro 1,S1,,,,303.1,80.5,44,60,55.2,69.1,SI,,303.1
RIO-BARRO BLANCO-22,Rionegro,Barro Blanco,BARRO BLANCO,Rionegro,Antioquia,Oficial,6.153,-75.407,G1,Simulacro 2,S2,,,,337.6,68.3,56,74,70.7,70.9,NO,Segunda aplicacion del mismo estudiante,
RIO-BARRO BLANCO-23,Rionegro,Barro Blanco,BARRO BLANCO,Rionegro,Antioquia,Oficial,6.153,-75.407,G1,Simulacro 1,S1,,,,203.3,36.6,32,36,53.4,54.5,SI,,203.3
RIO-BARRO BLANCO-23,Rionegro,Barro Blanco,BARRO BLANCO,Rionegro,Antioquia,Oficial,6.153,-75.407,G1,Simulacro 2,S2,,,,229.0,43.9,30,66,48.3,30.9,NO,Segunda aplicacion del mismo estudiante,
RIO-BARRO BLANCO-24,Rionegro,Barro Blanco,BARRO BLANCO,Rionegro,Antioquia,Oficial,6.153,-75.407,G1,Simulacro 1,S1,,,,123.8,61.0,10,26,10.3,0.0,SI,,123.8
RIO-BARRO BLANCO-24,Rionegro,Barro Blanco,BARRO BLANCO,Rionegro,Antioquia,Oficial,6.153,-75.407,G1,Simulacro 2,S2,,,,209.6,53.7,20,62,34.5,34.5,NO,Segunda aplicacion del mismo estudiante,
RIO-BARRO BLANCO-25,Rionegro,Barro Blanco,BARRO BLANCO,Rionegro,Antioquia,Oficial,6.153,-75.407,G1,Simulacro 1,S1,,,,242.8,75.6,32,48,39.7,45.5,SI,,242.8
RIO-BARRO BLANCO-25,Rionegro,Barro Blanco,BARRO BLANCO,Rionegro,Antioquia,Oficial,6.153,-75.407,G1,Simulacro 2,S2,,,,269.9,56.1,64,70,29.3,43.6,NO,Segunda aplicacion del mismo estudiante,
RIO-BARRO BLANCO-26,Rionegro,Barro Blanco,BARRO BLANCO,Rionegro,Antioquia,Oficial,6.153,-75.407,G1,Simulacro 1,S1,,,,150.0,31.7,28,34,24.1,36.4,SI,,150.0
RIO-BARRO BLANCO-26,Rionegro,Barro Blanco,BARRO BLANCO,Rionegro,Antioquia,Oficial,6.153,-75.407,G1,Simulacro 2,S2,,,,75.4,0.0,20,10,19.0,49.1,NO,Segunda aplicacion del mismo estudiante,
RIO-BARRO BLANCO-27,Rionegro,Barro Blanco,BARRO BLANCO,Rionegro,Antioquia,Oficial,6.153,-75.407,G1,Simulacro 1,S1,,,,311.9,70.7,48,76,58.6,50.9,SI,,311.9
RIO-BARRO BLANCO-27,Rionegro,Barro Blanco,BARRO BLANCO,Rionegro,Antioquia,Oficial,6.153,-75.407,G1,Simulacro 2,S2,,,,319.5,61.0,64,82,51.7,54.5,NO,Segunda aplicacion del mismo estudiante,
RIO-BARRO BLANCO-28,Rionegro,Barro Blanco,BARRO BLANCO,Rionegro,Antioquia,Oficial,6.153,-75.407,G1,Simulacro 1,S1,,,,176.8,41.5,22,42,36.2,34.5,SI,,176.8
RIO-BARRO BLANCO-28,Rionegro,Barro Blanco,BARRO BLANCO,Rionegro,Antioquia,Oficial,6.153,-75.407,G1,Simulacro 2,S2,,,,173.2,43.9,28,30,37.9,30.9,NO,Segunda aplicacion del mismo estudiante,
RIO-BARRO BLANCO-29,Rionegro,Barro Blanco,BARRO BLANCO,Rionegro,Antioquia,Oficial,6.153,-75.407,G1,Simulacro 1,S1,,,,208.4,61.0,44,18,32.8,74.5,SI,,208.4
RIO-BARRO BLANCO-29,Rionegro,Barro Blanco,BARRO BLANCO,Rionegro,Antioquia,Oficial,6.153,-75.407,G1,Simulacro 2,S2,,,,311.0,58.5,64,56,65.5,76.4,NO,Segunda aplicacion del mismo estudiante,
RIO-BARRO BLANCO-3,Rionegro,Barro Blanco,BARRO BLANCO,Rionegro,Antioquia,Oficial,6.153,-75.407,G2,Simulacro 1,S1,,,,199.2,51.2,36,44,29.3,36.4,SI,,199.2
RIO-BARRO BLANCO-3,Rionegro,Barro Blanco,BARRO BLANCO,Rionegro,Antioquia,Oficial,6.153,-75.407,G2,Simulacro 2,S2,,,,175.4,46.3,32,32,24.1,52.7,NO,Segunda aplicacion del mismo estudiante,
RIO-BARRO BLANCO-30,Rionegro,Barro Blanco,BARRO BLANCO,Rionegro,Antioquia,Oficial,6.153,-75.407,G1,Simulacro 1,S1,,,,224.3,70.7,44,26,27.6,78.2,SI,,224.3
RIO-BARRO BLANCO-30,Rionegro,Barro Blanco,BARRO BLANCO,Rionegro,Antioquia,Oficial,6.153,-75.407,G1,Simulacro 2,S2,,,,242.0,63.4,52,32,34.5,83.6,NO,Segunda aplicacion del mismo estudiante,
RIO-BARRO BLANCO-31,Rionegro,Barro Blanco,BARRO BLANCO,Rionegro,Antioquia,Oficial,6.153,-75.407,G1,Simulacro 1,S1,,,,287.1,70.7,32,66,53.4,80.0,SI,,287.1
RIO-BARRO BLANCO-31,Rionegro,Barro Blanco,BARRO BLANCO,Rionegro,Antioquia,Oficial,6.153,-75.407,G1,Simulacro 2,S2,,,,299.1,46.3,54,80,53.4,76.4,NO,Segunda aplicacion del mismo estudiante,
RIO-BARRO BLANCO-32,Rionegro,Barro Blanco,BARRO BLANCO,Rionegro,Antioquia,Oficial,6.153,-75.407,G1,Simulacro 1,S1,,,,265.8,61.0,44,52,55.2,54.5,SI,,265.8
RIO-BARRO BLANCO-32,Rionegro,Barro Blanco,BARRO BLANCO,Rionegro,Antioquia,Oficial,6.153,-75.407,G1,Simulacro 2,S2,,,,101.2,0.0,24,28,22.4,40.0,NO,Segunda aplicacion del mismo estudiante,
RIO-BARRO BLANCO-33,Rionegro,Barro Blanco,BARRO BLANCO,Rionegro,Antioquia,Oficial,6.153,-75.407,G1,Simulacro 1,S1,,,,166.7,34.1,30,32,36.2,36.4,SI,,166.7
RIO-BARRO BLANCO-33,Rionegro,Barro Blanco,BARRO BLANCO,Rionegro,Antioquia,Oficial,6.153,-75.407,G1,Simulacro 2,S2,,,,193.3,46.3,32,34,43.1,36.4,NO,Segunda aplicacion del mismo estudiante,
RIO-BARRO BLANCO-34,Rionegro,Barro Blanco,BARRO BLANCO,Rionegro,Antioquia,Oficial,6.153,-75.407,G1,Simulacro 1,S1,,,,190.5,53.7,26,34,34.5,50.9,SI,,190.5
RIO-BARRO BLANCO-34,Rionegro,Barro Blanco,BARRO BLANCO,Rionegro,Antioquia,Oficial,6.153,-75.407,G1,Simulacro 2,S2,,,,191.8,46.3,24,34,43.1,56.4,NO,Segunda aplicacion del mismo estudiante,
RIO-BARRO BLANCO-35,Rionegro,Barro Blanco,BARRO BLANCO,Rionegro,Antioquia,Oficial,6.153,-75.407,G1,Simulacro 1,S1,,,,218.7,51.2,28,52,41.4,50.9,SI,,218.7
RIO-BARRO BLANCO-35,Rionegro,Barro Blanco,BARRO BLANCO,Rionegro,Antioquia,Oficial,6.153,-75.407,G1,Simulacro 2,S2,,,,266.9,53.7,44,64,56.9,38.2,NO,Segunda aplicacion del mismo estudiante,
RIO-BARRO BLANCO-36,Rionegro,Barro Blanco,BARRO BLANCO,Rionegro,Antioquia,Oficial,6.153,-75.407,G1,Simulacro 1,S1,,,,197.1,51.2,32,48,29.3,30.9,SI,,197.1
RIO-BARRO BLANCO-36,Rionegro,Barro Blanco,BARRO BLANCO,Rionegro,Antioquia,Oficial,6.153,-75.407,G1,Simulacro 2,S2,,,,229.7,53.7,44,52,37.9,34.5,NO,Segunda aplicacion del mismo estudiante,
RIO-BARRO BLANCO-37,Rionegro,Barro Blanco,BARRO BLANCO,Rionegro,Antioquia,Oficial,6.153,-75.407,G1,Simulacro 1,S1,,,,322.4,73.2,36,86,55.2,87.3,SI,,322.4
RIO-BARRO BLANCO-37,Rionegro,Barro Blanco,BARRO BLANCO,Rionegro,Antioquia,Oficial,6.153,-75.407,G1,Simulacro 2,S2,,,,374.2,65.9,72,86,69.0,94.5,NO,Segunda aplicacion del mismo estudiante,
RIO-BARRO BLANCO-38,Rionegro,Barro Blanco,BARRO BLANCO,Rionegro,Antioquia,Oficial,6.153,-75.407,G1,Simulacro 1,S1,,,,232.8,56.1,42,36,48.3,58.2,SI,,232.8
RIO-BARRO BLANCO-38,Rionegro,Barro Blanco,BARRO BLANCO,Rionegro,Antioquia,Oficial,6.153,-75.407,G1,Simulacro 2,S2,,,,225.5,63.4,46,20,44.8,63.6,NO,Segunda aplicacion del mismo estudiante,
RIO-BARRO BLANCO-39,Rionegro,Barro Blanco,BARRO BLANCO,Rionegro,Antioquia,Oficial,6.153,-75.407,G1,Simulacro 1,S1,,,,206.9,63.4,32,34,29.3,61.8,SI,,206.9
RIO-BARRO BLANCO-39,Rionegro,Barro Blanco,BARRO BLANCO,Rionegro,Antioquia,Oficial,6.153,-75.407,G1,Simulacro 2,S2,,,,277.4,48.8,60,50,58.6,69.1,NO,Segunda aplicacion del mismo estudiante,
RIO-BARRO BLANCO-4,Rionegro,Barro Blanco,BARRO BLANCO,Rionegro,Antioquia,Oficial,6.153,-75.407,G2,Simulacro 1,S1,,,,154.9,34.1,24,28,39.7,25.5,SI,,154.9
RIO-BARRO BLANCO-4,Rionegro,Barro Blanco,BARRO BLANCO,Rionegro,Antioquia,Oficial,6.153,-75.407,G2,Simulacro 2,S2,,,,102.2,34.1,26,6,22.4,0.0,NO,Segunda aplicacion del mismo estudiante,
RIO-BARRO BLANCO-40,Rionegro,Barro Blanco,BARRO BLANCO,Rionegro,Antioquia,Oficial,6.153,-75.407,G1,Simulacro 1,S1,,,,161.5,31.7,26,30,31.0,63.6,SI,,161.5
RIO-BARRO BLANCO-40,Rionegro,Barro Blanco,BARRO BLANCO,Rionegro,Antioquia,Oficial,6.153,-75.407,G1,Simulacro 2,S2,,,,178.9,34.1,46,36,31.0,23.6,NO,Segunda aplicacion del mismo estudiante,
RIO-BARRO BLANCO-41,Rionegro,Barro Blanco,BARRO BLANCO,Rionegro,Antioquia,Oficial,6.153,-75.407,G1,Simulacro 1,S1,,,,197.4,53.7,32,42,25.9,52.7,SI,,197.4
RIO-BARRO BLANCO-41,Rionegro,Barro Blanco,BARRO BLANCO,Rionegro,Antioquia,Oficial,6.153,-75.407,G1,Simulacro 2,S2,,,,217.6,48.8,28,34,51.7,78.2,NO,Segunda aplicacion del mismo estudiante,
RIO-BARRO BLANCO-42,Rionegro,Barro Blanco,BARRO BLANCO,Rionegro,Antioquia,Oficial,6.153,-75.407,G1,Simulacro 1,S1,,,,129.0,31.7,24,16,31.0,27.3,SI,,129.0
RIO-BARRO BLANCO-42,Rionegro,Barro Blanco,BARRO BLANCO,Rionegro,Antioquia,Oficial,6.153,-75.407,G1,Simulacro 2,S2,,,,175.7,46.3,26,22,48.3,29.1,NO,Segunda aplicacion del mismo estudiante,
RIO-BARRO BLANCO-5,Rionegro,Barro Blanco,BARRO BLANCO,Rionegro,Antioquia,Oficial,6.153,-75.407,G2,Simulacro 1,S1,,,,152.3,22.0,34,34,29.3,38.2,SI,,152.3
RIO-BARRO BLANCO-5,Rionegro,Barro Blanco,BARRO BLANCO,Rionegro,Antioquia,Oficial,6.153,-75.407,G2,Simulacro 2,S2,,,,141.0,29.3,22,28,34.5,25.5,NO,Segunda aplicacion del mismo estudiante,
RIO-BARRO BLANCO-6,Rionegro,Barro Blanco,BARRO BLANCO,Rionegro,Antioquia,Oficial,6.153,-75.407,G2,Simulacro 1,S1,,,,210.6,39.0,38,42,46.6,50.9,SI,,210.6
RIO-BARRO BLANCO-6,Rionegro,Barro Blanco,BARRO BLANCO,Rionegro,Antioquia,Oficial,6.153,-75.407,G2,Simulacro 2,S2,,,,117.7,0.0,30,28,25.9,54.5,NO,Segunda aplicacion del mismo estudiante,
RIO-BARRO BLANCO-7,Rionegro,Barro Blanco,BARRO BLANCO,Rionegro,Antioquia,Oficial,6.153,-75.407,G2,Simulacro 1,S1,,,,194.4,43.9,36,34,43.1,34.5,SI,,194.4
RIO-BARRO BLANCO-7,Rionegro,Barro Blanco,BARRO BLANCO,Rionegro,Antioquia,Oficial,6.153,-75.407,G2,Simulacro 2,S2,,,,183.7,53.7,22,40,34.5,27.3,NO,Segunda aplicacion del mismo estudiante,
RIO-BARRO BLANCO-8,Rionegro,Barro Blanco,BARRO BLANCO,Rionegro,Antioquia,Oficial,6.153,-75.407,G2,Simulacro 2,S2,,,,165.8,53.7,32,24,20.7,40.0,NO,Segunda aplicacion del mismo estudiante,
RIO-BARRO BLANCO-9,Rionegro,Barro Blanco,BARRO BLANCO,Rionegro,Antioquia,Oficial,6.153,-75.407,G2,Simulacro 1,S1,,,,235.9,58.5,28,50,43.1,74.5,SI,,235.9
RIO-BARRO BLANCO-9,Rionegro,Barro Blanco,BARRO BLANCO,Rionegro,Antioquia,Oficial,6.153,-75.407,G2,Simulacro 2,S2,,,,292.9,58.5,36,70,62.1,81.8,NO,Segunda aplicacion del mismo estudiante,
RIO-DOMINGO SAVIO-1,Rionegro,Domingo Savio,DOMINGO SAVIO,Rionegro,Antioquia,Oficial,6.118,-75.446,G1,Simulacro 1,S1,,,,133.6,68.3,16,16,15.5,0.0,SI,,133.6
RIO-DOMINGO SAVIO-1,Rionegro,Domingo Savio,DOMINGO SAVIO,Rionegro,Antioquia,Oficial,6.118,-75.446,G1,Simulacro 2,S2,,,,218.4,43.9,30,60,39.7,47.3,NO,Segunda aplicacion del mismo estudiante,
RIO-DOMINGO SAVIO-10,Rionegro,Domingo Savio,DOMINGO SAVIO,Rionegro,Antioquia,Oficial,6.118,-75.446,G1,Simulacro 1,S1,,,,176.7,65.9,34,24,29.3,0.0,SI,,176.7
RIO-DOMINGO SAVIO-10,Rionegro,Domingo Savio,DOMINGO SAVIO,Rionegro,Antioquia,Oficial,6.118,-75.446,G1,Simulacro 2,S2,,,,296.3,48.8,52,82,53.4,61.8,NO,Segunda aplicacion del mismo estudiante,
RIO-DOMINGO SAVIO-11,Rionegro,Domingo Savio,DOMINGO SAVIO,Rionegro,Antioquia,Oficial,6.118,-75.446,G1,Simulacro 2,S2,,,,314.0,56.1,48,72,72.4,70.9,NO,Segunda aplicacion del mismo estudiante,
RIO-DOMINGO SAVIO-12,Rionegro,Domingo Savio,DOMINGO SAVIO,Rionegro,Antioquia,Oficial,6.118,-75.446,G1,Simulacro 1,S1,,,,114.0,34.1,22,22,20.7,0.0,SI,,114.0
RIO-DOMINGO SAVIO-12,Rionegro,Domingo Savio,DOMINGO SAVIO,Rionegro,Antioquia,Oficial,6.118,-75.446,G1,Simulacro 2,S2,,,,260.6,43.9,42,66,55.2,56.4,NO,Segunda aplicacion del mismo estudiante,
RIO-DOMINGO SAVIO-13,Rionegro,Domingo Savio,DOMINGO SAVIO,Rionegro,Antioquia,Oficial,6.118,-75.446,G1,Simulacro 1,S1,,,,189.8,73.2,24,38,29.3,0.0,SI,,189.8
RIO-DOMINGO SAVIO-13,Rionegro,Domingo Savio,DOMINGO SAVIO,Rionegro,Antioquia,Oficial,6.118,-75.446,G1,Simulacro 2,S2,,,,338.5,65.9,52,86,58.6,92.7,NO,Segunda aplicacion del mismo estudiante,
RIO-DOMINGO SAVIO-14,Rionegro,Domingo Savio,DOMINGO SAVIO,Rionegro,Antioquia,Oficial,6.118,-75.446,G1,Simulacro 1,S1,,,,173.4,65.9,26,36,22.4,0.0,SI,,173.4
RIO-DOMINGO SAVIO-14,Rionegro,Domingo Savio,DOMINGO SAVIO,Rionegro,Antioquia,Oficial,6.118,-75.446,G1,Simulacro 2,S2,,,,319.6,58.5,46,76,65.5,92.7,NO,Segunda aplicacion del mismo estudiante,
RIO-DOMINGO SAVIO-15,Rionegro,Domingo Savio,DOMINGO SAVIO,Rionegro,Antioquia,Oficial,6.118,-75.446,G1,Simulacro 1,S1,,,,157.7,73.2,24,24,15.5,0.0,SI,,157.7
RIO-DOMINGO SAVIO-15,Rionegro,Domingo Savio,DOMINGO SAVIO,Rionegro,Antioquia,Oficial,6.118,-75.446,G1,Simulacro 2,S2,,,,264.5,56.1,54,60,27.6,94.5,NO,Segunda aplicacion del mismo estudiante,
RIO-DOMINGO SAVIO-16,Rionegro,Domingo Savio,DOMINGO SAVIO,Rionegro,Antioquia,Oficial,6.118,-75.446,G1,Simulacro 1,S1,,,,133.6,63.4,16,14,22.4,0.0,SI,,133.6
RIO-DOMINGO SAVIO-16,Rionegro,Domingo Savio,DOMINGO SAVIO,Rionegro,Antioquia,Oficial,6.118,-75.446,G1,Simulacro 2,S2,,,,219.9,43.9,40,48,46.6,36.4,NO,Segunda aplicacion del mismo estudiante,
RIO-DOMINGO SAVIO-17,Rionegro,Domingo Savio,DOMINGO SAVIO,Rionegro,Antioquia,Oficial,6.118,-75.446,G1,Simulacro 1,S1,,,,126.1,41.5,20,22,25.9,0.0,SI,,126.1
RIO-DOMINGO SAVIO-17,Rionegro,Domingo Savio,DOMINGO SAVIO,Rionegro,Antioquia,Oficial,6.118,-75.446,G1,Simulacro 2,S2,,,,241.2,51.2,48,50,48.3,34.5,NO,Segunda aplicacion del mismo estudiante,
RIO-DOMINGO SAVIO-18,Rionegro,Domingo Savio,DOMINGO SAVIO,Rionegro,Antioquia,Oficial,6.118,-75.446,G1,Simulacro 1,S1,,,,169.9,63.4,26,32,25.9,0.0,SI,,169.9
RIO-DOMINGO SAVIO-18,Rionegro,Domingo Savio,DOMINGO SAVIO,Rionegro,Antioquia,Oficial,6.118,-75.446,G1,Simulacro 2,S2,,,,290.9,58.5,52,64,55.2,67.3,NO,Segunda aplicacion del mismo estudiante,
RIO-DOMINGO SAVIO-19,Rionegro,Domingo Savio,DOMINGO SAVIO,Rionegro,Antioquia,Oficial,6.118,-75.446,G1,Simulacro 1,S1,,,,83.6,41.5,10,2,19.0,0.0,SI,,83.6
RIO-DOMINGO SAVIO-19,Rionegro,Domingo Savio,DOMINGO SAVIO,Rionegro,Antioquia,Oficial,6.118,-75.446,G1,Simulacro 2,S2,,,,146.5,46.3,24,38,3.4,45.5,NO,Segunda aplicacion del mismo estudiante,
RIO-DOMINGO SAVIO-2,Rionegro,Domingo Savio,DOMINGO SAVIO,Rionegro,Antioquia,Oficial,6.118,-75.446,G1,Simulacro 1,S1,,,,123.7,48.8,12,24,22.4,0.0,SI,,123.7
RIO-DOMINGO SAVIO-2,Rionegro,Domingo Savio,DOMINGO SAVIO,Rionegro,Antioquia,Oficial,6.118,-75.446,G1,Simulacro 2,S2,,,,261.7,56.1,32,60,56.9,65.5,NO,Segunda aplicacion del mismo estudiante,
RIO-DOMINGO SAVIO-20,Rionegro,Domingo Savio,DOMINGO SAVIO,Rionegro,Antioquia,Oficial,6.118,-75.446,G1,Simulacro 1,S1,,,,134.4,56.1,16,22,22.4,0.0,SI,,134.4
RIO-DOMINGO SAVIO-20,Rionegro,Domingo Savio,DOMINGO SAVIO,Rionegro,Antioquia,Oficial,6.118,-75.446,G1,Simulacro 2,S2,,,,266.1,63.4,48,34,60.3,74.5,NO,Segunda aplicacion del mismo estudiante,
RIO-DOMINGO SAVIO-21,Rionegro,Domingo Savio,DOMINGO SAVIO,Rionegro,Antioquia,Oficial,6.118,-75.446,G1,Simulacro 1,S1,,,,145.3,56.1,14,30,25.9,0.0,SI,,145.3
RIO-DOMINGO SAVIO-21,Rionegro,Domingo Savio,DOMINGO SAVIO,Rionegro,Antioquia,Oficial,6.118,-75.446,G1,Simulacro 2,S2,,,,262.9,53.7,32,74,50.0,54.5,NO,Segunda aplicacion del mismo estudiante,
RIO-DOMINGO SAVIO-22,Rionegro,Domingo Savio,DOMINGO SAVIO,Rionegro,Antioquia,Oficial,6.118,-75.446,G1,Simulacro 1,S1,,,,138.5,53.7,18,26,22.4,0.0,SI,,138.5
RIO-DOMINGO SAVIO-22,Rionegro,Domingo Savio,DOMINGO SAVIO,Rionegro,Antioquia,Oficial,6.118,-75.446,G1,Simulacro 2,S2,,,,239.2,46.3,54,40,50.0,50.9,NO,Segunda aplicacion del mismo estudiante,
RIO-DOMINGO SAVIO-23,Rionegro,Domingo Savio,DOMINGO SAVIO,Rionegro,Antioquia,Oficial,6.118,-75.446,G1,Simulacro 1,S1,,,,149.5,58.5,14,26,31.0,0.0,SI,,149.5
RIO-DOMINGO SAVIO-23,Rionegro,Domingo Savio,DOMINGO SAVIO,Rionegro,Antioquia,Oficial,6.118,-75.446,G1,Simulacro 2,S2,,,,253.6,48.8,48,48,58.6,49.1,NO,Segunda aplicacion del mismo estudiante,
RIO-DOMINGO SAVIO-3,Rionegro,Domingo Savio,DOMINGO SAVIO,Rionegro,Antioquia,Oficial,6.118,-75.446,G1,Simulacro 1,S1,,,,154.3,56.1,14,36,27.6,0.0,SI,,154.3
RIO-DOMINGO SAVIO-3,Rionegro,Domingo Savio,DOMINGO SAVIO,Rionegro,Antioquia,Oficial,6.118,-75.446,G1,Simulacro 2,S2,,,,272.5,39.0,48,74,55.2,60.0,NO,Segunda aplicacion del mismo estudiante,
RIO-DOMINGO SAVIO-4,Rionegro,Domingo Savio,DOMINGO SAVIO,Rionegro,Antioquia,Oficial,6.118,-75.446,G1,Simulacro 1,S1,,,,152.2,53.7,26,16,36.2,0.0,SI,,152.2
RIO-DOMINGO SAVIO-4,Rionegro,Domingo Savio,DOMINGO SAVIO,Rionegro,Antioquia,Oficial,6.118,-75.446,G1,Simulacro 2,S2,,,,249.4,53.7,46,68,32.8,47.3,NO,Segunda aplicacion del mismo estudiante,
RIO-DOMINGO SAVIO-5,Rionegro,Domingo Savio,DOMINGO SAVIO,Rionegro,Antioquia,Oficial,6.118,-75.446,G1,Simulacro 1,S1,,,,105.8,53.7,14,12,12.1,0.0,SI,,105.8
RIO-DOMINGO SAVIO-5,Rionegro,Domingo Savio,DOMINGO SAVIO,Rionegro,Antioquia,Oficial,6.118,-75.446,G1,Simulacro 2,S2,,,,197.7,53.7,32,32,37.9,47.3,NO,Segunda aplicacion del mismo estudiante,
RIO-DOMINGO SAVIO-6,Rionegro,Domingo Savio,DOMINGO SAVIO,Rionegro,Antioquia,Oficial,6.118,-75.446,G1,Simulacro 1,S1,,,,136.4,36.6,22,32,27.6,0.0,SI,,136.4
RIO-DOMINGO SAVIO-6,Rionegro,Domingo Savio,DOMINGO SAVIO,Rionegro,Antioquia,Oficial,6.118,-75.446,G1,Simulacro 2,S2,,,,224.5,51.2,44,42,37.9,58.2,NO,Segunda aplicacion del mismo estudiante,
RIO-DOMINGO SAVIO-7,Rionegro,Domingo Savio,DOMINGO SAVIO,Rionegro,Antioquia,Oficial,6.118,-75.446,G1,Simulacro 1,S1,,,,117.4,39.0,22,20,20.7,0.0,SI,,117.4
RIO-DOMINGO SAVIO-7,Rionegro,Domingo Savio,DOMINGO SAVIO,Rionegro,Antioquia,Oficial,6.118,-75.446,G1,Simulacro 2,S2,,,,203.1,46.3,28,48,37.9,47.3,NO,Segunda aplicacion del mismo estudiante,
RIO-DOMINGO SAVIO-8,Rionegro,Domingo Savio,DOMINGO SAVIO,Rionegro,Antioquia,Oficial,6.118,-75.446,G1,Simulacro 1,S1,,,,181.0,51.2,32,34,39.7,0.0,SI,,181.0
RIO-DOMINGO SAVIO-8,Rionegro,Domingo Savio,DOMINGO SAVIO,Rionegro,Antioquia,Oficial,6.118,-75.446,G1,Simulacro 2,S2,,,,292.6,39.0,72,62,56.9,70.9,NO,Segunda aplicacion del mismo estudiante,
RIO-DOMINGO SAVIO-9,Rionegro,Domingo Savio,DOMINGO SAVIO,Rionegro,Antioquia,Oficial,6.118,-75.446,G1,Simulacro 1,S1,,,,188.8,68.3,30,36,29.3,0.0,SI,,188.8
RIO-DOMINGO SAVIO-9,Rionegro,Domingo Savio,DOMINGO SAVIO,Rionegro,Antioquia,Oficial,6.118,-75.446,G1,Simulacro 2,S2,,,,303.0,53.7,46,78,53.4,94.5,NO,Segunda aplicacion del mismo estudiante,
RIO-GILBERTO ECHEVERRY-1,Rionegro,Gilberto Echeverry,GILBERTO ECHEVERRY,Rionegro,Antioquia,Oficial,6.108,-75.422,G2,Simulacro 1,S1,,,,256.1,73.2,22,68,44.8,41.8,SI,,256.1
RIO-GILBERTO ECHEVERRY-1,Rionegro,Gilberto Echeverry,GILBERTO ECHEVERRY,Rionegro,Antioquia,Oficial,6.108,-75.422,G2,Simulacro 2,S2,,,,269.7,63.4,20,76,60.3,41.8,NO,Segunda aplicacion del mismo estudiante,
RIO-GILBERTO ECHEVERRY-10,Rionegro,Gilberto Echeverry,GILBERTO ECHEVERRY,Rionegro,Antioquia,Oficial,6.108,-75.422,G2,Simulacro 1,S1,,,,314.7,85.4,30,74,60.3,69.1,SI,,314.7
RIO-GILBERTO ECHEVERRY-10,Rionegro,Gilberto Echeverry,GILBERTO ECHEVERRY,Rionegro,Antioquia,Oficial,6.108,-75.422,G2,Simulacro 2,S2,,,,311.7,56.1,46,84,58.6,76.4,NO,Segunda aplicacion del mismo estudiante,
RIO-GILBERTO ECHEVERRY-11,Rionegro,Gilberto Echeverry,GILBERTO ECHEVERRY,Rionegro,Antioquia,Oficial,6.108,-75.422,G2,Simulacro 1,S1,,,,187.2,46.3,38,24,34.5,58.2,SI,,187.2
RIO-GILBERTO ECHEVERRY-11,Rionegro,Gilberto Echeverry,GILBERTO ECHEVERRY,Rionegro,Antioquia,Oficial,6.108,-75.422,G2,Simulacro 2,S2,,,,236.1,56.1,52,36,46.6,41.8,NO,Segunda aplicacion del mismo estudiante,
RIO-GILBERTO ECHEVERRY-12,Rionegro,Gilberto Echeverry,GILBERTO ECHEVERRY,Rionegro,Antioquia,Oficial,6.108,-75.422,G2,Simulacro 1,S1,,,,241.4,61.0,42,50,36.2,60.0,SI,,241.4
RIO-GILBERTO ECHEVERRY-12,Rionegro,Gilberto Echeverry,GILBERTO ECHEVERRY,Rionegro,Antioquia,Oficial,6.108,-75.422,G2,Simulacro 2,S2,,,,238.8,53.7,42,48,50.0,40.0,NO,Segunda aplicacion del mismo estudiante,
RIO-GILBERTO ECHEVERRY-13,Rionegro,Gilberto Echeverry,GILBERTO ECHEVERRY,Rionegro,Antioquia,Oficial,6.108,-75.422,G2,Simulacro 1,S1,,,,321.8,73.2,46,70,65.5,72.7,SI,,321.8
RIO-GILBERTO ECHEVERRY-13,Rionegro,Gilberto Echeverry,GILBERTO ECHEVERRY,Rionegro,Antioquia,Oficial,6.108,-75.422,G2,Simulacro 2,S2,,,,351.9,58.5,66,86,69.0,76.4,NO,Segunda aplicacion del mismo estudiante,
RIO-GILBERTO ECHEVERRY-14,Rionegro,Gilberto Echeverry,GILBERTO ECHEVERRY,Rionegro,Antioquia,Oficial,6.108,-75.422,G2,Simulacro 1,S1,,,,204.2,46.3,26,40,48.3,49.1,SI,,204.2
RIO-GILBERTO ECHEVERRY-14,Rionegro,Gilberto Echeverry,GILBERTO ECHEVERRY,Rionegro,Antioquia,Oficial,6.108,-75.422,G2,Simulacro 2,S2,,,,242.4,41.5,48,50,60.3,30.9,NO,Segunda aplicacion del mismo estudiante,
RIO-GILBERTO ECHEVERRY-15,Rionegro,Gilberto Echeverry,GILBERTO ECHEVERRY,Rionegro,Antioquia,Oficial,6.108,-75.422,G2,Simulacro 1,S1,,,,159.6,22.0,22,50,31.0,40.0,SI,,159.6
RIO-GILBERTO ECHEVERRY-15,Rionegro,Gilberto Echeverry,GILBERTO ECHEVERRY,Rionegro,Antioquia,Oficial,6.108,-75.422,G2,Simulacro 2,S2,,,,210.9,48.8,46,42,34.5,34.5,NO,Segunda aplicacion del mismo estudiante,
RIO-GILBERTO ECHEVERRY-16,Rionegro,Gilberto Echeverry,GILBERTO ECHEVERRY,Rionegro,Antioquia,Oficial,6.108,-75.422,G2,Simulacro 1,S1,,,,198.1,43.9,38,38,39.7,36.4,SI,,198.1
RIO-GILBERTO ECHEVERRY-16,Rionegro,Gilberto Echeverry,GILBERTO ECHEVERRY,Rionegro,Antioquia,Oficial,6.108,-75.422,G2,Simulacro 2,S2,,,,231.1,51.2,44,48,43.1,41.8,NO,Segunda aplicacion del mismo estudiante,
RIO-GILBERTO ECHEVERRY-17,Rionegro,Gilberto Echeverry,GILBERTO ECHEVERRY,Rionegro,Antioquia,Oficial,6.108,-75.422,G2,Simulacro 1,S1,,,,215.2,53.7,28,50,39.7,45.5,SI,,215.2
RIO-GILBERTO ECHEVERRY-17,Rionegro,Gilberto Echeverry,GILBERTO ECHEVERRY,Rionegro,Antioquia,Oficial,6.108,-75.422,G2,Simulacro 2,S2,,,,253.4,58.5,30,70,46.6,43.6,NO,Segunda aplicacion del mismo estudiante,
RIO-GILBERTO ECHEVERRY-18,Rionegro,Gilberto Echeverry,GILBERTO ECHEVERRY,Rionegro,Antioquia,Oficial,6.108,-75.422,G2,Simulacro 1,S1,,,,235.9,51.2,38,46,53.4,47.3,SI,,235.9
RIO-GILBERTO ECHEVERRY-18,Rionegro,Gilberto Echeverry,GILBERTO ECHEVERRY,Rionegro,Antioquia,Oficial,6.108,-75.422,G2,Simulacro 2,S2,,,,270.9,43.9,48,72,56.9,41.8,NO,Segunda aplicacion del mismo estudiante,
RIO-GILBERTO ECHEVERRY-19,Rionegro,Gilberto Echeverry,GILBERTO ECHEVERRY,Rionegro,Antioquia,Oficial,6.108,-75.422,G2,Simulacro 1,S1,,,,216.0,56.1,32,46,37.9,45.5,SI,,216.0
RIO-GILBERTO ECHEVERRY-19,Rionegro,Gilberto Echeverry,GILBERTO ECHEVERRY,Rionegro,Antioquia,Oficial,6.108,-75.422,G2,Simulacro 2,S2,,,,234.1,51.2,26,68,43.1,43.6,NO,Segunda aplicacion del mismo estudiante,
RIO-GILBERTO ECHEVERRY-2,Rionegro,Gilberto Echeverry,GILBERTO ECHEVERRY,Rionegro,Antioquia,Oficial,6.108,-75.422,G2,Simulacro 1,S1,,,,132.7,26.8,30,26,20.7,34.5,SI,,132.7
RIO-GILBERTO ECHEVERRY-2,Rionegro,Gilberto Echeverry,GILBERTO ECHEVERRY,Rionegro,Antioquia,Oficial,6.108,-75.422,G2,Simulacro 2,S2,,,,166.6,34.1,26,30,39.7,43.6,NO,Segunda aplicacion del mismo estudiante,
RIO-GILBERTO ECHEVERRY-20,Rionegro,Gilberto Echeverry,GILBERTO ECHEVERRY,Rionegro,Antioquia,Oficial,6.108,-75.422,G2,Simulacro 1,S1,,,,225.9,61.0,24,54,36.2,61.8,SI,,225.9
RIO-GILBERTO ECHEVERRY-20,Rionegro,Gilberto Echeverry,GILBERTO ECHEVERRY,Rionegro,Antioquia,Oficial,6.108,-75.422,G2,Simulacro 2,S2,,,,309.7,63.4,44,76,63.8,63.6,NO,Segunda aplicacion del mismo estudiante,
RIO-GILBERTO ECHEVERRY-21,Rionegro,Gilberto Echeverry,GILBERTO ECHEVERRY,Rionegro,Antioquia,Oficial,6.108,-75.422,G2,Simulacro 1,S1,,,,221.2,43.9,40,60,34.5,40.0,SI,,221.2
RIO-GILBERTO ECHEVERRY-21,Rionegro,Gilberto Echeverry,GILBERTO ECHEVERRY,Rionegro,Antioquia,Oficial,6.108,-75.422,G2,Simulacro 2,S2,,,,256.5,56.1,58,46,48.3,41.8,NO,Segunda aplicacion del mismo estudiante,
RIO-GILBERTO ECHEVERRY-22,Rionegro,Gilberto Echeverry,GILBERTO ECHEVERRY,Rionegro,Antioquia,Oficial,6.108,-75.422,G2,Simulacro 1,S1,,,,244.1,61.0,52,50,31.0,52.7,SI,,244.1
RIO-GILBERTO ECHEVERRY-22,Rionegro,Gilberto Echeverry,GILBERTO ECHEVERRY,Rionegro,Antioquia,Oficial,6.108,-75.422,G2,Simulacro 2,S2,,,,238.0,48.8,44,64,37.9,34.5,NO,Segunda aplicacion del mismo estudiante,
RIO-GILBERTO ECHEVERRY-23,Rionegro,Gilberto Echeverry,GILBERTO ECHEVERRY,Rionegro,Antioquia,Oficial,6.108,-75.422,G2,Simulacro 1,S1,,,,176.0,36.6,32,34,29.3,61.8,SI,,176.0
RIO-GILBERTO ECHEVERRY-23,Rionegro,Gilberto Echeverry,GILBERTO ECHEVERRY,Rionegro,Antioquia,Oficial,6.108,-75.422,G2,Simulacro 2,S2,,,,135.3,29.3,28,22,25.9,36.4,NO,Segunda aplicacion del mismo estudiante,
RIO-GILBERTO ECHEVERRY-24,Rionegro,Gilberto Echeverry,GILBERTO ECHEVERRY,Rionegro,Antioquia,Oficial,6.108,-75.422,G2,Simulacro 1,S1,,,,219.7,65.9,34,38,36.2,49.1,SI,,219.7
RIO-GILBERTO ECHEVERRY-24,Rionegro,Gilberto Echeverry,GILBERTO ECHEVERRY,Rionegro,Antioquia,Oficial,6.108,-75.422,G2,Simulacro 2,S2,,,,235.3,53.7,40,56,37.9,49.1,NO,Segunda aplicacion del mismo estudiante,
RIO-GILBERTO ECHEVERRY-25,Rionegro,Gilberto Echeverry,GILBERTO ECHEVERRY,Rionegro,Antioquia,Oficial,6.108,-75.422,G2,Simulacro 1,S1,,,,205.3,43.9,40,34,32.8,81.8,SI,,205.3
RIO-GILBERTO ECHEVERRY-25,Rionegro,Gilberto Echeverry,GILBERTO ECHEVERRY,Rionegro,Antioquia,Oficial,6.108,-75.422,G2,Simulacro 2,S2,,,,204.9,43.9,42,44,25.9,65.5,NO,Segunda aplicacion del mismo estudiante,
RIO-GILBERTO ECHEVERRY-26,Rionegro,Gilberto Echeverry,GILBERTO ECHEVERRY,Rionegro,Antioquia,Oficial,6.108,-75.422,G2,Simulacro 1,S1,,,,228.2,61.0,26,52,44.8,41.8,SI,,228.2
RIO-GILBERTO ECHEVERRY-26,Rionegro,Gilberto Echeverry,GILBERTO ECHEVERRY,Rionegro,Antioquia,Oficial,6.108,-75.422,G2,Simulacro 2,S2,,,,294.7,58.5,44,76,56.9,60.0,NO,Segunda aplicacion del mismo estudiante,
RIO-GILBERTO ECHEVERRY-27,Rionegro,Gilberto Echeverry,GILBERTO ECHEVERRY,Rionegro,Antioquia,Oficial,6.108,-75.422,G2,Simulacro 1,S1,,,,178.0,53.7,28,34,25.9,38.2,SI,,178.0
RIO-GILBERTO ECHEVERRY-27,Rionegro,Gilberto Echeverry,GILBERTO ECHEVERRY,Rionegro,Antioquia,Oficial,6.108,-75.422,G2,Simulacro 2,S2,,,,259.4,58.5,68,40,31.0,81.8,NO,Segunda aplicacion del mismo estudiante,
RIO-GILBERTO ECHEVERRY-28,Rionegro,Gilberto Echeverry,GILBERTO ECHEVERRY,Rionegro,Antioquia,Oficial,6.108,-75.422,G2,Simulacro 1,S1,,,,322.7,80.5,38,76,60.3,74.5,SI,,322.7
RIO-GILBERTO ECHEVERRY-28,Rionegro,Gilberto Echeverry,GILBERTO ECHEVERRY,Rionegro,Antioquia,Oficial,6.108,-75.422,G2,Simulacro 2,S2,,,,321.3,61.0,50,90,56.9,61.8,NO,Segunda aplicacion del mismo estudiante,
RIO-GILBERTO ECHEVERRY-29,Rionegro,Gilberto Echeverry,GILBERTO ECHEVERRY,Rionegro,Antioquia,Oficial,6.108,-75.422,G1,Simulacro 1,S1,,,,170.6,39.0,26,38,34.5,30.9,SI,,170.6
RIO-GILBERTO ECHEVERRY-29,Rionegro,Gilberto Echeverry,GILBERTO ECHEVERRY,Rionegro,Antioquia,Oficial,6.108,-75.422,G1,Simulacro 2,S2,,,,225.4,43.9,40,56,39.7,47.3,NO,Segunda aplicacion del mismo estudiante,
RIO-GILBERTO ECHEVERRY-3,Rionegro,Gilberto Echeverry,GILBERTO ECHEVERRY,Rionegro,Antioquia,Oficial,6.108,-75.422,G2,Simulacro 1,S1,,,,185.7,39.0,28,34,46.6,40.0,SI,,185.7
RIO-GILBERTO ECHEVERRY-3,Rionegro,Gilberto Echeverry,GILBERTO ECHEVERRY,Rionegro,Antioquia,Oficial,6.108,-75.422,G2,Simulacro 2,S2,,,,259.6,53.7,48,56,43.1,72.7,NO,Segunda aplicacion del mismo estudiante,
RIO-GILBERTO ECHEVERRY-30,Rionegro,Gilberto Echeverry,GILBERTO ECHEVERRY,Rionegro,Antioquia,Oficial,6.108,-75.422,G1,Simulacro 1,S1,,,,262.2,63.4,38,56,41.4,85.5,SI,,262.2
RIO-GILBERTO ECHEVERRY-30,Rionegro,Gilberto Echeverry,GILBERTO ECHEVERRY,Rionegro,Antioquia,Oficial,6.108,-75.422,G1,Simulacro 2,S2,,,,317.6,56.1,48,80,62.1,87.3,NO,Segunda aplicacion del mismo estudiante,
RIO-GILBERTO ECHEVERRY-31,Rionegro,Gilberto Echeverry,GILBERTO ECHEVERRY,Rionegro,Antioquia,Oficial,6.108,-75.422,G1,Simulacro 1,S1,,,,186.6,48.8,38,16,41.4,52.7,SI,,186.6
RIO-GILBERTO ECHEVERRY-31,Rionegro,Gilberto Echeverry,GILBERTO ECHEVERRY,Rionegro,Antioquia,Oficial,6.108,-75.422,G1,Simulacro 2,S2,,,,178.9,26.8,30,40,43.1,45.5,NO,Segunda aplicacion del mismo estudiante,
RIO-GILBERTO ECHEVERRY-32,Rionegro,Gilberto Echeverry,GILBERTO ECHEVERRY,Rionegro,Antioquia,Oficial,6.108,-75.422,G1,Simulacro 1,S1,,,,201.0,63.4,30,52,17.2,34.5,SI,,201.0
RIO-GILBERTO ECHEVERRY-32,Rionegro,Gilberto Echeverry,GILBERTO ECHEVERRY,Rionegro,Antioquia,Oficial,6.108,-75.422,G1,Simulacro 2,S2,,,,212.7,63.4,36,46,31.0,23.6,NO,Segunda aplicacion del mismo estudiante,
RIO-GILBERTO ECHEVERRY-33,Rionegro,Gilberto Echeverry,GILBERTO ECHEVERRY,Rionegro,Antioquia,Oficial,6.108,-75.422,G1,Simulacro 1,S1,,,,169.2,51.2,28,22,34.5,32.7,SI,,169.2
RIO-GILBERTO ECHEVERRY-33,Rionegro,Gilberto Echeverry,GILBERTO ECHEVERRY,Rionegro,Antioquia,Oficial,6.108,-75.422,G1,Simulacro 2,S2,,,,225.3,53.7,42,44,46.6,27.3,NO,Segunda aplicacion del mismo estudiante,
RIO-GILBERTO ECHEVERRY-34,Rionegro,Gilberto Echeverry,GILBERTO ECHEVERRY,Rionegro,Antioquia,Oficial,6.108,-75.422,G1,Simulacro 1,S1,,,,179.4,70.7,16,36,32.8,0.0,SI,,179.4
RIO-GILBERTO ECHEVERRY-34,Rionegro,Gilberto Echeverry,GILBERTO ECHEVERRY,Rionegro,Antioquia,Oficial,6.108,-75.422,G1,Simulacro 2,S2,,,,315.1,61.0,44,84,69.0,45.5,NO,Segunda aplicacion del mismo estudiante,
RIO-GILBERTO ECHEVERRY-35,Rionegro,Gilberto Echeverry,GILBERTO ECHEVERRY,Rionegro,Antioquia,Oficial,6.108,-75.422,G1,Simulacro 1,S1,,,,230.6,51.2,38,36,53.4,63.6,SI,,230.6
RIO-GILBERTO ECHEVERRY-35,Rionegro,Gilberto Echeverry,GILBERTO ECHEVERRY,Rionegro,Antioquia,Oficial,6.108,-75.422,G1,Simulacro 2,S2,,,,252.2,46.3,34,48,67.2,69.1,NO,Segunda aplicacion del mismo estudiante,
RIO-GILBERTO ECHEVERRY-36,Rionegro,Gilberto Echeverry,GILBERTO ECHEVERRY,Rionegro,Antioquia,Oficial,6.108,-75.422,G1,Simulacro 1,S1,,,,219.1,46.3,40,36,50.0,52.7,SI,,219.1
RIO-GILBERTO ECHEVERRY-36,Rionegro,Gilberto Echeverry,GILBERTO ECHEVERRY,Rionegro,Antioquia,Oficial,6.108,-75.422,G1,Simulacro 2,S2,,,,272.8,48.8,54,52,58.6,69.1,NO,Segunda aplicacion del mismo estudiante,
RIO-GILBERTO ECHEVERRY-37,Rionegro,Gilberto Echeverry,GILBERTO ECHEVERRY,Rionegro,Antioquia,Oficial,6.108,-75.422,G1,Simulacro 1,S1,,,,136.2,41.5,16,26,22.4,36.4,SI,,136.2
RIO-GILBERTO ECHEVERRY-37,Rionegro,Gilberto Echeverry,GILBERTO ECHEVERRY,Rionegro,Antioquia,Oficial,6.108,-75.422,G1,Simulacro 2,S2,,,,169.8,46.3,30,28,25.9,50.9,NO,Segunda aplicacion del mismo estudiante,
RIO-GILBERTO ECHEVERRY-38,Rionegro,Gilberto Echeverry,GILBERTO ECHEVERRY,Rionegro,Antioquia,Oficial,6.108,-75.422,G1,Simulacro 1,S1,,,,186.1,41.5,36,30,36.2,52.7,SI,,186.1
RIO-GILBERTO ECHEVERRY-38,Rionegro,Gilberto Echeverry,GILBERTO ECHEVERRY,Rionegro,Antioquia,Oficial,6.108,-75.422,G1,Simulacro 2,S2,,,,239.6,61.0,46,54,32.8,41.8,NO,Segunda aplicacion del mismo estudiante,
RIO-GILBERTO ECHEVERRY-39,Rionegro,Gilberto Echeverry,GILBERTO ECHEVERRY,Rionegro,Antioquia,Oficial,6.108,-75.422,G1,Simulacro 1,S1,,,,177.8,58.5,30,24,27.6,41.8,SI,,177.8
RIO-GILBERTO ECHEVERRY-39,Rionegro,Gilberto Echeverry,GILBERTO ECHEVERRY,Rionegro,Antioquia,Oficial,6.108,-75.422,G1,Simulacro 2,S2,,,,190.8,51.2,24,38,44.8,21.8,NO,Segunda aplicacion del mismo estudiante,
RIO-GILBERTO ECHEVERRY-4,Rionegro,Gilberto Echeverry,GILBERTO ECHEVERRY,Rionegro,Antioquia,Oficial,6.108,-75.422,G2,Simulacro 1,S1,,,,208.8,51.2,28,44,41.4,49.1,SI,,208.8
RIO-GILBERTO ECHEVERRY-4,Rionegro,Gilberto Echeverry,GILBERTO ECHEVERRY,Rionegro,Antioquia,Oficial,6.108,-75.422,G2,Simulacro 2,S2,,,,212.1,34.1,52,52,29.3,49.1,NO,Segunda aplicacion del mismo estudiante,
RIO-GILBERTO ECHEVERRY-40,Rionegro,Gilberto Echeverry,GILBERTO ECHEVERRY,Rionegro,Antioquia,Oficial,6.108,-75.422,G1,Simulacro 1,S1,,,,244.9,73.2,30,54,34.5,61.8,SI,,244.9
RIO-GILBERTO ECHEVERRY-40,Rionegro,Gilberto Echeverry,GILBERTO ECHEVERRY,Rionegro,Antioquia,Oficial,6.108,-75.422,G1,Simulacro 2,S2,,,,258.7,53.7,34,68,55.2,40.0,NO,Segunda aplicacion del mismo estudiante,
RIO-GILBERTO ECHEVERRY-41,Rionegro,Gilberto Echeverry,GILBERTO ECHEVERRY,Rionegro,Antioquia,Oficial,6.108,-75.422,G1,Simulacro 1,S1,,,,233.2,43.9,36,64,44.8,40.0,SI,,233.2
RIO-GILBERTO ECHEVERRY-41,Rionegro,Gilberto Echeverry,GILBERTO ECHEVERRY,Rionegro,Antioquia,Oficial,6.108,-75.422,G1,Simulacro 2,S2,,,,283.0,51.2,54,72,51.7,49.1,NO,Segunda aplicacion del mismo estudiante,
RIO-GILBERTO ECHEVERRY-42,Rionegro,Gilberto Echeverry,GILBERTO ECHEVERRY,Rionegro,Antioquia,Oficial,6.108,-75.422,G1,Simulacro 1,S1,,,,297.8,70.7,44,62,53.4,83.6,SI,,297.8
RIO-GILBERTO ECHEVERRY-42,Rionegro,Gilberto Echeverry,GILBERTO ECHEVERRY,Rionegro,Antioquia,Oficial,6.108,-75.422,G1,Simulacro 2,S2,,,,328.5,56.1,58,84,56.9,89.1,NO,Segunda aplicacion del mismo estudiante,
RIO-GILBERTO ECHEVERRY-43,Rionegro,Gilberto Echeverry,GILBERTO ECHEVERRY,Rionegro,Antioquia,Oficial,6.108,-75.422,G1,Simulacro 1,S1,,,,269.8,58.5,42,60,56.9,49.1,SI,,269.8
RIO-GILBERTO ECHEVERRY-43,Rionegro,Gilberto Echeverry,GILBERTO ECHEVERRY,Rionegro,Antioquia,Oficial,6.108,-75.422,G1,Simulacro 2,S2,,,,286.1,58.5,50,78,51.7,29.1,NO,Segunda aplicacion del mismo estudiante,
RIO-GILBERTO ECHEVERRY-44,Rionegro,Gilberto Echeverry,GILBERTO ECHEVERRY,Rionegro,Antioquia,Oficial,6.108,-75.422,G1,Simulacro 1,S1,,,,191.9,31.7,22,56,29.3,81.8,SI,,191.9
RIO-GILBERTO ECHEVERRY-44,Rionegro,Gilberto Echeverry,GILBERTO ECHEVERRY,Rionegro,Antioquia,Oficial,6.108,-75.422,G1,Simulacro 2,S2,,,,264.0,51.2,48,64,41.4,72.7,NO,Segunda aplicacion del mismo estudiante,
RIO-GILBERTO ECHEVERRY-45,Rionegro,Gilberto Echeverry,GILBERTO ECHEVERRY,Rionegro,Antioquia,Oficial,6.108,-75.422,G1,Simulacro 1,S1,,,,187.1,53.7,18,38,37.9,43.6,SI,,187.1
RIO-GILBERTO ECHEVERRY-45,Rionegro,Gilberto Echeverry,GILBERTO ECHEVERRY,Rionegro,Antioquia,Oficial,6.108,-75.422,G1,Simulacro 2,S2,,,,197.6,36.6,32,44,46.6,36.4,NO,Segunda aplicacion del mismo estudiante,
RIO-GILBERTO ECHEVERRY-46,Rionegro,Gilberto Echeverry,GILBERTO ECHEVERRY,Rionegro,Antioquia,Oficial,6.108,-75.422,G1,Simulacro 1,S1,,,,163.3,34.1,22,30,39.7,47.3,SI,,163.3
RIO-GILBERTO ECHEVERRY-46,Rionegro,Gilberto Echeverry,GILBERTO ECHEVERRY,Rionegro,Antioquia,Oficial,6.108,-75.422,G1,Simulacro 2,S2,,,,201.7,53.7,38,32,39.7,34.5,NO,Segunda aplicacion del mismo estudiante,
RIO-GILBERTO ECHEVERRY-47,Rionegro,Gilberto Echeverry,GILBERTO ECHEVERRY,Rionegro,Antioquia,Oficial,6.108,-75.422,G1,Simulacro 1,S1,,,,225.0,51.2,42,44,41.4,49.1,SI,,225.0
RIO-GILBERTO ECHEVERRY-47,Rionegro,Gilberto Echeverry,GILBERTO ECHEVERRY,Rionegro,Antioquia,Oficial,6.108,-75.422,G1,Simulacro 2,S2,,,,265.8,48.8,64,56,48.3,40.0,NO,Segunda aplicacion del mismo estudiante,
RIO-GILBERTO ECHEVERRY-48,Rionegro,Gilberto Echeverry,GILBERTO ECHEVERRY,Rionegro,Antioquia,Oficial,6.108,-75.422,G1,Simulacro 1,S1,,,,320.2,65.9,50,70,63.8,83.6,SI,,320.2
RIO-GILBERTO ECHEVERRY-48,Rionegro,Gilberto Echeverry,GILBERTO ECHEVERRY,Rionegro,Antioquia,Oficial,6.108,-75.422,G1,Simulacro 2,S2,,,,311.6,53.7,58,64,69.0,76.4,NO,Segunda aplicacion del mismo estudiante,
RIO-GILBERTO ECHEVERRY-49,Rionegro,Gilberto Echeverry,GILBERTO ECHEVERRY,Rionegro,Antioquia,Oficial,6.108,-75.422,G1,Simulacro 1,S1,,,,206.7,39.0,32,48,43.1,50.9,SI,,206.7
RIO-GILBERTO ECHEVERRY-49,Rionegro,Gilberto Echeverry,GILBERTO ECHEVERRY,Rionegro,Antioquia,Oficial,6.108,-75.422,G1,Simulacro 2,S2,,,,249.6,56.1,30,62,50.0,54.5,NO,Segunda aplicacion del mismo estudiante,
RIO-GILBERTO ECHEVERRY-5,Rionegro,Gilberto Echeverry,GILBERTO ECHEVERRY,Rionegro,Antioquia,Oficial,6.108,-75.422,G2,Simulacro 1,S1,,,,164.9,36.6,30,32,31.0,40.0,SI,,164.9
RIO-GILBERTO ECHEVERRY-5,Rionegro,Gilberto Echeverry,GILBERTO ECHEVERRY,Rionegro,Antioquia,Oficial,6.108,-75.422,G2,Simulacro 2,S2,,,,180.2,46.3,36,26,34.5,40.0,NO,Segunda aplicacion del mismo estudiante,
RIO-GILBERTO ECHEVERRY-50,Rionegro,Gilberto Echeverry,GILBERTO ECHEVERRY,Rionegro,Antioquia,Oficial,6.108,-75.422,G1,Simulacro 1,S1,,,,288.9,63.4,36,72,51.7,81.8,SI,,288.9
RIO-GILBERTO ECHEVERRY-50,Rionegro,Gilberto Echeverry,GILBERTO ECHEVERRY,Rionegro,Antioquia,Oficial,6.108,-75.422,G1,Simulacro 2,S2,,,,314.2,65.9,56,82,44.8,70.9,NO,Segunda aplicacion del mismo estudiante,
RIO-GILBERTO ECHEVERRY-51,Rionegro,Gilberto Echeverry,GILBERTO ECHEVERRY,Rionegro,Antioquia,Oficial,6.108,-75.422,G1,Simulacro 1,S1,,,,171.5,41.5,26,50,17.2,41.8,SI,,171.5
RIO-GILBERTO ECHEVERRY-51,Rionegro,Gilberto Echeverry,GILBERTO ECHEVERRY,Rionegro,Antioquia,Oficial,6.108,-75.422,G1,Simulacro 2,S2,,,,232.0,48.8,56,48,36.2,36.4,NO,Segunda aplicacion del mismo estudiante,
RIO-GILBERTO ECHEVERRY-52,Rionegro,Gilberto Echeverry,GILBERTO ECHEVERRY,Rionegro,Antioquia,Oficial,6.108,-75.422,G1,Simulacro 1,S1,,,,249.6,65.9,34,64,37.9,43.6,SI,,249.6
RIO-GILBERTO ECHEVERRY-52,Rionegro,Gilberto Echeverry,GILBERTO ECHEVERRY,Rionegro,Antioquia,Oficial,6.108,-75.422,G1,Simulacro 2,S2,,,,249.0,53.7,38,60,46.6,52.7,NO,Segunda aplicacion del mismo estudiante,
RIO-GILBERTO ECHEVERRY-53,Rionegro,Gilberto Echeverry,GILBERTO ECHEVERRY,Rionegro,Antioquia,Oficial,6.108,-75.422,G1,Simulacro 1,S1,,,,171.0,43.9,12,38,37.9,49.1,SI,,171.0
RIO-GILBERTO ECHEVERRY-53,Rionegro,Gilberto Echeverry,GILBERTO ECHEVERRY,Rionegro,Antioquia,Oficial,6.108,-75.422,G1,Simulacro 2,S2,,,,220.7,46.3,44,46,37.9,50.9,NO,Segunda aplicacion del mismo estudiante,
RIO-GILBERTO ECHEVERRY-54,Rionegro,Gilberto Echeverry,GILBERTO ECHEVERRY,Rionegro,Antioquia,Oficial,6.108,-75.422,G1,Simulacro 1,S1,,,,170.3,26.8,32,38,36.2,43.6,SI,,170.3
RIO-GILBERTO ECHEVERRY-54,Rionegro,Gilberto Echeverry,GILBERTO ECHEVERRY,Rionegro,Antioquia,Oficial,6.108,-75.422,G1,Simulacro 2,S2,,,,191.3,53.7,36,30,32.8,40.0,NO,Segunda aplicacion del mismo estudiante,
RIO-GILBERTO ECHEVERRY-55,Rionegro,Gilberto Echeverry,GILBERTO ECHEVERRY,Rionegro,Antioquia,Oficial,6.108,-75.422,G1,Simulacro 1,S1,,,,155.2,24.4,28,34,29.3,56.4,SI,,155.2
RIO-GILBERTO ECHEVERRY-55,Rionegro,Gilberto Echeverry,GILBERTO ECHEVERRY,Rionegro,Antioquia,Oficial,6.108,-75.422,G1,Simulacro 2,S2,,,,223.5,41.5,48,44,39.7,61.8,NO,Segunda aplicacion del mismo estudiante,
RIO-GILBERTO ECHEVERRY-6,Rionegro,Gilberto Echeverry,GILBERTO ECHEVERRY,Rionegro,Antioquia,Oficial,6.108,-75.422,G2,Simulacro 1,S1,,,,207.5,43.9,38,46,36.2,47.3,SI,,207.5
RIO-GILBERTO ECHEVERRY-6,Rionegro,Gilberto Echeverry,GILBERTO ECHEVERRY,Rionegro,Antioquia,Oficial,6.108,-75.422,G2,Simulacro 2,S2,,,,224.3,53.7,40,44,48.3,25.5,NO,Segunda aplicacion del mismo estudiante,
RIO-GILBERTO ECHEVERRY-7,Rionegro,Gilberto Echeverry,GILBERTO ECHEVERRY,Rionegro,Antioquia,Oficial,6.108,-75.422,G2,Simulacro 1,S1,,,,294.2,68.3,34,72,53.4,81.8,SI,,294.2
RIO-GILBERTO ECHEVERRY-7,Rionegro,Gilberto Echeverry,GILBERTO ECHEVERRY,Rionegro,Antioquia,Oficial,6.108,-75.422,G2,Simulacro 2,S2,,,,306.4,58.5,50,74,55.2,83.6,NO,Segunda aplicacion del mismo estudiante,
RIO-GILBERTO ECHEVERRY-8,Rionegro,Gilberto Echeverry,GILBERTO ECHEVERRY,Rionegro,Antioquia,Oficial,6.108,-75.422,G2,Simulacro 1,S1,,,,324.5,73.2,48,70,60.3,89.1,SI,,324.5
RIO-GILBERTO ECHEVERRY-8,Rionegro,Gilberto Echeverry,GILBERTO ECHEVERRY,Rionegro,Antioquia,Oficial,6.108,-75.422,G2,Simulacro 2,S2,,,,322.1,58.5,68,66,56.9,89.1,NO,Segunda aplicacion del mismo estudiante,
RIO-GILBERTO ECHEVERRY-9,Rionegro,Gilberto Echeverry,GILBERTO ECHEVERRY,Rionegro,Antioquia,Oficial,6.108,-75.422,G2,Simulacro 1,S1,,,,382.0,82.9,56,86,75.9,90.9,SI,,382.0
RIO-GILBERTO ECHEVERRY-9,Rionegro,Gilberto Echeverry,GILBERTO ECHEVERRY,Rionegro,Antioquia,Oficial,6.108,-75.422,G2,Simulacro 2,S2,,,,366.3,65.9,60,90,70.7,92.7,NO,Segunda aplicacion del mismo estudiante,
RIO-GUILLERMO GAVIRIA-1,Rionegro,Guillermo Gaviria,GUILLERMO GAVIRIA,Rionegro,Antioquia,Oficial,6.173,-75.455,G1,Simulacro 1,S1,,,,237.9,56.1,30,60,43.1,50.9,SI,,237.9
RIO-GUILLERMO GAVIRIA-1,Rionegro,Guillermo Gaviria,GUILLERMO GAVIRIA,Rionegro,Antioquia,Oficial,6.173,-75.455,G1,Simulacro 2,S2,,,,256.8,58.5,38,64,51.7,30.9,NO,Segunda aplicacion del mismo estudiante,
RIO-GUILLERMO GAVIRIA-10,Rionegro,Guillermo Gaviria,GUILLERMO GAVIRIA,Rionegro,Antioquia,Oficial,6.173,-75.455,G1,Simulacro 1,S1,,,,286.7,61.0,34,76,56.9,61.8,SI,,286.7
RIO-GUILLERMO GAVIRIA-10,Rionegro,Guillermo Gaviria,GUILLERMO GAVIRIA,Rionegro,Antioquia,Oficial,6.173,-75.455,G1,Simulacro 2,S2,,,,303.2,63.4,40,84,51.7,70.9,NO,Segunda aplicacion del mismo estudiante,
RIO-GUILLERMO GAVIRIA-11,Rionegro,Guillermo Gaviria,GUILLERMO GAVIRIA,Rionegro,Antioquia,Oficial,6.173,-75.455,G1,Simulacro 1,S1,,,,202.8,46.3,34,32,48.3,45.5,SI,,202.8
RIO-GUILLERMO GAVIRIA-11,Rionegro,Guillermo Gaviria,GUILLERMO GAVIRIA,Rionegro,Antioquia,Oficial,6.173,-75.455,G1,Simulacro 2,S2,,,,184.0,34.1,38,38,39.7,29.1,NO,Segunda aplicacion del mismo estudiante,
RIO-GUILLERMO GAVIRIA-12,Rionegro,Guillermo Gaviria,GUILLERMO GAVIRIA,Rionegro,Antioquia,Oficial,6.173,-75.455,G1,Simulacro 1,S1,,,,274.9,63.4,42,62,56.9,41.8,SI,,274.9
RIO-GUILLERMO GAVIRIA-12,Rionegro,Guillermo Gaviria,GUILLERMO GAVIRIA,Rionegro,Antioquia,Oficial,6.173,-75.455,G1,Simulacro 2,S2,,,,292.1,61.0,48,78,53.4,38.2,NO,Segunda aplicacion del mismo estudiante,
RIO-GUILLERMO GAVIRIA-13,Rionegro,Guillermo Gaviria,GUILLERMO GAVIRIA,Rionegro,Antioquia,Oficial,6.173,-75.455,G1,Simulacro 1,S1,,,,237.2,61.0,34,54,39.7,50.9,SI,,237.2
RIO-GUILLERMO GAVIRIA-13,Rionegro,Guillermo Gaviria,GUILLERMO GAVIRIA,Rionegro,Antioquia,Oficial,6.173,-75.455,G1,Simulacro 2,S2,,,,256.3,58.5,32,68,44.8,56.4,NO,Segunda aplicacion del mismo estudiante,
RIO-GUILLERMO GAVIRIA-2,Rionegro,Guillermo Gaviria,GUILLERMO GAVIRIA,Rionegro,Antioquia,Oficial,6.173,-75.455,G1,Simulacro 1,S1,,,,158.0,43.9,24,34,24.1,32.7,SI,,158.0
RIO-GUILLERMO GAVIRIA-2,Rionegro,Guillermo Gaviria,GUILLERMO GAVIRIA,Rionegro,Antioquia,Oficial,6.173,-75.455,G1,Simulacro 2,S2,,,,160.4,36.6,34,22,37.9,25.5,NO,Segunda aplicacion del mismo estudiante,
RIO-GUILLERMO GAVIRIA-3,Rionegro,Guillermo Gaviria,GUILLERMO GAVIRIA,Rionegro,Antioquia,Oficial,6.173,-75.455,G1,Simulacro 1,S1,,,,206.2,48.8,28,48,44.8,27.3,SI,,206.2
RIO-GUILLERMO GAVIRIA-3,Rionegro,Guillermo Gaviria,GUILLERMO GAVIRIA,Rionegro,Antioquia,Oficial,6.173,-75.455,G1,Simulacro 2,S2,,,,221.5,53.7,34,48,44.8,34.5,NO,Segunda aplicacion del mismo estudiante,
RIO-GUILLERMO GAVIRIA-4,Rionegro,Guillermo Gaviria,GUILLERMO GAVIRIA,Rionegro,Antioquia,Oficial,6.173,-75.455,G1,Simulacro 1,S1,,,,129.3,53.7,16,20,22.4,0.0,SI,,129.3
RIO-GUILLERMO GAVIRIA-4,Rionegro,Guillermo Gaviria,GUILLERMO GAVIRIA,Rionegro,Antioquia,Oficial,6.173,-75.455,G1,Simulacro 2,S2,,,,256.4,58.5,46,50,58.6,27.3,NO,Segunda aplicacion del mismo estudiante,
RIO-GUILLERMO GAVIRIA-5,Rionegro,Guillermo Gaviria,GUILLERMO GAVIRIA,Rionegro,Antioquia,Oficial,6.173,-75.455,G1,Simulacro 1,S1,,,,229.5,56.1,28,52,48.3,43.6,SI,,229.5
RIO-GUILLERMO GAVIRIA-5,Rionegro,Guillermo Gaviria,GUILLERMO GAVIRIA,Rionegro,Antioquia,Oficial,6.173,-75.455,G1,Simulacro 2,S2,,,,269.4,48.8,44,64,60.3,49.1,NO,Segunda aplicacion del mismo estudiante,
RIO-GUILLERMO GAVIRIA-6,Rionegro,Guillermo Gaviria,GUILLERMO GAVIRIA,Rionegro,Antioquia,Oficial,6.173,-75.455,G1,Simulacro 1,S1,,,,242.0,65.9,48,44,37.9,41.8,SI,,242.0
RIO-GUILLERMO GAVIRIA-6,Rionegro,Guillermo Gaviria,GUILLERMO GAVIRIA,Rionegro,Antioquia,Oficial,6.173,-75.455,G1,Simulacro 2,S2,,,,220.8,46.3,36,48,48.3,38.2,NO,Segunda aplicacion del mismo estudiante,
RIO-GUILLERMO GAVIRIA-7,Rionegro,Guillermo Gaviria,GUILLERMO GAVIRIA,Rionegro,Antioquia,Oficial,6.173,-75.455,G1,Simulacro 1,S1,,,,193.4,58.5,28,38,32.8,30.9,SI,,193.4
RIO-GUILLERMO GAVIRIA-7,Rionegro,Guillermo Gaviria,GUILLERMO GAVIRIA,Rionegro,Antioquia,Oficial,6.173,-75.455,G1,Simulacro 2,S2,,,,234.2,48.8,46,52,48.3,23.6,NO,Segunda aplicacion del mismo estudiante,
RIO-GUILLERMO GAVIRIA-8,Rionegro,Guillermo Gaviria,GUILLERMO GAVIRIA,Rionegro,Antioquia,Oficial,6.173,-75.455,G1,Simulacro 1,S1,,,,250.1,56.1,32,52,50.0,80.0,SI,,250.1
RIO-GUILLERMO GAVIRIA-8,Rionegro,Guillermo Gaviria,GUILLERMO GAVIRIA,Rionegro,Antioquia,Oficial,6.173,-75.455,G1,Simulacro 2,S2,,,,316.3,63.4,66,64,53.4,81.8,NO,Segunda aplicacion del mismo estudiante,
RIO-GUILLERMO GAVIRIA-9,Rionegro,Guillermo Gaviria,GUILLERMO GAVIRIA,Rionegro,Antioquia,Oficial,6.173,-75.455,G1,Simulacro 1,S1,,,,216.6,58.5,28,46,43.1,36.4,SI,,216.6
RIO-GUILLERMO GAVIRIA-9,Rionegro,Guillermo Gaviria,GUILLERMO GAVIRIA,Rionegro,Antioquia,Oficial,6.173,-75.455,G1,Simulacro 2,S2,,,,230.0,51.2,34,58,48.3,23.6,NO,Segunda aplicacion del mismo estudiante,
RIO-JOSE MARIA CORDOBA-1,Rionegro,Jose Maria Cordoba,JOSE MARIA CORDOBA,Rionegro,Antioquia,Oficial,6.246,-75.561,G2,Simulacro 1,S1,,,,170.9,46.3,34,30,29.3,25.5,SI,,170.9
RIO-JOSE MARIA CORDOBA-1,Rionegro,Jose Maria Cordoba,JOSE MARIA CORDOBA,Rionegro,Antioquia,Oficial,6.246,-75.561,G2,Simulacro 2,S2,,,,112.2,39.0,12,10,36.2,0.0,NO,Segunda aplicacion del mismo estudiante,
RIO-JOSE MARIA CORDOBA-10,Rionegro,Jose Maria Cordoba,JOSE MARIA CORDOBA,Rionegro,Antioquia,Oficial,6.246,-75.561,G2,Simulacro 1,S1,,,,161.1,48.8,24,26,29.3,34.5,SI,,161.1
RIO-JOSE MARIA CORDOBA-10,Rionegro,Jose Maria Cordoba,JOSE MARIA CORDOBA,Rionegro,Antioquia,Oficial,6.246,-75.561,G2,Simulacro 2,S2,,,,171.5,39.0,20,24,53.4,36.4,NO,Segunda aplicacion del mismo estudiante,
RIO-JOSE MARIA CORDOBA-11,Rionegro,Jose Maria Cordoba,JOSE MARIA CORDOBA,Rionegro,Antioquia,Oficial,6.246,-75.561,G2,Simulacro 1,S1,,,,239.0,63.4,26,48,44.8,74.5,SI,,239.0
RIO-JOSE MARIA CORDOBA-11,Rionegro,Jose Maria Cordoba,JOSE MARIA CORDOBA,Rionegro,Antioquia,Oficial,6.246,-75.561,G2,Simulacro 2,S2,,,,233.3,46.3,26,60,41.4,85.5,NO,Segunda aplicacion del mismo estudiante,
RIO-JOSE MARIA CORDOBA-12,Rionegro,Jose Maria Cordoba,JOSE MARIA CORDOBA,Rionegro,Antioquia,Oficial,6.246,-75.561,G2,Simulacro 1,S1,,,,242.3,58.5,42,48,39.7,65.5,SI,,242.3
RIO-JOSE MARIA CORDOBA-12,Rionegro,Jose Maria Cordoba,JOSE MARIA CORDOBA,Rionegro,Antioquia,Oficial,6.246,-75.561,G2,Simulacro 2,S2,,,,312.9,53.7,74,66,56.9,61.8,NO,Segunda aplicacion del mismo estudiante,
RIO-JOSE MARIA CORDOBA-13,Rionegro,Jose Maria Cordoba,JOSE MARIA CORDOBA,Rionegro,Antioquia,Oficial,6.246,-75.561,G2,Simulacro 1,S1,,,,214.6,34.1,34,48,53.4,49.1,SI,,214.6
RIO-JOSE MARIA CORDOBA-13,Rionegro,Jose Maria Cordoba,JOSE MARIA CORDOBA,Rionegro,Antioquia,Oficial,6.246,-75.561,G2,Simulacro 2,S2,,,,149.4,48.8,28,32,20.7,0.0,NO,Segunda aplicacion del mismo estudiante,
RIO-JOSE MARIA CORDOBA-14,Rionegro,Jose Maria Cordoba,JOSE MARIA CORDOBA,Rionegro,Antioquia,Oficial,6.246,-75.561,G2,Simulacro 1,S1,,,,263.7,68.3,20,44,69.0,81.8,SI,,263.7
RIO-JOSE MARIA CORDOBA-14,Rionegro,Jose Maria Cordoba,JOSE MARIA CORDOBA,Rionegro,Antioquia,Oficial,6.246,-75.561,G2,Simulacro 2,S2,,,,332.3,56.1,54,76,75.9,78.2,NO,Segunda aplicacion del mismo estudiante,
RIO-JOSE MARIA CORDOBA-15,Rionegro,Jose Maria Cordoba,JOSE MARIA CORDOBA,Rionegro,Antioquia,Oficial,6.246,-75.561,G2,Simulacro 1,S1,,,,221.3,43.9,32,32,62.1,65.5,SI,,221.3
RIO-JOSE MARIA CORDOBA-15,Rionegro,Jose Maria Cordoba,JOSE MARIA CORDOBA,Rionegro,Antioquia,Oficial,6.246,-75.561,G2,Simulacro 2,S2,,,,170.0,48.8,16,34,32.8,47.3,NO,Segunda aplicacion del mismo estudiante,
RIO-JOSE MARIA CORDOBA-16,Rionegro,Jose Maria Cordoba,JOSE MARIA CORDOBA,Rionegro,Antioquia,Oficial,6.246,-75.561,G2,Simulacro 1,S1,,,,147.9,41.5,30,20,27.6,27.3,SI,,147.9
RIO-JOSE MARIA CORDOBA-16,Rionegro,Jose Maria Cordoba,JOSE MARIA CORDOBA,Rionegro,Antioquia,Oficial,6.246,-75.561,G2,Simulacro 2,S2,,,,147.1,36.6,38,14,31.0,23.6,NO,Segunda aplicacion del mismo estudiante,
RIO-JOSE MARIA CORDOBA-17,Rionegro,Jose Maria Cordoba,JOSE MARIA CORDOBA,Rionegro,Antioquia,Oficial,6.246,-75.561,G2,Simulacro 1,S1,,,,217.6,75.6,32,30,32.8,54.5,SI,,217.6
RIO-JOSE MARIA CORDOBA-17,Rionegro,Jose Maria Cordoba,JOSE MARIA CORDOBA,Rionegro,Antioquia,Oficial,6.246,-75.561,G2,Simulacro 2,S2,,,,215.6,48.8,26,48,48.3,47.3,NO,Segunda aplicacion del mismo estudiante,
RIO-JOSE MARIA CORDOBA-18,Rionegro,Jose Maria Cordoba,JOSE MARIA CORDOBA,Rionegro,Antioquia,Oficial,6.246,-75.561,G2,Simulacro 1,S1,,,,260.5,63.4,44,54,43.1,63.6,SI,,260.5
RIO-JOSE MARIA CORDOBA-18,Rionegro,Jose Maria Cordoba,JOSE MARIA CORDOBA,Rionegro,Antioquia,Oficial,6.246,-75.561,G2,Simulacro 2,S2,,,,284.6,51.2,56,62,58.6,56.4,NO,Segunda aplicacion del mismo estudiante,
RIO-JOSE MARIA CORDOBA-19,Rionegro,Jose Maria Cordoba,JOSE MARIA CORDOBA,Rionegro,Antioquia,Oficial,6.246,-75.561,G2,Simulacro 1,S1,,,,198.7,53.7,34,46,25.9,38.2,SI,,198.7
RIO-JOSE MARIA CORDOBA-19,Rionegro,Jose Maria Cordoba,JOSE MARIA CORDOBA,Rionegro,Antioquia,Oficial,6.246,-75.561,G2,Simulacro 2,S2,,,,254.0,56.1,44,58,51.7,30.9,NO,Segunda aplicacion del mismo estudiante,
RIO-JOSE MARIA CORDOBA-2,Rionegro,Jose Maria Cordoba,JOSE MARIA CORDOBA,Rionegro,Antioquia,Oficial,6.246,-75.561,G2,Simulacro 1,S1,,,,189.6,48.8,46,32,22.4,45.5,SI,,189.6
RIO-JOSE MARIA CORDOBA-2,Rionegro,Jose Maria Cordoba,JOSE MARIA CORDOBA,Rionegro,Antioquia,Oficial,6.246,-75.561,G2,Simulacro 2,S2,,,,112.7,43.9,20,20,13.8,0.0,NO,Segunda aplicacion del mismo estudiante,
RIO-JOSE MARIA CORDOBA-20,Rionegro,Jose Maria Cordoba,JOSE MARIA CORDOBA,Rionegro,Antioquia,Oficial,6.246,-75.561,G1,Simulacro 1,S1,,,,203.4,61.0,30,40,36.2,27.3,SI,,203.4
RIO-JOSE MARIA CORDOBA-20,Rionegro,Jose Maria Cordoba,JOSE MARIA CORDOBA,Rionegro,Antioquia,Oficial,6.246,-75.561,G1,Simulacro 2,S2,,,,217.2,46.3,34,48,46.6,40.0,NO,Segunda aplicacion del mismo estudiante,
RIO-JOSE MARIA CORDOBA-21,Rionegro,Jose Maria Cordoba,JOSE MARIA CORDOBA,Rionegro,Antioquia,Oficial,6.246,-75.561,G1,Simulacro 1,S1,,,,233.7,68.3,34,50,34.5,47.3,SI,,233.7
RIO-JOSE MARIA CORDOBA-21,Rionegro,Jose Maria Cordoba,JOSE MARIA CORDOBA,Rionegro,Antioquia,Oficial,6.246,-75.561,G1,Simulacro 2,S2,,,,215.8,48.8,48,38,41.4,32.7,NO,Segunda aplicacion del mismo estudiante,
RIO-JOSE MARIA CORDOBA-22,Rionegro,Jose Maria Cordoba,JOSE MARIA CORDOBA,Rionegro,Antioquia,Oficial,6.246,-75.561,G1,Simulacro 1,S1,,,,256.9,48.8,26,82,48.3,52.7,SI,,256.9
RIO-JOSE MARIA CORDOBA-22,Rionegro,Jose Maria Cordoba,JOSE MARIA CORDOBA,Rionegro,Antioquia,Oficial,6.246,-75.561,G1,Simulacro 2,S2,,,,250.6,48.8,46,74,34.5,41.8,NO,Segunda aplicacion del mismo estudiante,
RIO-JOSE MARIA CORDOBA-23,Rionegro,Jose Maria Cordoba,JOSE MARIA CORDOBA,Rionegro,Antioquia,Oficial,6.246,-75.561,G1,Simulacro 1,S1,,,,310.7,75.6,44,64,62.1,70.9,SI,,310.7
RIO-JOSE MARIA CORDOBA-23,Rionegro,Jose Maria Cordoba,JOSE MARIA CORDOBA,Rionegro,Antioquia,Oficial,6.246,-75.561,G1,Simulacro 2,S2,,,,344.8,61.0,62,82,69.0,74.5,NO,Segunda aplicacion del mismo estudiante,
RIO-JOSE MARIA CORDOBA-24,Rionegro,Jose Maria Cordoba,JOSE MARIA CORDOBA,Rionegro,Antioquia,Oficial,6.246,-75.561,G1,Simulacro 1,S1,,,,152.1,19.5,36,20,34.5,65.5,SI,,152.1
RIO-JOSE MARIA CORDOBA-24,Rionegro,Jose Maria Cordoba,JOSE MARIA CORDOBA,Rionegro,Antioquia,Oficial,6.246,-75.561,G1,Simulacro 2,S2,,,,196.7,61.0,36,34,20.7,56.4,NO,Segunda aplicacion del mismo estudiante,
RIO-JOSE MARIA CORDOBA-25,Rionegro,Jose Maria Cordoba,JOSE MARIA CORDOBA,Rionegro,Antioquia,Oficial,6.246,-75.561,G1,Simulacro 1,S1,,,,272.6,63.4,34,62,58.6,54.5,SI,,272.6
RIO-JOSE MARIA CORDOBA-25,Rionegro,Jose Maria Cordoba,JOSE MARIA CORDOBA,Rionegro,Antioquia,Oficial,6.246,-75.561,G1,Simulacro 2,S2,,,,272.1,48.8,36,70,58.6,67.3,NO,Segunda aplicacion del mismo estudiante,
RIO-JOSE MARIA CORDOBA-26,Rionegro,Jose Maria Cordoba,JOSE MARIA CORDOBA,Rionegro,Antioquia,Oficial,6.246,-75.561,G1,Simulacro 1,S1,,,,200.6,31.7,48,38,37.9,54.5,SI,,200.6
RIO-JOSE MARIA CORDOBA-26,Rionegro,Jose Maria Cordoba,JOSE MARIA CORDOBA,Rionegro,Antioquia,Oficial,6.246,-75.561,G1,Simulacro 2,S2,,,,196.9,43.9,48,30,39.7,27.3,NO,Segunda aplicacion del mismo estudiante,
RIO-JOSE MARIA CORDOBA-27,Rionegro,Jose Maria Cordoba,JOSE MARIA CORDOBA,Rionegro,Antioquia,Oficial,6.246,-75.561,G1,Simulacro 1,S1,,,,237.6,70.7,30,60,27.6,52.7,SI,,237.6
RIO-JOSE MARIA CORDOBA-27,Rionegro,Jose Maria Cordoba,JOSE MARIA CORDOBA,Rionegro,Antioquia,Oficial,6.246,-75.561,G1,Simulacro 2,S2,,,,293.8,63.4,42,72,62.1,45.5,NO,Segunda aplicacion del mismo estudiante,
RIO-JOSE MARIA CORDOBA-28,Rionegro,Jose Maria Cordoba,JOSE MARIA CORDOBA,Rionegro,Antioquia,Oficial,6.246,-75.561,G1,Simulacro 1,S1,,,,251.6,63.4,44,42,53.4,45.5,SI,,251.6
RIO-JOSE MARIA CORDOBA-28,Rionegro,Jose Maria Cordoba,JOSE MARIA CORDOBA,Rionegro,Antioquia,Oficial,6.246,-75.561,G1,Simulacro 2,S2,,,,243.4,51.2,52,60,36.2,34.5,NO,Segunda aplicacion del mismo estudiante,
RIO-JOSE MARIA CORDOBA-29,Rionegro,Jose Maria Cordoba,JOSE MARIA CORDOBA,Rionegro,Antioquia,Oficial,6.246,-75.561,G1,Simulacro 1,S1,,,,168.9,46.3,28,26,34.5,34.5,SI,,168.9
RIO-JOSE MARIA CORDOBA-29,Rionegro,Jose Maria Cordoba,JOSE MARIA CORDOBA,Rionegro,Antioquia,Oficial,6.246,-75.561,G1,Simulacro 2,S2,,,,222.2,53.7,36,50,41.4,34.5,NO,Segunda aplicacion del mismo estudiante,
RIO-JOSE MARIA CORDOBA-3,Rionegro,Jose Maria Cordoba,JOSE MARIA CORDOBA,Rionegro,Antioquia,Oficial,6.246,-75.561,G2,Simulacro 2,S2,,,,270.7,53.7,58,50,62.1,32.7,NO,Segunda aplicacion del mismo estudiante,
RIO-JOSE MARIA CORDOBA-30,Rionegro,Jose Maria Cordoba,JOSE MARIA CORDOBA,Rionegro,Antioquia,Oficial,6.246,-75.561,G1,Simulacro 1,S1,,,,224.7,56.1,42,30,44.8,65.5,SI,,224.7
RIO-JOSE MARIA CORDOBA-30,Rionegro,Jose Maria Cordoba,JOSE MARIA CORDOBA,Rionegro,Antioquia,Oficial,6.246,-75.561,G1,Simulacro 2,S2,,,,229.2,58.5,34,36,58.6,34.5,NO,Segunda aplicacion del mismo estudiante,
RIO-JOSE MARIA CORDOBA-31,Rionegro,Jose Maria Cordoba,JOSE MARIA CORDOBA,Rionegro,Antioquia,Oficial,6.246,-75.561,G1,Simulacro 1,S1,,,,304.0,68.3,52,72,50.0,63.6,SI,,304.0
RIO-JOSE MARIA CORDOBA-31,Rionegro,Jose Maria Cordoba,JOSE MARIA CORDOBA,Rionegro,Antioquia,Oficial,6.246,-75.561,G1,Simulacro 2,S2,,,,353.8,61.0,74,82,67.2,67.3,NO,Segunda aplicacion del mismo estudiante,
RIO-JOSE MARIA CORDOBA-32,Rionegro,Jose Maria Cordoba,JOSE MARIA CORDOBA,Rionegro,Antioquia,Oficial,6.246,-75.561,G1,Simulacro 1,S1,,,,260.5,78.0,36,40,51.7,60.0,SI,,260.5
RIO-JOSE MARIA CORDOBA-32,Rionegro,Jose Maria Cordoba,JOSE MARIA CORDOBA,Rionegro,Antioquia,Oficial,6.246,-75.561,G1,Simulacro 2,S2,,,,312.3,65.9,72,70,48.3,43.6,NO,Segunda aplicacion del mismo estudiante,
RIO-JOSE MARIA CORDOBA-33,Rionegro,Jose Maria Cordoba,JOSE MARIA CORDOBA,Rionegro,Antioquia,Oficial,6.246,-75.561,G1,Simulacro 1,S1,,,,220.2,51.2,34,48,43.1,43.6,SI,,220.2
RIO-JOSE MARIA CORDOBA-33,Rionegro,Jose Maria Cordoba,JOSE MARIA CORDOBA,Rionegro,Antioquia,Oficial,6.246,-75.561,G1,Simulacro 2,S2,,,,241.4,48.8,40,60,48.3,36.4,NO,Segunda aplicacion del mismo estudiante,
RIO-JOSE MARIA CORDOBA-34,Rionegro,Jose Maria Cordoba,JOSE MARIA CORDOBA,Rionegro,Antioquia,Oficial,6.246,-75.561,G1,Simulacro 1,S1,,,,183.8,46.3,32,36,31.0,41.8,SI,,183.8
RIO-JOSE MARIA CORDOBA-34,Rionegro,Jose Maria Cordoba,JOSE MARIA CORDOBA,Rionegro,Antioquia,Oficial,6.246,-75.561,G1,Simulacro 2,S2,,,,195.2,41.5,44,36,36.2,34.5,NO,Segunda aplicacion del mismo estudiante,
RIO-JOSE MARIA CORDOBA-35,Rionegro,Jose Maria Cordoba,JOSE MARIA CORDOBA,Rionegro,Antioquia,Oficial,6.246,-75.561,G1,Simulacro 1,S1,,,,230.8,56.1,48,26,39.7,90.9,SI,,230.8
RIO-JOSE MARIA CORDOBA-35,Rionegro,Jose Maria Cordoba,JOSE MARIA CORDOBA,Rionegro,Antioquia,Oficial,6.246,-75.561,G1,Simulacro 2,S2,,,,237.0,48.8,54,38,48.3,49.1,NO,Segunda aplicacion del mismo estudiante,
RIO-JOSE MARIA CORDOBA-36,Rionegro,Jose Maria Cordoba,JOSE MARIA CORDOBA,Rionegro,Antioquia,Oficial,6.246,-75.561,G1,Simulacro 1,S1,,,,199.4,51.2,36,46,29.3,30.9,SI,,199.4
RIO-JOSE MARIA CORDOBA-36,Rionegro,Jose Maria Cordoba,JOSE MARIA CORDOBA,Rionegro,Antioquia,Oficial,6.246,-75.561,G1,Simulacro 2,S2,,,,200.7,51.2,24,50,39.7,27.3,NO,Segunda aplicacion del mismo estudiante,
RIO-JOSE MARIA CORDOBA-37,Rionegro,Jose Maria Cordoba,JOSE MARIA CORDOBA,Rionegro,Antioquia,Oficial,6.246,-75.561,G1,Simulacro 1,S1,,,,301.2,68.3,38,70,56.9,83.6,SI,,301.2
RIO-JOSE MARIA CORDOBA-37,Rionegro,Jose Maria Cordoba,JOSE MARIA CORDOBA,Rionegro,Antioquia,Oficial,6.246,-75.561,G1,Simulacro 2,S2,,,,290.4,53.7,46,62,60.3,89.1,NO,Segunda aplicacion del mismo estudiante,
RIO-JOSE MARIA CORDOBA-38,Rionegro,Jose Maria Cordoba,JOSE MARIA CORDOBA,Rionegro,Antioquia,Oficial,6.246,-75.561,G1,Simulacro 1,S1,,,,209.3,48.8,34,44,43.1,34.5,SI,,209.3
RIO-JOSE MARIA CORDOBA-38,Rionegro,Jose Maria Cordoba,JOSE MARIA CORDOBA,Rionegro,Antioquia,Oficial,6.246,-75.561,G1,Simulacro 2,S2,,,,197.2,48.8,34,44,36.2,23.6,NO,Segunda aplicacion del mismo estudiante,
RIO-JOSE MARIA CORDOBA-39,Rionegro,Jose Maria Cordoba,JOSE MARIA CORDOBA,Rionegro,Antioquia,Oficial,6.246,-75.561,G2,Simulacro 1,S1,,,,212.2,61.0,32,44,39.7,21.8,SI,,212.2
RIO-JOSE MARIA CORDOBA-39,Rionegro,Jose Maria Cordoba,JOSE MARIA CORDOBA,Rionegro,Antioquia,Oficial,6.246,-75.561,G2,Simulacro 2,S2,,,,77.9,0.0,14,30,13.8,29.1,NO,Segunda aplicacion del mismo estudiante,
RIO-JOSE MARIA CORDOBA-4,Rionegro,Jose Maria Cordoba,JOSE MARIA CORDOBA,Rionegro,Antioquia,Oficial,6.246,-75.561,G2,Simulacro 1,S1,,,,190.4,56.1,34,34,27.6,40.0,SI,,190.4
RIO-JOSE MARIA CORDOBA-4,Rionegro,Jose Maria Cordoba,JOSE MARIA CORDOBA,Rionegro,Antioquia,Oficial,6.246,-75.561,G2,Simulacro 2,S2,,,,208.4,63.4,46,28,31.0,36.4,NO,Segunda aplicacion del mismo estudiante,
RIO-JOSE MARIA CORDOBA-5,Rionegro,Jose Maria Cordoba,JOSE MARIA CORDOBA,Rionegro,Antioquia,Oficial,6.246,-75.561,G2,Simulacro 1,S1,,,,212.2,61.0,42,28,41.4,34.5,SI,,212.2
RIO-JOSE MARIA CORDOBA-5,Rionegro,Jose Maria Cordoba,JOSE MARIA CORDOBA,Rionegro,Antioquia,Oficial,6.246,-75.561,G2,Simulacro 2,S2,,,,239.0,41.5,46,54,51.7,41.8,NO,Segunda aplicacion del mismo estudiante,
RIO-JOSE MARIA CORDOBA-6,Rionegro,Jose Maria Cordoba,JOSE MARIA CORDOBA,Rionegro,Antioquia,Oficial,6.246,-75.561,G2,Simulacro 1,S1,,,,216.5,75.6,40,24,31.0,50.9,SI,,216.5
RIO-JOSE MARIA CORDOBA-6,Rionegro,Jose Maria Cordoba,JOSE MARIA CORDOBA,Rionegro,Antioquia,Oficial,6.246,-75.561,G2,Simulacro 2,S2,,,,216.6,58.5,46,26,29.3,83.6,NO,Segunda aplicacion del mismo estudiante,
RIO-JOSE MARIA CORDOBA-7,Rionegro,Jose Maria Cordoba,JOSE MARIA CORDOBA,Rionegro,Antioquia,Oficial,6.246,-75.561,G2,Simulacro 1,S1,,,,196.3,36.6,36,30,50.0,52.7,SI,,196.3
RIO-JOSE MARIA CORDOBA-7,Rionegro,Jose Maria Cordoba,JOSE MARIA CORDOBA,Rionegro,Antioquia,Oficial,6.246,-75.561,G2,Simulacro 2,S2,,,,219.2,56.1,50,34,41.4,25.5,NO,Segunda aplicacion del mismo estudiante,
RIO-JOSE MARIA CORDOBA-8,Rionegro,Jose Maria Cordoba,JOSE MARIA CORDOBA,Rionegro,Antioquia,Oficial,6.246,-75.561,G2,Simulacro 1,S1,,,,178.2,34.1,44,30,29.3,50.9,SI,,178.2
RIO-JOSE MARIA CORDOBA-8,Rionegro,Jose Maria Cordoba,JOSE MARIA CORDOBA,Rionegro,Antioquia,Oficial,6.246,-75.561,G2,Simulacro 2,S2,,,,185.1,46.3,46,22,32.8,40.0,NO,Segunda aplicacion del mismo estudiante,
RIO-JOSE MARIA CORDOBA-9,Rionegro,Jose Maria Cordoba,JOSE MARIA CORDOBA,Rionegro,Antioquia,Oficial,6.246,-75.561,G2,Simulacro 1,S1,,,,224.9,58.5,36,38,44.8,52.7,SI,,224.9
RIO-JOSE MARIA CORDOBA-9,Rionegro,Jose Maria Cordoba,JOSE MARIA CORDOBA,Rionegro,Antioquia,Oficial,6.246,-75.561,G2,Simulacro 2,S2,,,,262.1,48.8,34,78,50.0,49.1,NO,Segunda aplicacion del mismo estudiante,
RIO-LA MOSQUITA-1,Rionegro,La Mosquita,LA MOSQUITA,Rionegro,Antioquia,Oficial,6.207,-75.44,G1,Simulacro 2,S2,,,,240.9,61.0,32,52,51.7,36.4,NO,Segunda aplicacion del mismo estudiante,
RIO-LA MOSQUITA-10,Rionegro,La Mosquita,LA MOSQUITA,Rionegro,Antioquia,Oficial,6.207,-75.44,G1,Simulacro 1,S1,,,,226.6,53.7,36,48,44.8,41.8,SI,,226.6
RIO-LA MOSQUITA-10,Rionegro,La Mosquita,LA MOSQUITA,Rionegro,Antioquia,Oficial,6.207,-75.44,G1,Simulacro 2,S2,,,,277.1,63.4,70,36,58.6,36.4,NO,Segunda aplicacion del mismo estudiante,
RIO-LA MOSQUITA-11,Rionegro,La Mosquita,LA MOSQUITA,Rionegro,Antioquia,Oficial,6.207,-75.44,G1,Simulacro 1,S1,,,,230.2,73.2,30,48,36.2,36.4,SI,,230.2
RIO-LA MOSQUITA-11,Rionegro,La Mosquita,LA MOSQUITA,Rionegro,Antioquia,Oficial,6.207,-75.44,G1,Simulacro 2,S2,,,,252.6,51.2,50,64,48.3,16.4,NO,Segunda aplicacion del mismo estudiante,
RIO-LA MOSQUITA-12,Rionegro,La Mosquita,LA MOSQUITA,Rionegro,Antioquia,Oficial,6.207,-75.44,G1,Simulacro 1,S1,,,,199.5,63.4,30,48,22.4,27.3,SI,,199.5
RIO-LA MOSQUITA-12,Rionegro,La Mosquita,LA MOSQUITA,Rionegro,Antioquia,Oficial,6.207,-75.44,G1,Simulacro 2,S2,,,,220.0,51.2,38,52,37.9,34.5,NO,Segunda aplicacion del mismo estudiante,
RIO-LA MOSQUITA-13,Rionegro,La Mosquita,LA MOSQUITA,Rionegro,Antioquia,Oficial,6.207,-75.44,G1,Simulacro 1,S1,,,,169.0,65.9,28,26,12.1,43.6,SI,,169.0
RIO-LA MOSQUITA-13,Rionegro,La Mosquita,LA MOSQUITA,Rionegro,Antioquia,Oficial,6.207,-75.44,G1,Simulacro 2,S2,,,,189.2,41.5,36,24,43.1,58.2,NO,Segunda aplicacion del mismo estudiante,
RIO-LA MOSQUITA-14,Rionegro,La Mosquita,LA MOSQUITA,Rionegro,Antioquia,Oficial,6.207,-75.44,G1,Simulacro 1,S1,,,,185.5,48.8,20,34,48.3,29.1,SI,,185.5
RIO-LA MOSQUITA-14,Rionegro,La Mosquita,LA MOSQUITA,Rionegro,Antioquia,Oficial,6.207,-75.44,G1,Simulacro 2,S2,,,,189.6,43.9,38,36,37.9,25.5,NO,Segunda aplicacion del mismo estudiante,
RIO-LA MOSQUITA-15,Rionegro,La Mosquita,LA MOSQUITA,Rionegro,Antioquia,Oficial,6.207,-75.44,G1,Simulacro 1,S1,,,,298.9,68.3,32,80,56.9,65.5,SI,,298.9
RIO-LA MOSQUITA-15,Rionegro,La Mosquita,LA MOSQUITA,Rionegro,Antioquia,Oficial,6.207,-75.44,G1,Simulacro 2,S2,,,,286.9,56.1,54,76,41.4,63.6,NO,Segunda aplicacion del mismo estudiante,
RIO-LA MOSQUITA-16,Rionegro,La Mosquita,LA MOSQUITA,Rionegro,Antioquia,Oficial,6.207,-75.44,G1,Simulacro 1,S1,,,,137.5,29.3,30,22,27.6,30.9,SI,,137.5
RIO-LA MOSQUITA-16,Rionegro,La Mosquita,LA MOSQUITA,Rionegro,Antioquia,Oficial,6.207,-75.44,G1,Simulacro 2,S2,,,,119.6,22.0,32,20,22.4,21.8,NO,Segunda aplicacion del mismo estudiante,
RIO-LA MOSQUITA-17,Rionegro,La Mosquita,LA MOSQUITA,Rionegro,Antioquia,Oficial,6.207,-75.44,G1,Simulacro 1,S1,,,,213.9,56.1,28,38,51.7,34.5,SI,,213.9
RIO-LA MOSQUITA-17,Rionegro,La Mosquita,LA MOSQUITA,Rionegro,Antioquia,Oficial,6.207,-75.44,G1,Simulacro 2,S2,,,,193.0,61.0,28,28,32.8,52.7,NO,Segunda aplicacion del mismo estudiante,
RIO-LA MOSQUITA-18,Rionegro,La Mosquita,LA MOSQUITA,Rionegro,Antioquia,Oficial,6.207,-75.44,G1,Simulacro 1,S1,,,,152.0,34.1,24,30,34.5,27.3,SI,,152.0
RIO-LA MOSQUITA-18,Rionegro,La Mosquita,LA MOSQUITA,Rionegro,Antioquia,Oficial,6.207,-75.44,G1,Simulacro 2,S2,,,,186.9,48.8,34,22,39.7,52.7,NO,Segunda aplicacion del mismo estudiante,
RIO-LA MOSQUITA-19,Rionegro,La Mosquita,LA MOSQUITA,Rionegro,Antioquia,Oficial,6.207,-75.44,G1,Simulacro 1,S1,,,,120.1,26.8,16,18,29.3,41.8,SI,,120.1
RIO-LA MOSQUITA-19,Rionegro,La Mosquita,LA MOSQUITA,Rionegro,Antioquia,Oficial,6.207,-75.44,G1,Simulacro 2,S2,,,,196.0,58.5,30,60,8.6,38.2,NO,Segunda aplicacion del mismo estudiante,
RIO-LA MOSQUITA-2,Rionegro,La Mosquita,LA MOSQUITA,Rionegro,Antioquia,Oficial,6.207,-75.44,G1,Simulacro 1,S1,,,,148.0,51.2,28,22,15.5,34.5,SI,,148.0
RIO-LA MOSQUITA-2,Rionegro,La Mosquita,LA MOSQUITA,Rionegro,Antioquia,Oficial,6.207,-75.44,G1,Simulacro 2,S2,,,,154.6,56.1,24,20,22.4,34.5,NO,Segunda aplicacion del mismo estudiante,
RIO-LA MOSQUITA-20,Rionegro,La Mosquita,LA MOSQUITA,Rionegro,Antioquia,Oficial,6.207,-75.44,G1,Simulacro 1,S1,,,,138.9,19.5,24,28,37.9,32.7,SI,,138.9
RIO-LA MOSQUITA-20,Rionegro,La Mosquita,LA MOSQUITA,Rionegro,Antioquia,Oficial,6.207,-75.44,G1,Simulacro 2,S2,,,,224.0,51.2,32,58,41.4,34.5,NO,Segunda aplicacion del mismo estudiante,
RIO-LA MOSQUITA-21,Rionegro,La Mosquita,LA MOSQUITA,Rionegro,Antioquia,Oficial,6.207,-75.44,G1,Simulacro 1,S1,,,,197.8,56.1,26,38,36.2,45.5,SI,,197.8
RIO-LA MOSQUITA-21,Rionegro,La Mosquita,LA MOSQUITA,Rionegro,Antioquia,Oficial,6.207,-75.44,G1,Simulacro 2,S2,,,,163.0,56.1,28,20,29.3,23.6,NO,Segunda aplicacion del mismo estudiante,
RIO-LA MOSQUITA-22,Rionegro,La Mosquita,LA MOSQUITA,Rionegro,Antioquia,Oficial,6.207,-75.44,G1,Simulacro 1,S1,,,,245.4,53.7,26,62,53.4,52.7,SI,,245.4
RIO-LA MOSQUITA-22,Rionegro,La Mosquita,LA MOSQUITA,Rionegro,Antioquia,Oficial,6.207,-75.44,G1,Simulacro 2,S2,,,,241.8,53.7,32,54,51.7,54.5,NO,Segunda aplicacion del mismo estudiante,
RIO-LA MOSQUITA-3,Rionegro,La Mosquita,LA MOSQUITA,Rionegro,Antioquia,Oficial,6.207,-75.44,G1,Simulacro 1,S1,,,,220.8,63.4,36,46,36.2,29.1,SI,,220.8
RIO-LA MOSQUITA-3,Rionegro,La Mosquita,LA MOSQUITA,Rionegro,Antioquia,Oficial,6.207,-75.44,G1,Simulacro 2,S2,,,,203.9,51.2,28,50,39.7,23.6,NO,Segunda aplicacion del mismo estudiante,
RIO-LA MOSQUITA-4,Rionegro,La Mosquita,LA MOSQUITA,Rionegro,Antioquia,Oficial,6.207,-75.44,G1,Simulacro 1,S1,,,,229.1,65.9,36,32,36.2,85.5,SI,,229.1
RIO-LA MOSQUITA-4,Rionegro,La Mosquita,LA MOSQUITA,Rionegro,Antioquia,Oficial,6.207,-75.44,G1,Simulacro 2,S2,,,,222.4,56.1,44,40,24.1,85.5,NO,Segunda aplicacion del mismo estudiante,
RIO-LA MOSQUITA-5,Rionegro,La Mosquita,LA MOSQUITA,Rionegro,Antioquia,Oficial,6.207,-75.44,G1,Simulacro 1,S1,,,,193.7,61.0,30,30,29.3,52.7,SI,,193.7
RIO-LA MOSQUITA-5,Rionegro,La Mosquita,LA MOSQUITA,Rionegro,Antioquia,Oficial,6.207,-75.44,G1,Simulacro 2,S2,,,,210.1,56.1,36,50,22.4,52.7,NO,Segunda aplicacion del mismo estudiante,
RIO-LA MOSQUITA-6,Rionegro,La Mosquita,LA MOSQUITA,Rionegro,Antioquia,Oficial,6.207,-75.44,G1,Simulacro 1,S1,,,,216.7,73.2,28,44,29.3,40.0,SI,,216.7
RIO-LA MOSQUITA-6,Rionegro,La Mosquita,LA MOSQUITA,Rionegro,Antioquia,Oficial,6.207,-75.44,G1,Simulacro 2,S2,,,,245.9,46.3,36,54,48.3,85.5,NO,Segunda aplicacion del mismo estudiante,
RIO-LA MOSQUITA-7,Rionegro,La Mosquita,LA MOSQUITA,Rionegro,Antioquia,Oficial,6.207,-75.44,G1,Simulacro 1,S1,,,,156.2,36.6,26,28,34.5,30.9,SI,,156.2
RIO-LA MOSQUITA-7,Rionegro,La Mosquita,LA MOSQUITA,Rionegro,Antioquia,Oficial,6.207,-75.44,G1,Simulacro 2,S2,,,,144.2,31.7,28,32,24.1,27.3,NO,Segunda aplicacion del mismo estudiante,
RIO-LA MOSQUITA-8,Rionegro,La Mosquita,LA MOSQUITA,Rionegro,Antioquia,Oficial,6.207,-75.44,G1,Simulacro 1,S1,,,,279.5,73.2,34,64,53.4,52.7,SI,,279.5
RIO-LA MOSQUITA-8,Rionegro,La Mosquita,LA MOSQUITA,Rionegro,Antioquia,Oficial,6.207,-75.44,G1,Simulacro 2,S2,,,,313.4,58.5,62,72,62.1,50.9,NO,Segunda aplicacion del mismo estudiante,
RIO-LA MOSQUITA-9,Rionegro,La Mosquita,LA MOSQUITA,Rionegro,Antioquia,Oficial,6.207,-75.44,G1,Simulacro 1,S1,,,,176.2,41.5,34,26,37.9,40.0,SI,,176.2
RIO-LA MOSQUITA-9,Rionegro,La Mosquita,LA MOSQUITA,Rionegro,Antioquia,Oficial,6.207,-75.44,G1,Simulacro 2,S2,,,,158.3,46.3,32,24,27.6,21.8,NO,Segunda aplicacion del mismo estudiante,
RIO-SAN JOSE DE LAS CUCHILLAS-1,Rionegro,San Jose de las Cuchillas,SAN JOSE DE LAS CUCHILLAS,Rionegro,Antioquia,Oficial,6.179,-75.394,G2,Simulacro 2,S2,,,,235.3,46.3,34,56,50.0,52.7,NO,Segunda aplicacion del mismo estudiante,
RIO-SAN JOSE DE LAS CUCHILLAS-10,Rionegro,San Jose de las Cuchillas,SAN JOSE DE LAS CUCHILLAS,Rionegro,Antioquia,Oficial,6.179,-75.394,G2,Simulacro 1,S1,,,,139.8,39.0,28,18,25.9,30.9,SI,,139.8
RIO-SAN JOSE DE LAS CUCHILLAS-10,Rionegro,San Jose de las Cuchillas,SAN JOSE DE LAS CUCHILLAS,Rionegro,Antioquia,Oficial,6.179,-75.394,G2,Simulacro 2,S2,,,,208.5,36.6,56,42,32.8,40.0,NO,Segunda aplicacion del mismo estudiante,
RIO-SAN JOSE DE LAS CUCHILLAS-11,Rionegro,San Jose de las Cuchillas,SAN JOSE DE LAS CUCHILLAS,Rionegro,Antioquia,Oficial,6.179,-75.394,G2,Simulacro 1,S1,,,,256.2,68.3,36,42,55.2,61.8,SI,,256.2
RIO-SAN JOSE DE LAS CUCHILLAS-11,Rionegro,San Jose de las Cuchillas,SAN JOSE DE LAS CUCHILLAS,Rionegro,Antioquia,Oficial,6.179,-75.394,G2,Simulacro 2,S2,,,,285.3,51.2,56,70,50.0,60.0,NO,Segunda aplicacion del mismo estudiante,
RIO-SAN JOSE DE LAS CUCHILLAS-12,Rionegro,San Jose de las Cuchillas,SAN JOSE DE LAS CUCHILLAS,Rionegro,Antioquia,Oficial,6.179,-75.394,G2,Simulacro 1,S1,,,,162.2,29.3,28,28,41.4,41.8,SI,,162.2
RIO-SAN JOSE DE LAS CUCHILLAS-12,Rionegro,San Jose de las Cuchillas,SAN JOSE DE LAS CUCHILLAS,Rionegro,Antioquia,Oficial,6.179,-75.394,G2,Simulacro 2,S2,,,,166.5,34.1,32,34,34.5,29.1,NO,Segunda aplicacion del mismo estudiante,
RIO-SAN JOSE DE LAS CUCHILLAS-13,Rionegro,San Jose de las Cuchillas,SAN JOSE DE LAS CUCHILLAS,Rionegro,Antioquia,Oficial,6.179,-75.394,G2,Simulacro 1,S1,,,,194.6,56.1,28,34,39.7,32.7,SI,,194.6
RIO-SAN JOSE DE LAS CUCHILLAS-13,Rionegro,San Jose de las Cuchillas,SAN JOSE DE LAS CUCHILLAS,Rionegro,Antioquia,Oficial,6.179,-75.394,G2,Simulacro 2,S2,,,,233.1,61.0,36,40,51.7,40.0,NO,Segunda aplicacion del mismo estudiante,
RIO-SAN JOSE DE LAS CUCHILLAS-14,Rionegro,San Jose de las Cuchillas,SAN JOSE DE LAS CUCHILLAS,Rionegro,Antioquia,Oficial,6.179,-75.394,G2,Simulacro 1,S1,,,,215.2,51.2,28,52,41.4,41.8,SI,,215.2
RIO-SAN JOSE DE LAS CUCHILLAS-14,Rionegro,San Jose de las Cuchillas,SAN JOSE DE LAS CUCHILLAS,Rionegro,Antioquia,Oficial,6.179,-75.394,G2,Simulacro 2,S2,,,,266.0,53.7,46,72,43.1,47.3,NO,Segunda aplicacion del mismo estudiante,
RIO-SAN JOSE DE LAS CUCHILLAS-15,Rionegro,San Jose de las Cuchillas,SAN JOSE DE LAS CUCHILLAS,Rionegro,Antioquia,Oficial,6.179,-75.394,G2,Simulacro 1,S1,,,,172.3,73.2,20,32,24.1,0.0,SI,,172.3
RIO-SAN JOSE DE LAS CUCHILLAS-15,Rionegro,San Jose de las Cuchillas,SAN JOSE DE LAS CUCHILLAS,Rionegro,Antioquia,Oficial,6.179,-75.394,G2,Simulacro 2,S2,,,,285.4,56.1,42,72,62.1,45.5,NO,Segunda aplicacion del mismo estudiante,
RIO-SAN JOSE DE LAS CUCHILLAS-16,Rionegro,San Jose de las Cuchillas,SAN JOSE DE LAS CUCHILLAS,Rionegro,Antioquia,Oficial,6.179,-75.394,G2,Simulacro 2,S2,,,,272.4,53.7,46,62,46.6,83.6,NO,Segunda aplicacion del mismo estudiante,
RIO-SAN JOSE DE LAS CUCHILLAS-17,Rionegro,San Jose de las Cuchillas,SAN JOSE DE LAS CUCHILLAS,Rionegro,Antioquia,Oficial,6.179,-75.394,G2,Simulacro 1,S1,,,,178.4,34.1,38,30,37.9,43.6,SI,,178.4
RIO-SAN JOSE DE LAS CUCHILLAS-17,Rionegro,San Jose de las Cuchillas,SAN JOSE DE LAS CUCHILLAS,Rionegro,Antioquia,Oficial,6.179,-75.394,G2,Simulacro 2,S2,,,,247.8,51.2,48,62,41.4,36.4,NO,Segunda aplicacion del mismo estudiante,
RIO-SAN JOSE DE LAS CUCHILLAS-18,Rionegro,San Jose de las Cuchillas,SAN JOSE DE LAS CUCHILLAS,Rionegro,Antioquia,Oficial,6.179,-75.394,G2,Simulacro 1,S1,,,,143.6,19.5,42,22,27.6,40.0,SI,,143.6
RIO-SAN JOSE DE LAS CUCHILLAS-18,Rionegro,San Jose de las Cuchillas,SAN JOSE DE LAS CUCHILLAS,Rionegro,Antioquia,Oficial,6.179,-75.394,G2,Simulacro 2,S2,,,,177.2,36.6,32,42,34.5,25.5,NO,Segunda aplicacion del mismo estudiante,
RIO-SAN JOSE DE LAS CUCHILLAS-19,Rionegro,San Jose de las Cuchillas,SAN JOSE DE LAS CUCHILLAS,Rionegro,Antioquia,Oficial,6.179,-75.394,G2,Simulacro 1,S1,,,,184.1,51.2,20,30,41.4,50.9,SI,,184.1
RIO-SAN JOSE DE LAS CUCHILLAS-19,Rionegro,San Jose de las Cuchillas,SAN JOSE DE LAS CUCHILLAS,Rionegro,Antioquia,Oficial,6.179,-75.394,G2,Simulacro 2,S2,,,,117.6,46.3,14,14,27.6,0.0,NO,Segunda aplicacion del mismo estudiante,
RIO-SAN JOSE DE LAS CUCHILLAS-2,Rionegro,San Jose de las Cuchillas,SAN JOSE DE LAS CUCHILLAS,Rionegro,Antioquia,Oficial,6.179,-75.394,G2,Simulacro 1,S1,,,,196.5,56.1,18,34,48.3,41.8,SI,,196.5
RIO-SAN JOSE DE LAS CUCHILLAS-2,Rionegro,San Jose de las Cuchillas,SAN JOSE DE LAS CUCHILLAS,Rionegro,Antioquia,Oficial,6.179,-75.394,G2,Simulacro 2,S2,,,,286.2,61.0,48,68,53.4,52.7,NO,Segunda aplicacion del mismo estudiante,
RIO-SAN JOSE DE LAS CUCHILLAS-20,Rionegro,San Jose de las Cuchillas,SAN JOSE DE LAS CUCHILLAS,Rionegro,Antioquia,Oficial,6.179,-75.394,G2,Simulacro 1,S1,,,,149.4,34.1,26,28,31.0,30.9,SI,,149.4
RIO-SAN JOSE DE LAS CUCHILLAS-20,Rionegro,San Jose de las Cuchillas,SAN JOSE DE LAS CUCHILLAS,Rionegro,Antioquia,Oficial,6.179,-75.394,G2,Simulacro 2,S2,,,,175.5,56.1,22,38,29.3,20.0,NO,Segunda aplicacion del mismo estudiante,
RIO-SAN JOSE DE LAS CUCHILLAS-21,Rionegro,San Jose de las Cuchillas,SAN JOSE DE LAS CUCHILLAS,Rionegro,Antioquia,Oficial,6.179,-75.394,G2,Simulacro 1,S1,,,,174.4,39.0,24,34,41.4,38.2,SI,,174.4
RIO-SAN JOSE DE LAS CUCHILLAS-21,Rionegro,San Jose de las Cuchillas,SAN JOSE DE LAS CUCHILLAS,Rionegro,Antioquia,Oficial,6.179,-75.394,G2,Simulacro 2,S2,,,,194.3,46.3,28,32,51.7,30.9,NO,Segunda aplicacion del mismo estudiante,
RIO-SAN JOSE DE LAS CUCHILLAS-22,Rionegro,San Jose de las Cuchillas,SAN JOSE DE LAS CUCHILLAS,Rionegro,Antioquia,Oficial,6.179,-75.394,G2,Simulacro 1,S1,,,,172.2,41.5,38,30,25.9,41.8,SI,,172.2
RIO-SAN JOSE DE LAS CUCHILLAS-22,Rionegro,San Jose de las Cuchillas,SAN JOSE DE LAS CUCHILLAS,Rionegro,Antioquia,Oficial,6.179,-75.394,G2,Simulacro 2,S2,,,,221.1,43.9,30,62,44.8,32.7,NO,Segunda aplicacion del mismo estudiante,
RIO-SAN JOSE DE LAS CUCHILLAS-23,Rionegro,San Jose de las Cuchillas,SAN JOSE DE LAS CUCHILLAS,Rionegro,Antioquia,Oficial,6.179,-75.394,G2,Simulacro 1,S1,,,,128.3,41.5,22,34,3.4,30.9,SI,,128.3
RIO-SAN JOSE DE LAS CUCHILLAS-23,Rionegro,San Jose de las Cuchillas,SAN JOSE DE LAS CUCHILLAS,Rionegro,Antioquia,Oficial,6.179,-75.394,G2,Simulacro 2,S2,,,,171.2,34.1,28,38,37.9,30.9,NO,Segunda aplicacion del mismo estudiante,
RIO-SAN JOSE DE LAS CUCHILLAS-24,Rionegro,San Jose de las Cuchillas,SAN JOSE DE LAS CUCHILLAS,Rionegro,Antioquia,Oficial,6.179,-75.394,G2,Simulacro 1,S1,,,,178.1,51.2,28,36,27.6,34.5,SI,,178.1
RIO-SAN JOSE DE LAS CUCHILLAS-24,Rionegro,San Jose de las Cuchillas,SAN JOSE DE LAS CUCHILLAS,Rionegro,Antioquia,Oficial,6.179,-75.394,G2,Simulacro 2,S2,,,,180.4,48.8,32,22,39.7,41.8,NO,Segunda aplicacion del mismo estudiante,
RIO-SAN JOSE DE LAS CUCHILLAS-25,Rionegro,San Jose de las Cuchillas,SAN JOSE DE LAS CUCHILLAS,Rionegro,Antioquia,Oficial,6.179,-75.394,G2,Simulacro 1,S1,,,,143.5,36.6,24,18,27.6,54.5,SI,,143.5
RIO-SAN JOSE DE LAS CUCHILLAS-25,Rionegro,San Jose de las Cuchillas,SAN JOSE DE LAS CUCHILLAS,Rionegro,Antioquia,Oficial,6.179,-75.394,G2,Simulacro 2,S2,,,,169.5,41.5,20,42,36.2,21.8,NO,Segunda aplicacion del mismo estudiante,
RIO-SAN JOSE DE LAS CUCHILLAS-26,Rionegro,San Jose de las Cuchillas,SAN JOSE DE LAS CUCHILLAS,Rionegro,Antioquia,Oficial,6.179,-75.394,G2,Simulacro 1,S1,,,,228.0,61.0,36,36,48.3,49.1,SI,,228.0
RIO-SAN JOSE DE LAS CUCHILLAS-26,Rionegro,San Jose de las Cuchillas,SAN JOSE DE LAS CUCHILLAS,Rionegro,Antioquia,Oficial,6.179,-75.394,G2,Simulacro 2,S2,,,,225.7,46.3,38,50,43.1,54.5,NO,Segunda aplicacion del mismo estudiante,
RIO-SAN JOSE DE LAS CUCHILLAS-27,Rionegro,San Jose de las Cuchillas,SAN JOSE DE LAS CUCHILLAS,Rionegro,Antioquia,Oficial,6.179,-75.394,G2,Simulacro 1,S1,,,,219.6,56.1,32,46,36.2,60.0,SI,,219.6
RIO-SAN JOSE DE LAS CUCHILLAS-27,Rionegro,San Jose de las Cuchillas,SAN JOSE DE LAS CUCHILLAS,Rionegro,Antioquia,Oficial,6.179,-75.394,G2,Simulacro 2,S2,,,,254.2,48.8,40,62,48.3,63.6,NO,Segunda aplicacion del mismo estudiante,
RIO-SAN JOSE DE LAS CUCHILLAS-28,Rionegro,San Jose de las Cuchillas,SAN JOSE DE LAS CUCHILLAS,Rionegro,Antioquia,Oficial,6.179,-75.394,G2,Simulacro 1,S1,,,,204.8,65.9,28,26,43.1,43.6,SI,,204.8
RIO-SAN JOSE DE LAS CUCHILLAS-28,Rionegro,San Jose de las Cuchillas,SAN JOSE DE LAS CUCHILLAS,Rionegro,Antioquia,Oficial,6.179,-75.394,G2,Simulacro 2,S2,,,,254.7,53.7,34,62,51.7,58.2,NO,Segunda aplicacion del mismo estudiante,
RIO-SAN JOSE DE LAS CUCHILLAS-29,Rionegro,San Jose de las Cuchillas,SAN JOSE DE LAS CUCHILLAS,Rionegro,Antioquia,Oficial,6.179,-75.394,G1,Simulacro 1,S1,,,,192.9,43.9,30,32,43.1,54.5,SI,,192.9
RIO-SAN JOSE DE LAS CUCHILLAS-29,Rionegro,San Jose de las Cuchillas,SAN JOSE DE LAS CUCHILLAS,Rionegro,Antioquia,Oficial,6.179,-75.394,G1,Simulacro 2,S2,,,,222.3,46.3,54,34,41.4,50.9,NO,Segunda aplicacion del mismo estudiante,
RIO-SAN JOSE DE LAS CUCHILLAS-3,Rionegro,San Jose de las Cuchillas,SAN JOSE DE LAS CUCHILLAS,Rionegro,Antioquia,Oficial,6.179,-75.394,G2,Simulacro 1,S1,,,,135.4,29.3,34,32,17.2,14.5,SI,,135.4
RIO-SAN JOSE DE LAS CUCHILLAS-3,Rionegro,San Jose de las Cuchillas,SAN JOSE DE LAS CUCHILLAS,Rionegro,Antioquia,Oficial,6.179,-75.394,G2,Simulacro 2,S2,,,,147.6,36.6,18,28,36.2,27.3,NO,Segunda aplicacion del mismo estudiante,
RIO-SAN JOSE DE LAS CUCHILLAS-30,Rionegro,San Jose de las Cuchillas,SAN JOSE DE LAS CUCHILLAS,Rionegro,Antioquia,Oficial,6.179,-75.394,G1,Simulacro 1,S1,,,,163.7,51.2,26,22,39.7,9.1,SI,,163.7
RIO-SAN JOSE DE LAS CUCHILLAS-30,Rionegro,San Jose de las Cuchillas,SAN JOSE DE LAS CUCHILLAS,Rionegro,Antioquia,Oficial,6.179,-75.394,G1,Simulacro 2,S2,,,,184.6,41.5,30,34,44.8,29.1,NO,Segunda aplicacion del mismo estudiante,
RIO-SAN JOSE DE LAS CUCHILLAS-31,Rionegro,San Jose de las Cuchillas,SAN JOSE DE LAS CUCHILLAS,Rionegro,Antioquia,Oficial,6.179,-75.394,G1,Simulacro 1,S1,,,,251.9,56.1,42,46,62.1,36.4,SI,,251.9
RIO-SAN JOSE DE LAS CUCHILLAS-31,Rionegro,San Jose de las Cuchillas,SAN JOSE DE LAS CUCHILLAS,Rionegro,Antioquia,Oficial,6.179,-75.394,G1,Simulacro 2,S2,,,,278.0,61.0,50,62,53.4,43.6,NO,Segunda aplicacion del mismo estudiante,
RIO-SAN JOSE DE LAS CUCHILLAS-32,Rionegro,San Jose de las Cuchillas,SAN JOSE DE LAS CUCHILLAS,Rionegro,Antioquia,Oficial,6.179,-75.394,G1,Simulacro 1,S1,,,,257.9,61.0,36,36,62.1,85.5,SI,,257.9
RIO-SAN JOSE DE LAS CUCHILLAS-32,Rionegro,San Jose de las Cuchillas,SAN JOSE DE LAS CUCHILLAS,Rionegro,Antioquia,Oficial,6.179,-75.394,G1,Simulacro 2,S2,,,,250.8,61.0,36,58,34.5,83.6,NO,Segunda aplicacion del mismo estudiante,
RIO-SAN JOSE DE LAS CUCHILLAS-33,Rionegro,San Jose de las Cuchillas,SAN JOSE DE LAS CUCHILLAS,Rionegro,Antioquia,Oficial,6.179,-75.394,G1,Simulacro 1,S1,,,,264.1,58.5,40,48,56.9,76.4,SI,,264.1
RIO-SAN JOSE DE LAS CUCHILLAS-33,Rionegro,San Jose de las Cuchillas,SAN JOSE DE LAS CUCHILLAS,Rionegro,Antioquia,Oficial,6.179,-75.394,G1,Simulacro 2,S2,,,,305.7,53.7,62,64,58.6,80.0,NO,Segunda aplicacion del mismo estudiante,
RIO-SAN JOSE DE LAS CUCHILLAS-34,Rionegro,San Jose de las Cuchillas,SAN JOSE DE LAS CUCHILLAS,Rionegro,Antioquia,Oficial,6.179,-75.394,G1,Simulacro 1,S1,,,,149.2,36.6,30,24,24.1,43.6,SI,,149.2
RIO-SAN JOSE DE LAS CUCHILLAS-34,Rionegro,San Jose de las Cuchillas,SAN JOSE DE LAS CUCHILLAS,Rionegro,Antioquia,Oficial,6.179,-75.394,G1,Simulacro 2,S2,,,,161.5,36.6,26,24,43.1,30.9,NO,Segunda aplicacion del mismo estudiante,
RIO-SAN JOSE DE LAS CUCHILLAS-35,Rionegro,San Jose de las Cuchillas,SAN JOSE DE LAS CUCHILLAS,Rionegro,Antioquia,Oficial,6.179,-75.394,G1,Simulacro 1,S1,,,,144.5,31.7,26,32,25.9,29.1,SI,,144.5
RIO-SAN JOSE DE LAS CUCHILLAS-35,Rionegro,San Jose de las Cuchillas,SAN JOSE DE LAS CUCHILLAS,Rionegro,Antioquia,Oficial,6.179,-75.394,G1,Simulacro 2,S2,,,,231.9,61.0,44,42,43.1,32.7,NO,Segunda aplicacion del mismo estudiante,
RIO-SAN JOSE DE LAS CUCHILLAS-36,Rionegro,San Jose de las Cuchillas,SAN JOSE DE LAS CUCHILLAS,Rionegro,Antioquia,Oficial,6.179,-75.394,G1,Simulacro 1,S1,,,,177.4,46.3,24,38,34.5,32.7,SI,,177.4
RIO-SAN JOSE DE LAS CUCHILLAS-36,Rionegro,San Jose de las Cuchillas,SAN JOSE DE LAS CUCHILLAS,Rionegro,Antioquia,Oficial,6.179,-75.394,G1,Simulacro 2,S2,,,,248.3,48.8,46,58,44.8,52.7,NO,Segunda aplicacion del mismo estudiante,
RIO-SAN JOSE DE LAS CUCHILLAS-37,Rionegro,San Jose de las Cuchillas,SAN JOSE DE LAS CUCHILLAS,Rionegro,Antioquia,Oficial,6.179,-75.394,G1,Simulacro 1,S1,,,,251.5,58.5,34,56,50.0,58.2,SI,,251.5
RIO-SAN JOSE DE LAS CUCHILLAS-37,Rionegro,San Jose de las Cuchillas,SAN JOSE DE LAS CUCHILLAS,Rionegro,Antioquia,Oficial,6.179,-75.394,G1,Simulacro 2,S2,,,,272.1,43.9,54,72,46.6,58.2,NO,Segunda aplicacion del mismo estudiante,
RIO-SAN JOSE DE LAS CUCHILLAS-38,Rionegro,San Jose de las Cuchillas,SAN JOSE DE LAS CUCHILLAS,Rionegro,Antioquia,Oficial,6.179,-75.394,G1,Simulacro 1,S1,,,,296.5,75.6,46,56,56.9,67.3,SI,,296.5
RIO-SAN JOSE DE LAS CUCHILLAS-38,Rionegro,San Jose de las Cuchillas,SAN JOSE DE LAS CUCHILLAS,Rionegro,Antioquia,Oficial,6.179,-75.394,G1,Simulacro 2,S2,,,,289.5,56.1,54,72,50.0,56.4,NO,Segunda aplicacion del mismo estudiante,
RIO-SAN JOSE DE LAS CUCHILLAS-39,Rionegro,San Jose de las Cuchillas,SAN JOSE DE LAS CUCHILLAS,Rionegro,Antioquia,Oficial,6.179,-75.394,G1,Simulacro 1,S1,,,,266.1,63.4,38,58,50.0,63.6,SI,,266.1
RIO-SAN JOSE DE LAS CUCHILLAS-39,Rionegro,San Jose de las Cuchillas,SAN JOSE DE LAS CUCHILLAS,Rionegro,Antioquia,Oficial,6.179,-75.394,G1,Simulacro 2,S2,,,,307.0,65.9,62,58,62.1,54.5,NO,Segunda aplicacion del mismo estudiante,
RIO-SAN JOSE DE LAS CUCHILLAS-4,Rionegro,San Jose de las Cuchillas,SAN JOSE DE LAS CUCHILLAS,Rionegro,Antioquia,Oficial,6.179,-75.394,G2,Simulacro 1,S1,,,,186.2,51.2,22,38,36.2,41.8,SI,,186.2
RIO-SAN JOSE DE LAS CUCHILLAS-4,Rionegro,San Jose de las Cuchillas,SAN JOSE DE LAS CUCHILLAS,Rionegro,Antioquia,Oficial,6.179,-75.394,G2,Simulacro 2,S2,,,,213.2,39.0,42,40,53.4,30.9,NO,Segunda aplicacion del mismo estudiante,
RIO-SAN JOSE DE LAS CUCHILLAS-40,Rionegro,San Jose de las Cuchillas,SAN JOSE DE LAS CUCHILLAS,Rionegro,Antioquia,Oficial,6.179,-75.394,G1,Simulacro 1,S1,,,,202.6,53.7,28,26,55.2,38.2,SI,,202.6
RIO-SAN JOSE DE LAS CUCHILLAS-40,Rionegro,San Jose de las Cuchillas,SAN JOSE DE LAS CUCHILLAS,Rionegro,Antioquia,Oficial,6.179,-75.394,G1,Simulacro 2,S2,,,,277.8,61.0,46,70,53.4,30.9,NO,Segunda aplicacion del mismo estudiante,
RIO-SAN JOSE DE LAS CUCHILLAS-41,Rionegro,San Jose de las Cuchillas,SAN JOSE DE LAS CUCHILLAS,Rionegro,Antioquia,Oficial,6.179,-75.394,G1,Simulacro 1,S1,,,,212.1,46.3,32,46,43.1,49.1,SI,,212.1
RIO-SAN JOSE DE LAS CUCHILLAS-41,Rionegro,San Jose de las Cuchillas,SAN JOSE DE LAS CUCHILLAS,Rionegro,Antioquia,Oficial,6.179,-75.394,G1,Simulacro 2,S2,,,,225.4,63.4,38,56,27.6,30.9,NO,Segunda aplicacion del mismo estudiante,
RIO-SAN JOSE DE LAS CUCHILLAS-42,Rionegro,San Jose de las Cuchillas,SAN JOSE DE LAS CUCHILLAS,Rionegro,Antioquia,Oficial,6.179,-75.394,G1,Simulacro 1,S1,,,,178.7,43.9,38,40,17.2,47.3,SI,,178.7
RIO-SAN JOSE DE LAS CUCHILLAS-42,Rionegro,San Jose de las Cuchillas,SAN JOSE DE LAS CUCHILLAS,Rionegro,Antioquia,Oficial,6.179,-75.394,G1,Simulacro 2,S2,,,,158.7,43.9,26,20,37.9,29.1,NO,Segunda aplicacion del mismo estudiante,
RIO-SAN JOSE DE LAS CUCHILLAS-43,Rionegro,San Jose de las Cuchillas,SAN JOSE DE LAS CUCHILLAS,Rionegro,Antioquia,Oficial,6.179,-75.394,G1,Simulacro 1,S1,,,,145.2,39.0,20,34,20.7,36.4,SI,,145.2
RIO-SAN JOSE DE LAS CUCHILLAS-43,Rionegro,San Jose de las Cuchillas,SAN JOSE DE LAS CUCHILLAS,Rionegro,Antioquia,Oficial,6.179,-75.394,G1,Simulacro 2,S2,,,,157.2,36.6,24,32,32.8,32.7,NO,Segunda aplicacion del mismo estudiante,
RIO-SAN JOSE DE LAS CUCHILLAS-44,Rionegro,San Jose de las Cuchillas,SAN JOSE DE LAS CUCHILLAS,Rionegro,Antioquia,Oficial,6.179,-75.394,G1,Simulacro 1,S1,,,,215.7,43.9,40,42,48.3,38.2,SI,,215.7
RIO-SAN JOSE DE LAS CUCHILLAS-44,Rionegro,San Jose de las Cuchillas,SAN JOSE DE LAS CUCHILLAS,Rionegro,Antioquia,Oficial,6.179,-75.394,G1,Simulacro 2,S2,,,,247.0,56.1,64,34,44.8,45.5,NO,Segunda aplicacion del mismo estudiante,
RIO-SAN JOSE DE LAS CUCHILLAS-45,Rionegro,San Jose de las Cuchillas,SAN JOSE DE LAS CUCHILLAS,Rionegro,Antioquia,Oficial,6.179,-75.394,G1,Simulacro 1,S1,,,,212.7,75.6,36,40,22.4,30.9,SI,,212.7
RIO-SAN JOSE DE LAS CUCHILLAS-45,Rionegro,San Jose de las Cuchillas,SAN JOSE DE LAS CUCHILLAS,Rionegro,Antioquia,Oficial,6.179,-75.394,G1,Simulacro 2,S2,,,,197.0,61.0,34,38,29.3,25.5,NO,Segunda aplicacion del mismo estudiante,
RIO-SAN JOSE DE LAS CUCHILLAS-46,Rionegro,San Jose de las Cuchillas,SAN JOSE DE LAS CUCHILLAS,Rionegro,Antioquia,Oficial,6.179,-75.394,G1,Simulacro 1,S1,,,,122.3,26.8,22,24,25.9,21.8,SI,,122.3
RIO-SAN JOSE DE LAS CUCHILLAS-46,Rionegro,San Jose de las Cuchillas,SAN JOSE DE LAS CUCHILLAS,Rionegro,Antioquia,Oficial,6.179,-75.394,G1,Simulacro 2,S2,,,,195.3,58.5,34,28,39.7,27.3,NO,Segunda aplicacion del mismo estudiante,
RIO-SAN JOSE DE LAS CUCHILLAS-47,Rionegro,San Jose de las Cuchillas,SAN JOSE DE LAS CUCHILLAS,Rionegro,Antioquia,Oficial,6.179,-75.394,G1,Simulacro 1,S1,,,,150.5,29.3,34,24,31.0,36.4,SI,,150.5
RIO-SAN JOSE DE LAS CUCHILLAS-47,Rionegro,San Jose de las Cuchillas,SAN JOSE DE LAS CUCHILLAS,Rionegro,Antioquia,Oficial,6.179,-75.394,G1,Simulacro 2,S2,,,,188.2,46.3,30,32,39.7,45.5,NO,Segunda aplicacion del mismo estudiante,
RIO-SAN JOSE DE LAS CUCHILLAS-48,Rionegro,San Jose de las Cuchillas,SAN JOSE DE LAS CUCHILLAS,Rionegro,Antioquia,Oficial,6.179,-75.394,G1,Simulacro 1,S1,,,,137.9,41.5,26,24,19.0,27.3,SI,,137.9
RIO-SAN JOSE DE LAS CUCHILLAS-48,Rionegro,San Jose de las Cuchillas,SAN JOSE DE LAS CUCHILLAS,Rionegro,Antioquia,Oficial,6.179,-75.394,G1,Simulacro 2,S2,,,,142.4,31.7,20,24,36.2,34.5,NO,Segunda aplicacion del mismo estudiante,
RIO-SAN JOSE DE LAS CUCHILLAS-49,Rionegro,San Jose de las Cuchillas,SAN JOSE DE LAS CUCHILLAS,Rionegro,Antioquia,Oficial,6.179,-75.394,G1,Simulacro 1,S1,,,,146.3,46.3,22,24,24.1,30.9,SI,,146.3
RIO-SAN JOSE DE LAS CUCHILLAS-49,Rionegro,San Jose de las Cuchillas,SAN JOSE DE LAS CUCHILLAS,Rionegro,Antioquia,Oficial,6.179,-75.394,G1,Simulacro 2,S2,,,,211.8,39.0,54,42,32.8,47.3,NO,Segunda aplicacion del mismo estudiante,
RIO-SAN JOSE DE LAS CUCHILLAS-5,Rionegro,San Jose de las Cuchillas,SAN JOSE DE LAS CUCHILLAS,Rionegro,Antioquia,Oficial,6.179,-75.394,G2,Simulacro 1,S1,,,,220.2,53.7,40,30,56.9,30.9,SI,,220.2
RIO-SAN JOSE DE LAS CUCHILLAS-5,Rionegro,San Jose de las Cuchillas,SAN JOSE DE LAS CUCHILLAS,Rionegro,Antioquia,Oficial,6.179,-75.394,G2,Simulacro 2,S2,,,,217.2,43.9,44,52,36.2,36.4,NO,Segunda aplicacion del mismo estudiante,
RIO-SAN JOSE DE LAS CUCHILLAS-50,Rionegro,San Jose de las Cuchillas,SAN JOSE DE LAS CUCHILLAS,Rionegro,Antioquia,Oficial,6.179,-75.394,G1,Simulacro 1,S1,,,,157.2,36.6,24,34,36.2,16.4,SI,,157.2
RIO-SAN JOSE DE LAS CUCHILLAS-50,Rionegro,San Jose de las Cuchillas,SAN JOSE DE LAS CUCHILLAS,Rionegro,Antioquia,Oficial,6.179,-75.394,G1,Simulacro 2,S2,,,,182.5,48.8,32,32,34.5,32.7,NO,Segunda aplicacion del mismo estudiante,
RIO-SAN JOSE DE LAS CUCHILLAS-51,Rionegro,San Jose de las Cuchillas,SAN JOSE DE LAS CUCHILLAS,Rionegro,Antioquia,Oficial,6.179,-75.394,G1,Simulacro 1,S1,,,,235.3,58.5,38,48,32.8,80.0,SI,,235.3
RIO-SAN JOSE DE LAS CUCHILLAS-51,Rionegro,San Jose de las Cuchillas,SAN JOSE DE LAS CUCHILLAS,Rionegro,Antioquia,Oficial,6.179,-75.394,G1,Simulacro 2,S2,,,,280.0,56.1,46,58,53.4,87.3,NO,Segunda aplicacion del mismo estudiante,
RIO-SAN JOSE DE LAS CUCHILLAS-52,Rionegro,San Jose de las Cuchillas,SAN JOSE DE LAS CUCHILLAS,Rionegro,Antioquia,Oficial,6.179,-75.394,G1,Simulacro 2,S2,,,,137.7,43.9,26,22,19.0,25.5,NO,Segunda aplicacion del mismo estudiante,
RIO-SAN JOSE DE LAS CUCHILLAS-53,Rionegro,San Jose de las Cuchillas,SAN JOSE DE LAS CUCHILLAS,Rionegro,Antioquia,Oficial,6.179,-75.394,G1,Simulacro 1,S1,,,,202.0,51.2,20,46,39.7,54.5,SI,,202.0
RIO-SAN JOSE DE LAS CUCHILLAS-53,Rionegro,San Jose de las Cuchillas,SAN JOSE DE LAS CUCHILLAS,Rionegro,Antioquia,Oficial,6.179,-75.394,G1,Simulacro 2,S2,,,,233.3,43.9,48,42,48.3,60.0,NO,Segunda aplicacion del mismo estudiante,
RIO-SAN JOSE DE LAS CUCHILLAS-54,Rionegro,San Jose de las Cuchillas,SAN JOSE DE LAS CUCHILLAS,Rionegro,Antioquia,Oficial,6.179,-75.394,G1,Simulacro 1,S1,,,,144.4,34.1,30,12,34.5,43.6,SI,,144.4
RIO-SAN JOSE DE LAS CUCHILLAS-54,Rionegro,San Jose de las Cuchillas,SAN JOSE DE LAS CUCHILLAS,Rionegro,Antioquia,Oficial,6.179,-75.394,G1,Simulacro 2,S2,,,,170.7,43.9,32,32,32.8,21.8,NO,Segunda aplicacion del mismo estudiante,
RIO-SAN JOSE DE LAS CUCHILLAS-55,Rionegro,San Jose de las Cuchillas,SAN JOSE DE LAS CUCHILLAS,Rionegro,Antioquia,Oficial,6.179,-75.394,G1,Simulacro 1,S1,,,,144.8,29.3,28,32,24.1,36.4,SI,,144.8
RIO-SAN JOSE DE LAS CUCHILLAS-55,Rionegro,San Jose de las Cuchillas,SAN JOSE DE LAS CUCHILLAS,Rionegro,Antioquia,Oficial,6.179,-75.394,G1,Simulacro 2,S2,,,,201.4,41.5,32,36,51.7,40.0,NO,Segunda aplicacion del mismo estudiante,
RIO-SAN JOSE DE LAS CUCHILLAS-56,Rionegro,San Jose de las Cuchillas,SAN JOSE DE LAS CUCHILLAS,Rionegro,Antioquia,Oficial,6.179,-75.394,G1,Simulacro 1,S1,,,,148.8,29.3,22,34,32.8,32.7,SI,,148.8
RIO-SAN JOSE DE LAS CUCHILLAS-56,Rionegro,San Jose de las Cuchillas,SAN JOSE DE LAS CUCHILLAS,Rionegro,Antioquia,Oficial,6.179,-75.394,G1,Simulacro 2,S2,,,,150.1,39.0,28,26,31.0,18.2,NO,Segunda aplicacion del mismo estudiante,
RIO-SAN JOSE DE LAS CUCHILLAS-6,Rionegro,San Jose de las Cuchillas,SAN JOSE DE LAS CUCHILLAS,Rionegro,Antioquia,Oficial,6.179,-75.394,G2,Simulacro 1,S1,,,,164.1,41.5,30,20,36.2,43.6,SI,,164.1
RIO-SAN JOSE DE LAS CUCHILLAS-6,Rionegro,San Jose de las Cuchillas,SAN JOSE DE LAS CUCHILLAS,Rionegro,Antioquia,Oficial,6.179,-75.394,G2,Simulacro 2,S2,,,,223.2,61.0,36,42,46.6,23.6,NO,Segunda aplicacion del mismo estudiante,
RIO-SAN JOSE DE LAS CUCHILLAS-7,Rionegro,San Jose de las Cuchillas,SAN JOSE DE LAS CUCHILLAS,Rionegro,Antioquia,Oficial,6.179,-75.394,G2,Simulacro 1,S1,,,,121.0,34.1,24,22,13.8,32.7,SI,,121.0
RIO-SAN JOSE DE LAS CUCHILLAS-7,Rionegro,San Jose de las Cuchillas,SAN JOSE DE LAS CUCHILLAS,Rionegro,Antioquia,Oficial,6.179,-75.394,G2,Simulacro 2,S2,,,,236.0,68.3,24,68,32.8,34.5,NO,Segunda aplicacion del mismo estudiante,
RIO-SAN JOSE DE LAS CUCHILLAS-8,Rionegro,San Jose de las Cuchillas,SAN JOSE DE LAS CUCHILLAS,Rionegro,Antioquia,Oficial,6.179,-75.394,G2,Simulacro 2,S2,,,,346.0,63.4,62,80,69.0,76.4,NO,Segunda aplicacion del mismo estudiante,
RIO-SAN JOSE DE LAS CUCHILLAS-9,Rionegro,San Jose de las Cuchillas,SAN JOSE DE LAS CUCHILLAS,Rionegro,Antioquia,Oficial,6.179,-75.394,G2,Simulacro 1,S1,,,,119.2,22.0,20,24,25.9,34.5,SI,,119.2
RIO-SAN JOSE DE LAS CUCHILLAS-9,Rionegro,San Jose de las Cuchillas,SAN JOSE DE LAS CUCHILLAS,Rionegro,Antioquia,Oficial,6.179,-75.394,G2,Simulacro 2,S2,,,,140.9,31.7,30,30,20.7,29.1,NO,Segunda aplicacion del mismo estudiante,
RIO-SANTA BARBARA-1,Rionegro,Santa Barbara,SANTA BARBARA,Rionegro,Antioquia,Oficial,6.198,-75.368,G2,Simulacro 1,S1,,,,209.8,46.3,30,36,48.3,63.6,SI,,209.8
RIO-SANTA BARBARA-1,Rionegro,Santa Barbara,SANTA BARBARA,Rionegro,Antioquia,Oficial,6.198,-75.368,G2,Simulacro 2,S2,,,,232.0,51.2,20,66,51.7,36.4,NO,Segunda aplicacion del mismo estudiante,
RIO-SANTA BARBARA-10,Rionegro,Santa Barbara,SANTA BARBARA,Rionegro,Antioquia,Oficial,6.198,-75.368,G2,Simulacro 1,S1,,,,169.7,46.3,32,34,19.0,47.3,SI,,169.7
RIO-SANTA BARBARA-10,Rionegro,Santa Barbara,SANTA BARBARA,Rionegro,Antioquia,Oficial,6.198,-75.368,G2,Simulacro 2,S2,,,,175.3,43.9,20,34,43.1,32.7,NO,Segunda aplicacion del mismo estudiante,
RIO-SANTA BARBARA-11,Rionegro,Santa Barbara,SANTA BARBARA,Rionegro,Antioquia,Oficial,6.198,-75.368,G2,Simulacro 1,S1,,,,193.8,70.7,28,34,20.7,43.6,SI,,193.8
RIO-SANTA BARBARA-11,Rionegro,Santa Barbara,SANTA BARBARA,Rionegro,Antioquia,Oficial,6.198,-75.368,G2,Simulacro 2,S2,,,,185.1,46.3,40,36,24.1,41.8,NO,Segunda aplicacion del mismo estudiante,
RIO-SANTA BARBARA-12,Rionegro,Santa Barbara,SANTA BARBARA,Rionegro,Antioquia,Oficial,6.198,-75.368,G2,Simulacro 1,S1,,,,163.9,41.5,32,22,34.5,36.4,SI,,163.9
RIO-SANTA BARBARA-12,Rionegro,Santa Barbara,SANTA BARBARA,Rionegro,Antioquia,Oficial,6.198,-75.368,G2,Simulacro 2,S2,,,,178.2,46.3,34,36,24.1,41.8,NO,Segunda aplicacion del mismo estudiante,
RIO-SANTA BARBARA-13,Rionegro,Santa Barbara,SANTA BARBARA,Rionegro,Antioquia,Oficial,6.198,-75.368,G2,Simulacro 1,S1,,,,115.4,58.5,16,10,15.5,0.0,SI,,115.4
RIO-SANTA BARBARA-13,Rionegro,Santa Barbara,SANTA BARBARA,Rionegro,Antioquia,Oficial,6.198,-75.368,G2,Simulacro 2,S2,,,,203.6,46.3,36,40,41.4,38.2,NO,Segunda aplicacion del mismo estudiante,
RIO-SANTA BARBARA-14,Rionegro,Santa Barbara,SANTA BARBARA,Rionegro,Antioquia,Oficial,6.198,-75.368,G2,Simulacro 1,S1,,,,153.4,39.0,24,22,32.8,45.5,SI,,153.4
RIO-SANTA BARBARA-14,Rionegro,Santa Barbara,SANTA BARBARA,Rionegro,Antioquia,Oficial,6.198,-75.368,G2,Simulacro 2,S2,,,,179.8,39.0,34,34,37.9,32.7,NO,Segunda aplicacion del mismo estudiante,
RIO-SANTA BARBARA-15,Rionegro,Santa Barbara,SANTA BARBARA,Rionegro,Antioquia,Oficial,6.198,-75.368,G2,Simulacro 1,S1,,,,162.5,39.0,24,26,39.7,36.4,SI,,162.5
RIO-SANTA BARBARA-15,Rionegro,Santa Barbara,SANTA BARBARA,Rionegro,Antioquia,Oficial,6.198,-75.368,G2,Simulacro 2,S2,,,,230.5,43.9,54,42,46.6,40.0,NO,Segunda aplicacion del mismo estudiante,
RIO-SANTA BARBARA-16,Rionegro,Santa Barbara,SANTA BARBARA,Rionegro,Antioquia,Oficial,6.198,-75.368,G2,Simulacro 1,S1,,,,169.7,46.3,20,38,27.6,45.5,SI,,169.7
RIO-SANTA BARBARA-16,Rionegro,Santa Barbara,SANTA BARBARA,Rionegro,Antioquia,Oficial,6.198,-75.368,G2,Simulacro 2,S2,,,,181.2,48.8,36,32,29.3,32.7,NO,Segunda aplicacion del mismo estudiante,
RIO-SANTA BARBARA-17,Rionegro,Santa Barbara,SANTA BARBARA,Rionegro,Antioquia,Oficial,6.198,-75.368,G2,Simulacro 1,S1,,,,155.9,41.5,28,24,25.9,47.3,SI,,155.9
RIO-SANTA BARBARA-17,Rionegro,Santa Barbara,SANTA BARBARA,Rionegro,Antioquia,Oficial,6.198,-75.368,G2,Simulacro 2,S2,,,,206.7,56.1,40,34,34.5,43.6,NO,Segunda aplicacion del mismo estudiante,
RIO-SANTA BARBARA-18,Rionegro,Santa Barbara,SANTA BARBARA,Rionegro,Antioquia,Oficial,6.198,-75.368,G1,Simulacro 2,S2,,,,201.4,41.5,36,28,44.8,72.7,NO,Segunda aplicacion del mismo estudiante,
RIO-SANTA BARBARA-19,Rionegro,Santa Barbara,SANTA BARBARA,Rionegro,Antioquia,Oficial,6.198,-75.368,G1,Simulacro 1,S1,,,,186.8,39.0,26,38,43.1,47.3,SI,,186.8
RIO-SANTA BARBARA-19,Rionegro,Santa Barbara,SANTA BARBARA,Rionegro,Antioquia,Oficial,6.198,-75.368,G1,Simulacro 2,S2,,,,176.2,36.6,24,34,34.5,70.9,NO,Segunda aplicacion del mismo estudiante,
RIO-SANTA BARBARA-2,Rionegro,Santa Barbara,SANTA BARBARA,Rionegro,Antioquia,Oficial,6.198,-75.368,G2,Simulacro 1,S1,,,,170.4,43.9,24,28,39.7,36.4,SI,,170.4
RIO-SANTA BARBARA-2,Rionegro,Santa Barbara,SANTA BARBARA,Rionegro,Antioquia,Oficial,6.198,-75.368,G2,Simulacro 2,S2,,,,211.6,46.3,32,48,43.1,41.8,NO,Segunda aplicacion del mismo estudiante,
RIO-SANTA BARBARA-20,Rionegro,Santa Barbara,SANTA BARBARA,Rionegro,Antioquia,Oficial,6.198,-75.368,G1,Simulacro 1,S1,,,,185.6,48.8,42,24,32.8,40.0,SI,,185.6
RIO-SANTA BARBARA-20,Rionegro,Santa Barbara,SANTA BARBARA,Rionegro,Antioquia,Oficial,6.198,-75.368,G1,Simulacro 2,S2,,,,222.2,46.3,32,50,44.8,58.2,NO,Segunda aplicacion del mismo estudiante,
RIO-SANTA BARBARA-21,Rionegro,Santa Barbara,SANTA BARBARA,Rionegro,Antioquia,Oficial,6.198,-75.368,G1,Simulacro 1,S1,,,,174.6,51.2,26,34,31.0,27.3,SI,,174.6
RIO-SANTA BARBARA-21,Rionegro,Santa Barbara,SANTA BARBARA,Rionegro,Antioquia,Oficial,6.198,-75.368,G1,Simulacro 2,S2,,,,195.0,36.6,28,52,39.7,38.2,NO,Segunda aplicacion del mismo estudiante,
RIO-SANTA BARBARA-22,Rionegro,Santa Barbara,SANTA BARBARA,Rionegro,Antioquia,Oficial,6.198,-75.368,G1,Simulacro 1,S1,,,,153.5,48.8,26,18,29.3,32.7,SI,,153.5
RIO-SANTA BARBARA-22,Rionegro,Santa Barbara,SANTA BARBARA,Rionegro,Antioquia,Oficial,6.198,-75.368,G1,Simulacro 2,S2,,,,180.8,61.0,34,22,27.6,36.4,NO,Segunda aplicacion del mismo estudiante,
RIO-SANTA BARBARA-23,Rionegro,Santa Barbara,SANTA BARBARA,Rionegro,Antioquia,Oficial,6.198,-75.368,G1,Simulacro 1,S1,,,,256.5,70.7,32,74,31.0,43.6,SI,,256.5
RIO-SANTA BARBARA-23,Rionegro,Santa Barbara,SANTA BARBARA,Rionegro,Antioquia,Oficial,6.198,-75.368,G1,Simulacro 2,S2,,,,278.1,58.5,30,80,48.3,72.7,NO,Segunda aplicacion del mismo estudiante,
RIO-SANTA BARBARA-24,Rionegro,Santa Barbara,SANTA BARBARA,Rionegro,Antioquia,Oficial,6.198,-75.368,G1,Simulacro 1,S1,,,,246.2,63.4,42,44,50.0,41.8,SI,,246.2
RIO-SANTA BARBARA-24,Rionegro,Santa Barbara,SANTA BARBARA,Rionegro,Antioquia,Oficial,6.198,-75.368,G1,Simulacro 2,S2,,,,214.7,51.2,42,46,41.4,16.4,NO,Segunda aplicacion del mismo estudiante,
RIO-SANTA BARBARA-25,Rionegro,Santa Barbara,SANTA BARBARA,Rionegro,Antioquia,Oficial,6.198,-75.368,G1,Simulacro 1,S1,,,,175.8,41.5,32,34,32.8,36.4,SI,,175.8
RIO-SANTA BARBARA-25,Rionegro,Santa Barbara,SANTA BARBARA,Rionegro,Antioquia,Oficial,6.198,-75.368,G1,Simulacro 2,S2,,,,145.9,34.1,30,22,27.6,38.2,NO,Segunda aplicacion del mismo estudiante,
RIO-SANTA BARBARA-26,Rionegro,Santa Barbara,SANTA BARBARA,Rionegro,Antioquia,Oficial,6.198,-75.368,G1,Simulacro 1,S1,,,,187.6,36.6,30,36,44.8,45.5,SI,,187.6
RIO-SANTA BARBARA-26,Rionegro,Santa Barbara,SANTA BARBARA,Rionegro,Antioquia,Oficial,6.198,-75.368,G1,Simulacro 2,S2,,,,262.0,43.9,44,56,53.4,89.1,NO,Segunda aplicacion del mismo estudiante,
RIO-SANTA BARBARA-27,Rionegro,Santa Barbara,SANTA BARBARA,Rionegro,Antioquia,Oficial,6.198,-75.368,G1,Simulacro 2,S2,,,,177.2,43.9,28,34,37.9,29.1,NO,Segunda aplicacion del mismo estudiante,
RIO-SANTA BARBARA-28,Rionegro,Santa Barbara,SANTA BARBARA,Rionegro,Antioquia,Oficial,6.198,-75.368,G1,Simulacro 1,S1,,,,208.7,61.0,20,48,37.9,41.8,SI,,208.7
RIO-SANTA BARBARA-28,Rionegro,Santa Barbara,SANTA BARBARA,Rionegro,Antioquia,Oficial,6.198,-75.368,G1,Simulacro 2,S2,,,,260.2,56.1,34,56,55.2,72.7,NO,Segunda aplicacion del mismo estudiante,
RIO-SANTA BARBARA-29,Rionegro,Santa Barbara,SANTA BARBARA,Rionegro,Antioquia,Oficial,6.198,-75.368,G1,Simulacro 1,S1,,,,40.4,0.0,10,6,6.9,36.4,SI,,40.4
RIO-SANTA BARBARA-29,Rionegro,Santa Barbara,SANTA BARBARA,Rionegro,Antioquia,Oficial,6.198,-75.368,G1,Simulacro 2,S2,,,,232.9,46.3,52,36,39.7,83.6,NO,Segunda aplicacion del mismo estudiante,
RIO-SANTA BARBARA-3,Rionegro,Santa Barbara,SANTA BARBARA,Rionegro,Antioquia,Oficial,6.198,-75.368,G2,Simulacro 1,S1,,,,221.8,61.0,26,56,31.0,54.5,SI,,221.8
RIO-SANTA BARBARA-3,Rionegro,Santa Barbara,SANTA BARBARA,Rionegro,Antioquia,Oficial,6.198,-75.368,G2,Simulacro 2,S2,,,,259.6,61.0,20,72,56.9,45.5,NO,Segunda aplicacion del mismo estudiante,
RIO-SANTA BARBARA-30,Rionegro,Santa Barbara,SANTA BARBARA,Rionegro,Antioquia,Oficial,6.198,-75.368,G1,Simulacro 1,S1,,,,306.3,68.3,38,82,51.7,76.4,SI,,306.3
RIO-SANTA BARBARA-30,Rionegro,Santa Barbara,SANTA BARBARA,Rionegro,Antioquia,Oficial,6.198,-75.368,G1,Simulacro 2,S2,,,,320.6,58.5,44,78,70.7,80.0,NO,Segunda aplicacion del mismo estudiante,
RIO-SANTA BARBARA-31,Rionegro,Santa Barbara,SANTA BARBARA,Rionegro,Antioquia,Oficial,6.198,-75.368,G1,Simulacro 1,S1,,,,205.8,51.2,34,50,31.0,36.4,SI,,205.8
RIO-SANTA BARBARA-31,Rionegro,Santa Barbara,SANTA BARBARA,Rionegro,Antioquia,Oficial,6.198,-75.368,G1,Simulacro 2,S2,,,,164.7,36.6,34,36,25.9,30.9,NO,Segunda aplicacion del mismo estudiante,
RIO-SANTA BARBARA-32,Rionegro,Santa Barbara,SANTA BARBARA,Rionegro,Antioquia,Oficial,6.198,-75.368,G1,Simulacro 1,S1,,,,172.0,48.8,26,32,24.1,54.5,SI,,172.0
RIO-SANTA BARBARA-32,Rionegro,Santa Barbara,SANTA BARBARA,Rionegro,Antioquia,Oficial,6.198,-75.368,G1,Simulacro 2,S2,,,,215.9,51.2,46,42,32.8,45.5,NO,Segunda aplicacion del mismo estudiante,
RIO-SANTA BARBARA-33,Rionegro,Santa Barbara,SANTA BARBARA,Rionegro,Antioquia,Oficial,6.198,-75.368,G1,Simulacro 1,S1,,,,156.2,36.6,22,22,39.7,45.5,SI,,156.2
RIO-SANTA BARBARA-33,Rionegro,Santa Barbara,SANTA BARBARA,Rionegro,Antioquia,Oficial,6.198,-75.368,G1,Simulacro 2,S2,,,,315.2,53.7,66,72,50.0,94.5,NO,Segunda aplicacion del mismo estudiante,
RIO-SANTA BARBARA-34,Rionegro,Santa Barbara,SANTA BARBARA,Rionegro,Antioquia,Oficial,6.198,-75.368,G1,Simulacro 1,S1,,,,185.3,46.3,24,38,41.4,32.7,SI,,185.3
RIO-SANTA BARBARA-34,Rionegro,Santa Barbara,SANTA BARBARA,Rionegro,Antioquia,Oficial,6.198,-75.368,G1,Simulacro 2,S2,,,,233.7,46.3,40,54,37.9,72.7,NO,Segunda aplicacion del mismo estudiante,
RIO-SANTA BARBARA-35,Rionegro,Santa Barbara,SANTA BARBARA,Rionegro,Antioquia,Oficial,6.198,-75.368,G1,Simulacro 1,S1,,,,138.0,31.7,26,22,24.1,47.3,SI,,138.0
RIO-SANTA BARBARA-35,Rionegro,Santa Barbara,SANTA BARBARA,Rionegro,Antioquia,Oficial,6.198,-75.368,G1,Simulacro 2,S2,,,,275.5,56.1,38,60,58.6,78.2,NO,Segunda aplicacion del mismo estudiante,
RIO-SANTA BARBARA-4,Rionegro,Santa Barbara,SANTA BARBARA,Rionegro,Antioquia,Oficial,6.198,-75.368,G2,Simulacro 1,S1,,,,102.2,24.4,10,22,20.7,34.5,SI,,102.2
RIO-SANTA BARBARA-4,Rionegro,Santa Barbara,SANTA BARBARA,Rionegro,Antioquia,Oficial,6.198,-75.368,G2,Simulacro 2,S2,,,,160.6,36.6,34,22,34.5,36.4,NO,Segunda aplicacion del mismo estudiante,
RIO-SANTA BARBARA-5,Rionegro,Santa Barbara,SANTA BARBARA,Rionegro,Antioquia,Oficial,6.198,-75.368,G2,Simulacro 1,S1,,,,154.0,41.5,34,26,24.1,23.6,SI,,154.0
RIO-SANTA BARBARA-5,Rionegro,Santa Barbara,SANTA BARBARA,Rionegro,Antioquia,Oficial,6.198,-75.368,G2,Simulacro 2,S2,,,,193.1,46.3,28,44,34.5,43.6,NO,Segunda aplicacion del mismo estudiante,
RIO-SANTA BARBARA-6,Rionegro,Santa Barbara,SANTA BARBARA,Rionegro,Antioquia,Oficial,6.198,-75.368,G2,Simulacro 1,S1,,,,151.8,48.8,28,22,20.7,36.4,SI,,151.8
RIO-SANTA BARBARA-6,Rionegro,Santa Barbara,SANTA BARBARA,Rionegro,Antioquia,Oficial,6.198,-75.368,G2,Simulacro 2,S2,,,,173.2,48.8,30,20,36.2,45.5,NO,Segunda aplicacion del mismo estudiante,
RIO-SANTA BARBARA-7,Rionegro,Santa Barbara,SANTA BARBARA,Rionegro,Antioquia,Oficial,6.198,-75.368,G2,Simulacro 1,S1,,,,55.9,0.0,14,14,13.8,20.0,SI,,55.9
RIO-SANTA BARBARA-7,Rionegro,Santa Barbara,SANTA BARBARA,Rionegro,Antioquia,Oficial,6.198,-75.368,G2,Simulacro 2,S2,,,,112.6,36.6,28,14,19.0,0.0,NO,Segunda aplicacion del mismo estudiante,
RIO-SANTA BARBARA-8,Rionegro,Santa Barbara,SANTA BARBARA,Rionegro,Antioquia,Oficial,6.198,-75.368,G2,Simulacro 1,S1,,,,229.4,63.4,34,50,36.2,45.5,SI,,229.4
RIO-SANTA BARBARA-8,Rionegro,Santa Barbara,SANTA BARBARA,Rionegro,Antioquia,Oficial,6.198,-75.368,G2,Simulacro 2,S2,,,,232.6,51.2,46,44,48.3,36.4,NO,Segunda aplicacion del mismo estudiante,
RIO-SANTA BARBARA-9,Rionegro,Santa Barbara,SANTA BARBARA,Rionegro,Antioquia,Oficial,6.198,-75.368,G2,Simulacro 1,S1,,,,229.9,75.6,46,24,39.7,41.8,SI,,229.9
RIO-SANTA BARBARA-9,Rionegro,Santa Barbara,SANTA BARBARA,Rionegro,Antioquia,Oficial,6.198,-75.368,G2,Simulacro 2,S2,,,,287.0,58.5,68,52,56.9,40.0,NO,Segunda aplicacion del mismo estudiante,
RIO-TECNICO INDUSTRIAL-1,Rionegro,Tecnico Industrial,TECNICO INDUSTRIAL,Rionegro,Antioquia,Oficial,6.145,-75.374,G3,Simulacro 1,S1,,,,227.5,51.2,44,30,58.6,40.0,SI,,227.5
RIO-TECNICO INDUSTRIAL-1,Rionegro,Tecnico Industrial,TECNICO INDUSTRIAL,Rionegro,Antioquia,Oficial,6.145,-75.374,G3,Simulacro 2,S2,,,,277.7,51.2,54,64,56.9,43.6,NO,Segunda aplicacion del mismo estudiante,
RIO-TECNICO INDUSTRIAL-10,Rionegro,Tecnico Industrial,TECNICO INDUSTRIAL,Rionegro,Antioquia,Oficial,6.145,-75.374,G3,Simulacro 1,S1,,,,257.5,56.1,42,40,62.1,69.1,SI,,257.5
RIO-TECNICO INDUSTRIAL-10,Rionegro,Tecnico Industrial,TECNICO INDUSTRIAL,Rionegro,Antioquia,Oficial,6.145,-75.374,G3,Simulacro 2,S2,,,,344.7,61.0,64,78,67.2,85.5,NO,Segunda aplicacion del mismo estudiante,
RIO-TECNICO INDUSTRIAL-100,Rionegro,Tecnico Industrial,TECNICO INDUSTRIAL,Rionegro,Antioquia,Oficial,6.145,-75.374,G1,Simulacro 1,S1,,,,257.5,61.0,48,46,50.0,54.5,SI,,257.5
RIO-TECNICO INDUSTRIAL-100,Rionegro,Tecnico Industrial,TECNICO INDUSTRIAL,Rionegro,Antioquia,Oficial,6.145,-75.374,G1,Simulacro 2,S2,,,,273.3,53.7,52,58,58.6,43.6,NO,Segunda aplicacion del mismo estudiante,
RIO-TECNICO INDUSTRIAL-101,Rionegro,Tecnico Industrial,TECNICO INDUSTRIAL,Rionegro,Antioquia,Oficial,6.145,-75.374,G1,Simulacro 1,S1,,,,418.5,80.5,84,84,84.5,89.1,SI,,418.5
RIO-TECNICO INDUSTRIAL-101,Rionegro,Tecnico Industrial,TECNICO INDUSTRIAL,Rionegro,Antioquia,Oficial,6.145,-75.374,G1,Simulacro 2,S2,,,,414.4,65.9,86,92,86.2,87.3,NO,Segunda aplicacion del mismo estudiante,
RIO-TECNICO INDUSTRIAL-102,Rionegro,Tecnico Industrial,TECNICO INDUSTRIAL,Rionegro,Antioquia,Oficial,6.145,-75.374,G2,Simulacro 2,S2,,,,118.8,0.0,34,10,41.4,52.7,NO,Segunda aplicacion del mismo estudiante,
RIO-TECNICO INDUSTRIAL-11,Rionegro,Tecnico Industrial,TECNICO INDUSTRIAL,Rionegro,Antioquia,Oficial,6.145,-75.374,G3,Simulacro 1,S1,,,,313.2,73.2,50,70,65.5,38.2,SI,,313.2
RIO-TECNICO INDUSTRIAL-11,Rionegro,Tecnico Industrial,TECNICO INDUSTRIAL,Rionegro,Antioquia,Oficial,6.145,-75.374,G3,Simulacro 2,S2,,,,293.7,48.8,56,76,58.6,45.5,NO,Segunda aplicacion del mismo estudiante,
RIO-TECNICO INDUSTRIAL-12,Rionegro,Tecnico Industrial,TECNICO INDUSTRIAL,Rionegro,Antioquia,Oficial,6.145,-75.374,G3,Simulacro 1,S1,,,,154.6,41.5,30,18,27.6,50.9,SI,,154.6
RIO-TECNICO INDUSTRIAL-12,Rionegro,Tecnico Industrial,TECNICO INDUSTRIAL,Rionegro,Antioquia,Oficial,6.145,-75.374,G3,Simulacro 2,S2,,,,276.5,58.5,54,56,51.7,58.2,NO,Segunda aplicacion del mismo estudiante,
RIO-TECNICO INDUSTRIAL-13,Rionegro,Tecnico Industrial,TECNICO INDUSTRIAL,Rionegro,Antioquia,Oficial,6.145,-75.374,G3,Simulacro 1,S1,,,,391.3,87.8,70,80,75.9,76.4,SI,,391.3
RIO-TECNICO INDUSTRIAL-13,Rionegro,Tecnico Industrial,TECNICO INDUSTRIAL,Rionegro,Antioquia,Oficial,6.145,-75.374,G3,Simulacro 2,S2,,,,352.4,58.5,72,84,67.2,70.9,NO,Segunda aplicacion del mismo estudiante,
RIO-TECNICO INDUSTRIAL-14,Rionegro,Tecnico Industrial,TECNICO INDUSTRIAL,Rionegro,Antioquia,Oficial,6.145,-75.374,G3,Simulacro 1,S1,,,,256.9,46.3,40,64,51.7,61.8,SI,,256.9
RIO-TECNICO INDUSTRIAL-14,Rionegro,Tecnico Industrial,TECNICO INDUSTRIAL,Rionegro,Antioquia,Oficial,6.145,-75.374,G3,Simulacro 2,S2,,,,227.4,46.3,36,48,53.4,40.0,NO,Segunda aplicacion del mismo estudiante,
RIO-TECNICO INDUSTRIAL-15,Rionegro,Tecnico Industrial,TECNICO INDUSTRIAL,Rionegro,Antioquia,Oficial,6.145,-75.374,G3,Simulacro 2,S2,,,,304.9,46.3,64,76,50.0,83.6,NO,Segunda aplicacion del mismo estudiante,
RIO-TECNICO INDUSTRIAL-16,Rionegro,Tecnico Industrial,TECNICO INDUSTRIAL,Rionegro,Antioquia,Oficial,6.145,-75.374,G3,Simulacro 1,S1,,,,204.2,58.5,38,24,43.1,40.0,SI,,204.2
RIO-TECNICO INDUSTRIAL-16,Rionegro,Tecnico Industrial,TECNICO INDUSTRIAL,Rionegro,Antioquia,Oficial,6.145,-75.374,G3,Simulacro 2,S2,,,,267.9,53.7,36,64,60.3,54.5,NO,Segunda aplicacion del mismo estudiante,
RIO-TECNICO INDUSTRIAL-17,Rionegro,Tecnico Industrial,TECNICO INDUSTRIAL,Rionegro,Antioquia,Oficial,6.145,-75.374,G3,Simulacro 1,S1,,,,250.5,58.5,40,52,46.6,60.0,SI,,250.5
RIO-TECNICO INDUSTRIAL-17,Rionegro,Tecnico Industrial,TECNICO INDUSTRIAL,Rionegro,Antioquia,Oficial,6.145,-75.374,G3,Simulacro 2,S2,,,,250.6,46.3,56,50,44.8,60.0,NO,Segunda aplicacion del mismo estudiante,
RIO-TECNICO INDUSTRIAL-18,Rionegro,Tecnico Industrial,TECNICO INDUSTRIAL,Rionegro,Antioquia,Oficial,6.145,-75.374,G3,Simulacro 1,S1,,,,203.4,43.9,24,40,46.6,65.5,SI,,203.4
RIO-TECNICO INDUSTRIAL-18,Rionegro,Tecnico Industrial,TECNICO INDUSTRIAL,Rionegro,Antioquia,Oficial,6.145,-75.374,G3,Simulacro 2,S2,,,,201.1,48.8,28,38,43.1,49.1,NO,Segunda aplicacion del mismo estudiante,
RIO-TECNICO INDUSTRIAL-19,Rionegro,Tecnico Industrial,TECNICO INDUSTRIAL,Rionegro,Antioquia,Oficial,6.145,-75.374,G3,Simulacro 1,S1,,,,282.8,65.9,46,62,50.0,63.6,SI,,282.8
RIO-TECNICO INDUSTRIAL-19,Rionegro,Tecnico Industrial,TECNICO INDUSTRIAL,Rionegro,Antioquia,Oficial,6.145,-75.374,G3,Simulacro 2,S2,,,,272.7,41.5,54,80,50.0,32.7,NO,Segunda aplicacion del mismo estudiante,
RIO-TECNICO INDUSTRIAL-2,Rionegro,Tecnico Industrial,TECNICO INDUSTRIAL,Rionegro,Antioquia,Oficial,6.145,-75.374,G3,Simulacro 1,S1,,,,236.8,61.0,48,30,51.7,43.6,SI,,236.8
RIO-TECNICO INDUSTRIAL-2,Rionegro,Tecnico Industrial,TECNICO INDUSTRIAL,Rionegro,Antioquia,Oficial,6.145,-75.374,G3,Simulacro 2,S2,,,,277.7,53.7,56,74,43.1,41.8,NO,Segunda aplicacion del mismo estudiante,
RIO-TECNICO INDUSTRIAL-20,Rionegro,Tecnico Industrial,TECNICO INDUSTRIAL,Rionegro,Antioquia,Oficial,6.145,-75.374,G3,Simulacro 1,S1,,,,233.6,36.6,36,44,70.7,45.5,SI,,233.6
RIO-TECNICO INDUSTRIAL-20,Rionegro,Tecnico Industrial,TECNICO INDUSTRIAL,Rionegro,Antioquia,Oficial,6.145,-75.374,G3,Simulacro 2,S2,,,,281.0,51.2,66,54,51.7,61.8,NO,Segunda aplicacion del mismo estudiante,
RIO-TECNICO INDUSTRIAL-21,Rionegro,Tecnico Industrial,TECNICO INDUSTRIAL,Rionegro,Antioquia,Oficial,6.145,-75.374,G3,Simulacro 1,S1,,,,223.3,56.1,38,34,44.8,61.8,SI,,223.3
RIO-TECNICO INDUSTRIAL-21,Rionegro,Tecnico Industrial,TECNICO INDUSTRIAL,Rionegro,Antioquia,Oficial,6.145,-75.374,G3,Simulacro 2,S2,,,,222.4,48.8,40,24,56.9,69.1,NO,Segunda aplicacion del mismo estudiante,
RIO-TECNICO INDUSTRIAL-22,Rionegro,Tecnico Industrial,TECNICO INDUSTRIAL,Rionegro,Antioquia,Oficial,6.145,-75.374,G3,Simulacro 1,S1,,,,252.3,56.1,38,42,63.8,56.4,SI,,252.3
RIO-TECNICO INDUSTRIAL-22,Rionegro,Tecnico Industrial,TECNICO INDUSTRIAL,Rionegro,Antioquia,Oficial,6.145,-75.374,G3,Simulacro 2,S2,,,,261.6,39.0,58,50,60.3,58.2,NO,Segunda aplicacion del mismo estudiante,
RIO-TECNICO INDUSTRIAL-23,Rionegro,Tecnico Industrial,TECNICO INDUSTRIAL,Rionegro,Antioquia,Oficial,6.145,-75.374,G3,Simulacro 1,S1,,,,328.2,61.0,58,68,69.0,85.5,SI,,328.2
RIO-TECNICO INDUSTRIAL-23,Rionegro,Tecnico Industrial,TECNICO INDUSTRIAL,Rionegro,Antioquia,Oficial,6.145,-75.374,G3,Simulacro 2,S2,,,,351.2,58.5,62,80,74.1,89.1,NO,Segunda aplicacion del mismo estudiante,
RIO-TECNICO INDUSTRIAL-24,Rionegro,Tecnico Industrial,TECNICO INDUSTRIAL,Rionegro,Antioquia,Oficial,6.145,-75.374,G3,Simulacro 1,S1,,,,243.8,61.0,36,44,55.2,45.5,SI,,243.8
RIO-TECNICO INDUSTRIAL-24,Rionegro,Tecnico Industrial,TECNICO INDUSTRIAL,Rionegro,Antioquia,Oficial,6.145,-75.374,G3,Simulacro 2,S2,,,,275.8,51.2,56,54,62.1,47.3,NO,Segunda aplicacion del mismo estudiante,
RIO-TECNICO INDUSTRIAL-25,Rionegro,Tecnico Industrial,TECNICO INDUSTRIAL,Rionegro,Antioquia,Oficial,6.145,-75.374,G3,Simulacro 1,S1,,,,286.7,68.3,44,62,51.7,67.3,SI,,286.7
RIO-TECNICO INDUSTRIAL-25,Rionegro,Tecnico Industrial,TECNICO INDUSTRIAL,Rionegro,Antioquia,Oficial,6.145,-75.374,G3,Simulacro 2,S2,,,,326.4,51.2,58,78,69.0,80.0,NO,Segunda aplicacion del mismo estudiante,
RIO-TECNICO INDUSTRIAL-26,Rionegro,Tecnico Industrial,TECNICO INDUSTRIAL,Rionegro,Antioquia,Oficial,6.145,-75.374,G3,Simulacro 1,S1,,,,370.9,70.7,72,78,75.9,74.5,SI,,370.9
RIO-TECNICO INDUSTRIAL-26,Rionegro,Tecnico Industrial,TECNICO INDUSTRIAL,Rionegro,Antioquia,Oficial,6.145,-75.374,G3,Simulacro 2,S2,,,,362.4,63.4,74,84,67.2,76.4,NO,Segunda aplicacion del mismo estudiante,
RIO-TECNICO INDUSTRIAL-27,Rionegro,Tecnico Industrial,TECNICO INDUSTRIAL,Rionegro,Antioquia,Oficial,6.145,-75.374,G3,Simulacro 1,S1,,,,279.3,58.5,48,58,56.9,61.8,SI,,279.3
RIO-TECNICO INDUSTRIAL-27,Rionegro,Tecnico Industrial,TECNICO INDUSTRIAL,Rionegro,Antioquia,Oficial,6.145,-75.374,G3,Simulacro 2,S2,,,,254.7,48.8,62,52,48.3,29.1,NO,Segunda aplicacion del mismo estudiante,
RIO-TECNICO INDUSTRIAL-28,Rionegro,Tecnico Industrial,TECNICO INDUSTRIAL,Rionegro,Antioquia,Oficial,6.145,-75.374,G3,Simulacro 1,S1,,,,159.7,34.1,48,20,24.1,36.4,SI,,159.7
RIO-TECNICO INDUSTRIAL-28,Rionegro,Tecnico Industrial,TECNICO INDUSTRIAL,Rionegro,Antioquia,Oficial,6.145,-75.374,G3,Simulacro 2,S2,,,,227.1,46.3,56,36,50.0,25.5,NO,Segunda aplicacion del mismo estudiante,
RIO-TECNICO INDUSTRIAL-29,Rionegro,Tecnico Industrial,TECNICO INDUSTRIAL,Rionegro,Antioquia,Oficial,6.145,-75.374,G3,Simulacro 1,S1,,,,279.6,51.2,54,52,62.1,69.1,SI,,279.6
RIO-TECNICO INDUSTRIAL-29,Rionegro,Tecnico Industrial,TECNICO INDUSTRIAL,Rionegro,Antioquia,Oficial,6.145,-75.374,G3,Simulacro 2,S2,,,,292.7,56.1,44,62,65.5,78.2,NO,Segunda aplicacion del mismo estudiante,
RIO-TECNICO INDUSTRIAL-3,Rionegro,Tecnico Industrial,TECNICO INDUSTRIAL,Rionegro,Antioquia,Oficial,6.145,-75.374,G3,Simulacro 1,S1,,,,221.7,46.3,42,28,55.2,61.8,SI,,221.7
RIO-TECNICO INDUSTRIAL-3,Rionegro,Tecnico Industrial,TECNICO INDUSTRIAL,Rionegro,Antioquia,Oficial,6.145,-75.374,G3,Simulacro 2,S2,,,,308.3,58.5,64,62,62.1,61.8,NO,Segunda aplicacion del mismo estudiante,
RIO-TECNICO INDUSTRIAL-30,Rionegro,Tecnico Industrial,TECNICO INDUSTRIAL,Rionegro,Antioquia,Oficial,6.145,-75.374,G3,Simulacro 1,S1,,,,253.0,58.5,38,48,51.7,69.1,SI,,253.0
RIO-TECNICO INDUSTRIAL-30,Rionegro,Tecnico Industrial,TECNICO INDUSTRIAL,Rionegro,Antioquia,Oficial,6.145,-75.374,G3,Simulacro 2,S2,,,,264.2,46.3,58,50,53.4,63.6,NO,Segunda aplicacion del mismo estudiante,
RIO-TECNICO INDUSTRIAL-31,Rionegro,Tecnico Industrial,TECNICO INDUSTRIAL,Rionegro,Antioquia,Oficial,6.145,-75.374,G3,Simulacro 1,S1,,,,298.6,73.2,50,70,41.4,72.7,SI,,298.6
RIO-TECNICO INDUSTRIAL-31,Rionegro,Tecnico Industrial,TECNICO INDUSTRIAL,Rionegro,Antioquia,Oficial,6.145,-75.374,G3,Simulacro 2,S2,,,,269.2,46.3,68,38,60.3,61.8,NO,Segunda aplicacion del mismo estudiante,
RIO-TECNICO INDUSTRIAL-32,Rionegro,Tecnico Industrial,TECNICO INDUSTRIAL,Rionegro,Antioquia,Oficial,6.145,-75.374,G3,Simulacro 1,S1,,,,303.5,48.8,58,70,63.8,67.3,SI,,303.5
RIO-TECNICO INDUSTRIAL-32,Rionegro,Tecnico Industrial,TECNICO INDUSTRIAL,Rionegro,Antioquia,Oficial,6.145,-75.374,G3,Simulacro 2,S2,,,,282.1,53.7,68,58,44.8,60.0,NO,Segunda aplicacion del mismo estudiante,
RIO-TECNICO INDUSTRIAL-33,Rionegro,Tecnico Industrial,TECNICO INDUSTRIAL,Rionegro,Antioquia,Oficial,6.145,-75.374,G3,Simulacro 1,S1,,,,169.6,26.8,34,36,36.2,41.8,SI,,169.6
RIO-TECNICO INDUSTRIAL-33,Rionegro,Tecnico Industrial,TECNICO INDUSTRIAL,Rionegro,Antioquia,Oficial,6.145,-75.374,G3,Simulacro 2,S2,,,,239.4,61.0,58,42,36.2,30.9,NO,Segunda aplicacion del mismo estudiante,
RIO-TECNICO INDUSTRIAL-34,Rionegro,Tecnico Industrial,TECNICO INDUSTRIAL,Rionegro,Antioquia,Oficial,6.145,-75.374,G3,Simulacro 1,S1,,,,169.2,29.3,44,28,34.5,32.7,SI,,169.2
RIO-TECNICO INDUSTRIAL-34,Rionegro,Tecnico Industrial,TECNICO INDUSTRIAL,Rionegro,Antioquia,Oficial,6.145,-75.374,G3,Simulacro 2,S2,,,,246.6,63.4,56,32,46.6,47.3,NO,Segunda aplicacion del mismo estudiante,
RIO-TECNICO INDUSTRIAL-35,Rionegro,Tecnico Industrial,TECNICO INDUSTRIAL,Rionegro,Antioquia,Oficial,6.145,-75.374,G3,Simulacro 1,S1,,,,266.1,68.3,44,52,50.0,49.1,SI,,266.1
RIO-TECNICO INDUSTRIAL-35,Rionegro,Tecnico Industrial,TECNICO INDUSTRIAL,Rionegro,Antioquia,Oficial,6.145,-75.374,G3,Simulacro 2,S2,,,,215.6,31.7,44,46,50.0,45.5,NO,Segunda aplicacion del mismo estudiante,
RIO-TECNICO INDUSTRIAL-36,Rionegro,Tecnico Industrial,TECNICO INDUSTRIAL,Rionegro,Antioquia,Oficial,6.145,-75.374,G2,Simulacro 1,S1,,,,249.6,61.0,42,48,46.6,56.4,SI,,249.6
RIO-TECNICO INDUSTRIAL-36,Rionegro,Tecnico Industrial,TECNICO INDUSTRIAL,Rionegro,Antioquia,Oficial,6.145,-75.374,G2,Simulacro 2,S2,,,,285.7,58.5,44,66,62.1,50.9,NO,Segunda aplicacion del mismo estudiante,
RIO-TECNICO INDUSTRIAL-37,Rionegro,Tecnico Industrial,TECNICO INDUSTRIAL,Rionegro,Antioquia,Oficial,6.145,-75.374,G2,Simulacro 1,S1,,,,191.8,34.1,42,34,37.9,54.5,SI,,191.8
RIO-TECNICO INDUSTRIAL-37,Rionegro,Tecnico Industrial,TECNICO INDUSTRIAL,Rionegro,Antioquia,Oficial,6.145,-75.374,G2,Simulacro 2,S2,,,,192.5,63.4,34,28,41.4,0.0,NO,Segunda aplicacion del mismo estudiante,
RIO-TECNICO INDUSTRIAL-38,Rionegro,Tecnico Industrial,TECNICO INDUSTRIAL,Rionegro,Antioquia,Oficial,6.145,-75.374,G2,Simulacro 1,S1,,,,248.9,48.8,38,68,37.9,69.1,SI,,248.9
RIO-TECNICO INDUSTRIAL-38,Rionegro,Tecnico Industrial,TECNICO INDUSTRIAL,Rionegro,Antioquia,Oficial,6.145,-75.374,G2,Simulacro 2,S2,,,,290.3,53.7,54,72,48.3,70.9,NO,Segunda aplicacion del mismo estudiante,
RIO-TECNICO INDUSTRIAL-39,Rionegro,Tecnico Industrial,TECNICO INDUSTRIAL,Rionegro,Antioquia,Oficial,6.145,-75.374,G2,Simulacro 1,S1,,,,305.0,70.7,44,62,60.3,81.8,SI,,305.0
RIO-TECNICO INDUSTRIAL-39,Rionegro,Tecnico Industrial,TECNICO INDUSTRIAL,Rionegro,Antioquia,Oficial,6.145,-75.374,G2,Simulacro 2,S2,,,,349.2,63.4,64,76,69.0,90.9,NO,Segunda aplicacion del mismo estudiante,
RIO-TECNICO INDUSTRIAL-4,Rionegro,Tecnico Industrial,TECNICO INDUSTRIAL,Rionegro,Antioquia,Oficial,6.145,-75.374,G3,Simulacro 1,S1,,,,296.1,70.7,56,60,51.7,54.5,SI,,296.1
RIO-TECNICO INDUSTRIAL-4,Rionegro,Tecnico Industrial,TECNICO INDUSTRIAL,Rionegro,Antioquia,Oficial,6.145,-75.374,G3,Simulacro 2,S2,,,,294.3,56.1,64,64,55.2,47.3,NO,Segunda aplicacion del mismo estudiante,
RIO-TECNICO INDUSTRIAL-40,Rionegro,Tecnico Industrial,TECNICO INDUSTRIAL,Rionegro,Antioquia,Oficial,6.145,-75.374,G2,Simulacro 1,S1,,,,240.5,53.7,42,56,36.2,61.8,SI,,240.5
RIO-TECNICO INDUSTRIAL-40,Rionegro,Tecnico Industrial,TECNICO INDUSTRIAL,Rionegro,Antioquia,Oficial,6.145,-75.374,G2,Simulacro 2,S2,,,,286.8,51.2,50,74,55.2,54.5,NO,Segunda aplicacion del mismo estudiante,
RIO-TECNICO INDUSTRIAL-41,Rionegro,Tecnico Industrial,TECNICO INDUSTRIAL,Rionegro,Antioquia,Oficial,6.145,-75.374,G2,Simulacro 2,S2,,,,281.3,56.1,60,62,51.7,41.8,NO,Segunda aplicacion del mismo estudiante,
RIO-TECNICO INDUSTRIAL-42,Rionegro,Tecnico Industrial,TECNICO INDUSTRIAL,Rionegro,Antioquia,Oficial,6.145,-75.374,G2,Simulacro 2,S2,,,,351.2,61.0,74,76,65.5,83.6,NO,Segunda aplicacion del mismo estudiante,
RIO-TECNICO INDUSTRIAL-43,Rionegro,Tecnico Industrial,TECNICO INDUSTRIAL,Rionegro,Antioquia,Oficial,6.145,-75.374,G2,Simulacro 1,S1,,,,268.4,58.5,58,40,60.3,47.3,SI,,268.4
RIO-TECNICO INDUSTRIAL-43,Rionegro,Tecnico Industrial,TECNICO INDUSTRIAL,Rionegro,Antioquia,Oficial,6.145,-75.374,G2,Simulacro 2,S2,,,,307.3,58.5,68,56,63.8,60.0,NO,Segunda aplicacion del mismo estudiante,
RIO-TECNICO INDUSTRIAL-44,Rionegro,Tecnico Industrial,TECNICO INDUSTRIAL,Rionegro,Antioquia,Oficial,6.145,-75.374,G2,Simulacro 1,S1,,,,249.0,75.6,56,48,36.2,0.0,SI,,249.0
RIO-TECNICO INDUSTRIAL-44,Rionegro,Tecnico Industrial,TECNICO INDUSTRIAL,Rionegro,Antioquia,Oficial,6.145,-75.374,G2,Simulacro 2,S2,,,,331.4,58.5,58,80,70.7,60.0,NO,Segunda aplicacion del mismo estudiante,
RIO-TECNICO INDUSTRIAL-45,Rionegro,Tecnico Industrial,TECNICO INDUSTRIAL,Rionegro,Antioquia,Oficial,6.145,-75.374,G2,Simulacro 1,S1,,,,207.2,46.3,22,50,44.8,49.1,SI,,207.2
RIO-TECNICO INDUSTRIAL-45,Rionegro,Tecnico Industrial,TECNICO INDUSTRIAL,Rionegro,Antioquia,Oficial,6.145,-75.374,G2,Simulacro 2,S2,,,,229.6,41.5,46,44,51.7,47.3,NO,Segunda aplicacion del mismo estudiante,
RIO-TECNICO INDUSTRIAL-46,Rionegro,Tecnico Industrial,TECNICO INDUSTRIAL,Rionegro,Antioquia,Oficial,6.145,-75.374,G2,Simulacro 1,S1,,,,261.2,63.4,34,52,55.2,65.5,SI,,261.2
RIO-TECNICO INDUSTRIAL-46,Rionegro,Tecnico Industrial,TECNICO INDUSTRIAL,Rionegro,Antioquia,Oficial,6.145,-75.374,G2,Simulacro 2,S2,,,,267.9,48.8,58,54,46.6,74.5,NO,Segunda aplicacion del mismo estudiante,
RIO-TECNICO INDUSTRIAL-47,Rionegro,Tecnico Industrial,TECNICO INDUSTRIAL,Rionegro,Antioquia,Oficial,6.145,-75.374,G2,Simulacro 1,S1,,,,203.7,43.9,36,28,53.4,45.5,SI,,203.7
RIO-TECNICO INDUSTRIAL-47,Rionegro,Tecnico Industrial,TECNICO INDUSTRIAL,Rionegro,Antioquia,Oficial,6.145,-75.374,G2,Simulacro 2,S2,,,,295.7,53.7,68,58,62.1,43.6,NO,Segunda aplicacion del mismo estudiante,
RIO-TECNICO INDUSTRIAL-48,Rionegro,Tecnico Industrial,TECNICO INDUSTRIAL,Rionegro,Antioquia,Oficial,6.145,-75.374,G2,Simulacro 2,S2,,,,274.3,56.1,52,62,48.3,58.2,NO,Segunda aplicacion del mismo estudiante,
RIO-TECNICO INDUSTRIAL-49,Rionegro,Tecnico Industrial,TECNICO INDUSTRIAL,Rionegro,Antioquia,Oficial,6.145,-75.374,G2,Simulacro 1,S1,,,,257.6,53.7,56,32,60.3,63.6,SI,,257.6
RIO-TECNICO INDUSTRIAL-49,Rionegro,Tecnico Industrial,TECNICO INDUSTRIAL,Rionegro,Antioquia,Oficial,6.145,-75.374,G2,Simulacro 2,S2,,,,295.9,61.0,58,54,58.6,74.5,NO,Segunda aplicacion del mismo estudiante,
RIO-TECNICO INDUSTRIAL-5,Rionegro,Tecnico Industrial,TECNICO INDUSTRIAL,Rionegro,Antioquia,Oficial,6.145,-75.374,G3,Simulacro 1,S1,,,,145.0,39.0,32,20,20.7,41.8,SI,,145.0
RIO-TECNICO INDUSTRIAL-5,Rionegro,Tecnico Industrial,TECNICO INDUSTRIAL,Rionegro,Antioquia,Oficial,6.145,-75.374,G3,Simulacro 2,S2,,,,256.3,53.7,64,46,39.7,56.4,NO,Segunda aplicacion del mismo estudiante,
RIO-TECNICO INDUSTRIAL-50,Rionegro,Tecnico Industrial,TECNICO INDUSTRIAL,Rionegro,Antioquia,Oficial,6.145,-75.374,G2,Simulacro 1,S1,,,,318.3,68.3,40,74,62.1,94.5,SI,,318.3
RIO-TECNICO INDUSTRIAL-50,Rionegro,Tecnico Industrial,TECNICO INDUSTRIAL,Rionegro,Antioquia,Oficial,6.145,-75.374,G2,Simulacro 2,S2,,,,332.8,63.4,46,78,70.7,90.9,NO,Segunda aplicacion del mismo estudiante,
RIO-TECNICO INDUSTRIAL-51,Rionegro,Tecnico Industrial,TECNICO INDUSTRIAL,Rionegro,Antioquia,Oficial,6.145,-75.374,G2,Simulacro 1,S1,,,,285.2,65.9,40,68,55.2,54.5,SI,,285.2
RIO-TECNICO INDUSTRIAL-51,Rionegro,Tecnico Industrial,TECNICO INDUSTRIAL,Rionegro,Antioquia,Oficial,6.145,-75.374,G2,Simulacro 2,S2,,,,294.2,58.5,60,60,53.4,69.1,NO,Segunda aplicacion del mismo estudiante,
RIO-TECNICO INDUSTRIAL-52,Rionegro,Tecnico Industrial,TECNICO INDUSTRIAL,Rionegro,Antioquia,Oficial,6.145,-75.374,G2,Simulacro 2,S2,,,,302.6,58.5,58,60,62.1,70.9,NO,Segunda aplicacion del mismo estudiante,
RIO-TECNICO INDUSTRIAL-53,Rionegro,Tecnico Industrial,TECNICO INDUSTRIAL,Rionegro,Antioquia,Oficial,6.145,-75.374,G2,Simulacro 1,S1,,,,237.6,58.5,50,42,39.7,47.3,SI,,237.6
RIO-TECNICO INDUSTRIAL-53,Rionegro,Tecnico Industrial,TECNICO INDUSTRIAL,Rionegro,Antioquia,Oficial,6.145,-75.374,G2,Simulacro 2,S2,,,,282.0,56.1,58,56,60.3,41.8,NO,Segunda aplicacion del mismo estudiante,
RIO-TECNICO INDUSTRIAL-54,Rionegro,Tecnico Industrial,TECNICO INDUSTRIAL,Rionegro,Antioquia,Oficial,6.145,-75.374,G2,Simulacro 1,S1,,,,260.2,43.9,56,56,46.6,69.1,SI,,260.2
RIO-TECNICO INDUSTRIAL-54,Rionegro,Tecnico Industrial,TECNICO INDUSTRIAL,Rionegro,Antioquia,Oficial,6.145,-75.374,G2,Simulacro 2,S2,,,,278.2,41.5,58,50,63.8,83.6,NO,Segunda aplicacion del mismo estudiante,
RIO-TECNICO INDUSTRIAL-55,Rionegro,Tecnico Industrial,TECNICO INDUSTRIAL,Rionegro,Antioquia,Oficial,6.145,-75.374,G2,Simulacro 1,S1,,,,228.0,48.8,50,40,43.1,47.3,SI,,228.0
RIO-TECNICO INDUSTRIAL-55,Rionegro,Tecnico Industrial,TECNICO INDUSTRIAL,Rionegro,Antioquia,Oficial,6.145,-75.374,G2,Simulacro 2,S2,,,,267.2,53.7,54,48,63.8,36.4,NO,Segunda aplicacion del mismo estudiante,
RIO-TECNICO INDUSTRIAL-56,Rionegro,Tecnico Industrial,TECNICO INDUSTRIAL,Rionegro,Antioquia,Oficial,6.145,-75.374,G2,Simulacro 1,S1,,,,309.6,68.3,42,72,56.9,87.3,SI,,309.6
RIO-TECNICO INDUSTRIAL-56,Rionegro,Tecnico Industrial,TECNICO INDUSTRIAL,Rionegro,Antioquia,Oficial,6.145,-75.374,G2,Simulacro 2,S2,,,,360.8,63.4,66,84,69.0,90.9,NO,Segunda aplicacion del mismo estudiante,
RIO-TECNICO INDUSTRIAL-57,Rionegro,Tecnico Industrial,TECNICO INDUSTRIAL,Rionegro,Antioquia,Oficial,6.145,-75.374,G2,Simulacro 1,S1,,,,290.6,46.3,70,58,56.9,61.8,SI,,290.6
RIO-TECNICO INDUSTRIAL-57,Rionegro,Tecnico Industrial,TECNICO INDUSTRIAL,Rionegro,Antioquia,Oficial,6.145,-75.374,G2,Simulacro 2,S2,,,,338.6,43.9,70,84,70.7,74.5,NO,Segunda aplicacion del mismo estudiante,
RIO-TECNICO INDUSTRIAL-58,Rionegro,Tecnico Industrial,TECNICO INDUSTRIAL,Rionegro,Antioquia,Oficial,6.145,-75.374,G2,Simulacro 1,S1,,,,374.3,75.6,72,80,70.7,78.2,SI,,374.3
RIO-TECNICO INDUSTRIAL-58,Rionegro,Tecnico Industrial,TECNICO INDUSTRIAL,Rionegro,Antioquia,Oficial,6.145,-75.374,G2,Simulacro 2,S2,,,,384.5,61.0,86,90,69.0,81.8,NO,Segunda aplicacion del mismo estudiante,
RIO-TECNICO INDUSTRIAL-59,Rionegro,Tecnico Industrial,TECNICO INDUSTRIAL,Rionegro,Antioquia,Oficial,6.145,-75.374,G2,Simulacro 1,S1,,,,295.9,70.7,52,48,72.4,40.0,SI,,295.9
RIO-TECNICO INDUSTRIAL-59,Rionegro,Tecnico Industrial,TECNICO INDUSTRIAL,Rionegro,Antioquia,Oficial,6.145,-75.374,G2,Simulacro 2,S2,,,,299.9,53.7,58,76,63.8,25.5,NO,Segunda aplicacion del mismo estudiante,
RIO-TECNICO INDUSTRIAL-6,Rionegro,Tecnico Industrial,TECNICO INDUSTRIAL,Rionegro,Antioquia,Oficial,6.145,-75.374,G3,Simulacro 1,S1,,,,301.2,68.3,44,70,56.9,65.5,SI,,301.2
RIO-TECNICO INDUSTRIAL-6,Rionegro,Tecnico Industrial,TECNICO INDUSTRIAL,Rionegro,Antioquia,Oficial,6.145,-75.374,G3,Simulacro 2,S2,,,,349.3,65.9,68,82,74.1,38.2,NO,Segunda aplicacion del mismo estudiante,
RIO-TECNICO INDUSTRIAL-60,Rionegro,Tecnico Industrial,TECNICO INDUSTRIAL,Rionegro,Antioquia,Oficial,6.145,-75.374,G2,Simulacro 1,S1,,,,173.4,61.0,34,26,29.3,0.0,SI,,173.4
RIO-TECNICO INDUSTRIAL-60,Rionegro,Tecnico Industrial,TECNICO INDUSTRIAL,Rionegro,Antioquia,Oficial,6.145,-75.374,G2,Simulacro 2,S2,,,,320.5,61.0,60,74,70.7,36.4,NO,Segunda aplicacion del mismo estudiante,
RIO-TECNICO INDUSTRIAL-61,Rionegro,Tecnico Industrial,TECNICO INDUSTRIAL,Rionegro,Antioquia,Oficial,6.145,-75.374,G2,Simulacro 1,S1,,,,220.7,56.1,32,38,37.9,81.8,SI,,220.7
RIO-TECNICO INDUSTRIAL-61,Rionegro,Tecnico Industrial,TECNICO INDUSTRIAL,Rionegro,Antioquia,Oficial,6.145,-75.374,G2,Simulacro 2,S2,,,,136.0,0.0,26,30,32.8,87.3,NO,Segunda aplicacion del mismo estudiante,
RIO-TECNICO INDUSTRIAL-62,Rionegro,Tecnico Industrial,TECNICO INDUSTRIAL,Rionegro,Antioquia,Oficial,6.145,-75.374,G2,Simulacro 1,S1,,,,299.0,65.9,42,74,50.0,81.8,SI,,299.0
RIO-TECNICO INDUSTRIAL-62,Rionegro,Tecnico Industrial,TECNICO INDUSTRIAL,Rionegro,Antioquia,Oficial,6.145,-75.374,G2,Simulacro 2,S2,,,,339.3,63.4,60,76,65.5,87.3,NO,Segunda aplicacion del mismo estudiante,
RIO-TECNICO INDUSTRIAL-63,Rionegro,Tecnico Industrial,TECNICO INDUSTRIAL,Rionegro,Antioquia,Oficial,6.145,-75.374,G2,Simulacro 1,S1,,,,343.2,75.6,50,76,65.5,90.9,SI,,343.2
RIO-TECNICO INDUSTRIAL-63,Rionegro,Tecnico Industrial,TECNICO INDUSTRIAL,Rionegro,Antioquia,Oficial,6.145,-75.374,G2,Simulacro 2,S2,,,,372.5,61.0,72,82,77.6,90.9,NO,Segunda aplicacion del mismo estudiante,
RIO-TECNICO INDUSTRIAL-64,Rionegro,Tecnico Industrial,TECNICO INDUSTRIAL,Rionegro,Antioquia,Oficial,6.145,-75.374,G2,Simulacro 1,S1,,,,333.8,68.3,48,82,65.5,76.4,SI,,333.8
RIO-TECNICO INDUSTRIAL-64,Rionegro,Tecnico Industrial,TECNICO INDUSTRIAL,Rionegro,Antioquia,Oficial,6.145,-75.374,G2,Simulacro 2,S2,,,,338.1,61.0,54,82,72.4,70.9,NO,Segunda aplicacion del mismo estudiante,
RIO-TECNICO INDUSTRIAL-65,Rionegro,Tecnico Industrial,TECNICO INDUSTRIAL,Rionegro,Antioquia,Oficial,6.145,-75.374,G2,Simulacro 1,S1,,,,133.4,51.2,28,14,22.4,0.0,SI,,133.4
RIO-TECNICO INDUSTRIAL-65,Rionegro,Tecnico Industrial,TECNICO INDUSTRIAL,Rionegro,Antioquia,Oficial,6.145,-75.374,G2,Simulacro 2,S2,,,,301.6,56.1,54,58,67.2,78.2,NO,Segunda aplicacion del mismo estudiante,
RIO-TECNICO INDUSTRIAL-66,Rionegro,Tecnico Industrial,TECNICO INDUSTRIAL,Rionegro,Antioquia,Oficial,6.145,-75.374,G2,Simulacro 1,S1,,,,273.3,68.3,46,44,48.3,90.9,SI,,273.3
RIO-TECNICO INDUSTRIAL-66,Rionegro,Tecnico Industrial,TECNICO INDUSTRIAL,Rionegro,Antioquia,Oficial,6.145,-75.374,G2,Simulacro 2,S2,,,,310.0,56.1,66,64,53.4,87.3,NO,Segunda aplicacion del mismo estudiante,
RIO-TECNICO INDUSTRIAL-67,Rionegro,Tecnico Industrial,TECNICO INDUSTRIAL,Rionegro,Antioquia,Oficial,6.145,-75.374,G2,Simulacro 1,S1,,,,289.4,58.5,56,64,53.4,56.4,SI,,289.4
RIO-TECNICO INDUSTRIAL-67,Rionegro,Tecnico Industrial,TECNICO INDUSTRIAL,Rionegro,Antioquia,Oficial,6.145,-75.374,G2,Simulacro 2,S2,,,,314.9,58.5,68,64,67.2,45.5,NO,Segunda aplicacion del mismo estudiante,
RIO-TECNICO INDUSTRIAL-68,Rionegro,Tecnico Industrial,TECNICO INDUSTRIAL,Rionegro,Antioquia,Oficial,6.145,-75.374,G2,Simulacro 1,S1,,,,286.0,68.3,30,74,48.3,81.8,SI,,286.0
RIO-TECNICO INDUSTRIAL-68,Rionegro,Tecnico Industrial,TECNICO INDUSTRIAL,Rionegro,Antioquia,Oficial,6.145,-75.374,G2,Simulacro 2,S2,,,,325.2,61.0,48,80,63.8,87.3,NO,Segunda aplicacion del mismo estudiante,
RIO-TECNICO INDUSTRIAL-69,Rionegro,Tecnico Industrial,TECNICO INDUSTRIAL,Rionegro,Antioquia,Oficial,6.145,-75.374,G1,Simulacro 1,S1,,,,171.7,31.7,24,20,48.3,74.5,SI,,171.7
RIO-TECNICO INDUSTRIAL-69,Rionegro,Tecnico Industrial,TECNICO INDUSTRIAL,Rionegro,Antioquia,Oficial,6.145,-75.374,G1,Simulacro 2,S2,,,,216.1,46.3,46,36,41.4,52.7,NO,Segunda aplicacion del mismo estudiante,
RIO-TECNICO INDUSTRIAL-7,Rionegro,Tecnico Industrial,TECNICO INDUSTRIAL,Rionegro,Antioquia,Oficial,6.145,-75.374,G3,Simulacro 1,S1,,,,256.2,68.3,52,44,41.4,49.1,SI,,256.2
RIO-TECNICO INDUSTRIAL-7,Rionegro,Tecnico Industrial,TECNICO INDUSTRIAL,Rionegro,Antioquia,Oficial,6.145,-75.374,G3,Simulacro 2,S2,,,,307.8,65.9,54,62,65.5,58.2,NO,Segunda aplicacion del mismo estudiante,
RIO-TECNICO INDUSTRIAL-70,Rionegro,Tecnico Industrial,TECNICO INDUSTRIAL,Rionegro,Antioquia,Oficial,6.145,-75.374,G1,Simulacro 1,S1,,,,286.5,75.6,32,68,56.9,47.3,SI,,286.5
RIO-TECNICO INDUSTRIAL-70,Rionegro,Tecnico Industrial,TECNICO INDUSTRIAL,Rionegro,Antioquia,Oficial,6.145,-75.374,G1,Simulacro 2,S2,,,,270.3,48.8,42,76,51.7,47.3,NO,Segunda aplicacion del mismo estudiante,
RIO-TECNICO INDUSTRIAL-71,Rionegro,Tecnico Industrial,TECNICO INDUSTRIAL,Rionegro,Antioquia,Oficial,6.145,-75.374,G1,Simulacro 1,S1,,,,316.9,63.4,64,72,53.4,65.5,SI,,316.9
RIO-TECNICO INDUSTRIAL-71,Rionegro,Tecnico Industrial,TECNICO INDUSTRIAL,Rionegro,Antioquia,Oficial,6.145,-75.374,G1,Simulacro 2,S2,,,,354.6,51.2,74,88,74.1,60.0,NO,Segunda aplicacion del mismo estudiante,
RIO-TECNICO INDUSTRIAL-72,Rionegro,Tecnico Industrial,TECNICO INDUSTRIAL,Rionegro,Antioquia,Oficial,6.145,-75.374,G1,Simulacro 1,S1,,,,237.6,24.4,46,66,48.3,63.6,SI,,237.6
RIO-TECNICO INDUSTRIAL-72,Rionegro,Tecnico Industrial,TECNICO INDUSTRIAL,Rionegro,Antioquia,Oficial,6.145,-75.374,G1,Simulacro 2,S2,,,,255.9,48.8,58,50,53.4,34.5,NO,Segunda aplicacion del mismo estudiante,
RIO-TECNICO INDUSTRIAL-73,Rionegro,Tecnico Industrial,TECNICO INDUSTRIAL,Rionegro,Antioquia,Oficial,6.145,-75.374,G1,Simulacro 1,S1,,,,295.7,53.7,48,66,63.8,74.5,SI,,295.7
RIO-TECNICO INDUSTRIAL-73,Rionegro,Tecnico Industrial,TECNICO INDUSTRIAL,Rionegro,Antioquia,Oficial,6.145,-75.374,G1,Simulacro 2,S2,,,,355.0,58.5,72,74,75.9,81.8,NO,Segunda aplicacion del mismo estudiante,
RIO-TECNICO INDUSTRIAL-74,Rionegro,Tecnico Industrial,TECNICO INDUSTRIAL,Rionegro,Antioquia,Oficial,6.145,-75.374,G1,Simulacro 1,S1,,,,256.7,34.1,52,46,65.5,74.5,SI,,256.7
RIO-TECNICO INDUSTRIAL-74,Rionegro,Tecnico Industrial,TECNICO INDUSTRIAL,Rionegro,Antioquia,Oficial,6.145,-75.374,G1,Simulacro 2,S2,,,,283.2,51.2,58,52,67.2,50.9,NO,Segunda aplicacion del mismo estudiante,
RIO-TECNICO INDUSTRIAL-75,Rionegro,Tecnico Industrial,TECNICO INDUSTRIAL,Rionegro,Antioquia,Oficial,6.145,-75.374,G1,Simulacro 1,S1,,,,153.5,31.7,28,44,29.3,0.0,SI,,153.5
RIO-TECNICO INDUSTRIAL-75,Rionegro,Tecnico Industrial,TECNICO INDUSTRIAL,Rionegro,Antioquia,Oficial,6.145,-75.374,G1,Simulacro 2,S2,,,,276.6,58.5,48,64,53.4,47.3,NO,Segunda aplicacion del mismo estudiante,
RIO-TECNICO INDUSTRIAL-76,Rionegro,Tecnico Industrial,TECNICO INDUSTRIAL,Rionegro,Antioquia,Oficial,6.145,-75.374,G1,Simulacro 1,S1,,,,231.9,65.9,38,52,27.6,52.7,SI,,231.9
RIO-TECNICO INDUSTRIAL-76,Rionegro,Tecnico Industrial,TECNICO INDUSTRIAL,Rionegro,Antioquia,Oficial,6.145,-75.374,G1,Simulacro 2,S2,,,,265.4,63.4,38,68,44.8,47.3,NO,Segunda aplicacion del mismo estudiante,
RIO-TECNICO INDUSTRIAL-77,Rionegro,Tecnico Industrial,TECNICO INDUSTRIAL,Rionegro,Antioquia,Oficial,6.145,-75.374,G1,Simulacro 1,S1,,,,380.3,82.9,70,78,69.0,89.1,SI,,380.3
RIO-TECNICO INDUSTRIAL-77,Rionegro,Tecnico Industrial,TECNICO INDUSTRIAL,Rionegro,Antioquia,Oficial,6.145,-75.374,G1,Simulacro 2,S2,,,,344.1,53.7,66,80,70.7,83.6,NO,Segunda aplicacion del mismo estudiante,
RIO-TECNICO INDUSTRIAL-78,Rionegro,Tecnico Industrial,TECNICO INDUSTRIAL,Rionegro,Antioquia,Oficial,6.145,-75.374,G1,Simulacro 1,S1,,,,298.2,65.9,44,76,46.6,78.2,SI,,298.2
RIO-TECNICO INDUSTRIAL-78,Rionegro,Tecnico Industrial,TECNICO INDUSTRIAL,Rionegro,Antioquia,Oficial,6.145,-75.374,G1,Simulacro 2,S2,,,,339.0,56.1,64,70,75.9,83.6,NO,Segunda aplicacion del mismo estudiante,
RIO-TECNICO INDUSTRIAL-79,Rionegro,Tecnico Industrial,TECNICO INDUSTRIAL,Rionegro,Antioquia,Oficial,6.145,-75.374,G1,Simulacro 1,S1,,,,324.0,68.3,58,70,62.1,67.3,SI,,324.0
RIO-TECNICO INDUSTRIAL-79,Rionegro,Tecnico Industrial,TECNICO INDUSTRIAL,Rionegro,Antioquia,Oficial,6.145,-75.374,G1,Simulacro 2,S2,,,,323.8,56.1,64,76,62.1,67.3,NO,Segunda aplicacion del mismo estudiante,
RIO-TECNICO INDUSTRIAL-8,Rionegro,Tecnico Industrial,TECNICO INDUSTRIAL,Rionegro,Antioquia,Oficial,6.145,-75.374,G3,Simulacro 1,S1,,,,270.7,53.7,52,58,55.2,47.3,SI,,270.7
RIO-TECNICO INDUSTRIAL-8,Rionegro,Tecnico Industrial,TECNICO INDUSTRIAL,Rionegro,Antioquia,Oficial,6.145,-75.374,G3,Simulacro 2,S2,,,,298.2,48.8,62,74,60.3,40.0,NO,Segunda aplicacion del mismo estudiante,
RIO-TECNICO INDUSTRIAL-80,Rionegro,Tecnico Industrial,TECNICO INDUSTRIAL,Rionegro,Antioquia,Oficial,6.145,-75.374,G1,Simulacro 1,S1,,,,261.4,58.5,60,46,41.4,61.8,SI,,261.4
RIO-TECNICO INDUSTRIAL-80,Rionegro,Tecnico Industrial,TECNICO INDUSTRIAL,Rionegro,Antioquia,Oficial,6.145,-75.374,G1,Simulacro 2,S2,,,,301.2,53.7,54,80,55.2,54.5,NO,Segunda aplicacion del mismo estudiante,
RIO-TECNICO INDUSTRIAL-81,Rionegro,Tecnico Industrial,TECNICO INDUSTRIAL,Rionegro,Antioquia,Oficial,6.145,-75.374,G1,Simulacro 1,S1,,,,209.3,46.3,30,48,31.0,78.2,SI,,209.3
RIO-TECNICO INDUSTRIAL-81,Rionegro,Tecnico Industrial,TECNICO INDUSTRIAL,Rionegro,Antioquia,Oficial,6.145,-75.374,G1,Simulacro 2,S2,,,,297.2,51.2,56,78,51.7,61.8,NO,Segunda aplicacion del mismo estudiante,
RIO-TECNICO INDUSTRIAL-82,Rionegro,Tecnico Industrial,TECNICO INDUSTRIAL,Rionegro,Antioquia,Oficial,6.145,-75.374,G1,Simulacro 1,S1,,,,265.3,34.1,48,60,69.0,56.4,SI,,265.3
RIO-TECNICO INDUSTRIAL-82,Rionegro,Tecnico Industrial,TECNICO INDUSTRIAL,Rionegro,Antioquia,Oficial,6.145,-75.374,G1,Simulacro 2,S2,,,,246.7,51.2,42,52,53.4,45.5,NO,Segunda aplicacion del mismo estudiante,
RIO-TECNICO INDUSTRIAL-83,Rionegro,Tecnico Industrial,TECNICO INDUSTRIAL,Rionegro,Antioquia,Oficial,6.145,-75.374,G1,Simulacro 1,S1,,,,310.5,65.9,52,68,62.1,63.6,SI,,310.5
RIO-TECNICO INDUSTRIAL-83,Rionegro,Tecnico Industrial,TECNICO INDUSTRIAL,Rionegro,Antioquia,Oficial,6.145,-75.374,G1,Simulacro 2,S2,,,,344.5,61.0,60,84,72.4,63.6,NO,Segunda aplicacion del mismo estudiante,
RIO-TECNICO INDUSTRIAL-84,Rionegro,Tecnico Industrial,TECNICO INDUSTRIAL,Rionegro,Antioquia,Oficial,6.145,-75.374,G1,Simulacro 1,S1,,,,236.0,39.0,44,38,58.6,74.5,SI,,236.0
RIO-TECNICO INDUSTRIAL-84,Rionegro,Tecnico Industrial,TECNICO INDUSTRIAL,Rionegro,Antioquia,Oficial,6.145,-75.374,G1,Simulacro 2,S2,,,,266.3,46.3,48,70,48.3,54.5,NO,Segunda aplicacion del mismo estudiante,
RIO-TECNICO INDUSTRIAL-85,Rionegro,Tecnico Industrial,TECNICO INDUSTRIAL,Rionegro,Antioquia,Oficial,6.145,-75.374,G1,Simulacro 1,S1,,,,316.2,70.7,44,76,62.1,63.6,SI,,316.2
RIO-TECNICO INDUSTRIAL-85,Rionegro,Tecnico Industrial,TECNICO INDUSTRIAL,Rionegro,Antioquia,Oficial,6.145,-75.374,G1,Simulacro 2,S2,,,,364.5,58.5,76,94,65.5,65.5,NO,Segunda aplicacion del mismo estudiante,
RIO-TECNICO INDUSTRIAL-86,Rionegro,Tecnico Industrial,TECNICO INDUSTRIAL,Rionegro,Antioquia,Oficial,6.145,-75.374,G1,Simulacro 1,S1,,,,240.3,48.8,46,22,67.2,72.7,SI,,240.3
RIO-TECNICO INDUSTRIAL-86,Rionegro,Tecnico Industrial,TECNICO INDUSTRIAL,Rionegro,Antioquia,Oficial,6.145,-75.374,G1,Simulacro 2,S2,,,,345.8,61.0,70,72,70.7,78.2,NO,Segunda aplicacion del mismo estudiante,
RIO-TECNICO INDUSTRIAL-87,Rionegro,Tecnico Industrial,TECNICO INDUSTRIAL,Rionegro,Antioquia,Oficial,6.145,-75.374,G1,Simulacro 1,S1,,,,244.6,26.8,36,68,56.9,72.7,SI,,244.6
RIO-TECNICO INDUSTRIAL-87,Rionegro,Tecnico Industrial,TECNICO INDUSTRIAL,Rionegro,Antioquia,Oficial,6.145,-75.374,G1,Simulacro 2,S2,,,,284.7,58.5,66,52,56.9,40.0,NO,Segunda aplicacion del mismo estudiante,
RIO-TECNICO INDUSTRIAL-88,Rionegro,Tecnico Industrial,TECNICO INDUSTRIAL,Rionegro,Antioquia,Oficial,6.145,-75.374,G1,Simulacro 1,S1,,,,255.3,46.3,42,62,55.2,47.3,SI,,255.3
RIO-TECNICO INDUSTRIAL-88,Rionegro,Tecnico Industrial,TECNICO INDUSTRIAL,Rionegro,Antioquia,Oficial,6.145,-75.374,G1,Simulacro 2,S2,,,,313.5,58.5,68,70,55.2,60.0,NO,Segunda aplicacion del mismo estudiante,
RIO-TECNICO INDUSTRIAL-89,Rionegro,Tecnico Industrial,TECNICO INDUSTRIAL,Rionegro,Antioquia,Oficial,6.145,-75.374,G1,Simulacro 1,S1,,,,366.5,51.2,70,94,77.6,74.5,SI,,366.5
RIO-TECNICO INDUSTRIAL-89,Rionegro,Tecnico Industrial,TECNICO INDUSTRIAL,Rionegro,Antioquia,Oficial,6.145,-75.374,G1,Simulacro 2,S2,,,,383.9,65.9,78,90,75.9,69.1,NO,Segunda aplicacion del mismo estudiante,
RIO-TECNICO INDUSTRIAL-9,Rionegro,Tecnico Industrial,TECNICO INDUSTRIAL,Rionegro,Antioquia,Oficial,6.145,-75.374,G3,Simulacro 1,S1,,,,228.6,48.8,44,34,58.6,38.2,SI,,228.6
RIO-TECNICO INDUSTRIAL-9,Rionegro,Tecnico Industrial,TECNICO INDUSTRIAL,Rionegro,Antioquia,Oficial,6.145,-75.374,G3,Simulacro 2,S2,,,,250.7,43.9,42,64,53.4,41.8,NO,Segunda aplicacion del mismo estudiante,
RIO-TECNICO INDUSTRIAL-90,Rionegro,Tecnico Industrial,TECNICO INDUSTRIAL,Rionegro,Antioquia,Oficial,6.145,-75.374,G1,Simulacro 1,S1,,,,262.8,56.1,54,44,50.0,70.9,SI,,262.8
RIO-TECNICO INDUSTRIAL-90,Rionegro,Tecnico Industrial,TECNICO INDUSTRIAL,Rionegro,Antioquia,Oficial,6.145,-75.374,G1,Simulacro 2,S2,,,,304.7,58.5,66,58,60.3,63.6,NO,Segunda aplicacion del mismo estudiante,
RIO-TECNICO INDUSTRIAL-91,Rionegro,Tecnico Industrial,TECNICO INDUSTRIAL,Rionegro,Antioquia,Oficial,6.145,-75.374,G1,Simulacro 1,S1,,,,200.9,51.2,38,30,37.9,50.9,SI,,200.9
RIO-TECNICO INDUSTRIAL-91,Rionegro,Tecnico Industrial,TECNICO INDUSTRIAL,Rionegro,Antioquia,Oficial,6.145,-75.374,G1,Simulacro 2,S2,,,,298.5,53.7,52,78,56.9,54.5,NO,Segunda aplicacion del mismo estudiante,
RIO-TECNICO INDUSTRIAL-92,Rionegro,Tecnico Industrial,TECNICO INDUSTRIAL,Rionegro,Antioquia,Oficial,6.145,-75.374,G1,Simulacro 1,S1,,,,370.1,80.5,52,88,72.4,83.6,SI,,370.1
RIO-TECNICO INDUSTRIAL-92,Rionegro,Tecnico Industrial,TECNICO INDUSTRIAL,Rionegro,Antioquia,Oficial,6.145,-75.374,G1,Simulacro 2,S2,,,,375.5,56.1,66,92,81.0,90.9,NO,Segunda aplicacion del mismo estudiante,
RIO-TECNICO INDUSTRIAL-93,Rionegro,Tecnico Industrial,TECNICO INDUSTRIAL,Rionegro,Antioquia,Oficial,6.145,-75.374,G1,Simulacro 1,S1,,,,277.6,51.2,44,64,53.4,83.6,SI,,277.6
RIO-TECNICO INDUSTRIAL-93,Rionegro,Tecnico Industrial,TECNICO INDUSTRIAL,Rionegro,Antioquia,Oficial,6.145,-75.374,G1,Simulacro 2,S2,,,,333.6,61.0,54,68,75.9,90.9,NO,Segunda aplicacion del mismo estudiante,
RIO-TECNICO INDUSTRIAL-94,Rionegro,Tecnico Industrial,TECNICO INDUSTRIAL,Rionegro,Antioquia,Oficial,6.145,-75.374,G1,Simulacro 1,S1,,,,262.8,65.9,52,32,50.0,83.6,SI,,262.8
RIO-TECNICO INDUSTRIAL-94,Rionegro,Tecnico Industrial,TECNICO INDUSTRIAL,Rionegro,Antioquia,Oficial,6.145,-75.374,G1,Simulacro 2,S2,,,,331.6,58.5,54,82,63.8,87.3,NO,Segunda aplicacion del mismo estudiante,
RIO-TECNICO INDUSTRIAL-95,Rionegro,Tecnico Industrial,TECNICO INDUSTRIAL,Rionegro,Antioquia,Oficial,6.145,-75.374,G1,Simulacro 1,S1,,,,261.3,63.4,38,48,53.4,70.9,SI,,261.3
RIO-TECNICO INDUSTRIAL-95,Rionegro,Tecnico Industrial,TECNICO INDUSTRIAL,Rionegro,Antioquia,Oficial,6.145,-75.374,G1,Simulacro 2,S2,,,,311.5,61.0,56,64,69.0,60.0,NO,Segunda aplicacion del mismo estudiante,
RIO-TECNICO INDUSTRIAL-96,Rionegro,Tecnico Industrial,TECNICO INDUSTRIAL,Rionegro,Antioquia,Oficial,6.145,-75.374,G1,Simulacro 1,S1,,,,235.5,39.0,42,56,48.3,56.4,SI,,235.5
RIO-TECNICO INDUSTRIAL-96,Rionegro,Tecnico Industrial,TECNICO INDUSTRIAL,Rionegro,Antioquia,Oficial,6.145,-75.374,G1,Simulacro 2,S2,,,,283.1,48.8,60,52,60.3,72.7,NO,Segunda aplicacion del mismo estudiante,
RIO-TECNICO INDUSTRIAL-97,Rionegro,Tecnico Industrial,TECNICO INDUSTRIAL,Rionegro,Antioquia,Oficial,6.145,-75.374,G1,Simulacro 1,S1,,,,323.3,36.6,56,88,74.1,76.4,SI,,323.3
RIO-TECNICO INDUSTRIAL-97,Rionegro,Tecnico Industrial,TECNICO INDUSTRIAL,Rionegro,Antioquia,Oficial,6.145,-75.374,G1,Simulacro 2,S2,,,,178.7,56.1,42,24,32.8,0.0,NO,Segunda aplicacion del mismo estudiante,
RIO-TECNICO INDUSTRIAL-98,Rionegro,Tecnico Industrial,TECNICO INDUSTRIAL,Rionegro,Antioquia,Oficial,6.145,-75.374,G1,Simulacro 1,S1,,,,290.4,73.2,42,56,56.9,70.9,SI,,290.4
RIO-TECNICO INDUSTRIAL-98,Rionegro,Tecnico Industrial,TECNICO INDUSTRIAL,Rionegro,Antioquia,Oficial,6.145,-75.374,G1,Simulacro 2,S2,,,,301.6,53.7,58,62,69.0,56.4,NO,Segunda aplicacion del mismo estudiante,
RIO-TECNICO INDUSTRIAL-99,Rionegro,Tecnico Industrial,TECNICO INDUSTRIAL,Rionegro,Antioquia,Oficial,6.145,-75.374,G1,Simulacro 1,S1,,,,247.1,51.2,44,56,46.6,49.1,SI,,247.1
RIO-TECNICO INDUSTRIAL-99,Rionegro,Tecnico Industrial,TECNICO INDUSTRIAL,Rionegro,Antioquia,Oficial,6.145,-75.374,G1,Simulacro 2,S2,,,,276.3,39.0,62,66,50.0,67.3,NO,Segunda aplicacion del mismo estudiante,
SEC-1496,Semestre Cero,C.E.R. las Flores,C. E. R. LAS FLORES,Nechí,Antioquia,Oficial,8.0944,-74.7761,G44,Simulacro 1,S1,11.0,,,240.0,54.0,32,64,40.0,56.0,SI,,240.0
SEC-1497,Semestre Cero,C.E.R. las Flores,C. E. R. LAS FLORES,Nechí,Antioquia,Oficial,8.0944,-74.7761,G44,Simulacro 1,S1,11.0,,,203.0,56.0,28,46,29.0,49.0,SI,,203.0
SEC-1498,Semestre Cero,C.E.R. las Flores,C. E. R. LAS FLORES,Nechí,Antioquia,Oficial,8.0944,-74.7761,G44,Simulacro 1,S1,11.0,,,179.0,46.0,38,34,29.0,24.0,SI,,179.0
SEC-1499,Semestre Cero,C.E.R. las Flores,C. E. R. LAS FLORES,Nechí,Antioquia,Oficial,8.0944,-74.7761,G44,Simulacro 1,S1,11.0,,,165.0,39.0,26,44,28.0,20.0,SI,,165.0
SEC-1500,Semestre Cero,C.E.R. las Flores,C. E. R. LAS FLORES,Nechí,Antioquia,Oficial,8.0944,-74.7761,G44,Simulacro 1,S1,11.0,,,159.0,34.0,24,36,29.0,44.0,SI,,159.0
SEC-1501,Semestre Cero,C.E.R. las Flores,C. E. R. LAS FLORES,Nechí,Antioquia,Oficial,8.0944,-74.7761,G44,Simulacro 1,S1,11.0,,,157.0,44.0,24,36,22.0,29.0,SI,,157.0
SEC-1502,Semestre Cero,C.E.R. las Flores,C. E. R. LAS FLORES,Nechí,Antioquia,Oficial,8.0944,-74.7761,G44,Simulacro 1,S1,11.0,,,156.0,41.0,34,28,26.0,16.0,SI,,156.0
SEC-1503,Semestre Cero,C.E.R. las Flores,C. E. R. LAS FLORES,Nechí,Antioquia,Oficial,8.0944,-74.7761,G44,Simulacro 1,S1,11.0,,,151.0,37.0,26,44,14.0,31.0,SI,,151.0
SEC-1504,Semestre Cero,C.E.R. las Flores,C. E. R. LAS FLORES,Nechí,Antioquia,Oficial,8.0944,-74.7761,G44,Simulacro 1,S1,11.0,,,150.0,37.0,32,28,24.0,27.0,SI,,150.0
SEC-1505,Semestre Cero,C.E.R. las Flores,C. E. R. LAS FLORES,Nechí,Antioquia,Oficial,8.0944,-74.7761,G44,Simulacro 1,S1,11.0,,,148.0,51.0,30,22,16.0,29.0,SI,,148.0
SEC-1506,Semestre Cero,C.E.R. las Flores,C. E. R. LAS FLORES,Nechí,Antioquia,Oficial,8.0944,-74.7761,G44,Simulacro 1,S1,11.0,,,146.0,29.0,16,42,28.0,35.0,SI,,146.0
SEC-1507,Semestre Cero,C.E.R. las Flores,C. E. R. LAS FLORES,Nechí,Antioquia,Oficial,8.0944,-74.7761,G44,Simulacro 1,S1,11.0,,,145.0,29.0,34,28,21.0,42.0,SI,,145.0
SEC-1508,Semestre Cero,C.E.R. las Flores,C. E. R. LAS FLORES,Nechí,Antioquia,Oficial,8.0944,-74.7761,G44,Simulacro 1,S1,11.0,,,142.0,37.0,26,22,28.0,33.0,SI,,142.0
SEC-1509,Semestre Cero,C.E.R. las Flores,C. E. R. LAS FLORES,Nechí,Antioquia,Oficial,8.0944,-74.7761,G44,Simulacro 1,S1,11.0,,,142.0,39.0,20,26,31.0,20.0,SI,,142.0
SEC-1510,Semestre Cero,C.E.R. las Flores,C. E. R. LAS FLORES,Nechí,Antioquia,Oficial,8.0944,-74.7761,G44,Simulacro 1,S1,11.0,,,140.0,37.0,22,26,31.0,16.0,SI,,140.0
SEC-1511,Semestre Cero,C.E.R. las Flores,C. E. R. LAS FLORES,Nechí,Antioquia,Oficial,8.0944,-74.7761,G44,Simulacro 1,S1,11.0,,,139.0,24.0,30,26,33.0,22.0,SI,,139.0
SEC-1512,Semestre Cero,C.E.R. las Flores,C. E. R. LAS FLORES,Nechí,Antioquia,Oficial,8.0944,-74.7761,G44,Simulacro 1,S1,11.0,,,137.0,34.0,16,30,31.0,24.0,SI,,137.0
SEC-1513,Semestre Cero,C.E.R. las Flores,C. E. R. LAS FLORES,Nechí,Antioquia,Oficial,8.0944,-74.7761,G44,Simulacro 1,S1,11.0,,,135.0,34.0,22,30,26.0,15.0,SI,,135.0
SEC-1514,Semestre Cero,C.E.R. las Flores,C. E. R. LAS FLORES,Nechí,Antioquia,Oficial,8.0944,-74.7761,G44,Simulacro 1,S1,11.0,,,135.0,22.0,42,26,21.0,18.0,SI,,135.0
SEC-1515,Semestre Cero,C.E.R. las Flores,C. E. R. LAS FLORES,Nechí,Antioquia,Oficial,8.0944,-74.7761,G44,Simulacro 1,S1,11.0,,,134.0,20.0,32,34,22.0,25.0,SI,,134.0
SEC-1516,Semestre Cero,C.E.R. las Flores,C. E. R. LAS FLORES,Nechí,Antioquia,Oficial,8.0944,-74.7761,G44,Simulacro 1,S1,11.0,,,133.0,27.0,16,32,28.0,38.0,SI,,133.0
SEC-1517,Semestre Cero,C.E.R. las Flores,C. E. R. LAS FLORES,Nechí,Antioquia,Oficial,8.0944,-74.7761,G44,Simulacro 1,S1,11.0,,,130.0,34.0,26,26,16.0,33.0,SI,,130.0
SEC-1518,Semestre Cero,C.E.R. las Flores,C. E. R. LAS FLORES,Nechí,Antioquia,Oficial,8.0944,-74.7761,G44,Simulacro 1,S1,11.0,,,129.0,27.0,24,30,16.0,45.0,SI,,129.0
SEC-1519,Semestre Cero,C.E.R. las Flores,C. E. R. LAS FLORES,Nechí,Antioquia,Oficial,8.0944,-74.7761,G44,Simulacro 1,S1,11.0,,,126.0,27.0,24,28,24.0,18.0,SI,,126.0
SEC-1520,Semestre Cero,C.E.R. las Flores,C. E. R. LAS FLORES,Nechí,Antioquia,Oficial,8.0944,-74.7761,G44,Simulacro 1,S1,11.0,,,125.0,29.0,18,40,14.0,22.0,SI,,125.0
SEC-1521,Semestre Cero,C.E.R. las Flores,C. E. R. LAS FLORES,Nechí,Antioquia,Oficial,8.0944,-74.7761,G44,Simulacro 1,S1,11.0,,,124.0,29.0,20,20,28.0,31.0,SI,,124.0
SEC-1522,Semestre Cero,C.E.R. las Flores,C. E. R. LAS FLORES,Nechí,Antioquia,Oficial,8.0944,-74.7761,G44,Simulacro 1,S1,11.0,,,123.0,34.0,26,24,21.0,5.0,SI,,123.0
SEC-1523,Semestre Cero,C.E.R. las Flores,C. E. R. LAS FLORES,Nechí,Antioquia,Oficial,8.0944,-74.7761,G44,Simulacro 1,S1,11.0,,,122.0,34.0,26,18,17.0,31.0,SI,,122.0
SEC-1524,Semestre Cero,C.E.R. las Flores,C. E. R. LAS FLORES,Nechí,Antioquia,Oficial,8.0944,-74.7761,G44,Simulacro 1,S1,11.0,,,118.0,39.0,14,16,28.0,16.0,SI,,118.0
SEC-1525,Semestre Cero,C.E.R. las Flores,C. E. R. LAS FLORES,Nechí,Antioquia,Oficial,8.0944,-74.7761,G44,Simulacro 1,S1,11.0,,,111.0,17.0,18,32,22.0,20.0,SI,,111.0
SEC-1526,Semestre Cero,C.E.R. las Flores,C. E. R. LAS FLORES,Nechí,Antioquia,Oficial,8.0944,-74.7761,G44,Simulacro 1,S1,11.0,,,110.0,29.0,22,18,21.0,16.0,SI,,110.0
SEC-1527,Semestre Cero,C.E.R. las Flores,C. E. R. LAS FLORES,Nechí,Antioquia,Oficial,8.0944,-74.7761,G44,Simulacro 1,S1,11.0,,,108.0,24.0,18,22,21.0,25.0,SI,,108.0
SEC-1528,Semestre Cero,C.E.R. las Flores,C. E. R. LAS FLORES,Nechí,Antioquia,Oficial,8.0944,-74.7761,G44,Simulacro 1,S1,11.0,,,96.0,24.0,8,22,21.0,25.0,SI,,96.0
SEC-1529,Semestre Cero,C.E.R. las Flores,C. E. R. LAS FLORES,Nechí,Antioquia,Oficial,8.0944,-74.7761,G44,Simulacro 1,S1,11.0,,,90.0,22.0,12,22,17.0,15.0,SI,,90.0
SEC-1530,Semestre Cero,C.E.R. las Flores,C. E. R. LAS FLORES,Nechí,Antioquia,Oficial,8.0944,-74.7761,G44,Simulacro 1,S1,11.0,,,85.0,34.0,14,10,16.0,0.0,SI,,85.0
SEC-0168,Semestre Cero,I.E. Anori,I. E. ANORI,Anorí,Antioquia,Oficial,7.0736,-75.1481,G6,Simulacro 1,S1,11.0,,,246.0,56.0,36,68,24.0,87.0,SI,,246.0
SEC-0169,Semestre Cero,I.E. Anori,I. E. ANORI,Anorí,Antioquia,Oficial,7.0736,-75.1481,G6,Simulacro 1,S1,11.0,,,229.0,59.0,38,60,28.0,44.0,SI,,229.0
SEC-0170,Semestre Cero,I.E. Anori,I. E. ANORI,Anorí,Antioquia,Oficial,7.0736,-75.1481,G6,Simulacro 1,S1,11.0,,,207.0,66.0,18,52,28.0,47.0,SI,,207.0
SEC-0171,Semestre Cero,I.E. Anori,I. E. ANORI,Anorí,Antioquia,Oficial,7.0736,-75.1481,G6,Simulacro 1,S1,11.0,,,199.0,46.0,22,60,29.0,45.0,SI,,199.0
SEC-0172,Semestre Cero,I.E. Anori,I. E. ANORI,Anorí,Antioquia,Oficial,7.0736,-75.1481,G6,Simulacro 1,S1,11.0,,,199.0,34.0,34,44,34.0,76.0,SI,,199.0
SEC-0173,Semestre Cero,I.E. Anori,I. E. ANORI,Anorí,Antioquia,Oficial,7.0736,-75.1481,G6,Simulacro 1,S1,11.0,,,197.0,37.0,30,46,38.0,60.0,SI,,197.0
SEC-0174,Semestre Cero,I.E. Anori,I. E. ANORI,Anorí,Antioquia,Oficial,7.0736,-75.1481,G6,Simulacro 1,S1,11.0,,,191.0,54.0,36,32,26.0,55.0,SI,,191.0
SEC-0175,Semestre Cero,I.E. Anori,I. E. ANORI,Anorí,Antioquia,Oficial,7.0736,-75.1481,G6,Simulacro 1,S1,11.0,,,188.0,39.0,34,54,21.0,45.0,SI,,188.0
SEC-0176,Semestre Cero,I.E. Anori,I. E. ANORI,Anorí,Antioquia,Oficial,7.0736,-75.1481,G6,Simulacro 1,S1,11.0,,,187.0,44.0,28,48,31.0,35.0,SI,,187.0
SEC-0177,Semestre Cero,I.E. Anori,I. E. ANORI,Anorí,Antioquia,Oficial,7.0736,-75.1481,G6,Simulacro 1,S1,11.0,,,187.0,37.0,34,50,33.0,27.0,SI,,187.0
SEC-0178,Semestre Cero,I.E. Anori,I. E. ANORI,Anorí,Antioquia,Oficial,7.0736,-75.1481,G6,Simulacro 1,S1,11.0,,,187.0,34.0,28,44,34.0,64.0,SI,,187.0
SEC-0179,Semestre Cero,I.E. Anori,I. E. ANORI,Anorí,Antioquia,Oficial,7.0736,-75.1481,G6,Simulacro 1,S1,11.0,,,185.0,39.0,28,46,26.0,65.0,SI,,185.0
SEC-0180,Semestre Cero,I.E. Anori,I. E. ANORI,Anorí,Antioquia,Oficial,7.0736,-75.1481,G6,Simulacro 1,S1,11.0,,,185.0,37.0,34,38,29.0,67.0,SI,,185.0
SEC-0181,Semestre Cero,I.E. Anori,I. E. ANORI,Anorí,Antioquia,Oficial,7.0736,-75.1481,G6,Simulacro 1,S1,11.0,,,181.0,51.0,16,36,36.0,53.0,SI,,181.0
SEC-0182,Semestre Cero,I.E. Anori,I. E. ANORI,Anorí,Antioquia,Oficial,7.0736,-75.1481,G6,Simulacro 1,S1,11.0,,,181.0,49.0,30,44,22.0,35.0,SI,,181.0
SEC-0183,Semestre Cero,I.E. Anori,I. E. ANORI,Anorí,Antioquia,Oficial,7.0736,-75.1481,G6,Simulacro 1,S1,11.0,,,179.0,41.0,32,42,24.0,45.0,SI,,179.0
SEC-0184,Semestre Cero,I.E. Anori,I. E. ANORI,Anorí,Antioquia,Oficial,7.0736,-75.1481,G6,Simulacro 1,S1,11.0,,,178.0,39.0,28,38,36.0,40.0,SI,,178.0
SEC-0185,Semestre Cero,I.E. Anori,I. E. ANORI,Anorí,Antioquia,Oficial,7.0736,-75.1481,G6,Simulacro 1,S1,11.0,,,177.0,29.0,22,44,40.0,55.0,SI,,177.0
SEC-0186,Semestre Cero,I.E. Anori,I. E. ANORI,Anorí,Antioquia,Oficial,7.0736,-75.1481,G6,Simulacro 1,S1,11.0,,,176.0,34.0,24,48,29.0,51.0,SI,,176.0
SEC-0187,Semestre Cero,I.E. Anori,I. E. ANORI,Anorí,Antioquia,Oficial,7.0736,-75.1481,G6,Simulacro 1,S1,11.0,,,171.0,29.0,24,52,29.0,40.0,SI,,171.0
SEC-0188,Semestre Cero,I.E. Anori,I. E. ANORI,Anorí,Antioquia,Oficial,7.0736,-75.1481,G6,Simulacro 1,S1,11.0,,,166.0,41.0,30,36,26.0,33.0,SI,,166.0
SEC-0189,Semestre Cero,I.E. Anori,I. E. ANORI,Anorí,Antioquia,Oficial,7.0736,-75.1481,G6,Simulacro 1,S1,11.0,,,163.0,44.0,28,32,21.0,49.0,SI,,163.0
SEC-0190,Semestre Cero,I.E. Anori,I. E. ANORI,Anorí,Antioquia,Oficial,7.0736,-75.1481,G6,Simulacro 1,S1,11.0,,,162.0,29.0,26,42,33.0,31.0,SI,,162.0
SEC-0191,Semestre Cero,I.E. Anori,I. E. ANORI,Anorí,Antioquia,Oficial,7.0736,-75.1481,G6,Simulacro 1,S1,11.0,,,151.0,37.0,26,26,29.0,40.0,SI,,151.0
SEC-0192,Semestre Cero,I.E. Anori,I. E. ANORI,Anorí,Antioquia,Oficial,7.0736,-75.1481,G6,Simulacro 1,S1,11.0,,,148.0,37.0,24,22,33.0,38.0,SI,,148.0
SEC-0193,Semestre Cero,I.E. Anori,I. E. ANORI,Anorí,Antioquia,Oficial,7.0736,-75.1481,G6,Simulacro 1,S1,11.0,,,147.0,32.0,18,34,28.0,49.0,SI,,147.0
SEC-0194,Semestre Cero,I.E. Anori,I. E. ANORI,Anorí,Antioquia,Oficial,7.0736,-75.1481,G6,Simulacro 1,S1,11.0,,,146.0,39.0,20,26,29.0,36.0,SI,,146.0
SEC-0195,Semestre Cero,I.E. Anori,I. E. ANORI,Anorí,Antioquia,Oficial,7.0736,-75.1481,G6,Simulacro 1,S1,11.0,,,133.0,24.0,24,30,24.0,38.0,SI,,133.0
SEC-1638,Semestre Cero,I.E. Antonio Nariño,I. E. ANTONIO NARIÑO,Puerto Berrío,Antioquia,Oficial,6.4914,-74.4058,G48,Simulacro 1,S1,11.0,,,195.0,46.0,20,54,34.0,42.0,SI,,195.0
SEC-1639,Semestre Cero,I.E. Antonio Nariño,I. E. ANTONIO NARIÑO,Puerto Berrío,Antioquia,Oficial,6.4914,-74.4058,G48,Simulacro 1,S1,11.0,,,192.0,51.0,24,44,29.0,53.0,SI,,192.0
SEC-1640,Semestre Cero,I.E. Antonio Nariño,I. E. ANTONIO NARIÑO,Puerto Berrío,Antioquia,Oficial,6.4914,-74.4058,G48,Simulacro 1,S1,11.0,,,190.0,66.0,30,38,17.0,42.0,SI,,190.0
SEC-1641,Semestre Cero,I.E. Antonio Nariño,I. E. ANTONIO NARIÑO,Puerto Berrío,Antioquia,Oficial,6.4914,-74.4058,G48,Simulacro 1,S1,11.0,,,184.0,51.0,24,40,28.0,49.0,SI,,184.0
SEC-1642,Semestre Cero,I.E. Antonio Nariño,I. E. ANTONIO NARIÑO,Puerto Berrío,Antioquia,Oficial,6.4914,-74.4058,G48,Simulacro 1,S1,11.0,,,176.0,49.0,16,38,38.0,35.0,SI,,176.0
SEC-1643,Semestre Cero,I.E. Antonio Nariño,I. E. ANTONIO NARIÑO,Puerto Berrío,Antioquia,Oficial,6.4914,-74.4058,G48,Simulacro 1,S1,11.0,,,163.0,29.0,28,48,22.0,42.0,SI,,163.0
SEC-1644,Semestre Cero,I.E. Antonio Nariño,I. E. ANTONIO NARIÑO,Puerto Berrío,Antioquia,Oficial,6.4914,-74.4058,G48,Simulacro 1,S1,11.0,,,163.0,37.0,36,30,29.0,29.0,SI,,163.0
SEC-1645,Semestre Cero,I.E. Antonio Nariño,I. E. ANTONIO NARIÑO,Puerto Berrío,Antioquia,Oficial,6.4914,-74.4058,G48,Simulacro 1,S1,11.0,,,158.0,29.0,28,36,33.0,33.0,SI,,158.0
SEC-1646,Semestre Cero,I.E. Antonio Nariño,I. E. ANTONIO NARIÑO,Puerto Berrío,Antioquia,Oficial,6.4914,-74.4058,G48,Simulacro 1,S1,11.0,,,151.0,34.0,28,30,26.0,38.0,SI,,151.0
SEC-1647,Semestre Cero,I.E. Antonio Nariño,I. E. ANTONIO NARIÑO,Puerto Berrío,Antioquia,Oficial,6.4914,-74.4058,G48,Simulacro 1,S1,11.0,,,149.0,32.0,30,38,22.0,22.0,SI,,149.0
SEC-1648,Semestre Cero,I.E. Antonio Nariño,I. E. ANTONIO NARIÑO,Puerto Berrío,Antioquia,Oficial,6.4914,-74.4058,G48,Simulacro 1,S1,11.0,,,149.0,44.0,22,22,31.0,31.0,SI,,149.0
SEC-1649,Semestre Cero,I.E. Antonio Nariño,I. E. ANTONIO NARIÑO,Puerto Berrío,Antioquia,Oficial,6.4914,-74.4058,G48,Simulacro 1,S1,11.0,,,149.0,32.0,32,28,21.0,49.0,SI,,149.0
SEC-1650,Semestre Cero,I.E. Antonio Nariño,I. E. ANTONIO NARIÑO,Puerto Berrío,Antioquia,Oficial,6.4914,-74.4058,G48,Simulacro 1,S1,11.0,,,141.0,22.0,40,28,22.0,29.0,SI,,141.0
SEC-1651,Semestre Cero,I.E. Antonio Nariño,I. E. ANTONIO NARIÑO,Puerto Berrío,Antioquia,Oficial,6.4914,-74.4058,G48,Simulacro 1,S1,11.0,,,141.0,17.0,34,26,34.0,31.0,SI,,141.0
SEC-1652,Semestre Cero,I.E. Antonio Nariño,I. E. ANTONIO NARIÑO,Puerto Berrío,Antioquia,Oficial,6.4914,-74.4058,G48,Simulacro 1,S1,11.0,,,139.0,27.0,16,34,31.0,38.0,SI,,139.0
SEC-1653,Semestre Cero,I.E. Antonio Nariño,I. E. ANTONIO NARIÑO,Puerto Berrío,Antioquia,Oficial,6.4914,-74.4058,G48,Simulacro 1,S1,11.0,,,139.0,17.0,34,38,24.0,22.0,SI,,139.0
SEC-1654,Semestre Cero,I.E. Antonio Nariño,I. E. ANTONIO NARIÑO,Puerto Berrío,Antioquia,Oficial,6.4914,-74.4058,G48,Simulacro 1,S1,11.0,,,138.0,32.0,28,26,22.0,35.0,SI,,138.0
SEC-1655,Semestre Cero,I.E. Antonio Nariño,I. E. ANTONIO NARIÑO,Puerto Berrío,Antioquia,Oficial,6.4914,-74.4058,G48,Simulacro 1,S1,11.0,,,137.0,27.0,28,22,31.0,33.0,SI,,137.0
SEC-1656,Semestre Cero,I.E. Antonio Nariño,I. E. ANTONIO NARIÑO,Puerto Berrío,Antioquia,Oficial,6.4914,-74.4058,G48,Simulacro 1,S1,11.0,,,137.0,44.0,20,24,24.0,20.0,SI,,137.0
SEC-1657,Semestre Cero,I.E. Antonio Nariño,I. E. ANTONIO NARIÑO,Puerto Berrío,Antioquia,Oficial,6.4914,-74.4058,G48,Simulacro 1,S1,11.0,,,137.0,29.0,34,26,22.0,20.0,SI,,137.0
SEC-1658,Semestre Cero,I.E. Antonio Nariño,I. E. ANTONIO NARIÑO,Puerto Berrío,Antioquia,Oficial,6.4914,-74.4058,G48,Simulacro 1,S1,11.0,,,135.0,44.0,22,20,22.0,25.0,SI,,135.0
SEC-1659,Semestre Cero,I.E. Antonio Nariño,I. E. ANTONIO NARIÑO,Puerto Berrío,Antioquia,Oficial,6.4914,-74.4058,G48,Simulacro 1,S1,11.0,,,130.0,27.0,38,22,19.0,22.0,SI,,130.0
SEC-1660,Semestre Cero,I.E. Antonio Nariño,I. E. ANTONIO NARIÑO,Puerto Berrío,Antioquia,Oficial,6.4914,-74.4058,G48,Simulacro 1,S1,11.0,,,130.0,29.0,26,26,21.0,33.0,SI,,130.0
SEC-1661,Semestre Cero,I.E. Antonio Nariño,I. E. ANTONIO NARIÑO,Puerto Berrío,Antioquia,Oficial,6.4914,-74.4058,G48,Simulacro 1,S1,11.0,,,122.0,22.0,24,34,14.0,36.0,SI,,122.0
SEC-1662,Semestre Cero,I.E. Antonio Nariño,I. E. ANTONIO NARIÑO,Puerto Berrío,Antioquia,Oficial,6.4914,-74.4058,G48,Simulacro 1,S1,11.0,,,120.0,20.0,30,26,21.0,24.0,SI,,120.0
SEC-1663,Semestre Cero,I.E. Antonio Nariño,I. E. ANTONIO NARIÑO,Puerto Berrío,Antioquia,Oficial,6.4914,-74.4058,G48,Simulacro 1,S1,11.0,,,118.0,29.0,26,18,21.0,25.0,SI,,118.0
SEC-1664,Semestre Cero,I.E. Antonio Nariño,I. E. ANTONIO NARIÑO,Puerto Berrío,Antioquia,Oficial,6.4914,-74.4058,G48,Simulacro 1,S1,11.0,,,114.0,34.0,26,18,10.0,31.0,SI,,114.0
SEC-1665,Semestre Cero,I.E. Antonio Nariño,I. E. ANTONIO NARIÑO,Puerto Berrío,Antioquia,Oficial,6.4914,-74.4058,G48,Simulacro 1,S1,11.0,,,114.0,12.0,26,20,29.0,33.0,SI,,114.0
SEC-1666,Semestre Cero,I.E. Antonio Nariño,I. E. ANTONIO NARIÑO,Puerto Berrío,Antioquia,Oficial,6.4914,-74.4058,G48,Simulacro 1,S1,11.0,,,95.0,17.0,8,22,22.0,38.0,SI,,95.0
SEC-1667,Semestre Cero,I.E. Antonio Nariño,I. E. ANTONIO NARIÑO,Puerto Berrío,Antioquia,Oficial,6.4914,-74.4058,G48,Simulacro 1,S1,11.0,,,92.0,27.0,10,26,17.0,0.0,SI,,92.0
SEC-1668,Semestre Cero,I.E. Antonio Nariño,I. E. ANTONIO NARIÑO,Puerto Berrío,Antioquia,Oficial,6.4914,-74.4058,G48,Simulacro 1,S1,11.0,,,89.0,37.0,18,16,7.0,0.0,SI,,89.0
SEC-1669,Semestre Cero,I.E. Antonio Nariño,I. E. ANTONIO NARIÑO,Puerto Berrío,Antioquia,Oficial,6.4914,-74.4058,G48,Simulacro 1,S1,11.0,,,75.0,29.0,14,8,14.0,0.0,SI,,75.0
SEC-1670,Semestre Cero,I.E. Antonio Nariño,I. E. ANTONIO NARIÑO,Puerto Berrío,Antioquia,Oficial,6.4914,-74.4058,G48,Simulacro 1,S1,11.0,,,60.0,22.0,12,8,10.0,0.0,SI,,60.0
SEC-1671,Semestre Cero,I.E. Antonio Nariño,I. E. ANTONIO NARIÑO,Puerto Berrío,Antioquia,Oficial,6.4914,-74.4058,G48,Simulacro 1,S1,11.0,,,51.0,0.0,8,12,7.0,53.0,SI,,51.0
SEC-0432,Semestre Cero,I.E. Antonio Roldan Betancur,I. E. ANTONIO ROLDAN BETANCUR,Briceño,Antioquia,Oficial,7.1108,-75.5511,G12,Simulacro 1,S1,11.0,,,242.0,59.0,34,56,43.0,55.0,SI,,242.0
SEC-0433,Semestre Cero,I.E. Antonio Roldan Betancur,I. E. ANTONIO ROLDAN BETANCUR,Briceño,Antioquia,Oficial,7.1108,-75.5511,G12,Simulacro 1,S1,11.0,,,229.0,49.0,38,60,36.0,47.0,SI,,229.0
SEC-0434,Semestre Cero,I.E. Antonio Roldan Betancur,I. E. ANTONIO ROLDAN BETANCUR,Briceño,Antioquia,Oficial,7.1108,-75.5511,G12,Simulacro 1,S1,11.0,,,206.0,51.0,32,48,34.0,38.0,SI,,206.0
SEC-0435,Semestre Cero,I.E. Antonio Roldan Betancur,I. E. ANTONIO ROLDAN BETANCUR,Briceño,Antioquia,Oficial,7.1108,-75.5511,G12,Simulacro 1,S1,11.0,,,185.0,37.0,38,50,24.0,35.0,SI,,185.0
SEC-0436,Semestre Cero,I.E. Antonio Roldan Betancur,I. E. ANTONIO ROLDAN BETANCUR,Briceño,Antioquia,Oficial,7.1108,-75.5511,G12,Simulacro 1,S1,11.0,,,184.0,34.0,28,58,31.0,25.0,SI,,184.0
SEC-0437,Semestre Cero,I.E. Antonio Roldan Betancur,I. E. ANTONIO ROLDAN BETANCUR,Briceño,Antioquia,Oficial,7.1108,-75.5511,G12,Simulacro 1,S1,11.0,,,183.0,41.0,22,44,36.0,44.0,SI,,183.0
SEC-0438,Semestre Cero,I.E. Antonio Roldan Betancur,I. E. ANTONIO ROLDAN BETANCUR,Briceño,Antioquia,Oficial,7.1108,-75.5511,G12,Simulacro 1,S1,11.0,,,183.0,44.0,28,40,29.0,51.0,SI,,183.0
SEC-0439,Semestre Cero,I.E. Antonio Roldan Betancur,I. E. ANTONIO ROLDAN BETANCUR,Briceño,Antioquia,Oficial,7.1108,-75.5511,G12,Simulacro 1,S1,11.0,,,180.0,44.0,28,44,29.0,33.0,SI,,180.0
SEC-0440,Semestre Cero,I.E. Antonio Roldan Betancur,I. E. ANTONIO ROLDAN BETANCUR,Briceño,Antioquia,Oficial,7.1108,-75.5511,G12,Simulacro 1,S1,11.0,,,178.0,39.0,34,34,38.0,27.0,SI,,178.0
SEC-0441,Semestre Cero,I.E. Antonio Roldan Betancur,I. E. ANTONIO ROLDAN BETANCUR,Briceño,Antioquia,Oficial,7.1108,-75.5511,G12,Simulacro 1,S1,11.0,,,175.0,39.0,26,38,38.0,33.0,SI,,175.0
SEC-0442,Semestre Cero,I.E. Antonio Roldan Betancur,I. E. ANTONIO ROLDAN BETANCUR,Briceño,Antioquia,Oficial,7.1108,-75.5511,G12,Simulacro 1,S1,11.0,,,174.0,41.0,20,42,38.0,29.0,SI,,174.0
SEC-0443,Semestre Cero,I.E. Antonio Roldan Betancur,I. E. ANTONIO ROLDAN BETANCUR,Briceño,Antioquia,Oficial,7.1108,-75.5511,G12,Simulacro 1,S1,11.0,,,173.0,44.0,22,44,26.0,42.0,SI,,173.0
SEC-0444,Semestre Cero,I.E. Antonio Roldan Betancur,I. E. ANTONIO ROLDAN BETANCUR,Briceño,Antioquia,Oficial,7.1108,-75.5511,G12,Simulacro 1,S1,11.0,,,171.0,41.0,32,34,29.0,35.0,SI,,171.0
SEC-0445,Semestre Cero,I.E. Antonio Roldan Betancur,I. E. ANTONIO ROLDAN BETANCUR,Briceño,Antioquia,Oficial,7.1108,-75.5511,G12,Simulacro 1,S1,11.0,,,170.0,34.0,22,52,29.0,31.0,SI,,170.0
SEC-0446,Semestre Cero,I.E. Antonio Roldan Betancur,I. E. ANTONIO ROLDAN BETANCUR,Briceño,Antioquia,Oficial,7.1108,-75.5511,G12,Simulacro 1,S1,11.0,,,169.0,22.0,34,36,40.0,45.0,SI,,169.0
SEC-0447,Semestre Cero,I.E. Antonio Roldan Betancur,I. E. ANTONIO ROLDAN BETANCUR,Briceño,Antioquia,Oficial,7.1108,-75.5511,G12,Simulacro 1,S1,11.0,,,169.0,39.0,28,38,29.0,36.0,SI,,169.0
SEC-0448,Semestre Cero,I.E. Antonio Roldan Betancur,I. E. ANTONIO ROLDAN BETANCUR,Briceño,Antioquia,Oficial,7.1108,-75.5511,G12,Simulacro 1,S1,11.0,,,169.0,39.0,26,40,31.0,31.0,SI,,169.0
SEC-0449,Semestre Cero,I.E. Antonio Roldan Betancur,I. E. ANTONIO ROLDAN BETANCUR,Briceño,Antioquia,Oficial,7.1108,-75.5511,G12,Simulacro 1,S1,11.0,,,168.0,34.0,22,42,36.0,33.0,SI,,168.0
SEC-0450,Semestre Cero,I.E. Antonio Roldan Betancur,I. E. ANTONIO ROLDAN BETANCUR,Briceño,Antioquia,Oficial,7.1108,-75.5511,G12,Simulacro 1,S1,11.0,,,166.0,46.0,22,40,26.0,29.0,SI,,166.0
SEC-0451,Semestre Cero,I.E. Antonio Roldan Betancur,I. E. ANTONIO ROLDAN BETANCUR,Briceño,Antioquia,Oficial,7.1108,-75.5511,G12,Simulacro 1,S1,11.0,,,153.0,41.0,22,36,26.0,22.0,SI,,153.0
SEC-0452,Semestre Cero,I.E. Antonio Roldan Betancur,I. E. ANTONIO ROLDAN BETANCUR,Briceño,Antioquia,Oficial,7.1108,-75.5511,G12,Simulacro 1,S1,11.0,,,153.0,34.0,30,36,21.0,35.0,SI,,153.0
SEC-0453,Semestre Cero,I.E. Antonio Roldan Betancur,I. E. ANTONIO ROLDAN BETANCUR,Briceño,Antioquia,Oficial,7.1108,-75.5511,G12,Simulacro 1,S1,11.0,,,152.0,34.0,20,40,28.0,29.0,SI,,152.0
SEC-0454,Semestre Cero,I.E. Antonio Roldan Betancur,I. E. ANTONIO ROLDAN BETANCUR,Briceño,Antioquia,Oficial,7.1108,-75.5511,G12,Simulacro 1,S1,11.0,,,150.0,37.0,22,36,22.0,40.0,SI,,150.0
SEC-0455,Semestre Cero,I.E. Antonio Roldan Betancur,I. E. ANTONIO ROLDAN BETANCUR,Briceño,Antioquia,Oficial,7.1108,-75.5511,G12,Simulacro 1,S1,11.0,,,149.0,29.0,20,40,29.0,33.0,SI,,149.0
SEC-0456,Semestre Cero,I.E. Antonio Roldan Betancur,I. E. ANTONIO ROLDAN BETANCUR,Briceño,Antioquia,Oficial,7.1108,-75.5511,G12,Simulacro 1,S1,11.0,,,146.0,27.0,34,34,19.0,38.0,SI,,146.0
SEC-0457,Semestre Cero,I.E. Antonio Roldan Betancur,I. E. ANTONIO ROLDAN BETANCUR,Briceño,Antioquia,Oficial,7.1108,-75.5511,G12,Simulacro 1,S1,11.0,,,145.0,29.0,24,30,29.0,38.0,SI,,145.0
SEC-0458,Semestre Cero,I.E. Antonio Roldan Betancur,I. E. ANTONIO ROLDAN BETANCUR,Briceño,Antioquia,Oficial,7.1108,-75.5511,G12,Simulacro 1,S1,11.0,,,143.0,32.0,24,28,33.0,24.0,SI,,143.0
SEC-0459,Semestre Cero,I.E. Antonio Roldan Betancur,I. E. ANTONIO ROLDAN BETANCUR,Briceño,Antioquia,Oficial,7.1108,-75.5511,G12,Simulacro 1,S1,11.0,,,142.0,32.0,18,32,29.0,36.0,SI,,142.0
SEC-0460,Semestre Cero,I.E. Antonio Roldan Betancur,I. E. ANTONIO ROLDAN BETANCUR,Briceño,Antioquia,Oficial,7.1108,-75.5511,G12,Simulacro 1,S1,11.0,,,141.0,39.0,14,24,31.0,44.0,SI,,141.0
SEC-0461,Semestre Cero,I.E. Antonio Roldan Betancur,I. E. ANTONIO ROLDAN BETANCUR,Briceño,Antioquia,Oficial,7.1108,-75.5511,G12,Simulacro 1,S1,11.0,,,138.0,29.0,24,24,28.0,45.0,SI,,138.0
SEC-0462,Semestre Cero,I.E. Antonio Roldan Betancur,I. E. ANTONIO ROLDAN BETANCUR,Briceño,Antioquia,Oficial,7.1108,-75.5511,G12,Simulacro 1,S1,11.0,,,138.0,39.0,14,30,26.0,31.0,SI,,138.0
SEC-0463,Semestre Cero,I.E. Antonio Roldan Betancur,I. E. ANTONIO ROLDAN BETANCUR,Briceño,Antioquia,Oficial,7.1108,-75.5511,G12,Simulacro 1,S1,11.0,,,138.0,46.0,22,24,19.0,24.0,SI,,138.0
SEC-0464,Semestre Cero,I.E. Antonio Roldan Betancur,I. E. ANTONIO ROLDAN BETANCUR,Briceño,Antioquia,Oficial,7.1108,-75.5511,G12,Simulacro 1,S1,11.0,,,136.0,39.0,20,30,19.0,31.0,SI,,136.0
SEC-0196,Semestre Cero,I.E. Anza,I. E. ANZA,Anzá,Antioquia,Oficial,6.3458,-75.8569,G7,Simulacro 1,S1,11.0,,,232.0,41.0,44,58,33.0,75.0,SI,,232.0
SEC-0197,Semestre Cero,I.E. Anza,I. E. ANZA,Anzá,Antioquia,Oficial,6.3458,-75.8569,G7,Simulacro 1,S1,11.0,,,224.0,63.0,34,46,33.0,53.0,SI,,224.0
SEC-0198,Semestre Cero,I.E. Anza,I. E. ANZA,Anzá,Antioquia,Oficial,6.3458,-75.8569,G7,Simulacro 1,S1,11.0,,,206.0,41.0,26,58,22.0,91.0,SI,,206.0
SEC-0199,Semestre Cero,I.E. Anza,I. E. ANZA,Anzá,Antioquia,Oficial,6.3458,-75.8569,G7,Simulacro 1,S1,11.0,,,185.0,39.0,26,48,29.0,53.0,SI,,185.0
SEC-0200,Semestre Cero,I.E. Anza,I. E. ANZA,Anzá,Antioquia,Oficial,6.3458,-75.8569,G7,Simulacro 1,S1,11.0,,,183.0,46.0,20,48,28.0,51.0,SI,,183.0
SEC-0201,Semestre Cero,I.E. Anza,I. E. ANZA,Anzá,Antioquia,Oficial,6.3458,-75.8569,G7,Simulacro 1,S1,11.0,,,180.0,32.0,26,46,26.0,80.0,SI,,180.0
SEC-0202,Semestre Cero,I.E. Anza,I. E. ANZA,Anzá,Antioquia,Oficial,6.3458,-75.8569,G7,Simulacro 1,S1,11.0,,,177.0,37.0,22,48,38.0,27.0,SI,,177.0
SEC-0203,Semestre Cero,I.E. Anza,I. E. ANZA,Anzá,Antioquia,Oficial,6.3458,-75.8569,G7,Simulacro 1,S1,11.0,,,175.0,46.0,30,32,31.0,36.0,SI,,175.0
SEC-0204,Semestre Cero,I.E. Anza,I. E. ANZA,Anzá,Antioquia,Oficial,6.3458,-75.8569,G7,Simulacro 1,S1,11.0,,,170.0,44.0,22,36,29.0,47.0,SI,,170.0
SEC-0205,Semestre Cero,I.E. Anza,I. E. ANZA,Anzá,Antioquia,Oficial,6.3458,-75.8569,G7,Simulacro 1,S1,11.0,,,167.0,34.0,26,42,29.0,40.0,SI,,167.0
SEC-0206,Semestre Cero,I.E. Anza,I. E. ANZA,Anzá,Antioquia,Oficial,6.3458,-75.8569,G7,Simulacro 1,S1,11.0,,,159.0,32.0,22,42,26.0,49.0,SI,,159.0
SEC-0207,Semestre Cero,I.E. Anza,I. E. ANZA,Anzá,Antioquia,Oficial,6.3458,-75.8569,G7,Simulacro 1,S1,11.0,,,157.0,44.0,32,24,21.0,47.0,SI,,157.0
SEC-0208,Semestre Cero,I.E. Anza,I. E. ANZA,Anzá,Antioquia,Oficial,6.3458,-75.8569,G7,Simulacro 1,S1,11.0,,,157.0,44.0,20,36,22.0,42.0,SI,,157.0
SEC-0209,Semestre Cero,I.E. Anza,I. E. ANZA,Anzá,Antioquia,Oficial,6.3458,-75.8569,G7,Simulacro 1,S1,11.0,,,156.0,41.0,22,36,26.0,31.0,SI,,156.0
SEC-0210,Semestre Cero,I.E. Anza,I. E. ANZA,Anzá,Antioquia,Oficial,6.3458,-75.8569,G7,Simulacro 1,S1,11.0,,,153.0,34.0,28,38,26.0,20.0,SI,,153.0
SEC-0211,Semestre Cero,I.E. Anza,I. E. ANZA,Anzá,Antioquia,Oficial,6.3458,-75.8569,G7,Simulacro 1,S1,11.0,,,151.0,37.0,26,40,21.0,22.0,SI,,151.0
SEC-0212,Semestre Cero,I.E. Anza,I. E. ANZA,Anzá,Antioquia,Oficial,6.3458,-75.8569,G7,Simulacro 1,S1,11.0,,,150.0,37.0,28,30,24.0,33.0,SI,,150.0
SEC-0213,Semestre Cero,I.E. Anza,I. E. ANZA,Anzá,Antioquia,Oficial,6.3458,-75.8569,G7,Simulacro 1,S1,11.0,,,149.0,29.0,16,38,29.0,51.0,SI,,149.0
SEC-0214,Semestre Cero,I.E. Anza,I. E. ANZA,Anzá,Antioquia,Oficial,6.3458,-75.8569,G7,Simulacro 1,S1,11.0,,,149.0,32.0,24,34,28.0,36.0,SI,,149.0
SEC-0215,Semestre Cero,I.E. Anza,I. E. ANZA,Anzá,Antioquia,Oficial,6.3458,-75.8569,G7,Simulacro 1,S1,11.0,,,146.0,32.0,28,30,21.0,49.0,SI,,146.0
SEC-0216,Semestre Cero,I.E. Anza,I. E. ANZA,Anzá,Antioquia,Oficial,6.3458,-75.8569,G7,Simulacro 1,S1,11.0,,,145.0,27.0,26,34,29.0,29.0,SI,,145.0
SEC-0217,Semestre Cero,I.E. Anza,I. E. ANZA,Anzá,Antioquia,Oficial,6.3458,-75.8569,G7,Simulacro 1,S1,11.0,,,144.0,34.0,20,38,19.0,42.0,SI,,144.0
SEC-0218,Semestre Cero,I.E. Anza,I. E. ANZA,Anzá,Antioquia,Oficial,6.3458,-75.8569,G7,Simulacro 1,S1,11.0,,,142.0,49.0,16,26,22.0,31.0,SI,,142.0
SEC-0219,Semestre Cero,I.E. Anza,I. E. ANZA,Anzá,Antioquia,Oficial,6.3458,-75.8569,G7,Simulacro 1,S1,11.0,,,140.0,20.0,28,42,19.0,38.0,SI,,140.0
SEC-0220,Semestre Cero,I.E. Anza,I. E. ANZA,Anzá,Antioquia,Oficial,6.3458,-75.8569,G7,Simulacro 1,S1,11.0,,,139.0,39.0,28,16,24.0,40.0,SI,,139.0
SEC-0221,Semestre Cero,I.E. Anza,I. E. ANZA,Anzá,Antioquia,Oficial,6.3458,-75.8569,G7,Simulacro 1,S1,11.0,,,139.0,34.0,12,32,31.0,33.0,SI,,139.0
SEC-0222,Semestre Cero,I.E. Anza,I. E. ANZA,Anzá,Antioquia,Oficial,6.3458,-75.8569,G7,Simulacro 1,S1,11.0,,,138.0,24.0,32,22,28.0,40.0,SI,,138.0
SEC-0223,Semestre Cero,I.E. Anza,I. E. ANZA,Anzá,Antioquia,Oficial,6.3458,-75.8569,G7,Simulacro 1,S1,11.0,,,134.0,24.0,26,26,24.0,47.0,SI,,134.0
SEC-0224,Semestre Cero,I.E. Anza,I. E. ANZA,Anzá,Antioquia,Oficial,6.3458,-75.8569,G7,Simulacro 1,S1,11.0,,,122.0,22.0,24,28,21.0,35.0,SI,,122.0
SEC-0225,Semestre Cero,I.E. Anza,I. E. ANZA,Anzá,Antioquia,Oficial,6.3458,-75.8569,G7,Simulacro 1,S1,11.0,,,94.0,41.0,12,16,12.0,0.0,SI,,94.0
SEC-0226,Semestre Cero,I.E. Anza,I. E. ANZA,Anzá,Antioquia,Oficial,6.3458,-75.8569,G7,Simulacro 1,S1,11.0,,,69.0,22.0,14,12,12.0,0.0,SI,,69.0
SEC-1990,Semestre Cero,I.E. Camilo Torres,I. E. CAMILO TORRES,San Pedro de Urabá,Antioquia,Oficial,8.275,-76.369,G56,Simulacro 1,S1,11.0,,,271.0,61.0,36,72,45.0,64.0,SI,,271.0
SEC-1991,Semestre Cero,I.E. Camilo Torres,I. E. CAMILO TORRES,San Pedro de Urabá,Antioquia,Oficial,8.275,-76.369,G56,Simulacro 1,S1,11.0,,,268.0,59.0,48,56,41.0,85.0,SI,,268.0
SEC-1992,Semestre Cero,I.E. Camilo Torres,I. E. CAMILO TORRES,San Pedro de Urabá,Antioquia,Oficial,8.275,-76.369,G56,Simulacro 1,S1,11.0,,,265.0,71.0,32,58,40.0,89.0,SI,,265.0
SEC-1993,Semestre Cero,I.E. Camilo Torres,I. E. CAMILO TORRES,San Pedro de Urabá,Antioquia,Oficial,8.275,-76.369,G56,Simulacro 1,S1,11.0,,,246.0,54.0,30,60,50.0,58.0,SI,,246.0
SEC-1994,Semestre Cero,I.E. Camilo Torres,I. E. CAMILO TORRES,San Pedro de Urabá,Antioquia,Oficial,8.275,-76.369,G56,Simulacro 1,S1,11.0,,,240.0,49.0,42,64,38.0,45.0,SI,,240.0
SEC-1995,Semestre Cero,I.E. Camilo Torres,I. E. CAMILO TORRES,San Pedro de Urabá,Antioquia,Oficial,8.275,-76.369,G56,Simulacro 1,S1,11.0,,,232.0,46.0,40,58,41.0,47.0,SI,,232.0
SEC-1996,Semestre Cero,I.E. Camilo Torres,I. E. CAMILO TORRES,San Pedro de Urabá,Antioquia,Oficial,8.275,-76.369,G56,Simulacro 1,S1,11.0,,,229.0,51.0,34,54,40.0,58.0,SI,,229.0
SEC-1997,Semestre Cero,I.E. Camilo Torres,I. E. CAMILO TORRES,San Pedro de Urabá,Antioquia,Oficial,8.275,-76.369,G56,Simulacro 1,S1,11.0,,,227.0,56.0,30,56,41.0,40.0,SI,,227.0
SEC-1998,Semestre Cero,I.E. Camilo Torres,I. E. CAMILO TORRES,San Pedro de Urabá,Antioquia,Oficial,8.275,-76.369,G56,Simulacro 1,S1,11.0,,,226.0,54.0,24,62,33.0,69.0,SI,,226.0
SEC-1999,Semestre Cero,I.E. Camilo Torres,I. E. CAMILO TORRES,San Pedro de Urabá,Antioquia,Oficial,8.275,-76.369,G56,Simulacro 1,S1,11.0,,,221.0,61.0,28,64,24.0,44.0,SI,,221.0
SEC-2000,Semestre Cero,I.E. Camilo Torres,I. E. CAMILO TORRES,San Pedro de Urabá,Antioquia,Oficial,8.275,-76.369,G56,Simulacro 1,S1,11.0,,,207.0,46.0,26,54,38.0,45.0,SI,,207.0
SEC-2001,Semestre Cero,I.E. Camilo Torres,I. E. CAMILO TORRES,San Pedro de Urabá,Antioquia,Oficial,8.275,-76.369,G56,Simulacro 1,S1,11.0,,,206.0,51.0,26,46,40.0,47.0,SI,,206.0
SEC-2002,Semestre Cero,I.E. Camilo Torres,I. E. CAMILO TORRES,San Pedro de Urabá,Antioquia,Oficial,8.275,-76.369,G56,Simulacro 1,S1,11.0,,,206.0,46.0,22,50,43.0,51.0,SI,,206.0
SEC-2003,Semestre Cero,I.E. Camilo Torres,I. E. CAMILO TORRES,San Pedro de Urabá,Antioquia,Oficial,8.275,-76.369,G56,Simulacro 1,S1,11.0,,,201.0,46.0,32,58,21.0,53.0,SI,,201.0
SEC-2004,Semestre Cero,I.E. Camilo Torres,I. E. CAMILO TORRES,San Pedro de Urabá,Antioquia,Oficial,8.275,-76.369,G56,Simulacro 1,S1,11.0,,,199.0,39.0,30,46,41.0,47.0,SI,,199.0
SEC-2005,Semestre Cero,I.E. Camilo Torres,I. E. CAMILO TORRES,San Pedro de Urabá,Antioquia,Oficial,8.275,-76.369,G56,Simulacro 1,S1,11.0,,,198.0,49.0,26,44,36.0,51.0,SI,,198.0
SEC-2006,Semestre Cero,I.E. Camilo Torres,I. E. CAMILO TORRES,San Pedro de Urabá,Antioquia,Oficial,8.275,-76.369,G56,Simulacro 1,S1,11.0,,,192.0,41.0,28,54,33.0,31.0,SI,,192.0
SEC-2007,Semestre Cero,I.E. Camilo Torres,I. E. CAMILO TORRES,San Pedro de Urabá,Antioquia,Oficial,8.275,-76.369,G56,Simulacro 1,S1,11.0,,,191.0,39.0,26,52,29.0,58.0,SI,,191.0
SEC-2008,Semestre Cero,I.E. Camilo Torres,I. E. CAMILO TORRES,San Pedro de Urabá,Antioquia,Oficial,8.275,-76.369,G56,Simulacro 1,S1,11.0,,,191.0,49.0,26,54,26.0,33.0,SI,,191.0
SEC-2009,Semestre Cero,I.E. Camilo Torres,I. E. CAMILO TORRES,San Pedro de Urabá,Antioquia,Oficial,8.275,-76.369,G56,Simulacro 1,S1,11.0,,,185.0,34.0,18,64,29.0,45.0,SI,,185.0
SEC-2010,Semestre Cero,I.E. Camilo Torres,I. E. CAMILO TORRES,San Pedro de Urabá,Antioquia,Oficial,8.275,-76.369,G56,Simulacro 1,S1,11.0,,,185.0,41.0,18,50,34.0,49.0,SI,,185.0
SEC-2011,Semestre Cero,I.E. Camilo Torres,I. E. CAMILO TORRES,San Pedro de Urabá,Antioquia,Oficial,8.275,-76.369,G56,Simulacro 1,S1,11.0,,,182.0,27.0,28,60,31.0,36.0,SI,,182.0
SEC-2012,Semestre Cero,I.E. Camilo Torres,I. E. CAMILO TORRES,San Pedro de Urabá,Antioquia,Oficial,8.275,-76.369,G56,Simulacro 1,S1,11.0,,,182.0,41.0,22,44,33.0,53.0,SI,,182.0
SEC-2013,Semestre Cero,I.E. Camilo Torres,I. E. CAMILO TORRES,San Pedro de Urabá,Antioquia,Oficial,8.275,-76.369,G56,Simulacro 1,S1,11.0,,,182.0,44.0,32,40,33.0,27.0,SI,,182.0
SEC-2014,Semestre Cero,I.E. Camilo Torres,I. E. CAMILO TORRES,San Pedro de Urabá,Antioquia,Oficial,8.275,-76.369,G56,Simulacro 1,S1,11.0,,,181.0,44.0,32,38,31.0,35.0,SI,,181.0
SEC-2015,Semestre Cero,I.E. Camilo Torres,I. E. CAMILO TORRES,San Pedro de Urabá,Antioquia,Oficial,8.275,-76.369,G56,Simulacro 1,S1,11.0,,,180.0,46.0,20,38,41.0,31.0,SI,,180.0
SEC-2016,Semestre Cero,I.E. Camilo Torres,I. E. CAMILO TORRES,San Pedro de Urabá,Antioquia,Oficial,8.275,-76.369,G56,Simulacro 1,S1,11.0,,,179.0,46.0,24,50,24.0,31.0,SI,,179.0
SEC-2017,Semestre Cero,I.E. Camilo Torres,I. E. CAMILO TORRES,San Pedro de Urabá,Antioquia,Oficial,8.275,-76.369,G56,Simulacro 1,S1,11.0,,,175.0,46.0,30,40,24.0,35.0,SI,,175.0
SEC-2018,Semestre Cero,I.E. Camilo Torres,I. E. CAMILO TORRES,San Pedro de Urabá,Antioquia,Oficial,8.275,-76.369,G56,Simulacro 1,S1,11.0,,,174.0,51.0,18,40,24.0,53.0,SI,,174.0
SEC-2019,Semestre Cero,I.E. Camilo Torres,I. E. CAMILO TORRES,San Pedro de Urabá,Antioquia,Oficial,8.275,-76.369,G56,Simulacro 1,S1,11.0,,,171.0,29.0,30,32,29.0,82.0,SI,,171.0
SEC-2020,Semestre Cero,I.E. Camilo Torres,I. E. CAMILO TORRES,San Pedro de Urabá,Antioquia,Oficial,8.275,-76.369,G56,Simulacro 1,S1,11.0,,,168.0,41.0,30,36,29.0,25.0,SI,,168.0
SEC-2021,Semestre Cero,I.E. Camilo Torres,I. E. CAMILO TORRES,San Pedro de Urabá,Antioquia,Oficial,8.275,-76.369,G56,Simulacro 1,S1,11.0,,,166.0,39.0,24,38,33.0,31.0,SI,,166.0
SEC-2022,Semestre Cero,I.E. Camilo Torres,I. E. CAMILO TORRES,San Pedro de Urabá,Antioquia,Oficial,8.275,-76.369,G56,Simulacro 1,S1,11.0,,,165.0,29.0,30,40,28.0,47.0,SI,,165.0
SEC-2023,Semestre Cero,I.E. Camilo Torres,I. E. CAMILO TORRES,San Pedro de Urabá,Antioquia,Oficial,8.275,-76.369,G56,Simulacro 1,S1,11.0,,,159.0,29.0,24,54,24.0,20.0,SI,,159.0
SEC-2024,Semestre Cero,I.E. Camilo Torres,I. E. CAMILO TORRES,San Pedro de Urabá,Antioquia,Oficial,8.275,-76.369,G56,Simulacro 1,S1,11.0,,,158.0,34.0,22,38,33.0,31.0,SI,,158.0
SEC-2025,Semestre Cero,I.E. Camilo Torres,I. E. CAMILO TORRES,San Pedro de Urabá,Antioquia,Oficial,8.275,-76.369,G56,Simulacro 1,S1,11.0,,,158.0,34.0,20,38,31.0,42.0,SI,,158.0
SEC-2026,Semestre Cero,I.E. Camilo Torres,I. E. CAMILO TORRES,San Pedro de Urabá,Antioquia,Oficial,8.275,-76.369,G56,Simulacro 1,S1,11.0,,,158.0,37.0,18,40,34.0,24.0,SI,,158.0
SEC-2027,Semestre Cero,I.E. Camilo Torres,I. E. CAMILO TORRES,San Pedro de Urabá,Antioquia,Oficial,8.275,-76.369,G56,Simulacro 1,S1,11.0,,,157.0,24.0,32,38,28.0,42.0,SI,,157.0
SEC-2028,Semestre Cero,I.E. Camilo Torres,I. E. CAMILO TORRES,San Pedro de Urabá,Antioquia,Oficial,8.275,-76.369,G56,Simulacro 1,S1,11.0,,,155.0,37.0,20,40,24.0,40.0,SI,,155.0
SEC-2029,Semestre Cero,I.E. Camilo Torres,I. E. CAMILO TORRES,San Pedro de Urabá,Antioquia,Oficial,8.275,-76.369,G56,Simulacro 1,S1,11.0,,,151.0,32.0,24,38,21.0,49.0,SI,,151.0
SEC-2030,Semestre Cero,I.E. Camilo Torres,I. E. CAMILO TORRES,San Pedro de Urabá,Antioquia,Oficial,8.275,-76.369,G56,Simulacro 1,S1,11.0,,,150.0,34.0,20,38,24.0,42.0,SI,,150.0
SEC-2031,Semestre Cero,I.E. Camilo Torres,I. E. CAMILO TORRES,San Pedro de Urabá,Antioquia,Oficial,8.275,-76.369,G56,Simulacro 1,S1,11.0,,,145.0,34.0,26,26,28.0,35.0,SI,,145.0
SEC-2032,Semestre Cero,I.E. Camilo Torres,I. E. CAMILO TORRES,San Pedro de Urabá,Antioquia,Oficial,8.275,-76.369,G56,Simulacro 1,S1,11.0,,,141.0,41.0,12,38,16.0,45.0,SI,,141.0
SEC-2033,Semestre Cero,I.E. Camilo Torres,I. E. CAMILO TORRES,San Pedro de Urabá,Antioquia,Oficial,8.275,-76.369,G56,Simulacro 1,S1,11.0,,,140.0,24.0,18,40,26.0,40.0,SI,,140.0
SEC-2034,Semestre Cero,I.E. Camilo Torres,I. E. CAMILO TORRES,San Pedro de Urabá,Antioquia,Oficial,8.275,-76.369,G56,Simulacro 1,S1,11.0,,,128.0,27.0,14,30,28.0,38.0,SI,,128.0
SEC-2035,Semestre Cero,I.E. Camilo Torres,I. E. CAMILO TORRES,San Pedro de Urabá,Antioquia,Oficial,8.275,-76.369,G56,Simulacro 1,S1,11.0,,,126.0,22.0,22,26,31.0,25.0,SI,,126.0
SEC-2451,Semestre Cero,I.E. Eduardo Aguilar,I. E. EDUARDO AGUILAR,Yolombó,Antioquia,Oficial,6.5986,-75.0119,G70,Simulacro 1,S1,11.0,,,248.0,61.0,36,68,31.0,56.0,SI,,248.0
SEC-2452,Semestre Cero,I.E. Eduardo Aguilar,I. E. EDUARDO AGUILAR,Yolombó,Antioquia,Oficial,6.5986,-75.0119,G70,Simulacro 1,S1,11.0,,,244.0,68.0,34,58,24.0,82.0,SI,,244.0
SEC-2453,Semestre Cero,I.E. Eduardo Aguilar,I. E. EDUARDO AGUILAR,Yolombó,Antioquia,Oficial,6.5986,-75.0119,G70,Simulacro 1,S1,11.0,,,230.0,54.0,40,56,26.0,73.0,SI,,230.0
SEC-2454,Semestre Cero,I.E. Eduardo Aguilar,I. E. EDUARDO AGUILAR,Yolombó,Antioquia,Oficial,6.5986,-75.0119,G70,Simulacro 1,S1,11.0,,,205.0,49.0,36,50,29.0,42.0,SI,,205.0
SEC-2455,Semestre Cero,I.E. Eduardo Aguilar,I. E. EDUARDO AGUILAR,Yolombó,Antioquia,Oficial,6.5986,-75.0119,G70,Simulacro 1,S1,11.0,,,199.0,46.0,28,52,28.0,56.0,SI,,199.0
SEC-2456,Semestre Cero,I.E. Eduardo Aguilar,I. E. EDUARDO AGUILAR,Yolombó,Antioquia,Oficial,6.5986,-75.0119,G70,Simulacro 1,S1,11.0,,,197.0,49.0,32,54,22.0,40.0,SI,,197.0
SEC-2457,Semestre Cero,I.E. Eduardo Aguilar,I. E. EDUARDO AGUILAR,Yolombó,Antioquia,Oficial,6.5986,-75.0119,G70,Simulacro 1,S1,11.0,,,195.0,44.0,26,50,38.0,35.0,SI,,195.0
SEC-2458,Semestre Cero,I.E. Eduardo Aguilar,I. E. EDUARDO AGUILAR,Yolombó,Antioquia,Oficial,6.5986,-75.0119,G70,Simulacro 1,S1,11.0,,,195.0,44.0,12,62,34.0,49.0,SI,,195.0
SEC-2459,Semestre Cero,I.E. Eduardo Aguilar,I. E. EDUARDO AGUILAR,Yolombó,Antioquia,Oficial,6.5986,-75.0119,G70,Simulacro 1,S1,11.0,,,191.0,46.0,32,50,26.0,33.0,SI,,191.0
SEC-2460,Semestre Cero,I.E. Eduardo Aguilar,I. E. EDUARDO AGUILAR,Yolombó,Antioquia,Oficial,6.5986,-75.0119,G70,Simulacro 1,S1,11.0,,,187.0,34.0,20,58,36.0,40.0,SI,,187.0
SEC-2461,Semestre Cero,I.E. Eduardo Aguilar,I. E. EDUARDO AGUILAR,Yolombó,Antioquia,Oficial,6.5986,-75.0119,G70,Simulacro 1,S1,11.0,,,182.0,41.0,46,38,24.0,24.0,SI,,182.0
SEC-2462,Semestre Cero,I.E. Eduardo Aguilar,I. E. EDUARDO AGUILAR,Yolombó,Antioquia,Oficial,6.5986,-75.0119,G70,Simulacro 1,S1,11.0,,,180.0,49.0,28,46,24.0,27.0,SI,,180.0
SEC-2463,Semestre Cero,I.E. Eduardo Aguilar,I. E. EDUARDO AGUILAR,Yolombó,Antioquia,Oficial,6.5986,-75.0119,G70,Simulacro 1,S1,11.0,,,178.0,32.0,24,58,28.0,38.0,SI,,178.0
SEC-2464,Semestre Cero,I.E. Eduardo Aguilar,I. E. EDUARDO AGUILAR,Yolombó,Antioquia,Oficial,6.5986,-75.0119,G70,Simulacro 1,S1,11.0,,,176.0,46.0,28,42,24.0,36.0,SI,,176.0
SEC-2465,Semestre Cero,I.E. Eduardo Aguilar,I. E. EDUARDO AGUILAR,Yolombó,Antioquia,Oficial,6.5986,-75.0119,G70,Simulacro 1,S1,11.0,,,175.0,46.0,24,42,29.0,31.0,SI,,175.0
SEC-2466,Semestre Cero,I.E. Eduardo Aguilar,I. E. EDUARDO AGUILAR,Yolombó,Antioquia,Oficial,6.5986,-75.0119,G70,Simulacro 1,S1,11.0,,,172.0,34.0,32,42,26.0,45.0,SI,,172.0
SEC-2467,Semestre Cero,I.E. Eduardo Aguilar,I. E. EDUARDO AGUILAR,Yolombó,Antioquia,Oficial,6.5986,-75.0119,G70,Simulacro 1,S1,11.0,,,171.0,37.0,38,24,31.0,56.0,SI,,171.0
SEC-2468,Semestre Cero,I.E. Eduardo Aguilar,I. E. EDUARDO AGUILAR,Yolombó,Antioquia,Oficial,6.5986,-75.0119,G70,Simulacro 1,S1,11.0,,,170.0,46.0,16,40,34.0,33.0,SI,,170.0
SEC-2469,Semestre Cero,I.E. Eduardo Aguilar,I. E. EDUARDO AGUILAR,Yolombó,Antioquia,Oficial,6.5986,-75.0119,G70,Simulacro 1,S1,11.0,,,166.0,37.0,32,40,28.0,22.0,SI,,166.0
SEC-2470,Semestre Cero,I.E. Eduardo Aguilar,I. E. EDUARDO AGUILAR,Yolombó,Antioquia,Oficial,6.5986,-75.0119,G70,Simulacro 1,S1,11.0,,,161.0,34.0,28,38,26.0,42.0,SI,,161.0
SEC-2471,Semestre Cero,I.E. Eduardo Aguilar,I. E. EDUARDO AGUILAR,Yolombó,Antioquia,Oficial,6.5986,-75.0119,G70,Simulacro 1,S1,11.0,,,161.0,46.0,16,48,24.0,16.0,SI,,161.0
SEC-2472,Semestre Cero,I.E. Eduardo Aguilar,I. E. EDUARDO AGUILAR,Yolombó,Antioquia,Oficial,6.5986,-75.0119,G70,Simulacro 1,S1,11.0,,,161.0,41.0,24,40,22.0,35.0,SI,,161.0
SEC-2473,Semestre Cero,I.E. Eduardo Aguilar,I. E. EDUARDO AGUILAR,Yolombó,Antioquia,Oficial,6.5986,-75.0119,G70,Simulacro 1,S1,11.0,,,159.0,44.0,28,26,29.0,33.0,SI,,159.0
SEC-2474,Semestre Cero,I.E. Eduardo Aguilar,I. E. EDUARDO AGUILAR,Yolombó,Antioquia,Oficial,6.5986,-75.0119,G70,Simulacro 1,S1,11.0,,,157.0,29.0,28,38,31.0,29.0,SI,,157.0
SEC-2475,Semestre Cero,I.E. Eduardo Aguilar,I. E. EDUARDO AGUILAR,Yolombó,Antioquia,Oficial,6.5986,-75.0119,G70,Simulacro 1,S1,11.0,,,153.0,39.0,18,34,31.0,33.0,SI,,153.0
SEC-2476,Semestre Cero,I.E. Eduardo Aguilar,I. E. EDUARDO AGUILAR,Yolombó,Antioquia,Oficial,6.5986,-75.0119,G70,Simulacro 1,S1,11.0,,,153.0,32.0,18,48,26.0,27.0,SI,,153.0
SEC-2477,Semestre Cero,I.E. Eduardo Aguilar,I. E. EDUARDO AGUILAR,Yolombó,Antioquia,Oficial,6.5986,-75.0119,G70,Simulacro 1,S1,11.0,,,150.0,49.0,12,32,21.0,49.0,SI,,150.0
SEC-2478,Semestre Cero,I.E. Eduardo Aguilar,I. E. EDUARDO AGUILAR,Yolombó,Antioquia,Oficial,6.5986,-75.0119,G70,Simulacro 1,S1,11.0,,,148.0,44.0,22,28,29.0,16.0,SI,,148.0
SEC-2479,Semestre Cero,I.E. Eduardo Aguilar,I. E. EDUARDO AGUILAR,Yolombó,Antioquia,Oficial,6.5986,-75.0119,G70,Simulacro 1,S1,11.0,,,145.0,37.0,20,32,28.0,27.0,SI,,145.0
SEC-2480,Semestre Cero,I.E. Eduardo Aguilar,I. E. EDUARDO AGUILAR,Yolombó,Antioquia,Oficial,6.5986,-75.0119,G70,Simulacro 1,S1,11.0,,,143.0,32.0,30,30,24.0,25.0,SI,,143.0
SEC-2481,Semestre Cero,I.E. Eduardo Aguilar,I. E. EDUARDO AGUILAR,Yolombó,Antioquia,Oficial,6.5986,-75.0119,G70,Simulacro 1,S1,11.0,,,143.0,39.0,14,38,28.0,16.0,SI,,143.0
SEC-2482,Semestre Cero,I.E. Eduardo Aguilar,I. E. EDUARDO AGUILAR,Yolombó,Antioquia,Oficial,6.5986,-75.0119,G70,Simulacro 1,S1,11.0,,,133.0,20.0,36,30,14.0,47.0,SI,,133.0
SEC-2483,Semestre Cero,I.E. Eduardo Aguilar,I. E. EDUARDO AGUILAR,Yolombó,Antioquia,Oficial,6.5986,-75.0119,G70,Simulacro 1,S1,11.0,,,123.0,46.0,22,18,16.0,15.0,SI,,123.0
SEC-2484,Semestre Cero,I.E. Eduardo Aguilar,I. E. EDUARDO AGUILAR,Yolombó,Antioquia,Oficial,6.5986,-75.0119,G70,Simulacro 1,S1,11.0,,,121.0,22.0,22,22,29.0,29.0,SI,,121.0
SEC-2485,Semestre Cero,I.E. Eduardo Aguilar,I. E. EDUARDO AGUILAR,Yolombó,Antioquia,Oficial,6.5986,-75.0119,G70,Simulacro 1,S1,11.0,,,119.0,32.0,24,20,19.0,25.0,SI,,119.0
SEC-2314,Semestre Cero,I.E. Efe Gomez,I. E. EFE GOMEZ,Vegachí,Antioquia,Oficial,6.7725,-74.7981,G65,Simulacro 1,S1,11.0,,,308.0,63.0,62,76,38.0,82.0,SI,,308.0
SEC-2315,Semestre Cero,I.E. Efe Gomez,I. E. EFE GOMEZ,Vegachí,Antioquia,Oficial,6.7725,-74.7981,G65,Simulacro 1,S1,11.0,,,285.0,59.0,58,54,50.0,78.0,SI,,285.0
SEC-2316,Semestre Cero,I.E. Efe Gomez,I. E. EFE GOMEZ,Vegachí,Antioquia,Oficial,6.7725,-74.7981,G65,Simulacro 1,S1,11.0,,,281.0,59.0,58,70,40.0,53.0,SI,,281.0
SEC-2317,Semestre Cero,I.E. Efe Gomez,I. E. EFE GOMEZ,Vegachí,Antioquia,Oficial,6.7725,-74.7981,G65,Simulacro 1,S1,11.0,,,272.0,51.0,54,62,47.0,65.0,SI,,272.0
SEC-2318,Semestre Cero,I.E. Efe Gomez,I. E. EFE GOMEZ,Vegachí,Antioquia,Oficial,6.7725,-74.7981,G65,Simulacro 1,S1,11.0,,,257.0,37.0,54,66,43.0,69.0,SI,,257.0
SEC-2319,Semestre Cero,I.E. Efe Gomez,I. E. EFE GOMEZ,Vegachí,Antioquia,Oficial,6.7725,-74.7981,G65,Simulacro 1,S1,11.0,,,246.0,63.0,38,58,31.0,69.0,SI,,246.0
SEC-2320,Semestre Cero,I.E. Efe Gomez,I. E. EFE GOMEZ,Vegachí,Antioquia,Oficial,6.7725,-74.7981,G65,Simulacro 1,S1,11.0,,,234.0,59.0,28,66,29.0,64.0,SI,,234.0
SEC-2321,Semestre Cero,I.E. Efe Gomez,I. E. EFE GOMEZ,Vegachí,Antioquia,Oficial,6.7725,-74.7981,G65,Simulacro 1,S1,11.0,,,234.0,63.0,28,62,38.0,35.0,SI,,234.0
SEC-2322,Semestre Cero,I.E. Efe Gomez,I. E. EFE GOMEZ,Vegachí,Antioquia,Oficial,6.7725,-74.7981,G65,Simulacro 1,S1,11.0,,,221.0,63.0,26,60,29.0,38.0,SI,,221.0
SEC-2323,Semestre Cero,I.E. Efe Gomez,I. E. EFE GOMEZ,Vegachí,Antioquia,Oficial,6.7725,-74.7981,G65,Simulacro 1,S1,11.0,,,220.0,66.0,30,56,22.0,49.0,SI,,220.0
SEC-2324,Semestre Cero,I.E. Efe Gomez,I. E. EFE GOMEZ,Vegachí,Antioquia,Oficial,6.7725,-74.7981,G65,Simulacro 1,S1,11.0,,,210.0,49.0,28,54,36.0,45.0,SI,,210.0
SEC-2325,Semestre Cero,I.E. Efe Gomez,I. E. EFE GOMEZ,Vegachí,Antioquia,Oficial,6.7725,-74.7981,G65,Simulacro 1,S1,11.0,,,205.0,51.0,30,50,28.0,56.0,SI,,205.0
SEC-2326,Semestre Cero,I.E. Efe Gomez,I. E. EFE GOMEZ,Vegachí,Antioquia,Oficial,6.7725,-74.7981,G65,Simulacro 1,S1,11.0,,,200.0,46.0,32,52,33.0,31.0,SI,,200.0
SEC-2327,Semestre Cero,I.E. Efe Gomez,I. E. EFE GOMEZ,Vegachí,Antioquia,Oficial,6.7725,-74.7981,G65,Simulacro 1,S1,11.0,,,195.0,41.0,30,46,33.0,56.0,SI,,195.0
SEC-2328,Semestre Cero,I.E. Efe Gomez,I. E. EFE GOMEZ,Vegachí,Antioquia,Oficial,6.7725,-74.7981,G65,Simulacro 1,S1,11.0,,,193.0,41.0,30,46,34.0,45.0,SI,,193.0
SEC-2329,Semestre Cero,I.E. Efe Gomez,I. E. EFE GOMEZ,Vegachí,Antioquia,Oficial,6.7725,-74.7981,G65,Simulacro 1,S1,11.0,,,189.0,63.0,30,24,29.0,51.0,SI,,189.0
SEC-2330,Semestre Cero,I.E. Efe Gomez,I. E. EFE GOMEZ,Vegachí,Antioquia,Oficial,6.7725,-74.7981,G65,Simulacro 1,S1,11.0,,,189.0,41.0,34,46,31.0,33.0,SI,,189.0
SEC-2331,Semestre Cero,I.E. Efe Gomez,I. E. EFE GOMEZ,Vegachí,Antioquia,Oficial,6.7725,-74.7981,G65,Simulacro 1,S1,11.0,,,187.0,22.0,30,48,43.0,58.0,SI,,187.0
SEC-2332,Semestre Cero,I.E. Efe Gomez,I. E. EFE GOMEZ,Vegachí,Antioquia,Oficial,6.7725,-74.7981,G65,Simulacro 1,S1,11.0,,,187.0,44.0,34,42,28.0,44.0,SI,,187.0
SEC-2333,Semestre Cero,I.E. Efe Gomez,I. E. EFE GOMEZ,Vegachí,Antioquia,Oficial,6.7725,-74.7981,G65,Simulacro 1,S1,11.0,,,180.0,49.0,14,44,36.0,40.0,SI,,180.0
SEC-2334,Semestre Cero,I.E. Efe Gomez,I. E. EFE GOMEZ,Vegachí,Antioquia,Oficial,6.7725,-74.7981,G65,Simulacro 1,S1,11.0,,,180.0,51.0,30,36,24.0,44.0,SI,,180.0
SEC-2335,Semestre Cero,I.E. Efe Gomez,I. E. EFE GOMEZ,Vegachí,Antioquia,Oficial,6.7725,-74.7981,G65,Simulacro 1,S1,11.0,,,169.0,41.0,20,46,24.0,45.0,SI,,169.0
SEC-2336,Semestre Cero,I.E. Efe Gomez,I. E. EFE GOMEZ,Vegachí,Antioquia,Oficial,6.7725,-74.7981,G65,Simulacro 1,S1,11.0,,,169.0,39.0,18,38,38.0,40.0,SI,,169.0
SEC-2337,Semestre Cero,I.E. Efe Gomez,I. E. EFE GOMEZ,Vegachí,Antioquia,Oficial,6.7725,-74.7981,G65,Simulacro 1,S1,11.0,,,168.0,41.0,24,38,24.0,55.0,SI,,168.0
SEC-2338,Semestre Cero,I.E. Efe Gomez,I. E. EFE GOMEZ,Vegachí,Antioquia,Oficial,6.7725,-74.7981,G65,Simulacro 1,S1,11.0,,,166.0,27.0,26,36,34.0,62.0,SI,,166.0
SEC-2339,Semestre Cero,I.E. Efe Gomez,I. E. EFE GOMEZ,Vegachí,Antioquia,Oficial,6.7725,-74.7981,G65,Simulacro 1,S1,11.0,,,165.0,39.0,24,36,26.0,55.0,SI,,165.0
SEC-2340,Semestre Cero,I.E. Efe Gomez,I. E. EFE GOMEZ,Vegachí,Antioquia,Oficial,6.7725,-74.7981,G65,Simulacro 1,S1,11.0,,,165.0,27.0,30,36,28.0,67.0,SI,,165.0
SEC-2341,Semestre Cero,I.E. Efe Gomez,I. E. EFE GOMEZ,Vegachí,Antioquia,Oficial,6.7725,-74.7981,G65,Simulacro 1,S1,11.0,,,163.0,37.0,20,44,29.0,35.0,SI,,163.0
SEC-2342,Semestre Cero,I.E. Efe Gomez,I. E. EFE GOMEZ,Vegachí,Antioquia,Oficial,6.7725,-74.7981,G65,Simulacro 1,S1,11.0,,,161.0,39.0,24,36,31.0,27.0,SI,,161.0
SEC-2343,Semestre Cero,I.E. Efe Gomez,I. E. EFE GOMEZ,Vegachí,Antioquia,Oficial,6.7725,-74.7981,G65,Simulacro 1,S1,11.0,,,157.0,41.0,20,34,26.0,45.0,SI,,157.0
SEC-2344,Semestre Cero,I.E. Efe Gomez,I. E. EFE GOMEZ,Vegachí,Antioquia,Oficial,6.7725,-74.7981,G65,Simulacro 1,S1,11.0,,,156.0,46.0,20,30,28.0,35.0,SI,,156.0
SEC-2345,Semestre Cero,I.E. Efe Gomez,I. E. EFE GOMEZ,Vegachí,Antioquia,Oficial,6.7725,-74.7981,G65,Simulacro 1,S1,11.0,,,153.0,34.0,24,38,28.0,25.0,SI,,153.0
SEC-2346,Semestre Cero,I.E. Efe Gomez,I. E. EFE GOMEZ,Vegachí,Antioquia,Oficial,6.7725,-74.7981,G65,Simulacro 1,S1,11.0,,,152.0,29.0,22,30,36.0,44.0,SI,,152.0
SEC-2347,Semestre Cero,I.E. Efe Gomez,I. E. EFE GOMEZ,Vegachí,Antioquia,Oficial,6.7725,-74.7981,G65,Simulacro 1,S1,11.0,,,151.0,32.0,24,34,31.0,31.0,SI,,151.0
SEC-1109,Semestre Cero,I.E. Escuela Normal Superior Mariano Ospina Rodriguez,I. E. ESCUELA NORMAL SUPERIOR MARIANO OSPINA RODRIGUEZ,Fredonia,Antioquia,Oficial,5.9264,-75.6742,G33,Simulacro 1,S1,11.0,,,271.0,63.0,38,74,36.0,69.0,SI,,271.0
SEC-1110,Semestre Cero,I.E. Escuela Normal Superior Mariano Ospina Rodriguez,I. E. ESCUELA NORMAL SUPERIOR MARIANO OSPINA RODRIGUEZ,Fredonia,Antioquia,Oficial,5.9264,-75.6742,G33,Simulacro 1,S1,11.0,,,248.0,68.0,44,48,38.0,49.0,SI,,248.0
SEC-1111,Semestre Cero,I.E. Escuela Normal Superior Mariano Ospina Rodriguez,I. E. ESCUELA NORMAL SUPERIOR MARIANO OSPINA RODRIGUEZ,Fredonia,Antioquia,Oficial,5.9264,-75.6742,G33,Simulacro 1,S1,11.0,,,247.0,61.0,28,64,34.0,80.0,SI,,247.0
SEC-1112,Semestre Cero,I.E. Escuela Normal Superior Mariano Ospina Rodriguez,I. E. ESCUELA NORMAL SUPERIOR MARIANO OSPINA RODRIGUEZ,Fredonia,Antioquia,Oficial,5.9264,-75.6742,G33,Simulacro 1,S1,11.0,,,236.0,46.0,40,64,33.0,65.0,SI,,236.0
SEC-1113,Semestre Cero,I.E. Escuela Normal Superior Mariano Ospina Rodriguez,I. E. ESCUELA NORMAL SUPERIOR MARIANO OSPINA RODRIGUEZ,Fredonia,Antioquia,Oficial,5.9264,-75.6742,G33,Simulacro 1,S1,11.0,,,227.0,46.0,34,64,36.0,49.0,SI,,227.0
SEC-1114,Semestre Cero,I.E. Escuela Normal Superior Mariano Ospina Rodriguez,I. E. ESCUELA NORMAL SUPERIOR MARIANO OSPINA RODRIGUEZ,Fredonia,Antioquia,Oficial,5.9264,-75.6742,G33,Simulacro 1,S1,11.0,,,222.0,54.0,40,36,43.0,60.0,SI,,222.0
SEC-1115,Semestre Cero,I.E. Escuela Normal Superior Mariano Ospina Rodriguez,I. E. ESCUELA NORMAL SUPERIOR MARIANO OSPINA RODRIGUEZ,Fredonia,Antioquia,Oficial,5.9264,-75.6742,G33,Simulacro 1,S1,11.0,,,219.0,51.0,52,42,31.0,40.0,SI,,219.0
SEC-1116,Semestre Cero,I.E. Escuela Normal Superior Mariano Ospina Rodriguez,I. E. ESCUELA NORMAL SUPERIOR MARIANO OSPINA RODRIGUEZ,Fredonia,Antioquia,Oficial,5.9264,-75.6742,G33,Simulacro 1,S1,11.0,,,215.0,34.0,42,50,36.0,71.0,SI,,215.0
SEC-1117,Semestre Cero,I.E. Escuela Normal Superior Mariano Ospina Rodriguez,I. E. ESCUELA NORMAL SUPERIOR MARIANO OSPINA RODRIGUEZ,Fredonia,Antioquia,Oficial,5.9264,-75.6742,G33,Simulacro 1,S1,11.0,,,203.0,44.0,40,42,33.0,51.0,SI,,203.0
SEC-1118,Semestre Cero,I.E. Escuela Normal Superior Mariano Ospina Rodriguez,I. E. ESCUELA NORMAL SUPERIOR MARIANO OSPINA RODRIGUEZ,Fredonia,Antioquia,Oficial,5.9264,-75.6742,G33,Simulacro 1,S1,11.0,,,199.0,54.0,22,44,38.0,45.0,SI,,199.0
SEC-1119,Semestre Cero,I.E. Escuela Normal Superior Mariano Ospina Rodriguez,I. E. ESCUELA NORMAL SUPERIOR MARIANO OSPINA RODRIGUEZ,Fredonia,Antioquia,Oficial,5.9264,-75.6742,G33,Simulacro 1,S1,11.0,,,192.0,32.0,16,70,33.0,47.0,SI,,192.0
SEC-1120,Semestre Cero,I.E. Escuela Normal Superior Mariano Ospina Rodriguez,I. E. ESCUELA NORMAL SUPERIOR MARIANO OSPINA RODRIGUEZ,Fredonia,Antioquia,Oficial,5.9264,-75.6742,G33,Simulacro 1,S1,11.0,,,190.0,46.0,22,50,34.0,36.0,SI,,190.0
SEC-1121,Semestre Cero,I.E. Escuela Normal Superior Mariano Ospina Rodriguez,I. E. ESCUELA NORMAL SUPERIOR MARIANO OSPINA RODRIGUEZ,Fredonia,Antioquia,Oficial,5.9264,-75.6742,G33,Simulacro 1,S1,11.0,,,189.0,56.0,30,34,26.0,55.0,SI,,189.0
SEC-1122,Semestre Cero,I.E. Escuela Normal Superior Mariano Ospina Rodriguez,I. E. ESCUELA NORMAL SUPERIOR MARIANO OSPINA RODRIGUEZ,Fredonia,Antioquia,Oficial,5.9264,-75.6742,G33,Simulacro 1,S1,11.0,,,189.0,51.0,22,58,17.0,45.0,SI,,189.0
SEC-1123,Semestre Cero,I.E. Escuela Normal Superior Mariano Ospina Rodriguez,I. E. ESCUELA NORMAL SUPERIOR MARIANO OSPINA RODRIGUEZ,Fredonia,Antioquia,Oficial,5.9264,-75.6742,G33,Simulacro 1,S1,11.0,,,188.0,49.0,26,52,21.0,47.0,SI,,188.0
SEC-1124,Semestre Cero,I.E. Escuela Normal Superior Mariano Ospina Rodriguez,I. E. ESCUELA NORMAL SUPERIOR MARIANO OSPINA RODRIGUEZ,Fredonia,Antioquia,Oficial,5.9264,-75.6742,G33,Simulacro 1,S1,11.0,,,188.0,49.0,30,44,22.0,53.0,SI,,188.0
SEC-1125,Semestre Cero,I.E. Escuela Normal Superior Mariano Ospina Rodriguez,I. E. ESCUELA NORMAL SUPERIOR MARIANO OSPINA RODRIGUEZ,Fredonia,Antioquia,Oficial,5.9264,-75.6742,G33,Simulacro 1,S1,11.0,,,182.0,27.0,30,50,36.0,44.0,SI,,182.0
SEC-1126,Semestre Cero,I.E. Escuela Normal Superior Mariano Ospina Rodriguez,I. E. ESCUELA NORMAL SUPERIOR MARIANO OSPINA RODRIGUEZ,Fredonia,Antioquia,Oficial,5.9264,-75.6742,G33,Simulacro 1,S1,11.0,,,181.0,44.0,26,42,31.0,42.0,SI,,181.0
SEC-1127,Semestre Cero,I.E. Escuela Normal Superior Mariano Ospina Rodriguez,I. E. ESCUELA NORMAL SUPERIOR MARIANO OSPINA RODRIGUEZ,Fredonia,Antioquia,Oficial,5.9264,-75.6742,G33,Simulacro 1,S1,11.0,,,179.0,49.0,16,38,36.0,47.0,SI,,179.0
SEC-1128,Semestre Cero,I.E. Escuela Normal Superior Mariano Ospina Rodriguez,I. E. ESCUELA NORMAL SUPERIOR MARIANO OSPINA RODRIGUEZ,Fredonia,Antioquia,Oficial,5.9264,-75.6742,G33,Simulacro 1,S1,11.0,,,177.0,34.0,24,40,43.0,36.0,SI,,177.0
SEC-1129,Semestre Cero,I.E. Escuela Normal Superior Mariano Ospina Rodriguez,I. E. ESCUELA NORMAL SUPERIOR MARIANO OSPINA RODRIGUEZ,Fredonia,Antioquia,Oficial,5.9264,-75.6742,G33,Simulacro 1,S1,11.0,,,176.0,37.0,34,38,29.0,44.0,SI,,176.0
SEC-1130,Semestre Cero,I.E. Escuela Normal Superior Mariano Ospina Rodriguez,I. E. ESCUELA NORMAL SUPERIOR MARIANO OSPINA RODRIGUEZ,Fredonia,Antioquia,Oficial,5.9264,-75.6742,G33,Simulacro 1,S1,11.0,,,171.0,41.0,26,46,24.0,33.0,SI,,171.0
SEC-1131,Semestre Cero,I.E. Escuela Normal Superior Mariano Ospina Rodriguez,I. E. ESCUELA NORMAL SUPERIOR MARIANO OSPINA RODRIGUEZ,Fredonia,Antioquia,Oficial,5.9264,-75.6742,G33,Simulacro 1,S1,11.0,,,169.0,34.0,22,38,36.0,47.0,SI,,169.0
SEC-1132,Semestre Cero,I.E. Escuela Normal Superior Mariano Ospina Rodriguez,I. E. ESCUELA NORMAL SUPERIOR MARIANO OSPINA RODRIGUEZ,Fredonia,Antioquia,Oficial,5.9264,-75.6742,G33,Simulacro 1,S1,11.0,,,167.0,44.0,22,46,17.0,47.0,SI,,167.0
SEC-1133,Semestre Cero,I.E. Escuela Normal Superior Mariano Ospina Rodriguez,I. E. ESCUELA NORMAL SUPERIOR MARIANO OSPINA RODRIGUEZ,Fredonia,Antioquia,Oficial,5.9264,-75.6742,G33,Simulacro 1,S1,11.0,,,166.0,46.0,28,30,26.0,42.0,SI,,166.0
SEC-1134,Semestre Cero,I.E. Escuela Normal Superior Mariano Ospina Rodriguez,I. E. ESCUELA NORMAL SUPERIOR MARIANO OSPINA RODRIGUEZ,Fredonia,Antioquia,Oficial,5.9264,-75.6742,G33,Simulacro 1,S1,11.0,,,166.0,34.0,20,56,19.0,44.0,SI,,166.0
SEC-1135,Semestre Cero,I.E. Escuela Normal Superior Mariano Ospina Rodriguez,I. E. ESCUELA NORMAL SUPERIOR MARIANO OSPINA RODRIGUEZ,Fredonia,Antioquia,Oficial,5.9264,-75.6742,G33,Simulacro 1,S1,11.0,,,165.0,32.0,26,38,31.0,49.0,SI,,165.0
SEC-1136,Semestre Cero,I.E. Escuela Normal Superior Mariano Ospina Rodriguez,I. E. ESCUELA NORMAL SUPERIOR MARIANO OSPINA RODRIGUEZ,Fredonia,Antioquia,Oficial,5.9264,-75.6742,G33,Simulacro 1,S1,11.0,,,165.0,41.0,26,34,26.0,47.0,SI,,165.0
SEC-1137,Semestre Cero,I.E. Escuela Normal Superior Mariano Ospina Rodriguez,I. E. ESCUELA NORMAL SUPERIOR MARIANO OSPINA RODRIGUEZ,Fredonia,Antioquia,Oficial,5.9264,-75.6742,G33,Simulacro 1,S1,11.0,,,162.0,34.0,24,38,29.0,44.0,SI,,162.0
SEC-1138,Semestre Cero,I.E. Escuela Normal Superior Mariano Ospina Rodriguez,I. E. ESCUELA NORMAL SUPERIOR MARIANO OSPINA RODRIGUEZ,Fredonia,Antioquia,Oficial,5.9264,-75.6742,G33,Simulacro 1,S1,11.0,,,161.0,29.0,16,42,34.0,53.0,SI,,161.0
SEC-1139,Semestre Cero,I.E. Escuela Normal Superior Mariano Ospina Rodriguez,I. E. ESCUELA NORMAL SUPERIOR MARIANO OSPINA RODRIGUEZ,Fredonia,Antioquia,Oficial,5.9264,-75.6742,G33,Simulacro 1,S1,11.0,,,159.0,37.0,16,42,26.0,51.0,SI,,159.0
SEC-1140,Semestre Cero,I.E. Escuela Normal Superior Mariano Ospina Rodriguez,I. E. ESCUELA NORMAL SUPERIOR MARIANO OSPINA RODRIGUEZ,Fredonia,Antioquia,Oficial,5.9264,-75.6742,G33,Simulacro 1,S1,11.0,,,153.0,34.0,24,38,24.0,38.0,SI,,153.0
SEC-1141,Semestre Cero,I.E. Escuela Normal Superior Mariano Ospina Rodriguez,I. E. ESCUELA NORMAL SUPERIOR MARIANO OSPINA RODRIGUEZ,Fredonia,Antioquia,Oficial,5.9264,-75.6742,G33,Simulacro 1,S1,11.0,,,153.0,22.0,24,50,24.0,36.0,SI,,153.0
SEC-1142,Semestre Cero,I.E. Escuela Normal Superior Mariano Ospina Rodriguez,I. E. ESCUELA NORMAL SUPERIOR MARIANO OSPINA RODRIGUEZ,Fredonia,Antioquia,Oficial,5.9264,-75.6742,G33,Simulacro 1,S1,11.0,,,149.0,24.0,20,44,28.0,40.0,SI,,149.0
SEC-1143,Semestre Cero,I.E. Escuela Normal Superior Mariano Ospina Rodriguez,I. E. ESCUELA NORMAL SUPERIOR MARIANO OSPINA RODRIGUEZ,Fredonia,Antioquia,Oficial,5.9264,-75.6742,G33,Simulacro 1,S1,11.0,,,143.0,32.0,30,30,24.0,24.0,SI,,143.0
SEC-1144,Semestre Cero,I.E. Escuela Normal Superior Mariano Ospina Rodriguez,I. E. ESCUELA NORMAL SUPERIOR MARIANO OSPINA RODRIGUEZ,Fredonia,Antioquia,Oficial,5.9264,-75.6742,G33,Simulacro 1,S1,11.0,,,141.0,37.0,24,16,33.0,38.0,SI,,141.0
SEC-1145,Semestre Cero,I.E. Escuela Normal Superior Mariano Ospina Rodriguez,I. E. ESCUELA NORMAL SUPERIOR MARIANO OSPINA RODRIGUEZ,Fredonia,Antioquia,Oficial,5.9264,-75.6742,G33,Simulacro 1,S1,11.0,,,138.0,34.0,16,26,29.0,44.0,SI,,138.0
SEC-1146,Semestre Cero,I.E. Escuela Normal Superior Mariano Ospina Rodriguez,I. E. ESCUELA NORMAL SUPERIOR MARIANO OSPINA RODRIGUEZ,Fredonia,Antioquia,Oficial,5.9264,-75.6742,G33,Simulacro 1,S1,11.0,,,138.0,29.0,28,32,21.0,29.0,SI,,138.0
SEC-1147,Semestre Cero,I.E. Escuela Normal Superior Mariano Ospina Rodriguez,I. E. ESCUELA NORMAL SUPERIOR MARIANO OSPINA RODRIGUEZ,Fredonia,Antioquia,Oficial,5.9264,-75.6742,G33,Simulacro 1,S1,11.0,,,137.0,29.0,28,24,24.0,40.0,SI,,137.0
SEC-1148,Semestre Cero,I.E. Escuela Normal Superior Mariano Ospina Rodriguez,I. E. ESCUELA NORMAL SUPERIOR MARIANO OSPINA RODRIGUEZ,Fredonia,Antioquia,Oficial,5.9264,-75.6742,G33,Simulacro 1,S1,11.0,,,135.0,27.0,22,28,29.0,33.0,SI,,135.0
SEC-1149,Semestre Cero,I.E. Escuela Normal Superior Mariano Ospina Rodriguez,I. E. ESCUELA NORMAL SUPERIOR MARIANO OSPINA RODRIGUEZ,Fredonia,Antioquia,Oficial,5.9264,-75.6742,G33,Simulacro 1,S1,11.0,,,134.0,34.0,14,32,19.0,51.0,SI,,134.0
SEC-1150,Semestre Cero,I.E. Escuela Normal Superior Mariano Ospina Rodriguez,I. E. ESCUELA NORMAL SUPERIOR MARIANO OSPINA RODRIGUEZ,Fredonia,Antioquia,Oficial,5.9264,-75.6742,G33,Simulacro 1,S1,11.0,,,133.0,29.0,28,36,14.0,24.0,SI,,133.0
SEC-1151,Semestre Cero,I.E. Escuela Normal Superior Mariano Ospina Rodriguez,I. E. ESCUELA NORMAL SUPERIOR MARIANO OSPINA RODRIGUEZ,Fredonia,Antioquia,Oficial,5.9264,-75.6742,G33,Simulacro 1,S1,11.0,,,125.0,37.0,14,26,19.0,38.0,SI,,125.0
SEC-1152,Semestre Cero,I.E. Escuela Normal Superior Mariano Ospina Rodriguez,I. E. ESCUELA NORMAL SUPERIOR MARIANO OSPINA RODRIGUEZ,Fredonia,Antioquia,Oficial,5.9264,-75.6742,G33,Simulacro 1,S1,11.0,,,122.0,29.0,22,32,14.0,27.0,SI,,122.0
SEC-1153,Semestre Cero,I.E. Escuela Normal Superior Mariano Ospina Rodriguez,I. E. ESCUELA NORMAL SUPERIOR MARIANO OSPINA RODRIGUEZ,Fredonia,Antioquia,Oficial,5.9264,-75.6742,G33,Simulacro 1,S1,11.0,,,122.0,37.0,10,24,29.0,18.0,SI,,122.0
SEC-1154,Semestre Cero,I.E. Escuela Normal Superior Mariano Ospina Rodriguez,I. E. ESCUELA NORMAL SUPERIOR MARIANO OSPINA RODRIGUEZ,Fredonia,Antioquia,Oficial,5.9264,-75.6742,G33,Simulacro 1,S1,11.0,,,120.0,20.0,20,22,29.0,40.0,SI,,120.0
SEC-1333,Semestre Cero,I.E. Filiberto Restrepo Sierra,I. E. FILIBERTO RESTREPO SIERRA,Maceo,Antioquia,Oficial,6.5542,-74.7861,G40,Simulacro 1,S1,11.0,,,310.0,73.0,58,60,48.0,87.0,SI,,310.0
SEC-1334,Semestre Cero,I.E. Filiberto Restrepo Sierra,I. E. FILIBERTO RESTREPO SIERRA,Maceo,Antioquia,Oficial,6.5542,-74.7861,G40,Simulacro 1,S1,11.0,,,299.0,66.0,56,60,52.0,76.0,SI,,299.0
SEC-1335,Semestre Cero,I.E. Filiberto Restrepo Sierra,I. E. FILIBERTO RESTREPO SIERRA,Maceo,Antioquia,Oficial,6.5542,-74.7861,G40,Simulacro 1,S1,11.0,,,268.0,66.0,44,60,43.0,58.0,SI,,268.0
SEC-1336,Semestre Cero,I.E. Filiberto Restrepo Sierra,I. E. FILIBERTO RESTREPO SIERRA,Maceo,Antioquia,Oficial,6.5542,-74.7861,G40,Simulacro 1,S1,11.0,,,267.0,66.0,36,58,50.0,64.0,SI,,267.0
SEC-1337,Semestre Cero,I.E. Filiberto Restrepo Sierra,I. E. FILIBERTO RESTREPO SIERRA,Maceo,Antioquia,Oficial,6.5542,-74.7861,G40,Simulacro 1,S1,11.0,,,266.0,61.0,44,52,45.0,85.0,SI,,266.0
SEC-1338,Semestre Cero,I.E. Filiberto Restrepo Sierra,I. E. FILIBERTO RESTREPO SIERRA,Maceo,Antioquia,Oficial,6.5542,-74.7861,G40,Simulacro 1,S1,11.0,,,258.0,56.0,48,56,41.0,67.0,SI,,258.0
SEC-1339,Semestre Cero,I.E. Filiberto Restrepo Sierra,I. E. FILIBERTO RESTREPO SIERRA,Maceo,Antioquia,Oficial,6.5542,-74.7861,G40,Simulacro 1,S1,11.0,,,257.0,71.0,40,60,33.0,58.0,SI,,257.0
SEC-1340,Semestre Cero,I.E. Filiberto Restrepo Sierra,I. E. FILIBERTO RESTREPO SIERRA,Maceo,Antioquia,Oficial,6.5542,-74.7861,G40,Simulacro 1,S1,11.0,,,253.0,59.0,38,76,33.0,42.0,SI,,253.0
SEC-1341,Semestre Cero,I.E. Filiberto Restrepo Sierra,I. E. FILIBERTO RESTREPO SIERRA,Maceo,Antioquia,Oficial,6.5542,-74.7861,G40,Simulacro 1,S1,11.0,,,253.0,63.0,36,60,40.0,60.0,SI,,253.0
SEC-1342,Semestre Cero,I.E. Filiberto Restrepo Sierra,I. E. FILIBERTO RESTREPO SIERRA,Maceo,Antioquia,Oficial,6.5542,-74.7861,G40,Simulacro 1,S1,11.0,,,253.0,63.0,34,64,36.0,64.0,SI,,253.0
SEC-1343,Semestre Cero,I.E. Filiberto Restrepo Sierra,I. E. FILIBERTO RESTREPO SIERRA,Maceo,Antioquia,Oficial,6.5542,-74.7861,G40,Simulacro 1,S1,11.0,,,250.0,59.0,32,60,43.0,69.0,SI,,250.0
SEC-1344,Semestre Cero,I.E. Filiberto Restrepo Sierra,I. E. FILIBERTO RESTREPO SIERRA,Maceo,Antioquia,Oficial,6.5542,-74.7861,G40,Simulacro 1,S1,11.0,,,247.0,54.0,36,64,43.0,53.0,SI,,247.0
SEC-1345,Semestre Cero,I.E. Filiberto Restrepo Sierra,I. E. FILIBERTO RESTREPO SIERRA,Maceo,Antioquia,Oficial,6.5542,-74.7861,G40,Simulacro 1,S1,11.0,,,245.0,66.0,38,56,36.0,49.0,SI,,245.0
SEC-1346,Semestre Cero,I.E. Filiberto Restrepo Sierra,I. E. FILIBERTO RESTREPO SIERRA,Maceo,Antioquia,Oficial,6.5542,-74.7861,G40,Simulacro 1,S1,11.0,,,245.0,61.0,30,70,31.0,60.0,SI,,245.0
SEC-1347,Semestre Cero,I.E. Filiberto Restrepo Sierra,I. E. FILIBERTO RESTREPO SIERRA,Maceo,Antioquia,Oficial,6.5542,-74.7861,G40,Simulacro 1,S1,11.0,,,244.0,59.0,36,58,40.0,58.0,SI,,244.0
SEC-1348,Semestre Cero,I.E. Filiberto Restrepo Sierra,I. E. FILIBERTO RESTREPO SIERRA,Maceo,Antioquia,Oficial,6.5542,-74.7861,G40,Simulacro 1,S1,11.0,,,244.0,66.0,34,48,40.0,71.0,SI,,244.0
SEC-1349,Semestre Cero,I.E. Filiberto Restrepo Sierra,I. E. FILIBERTO RESTREPO SIERRA,Maceo,Antioquia,Oficial,6.5542,-74.7861,G40,Simulacro 1,S1,11.0,,,242.0,59.0,28,64,41.0,55.0,SI,,242.0
SEC-1350,Semestre Cero,I.E. Filiberto Restrepo Sierra,I. E. FILIBERTO RESTREPO SIERRA,Maceo,Antioquia,Oficial,6.5542,-74.7861,G40,Simulacro 1,S1,11.0,,,237.0,66.0,22,48,57.0,38.0,SI,,237.0
SEC-1351,Semestre Cero,I.E. Filiberto Restrepo Sierra,I. E. FILIBERTO RESTREPO SIERRA,Maceo,Antioquia,Oficial,6.5542,-74.7861,G40,Simulacro 1,S1,11.0,,,235.0,49.0,32,64,48.0,31.0,SI,,235.0
SEC-1352,Semestre Cero,I.E. Filiberto Restrepo Sierra,I. E. FILIBERTO RESTREPO SIERRA,Maceo,Antioquia,Oficial,6.5542,-74.7861,G40,Simulacro 1,S1,11.0,,,232.0,44.0,34,54,52.0,53.0,SI,,232.0
SEC-1353,Semestre Cero,I.E. Filiberto Restrepo Sierra,I. E. FILIBERTO RESTREPO SIERRA,Maceo,Antioquia,Oficial,6.5542,-74.7861,G40,Simulacro 1,S1,11.0,,,231.0,59.0,30,58,33.0,64.0,SI,,231.0
SEC-1354,Semestre Cero,I.E. Filiberto Restrepo Sierra,I. E. FILIBERTO RESTREPO SIERRA,Maceo,Antioquia,Oficial,6.5542,-74.7861,G40,Simulacro 1,S1,11.0,,,229.0,59.0,36,60,33.0,33.0,SI,,229.0
SEC-1355,Semestre Cero,I.E. Filiberto Restrepo Sierra,I. E. FILIBERTO RESTREPO SIERRA,Maceo,Antioquia,Oficial,6.5542,-74.7861,G40,Simulacro 1,S1,11.0,,,228.0,37.0,38,58,50.0,45.0,SI,,228.0
SEC-1356,Semestre Cero,I.E. Filiberto Restrepo Sierra,I. E. FILIBERTO RESTREPO SIERRA,Maceo,Antioquia,Oficial,6.5542,-74.7861,G40,Simulacro 1,S1,11.0,,,226.0,54.0,42,48,34.0,53.0,SI,,226.0
SEC-1357,Semestre Cero,I.E. Filiberto Restrepo Sierra,I. E. FILIBERTO RESTREPO SIERRA,Maceo,Antioquia,Oficial,6.5542,-74.7861,G40,Simulacro 1,S1,11.0,,,218.0,46.0,30,62,34.0,49.0,SI,,218.0
SEC-1358,Semestre Cero,I.E. Filiberto Restrepo Sierra,I. E. FILIBERTO RESTREPO SIERRA,Maceo,Antioquia,Oficial,6.5542,-74.7861,G40,Simulacro 1,S1,11.0,,,217.0,49.0,30,52,45.0,38.0,SI,,217.0
SEC-1359,Semestre Cero,I.E. Filiberto Restrepo Sierra,I. E. FILIBERTO RESTREPO SIERRA,Maceo,Antioquia,Oficial,6.5542,-74.7861,G40,Simulacro 1,S1,11.0,,,217.0,61.0,26,56,29.0,47.0,SI,,217.0
SEC-1360,Semestre Cero,I.E. Filiberto Restrepo Sierra,I. E. FILIBERTO RESTREPO SIERRA,Maceo,Antioquia,Oficial,6.5542,-74.7861,G40,Simulacro 1,S1,11.0,,,214.0,46.0,32,54,41.0,35.0,SI,,214.0
SEC-1361,Semestre Cero,I.E. Filiberto Restrepo Sierra,I. E. FILIBERTO RESTREPO SIERRA,Maceo,Antioquia,Oficial,6.5542,-74.7861,G40,Simulacro 1,S1,11.0,,,201.0,59.0,22,46,36.0,35.0,SI,,201.0
SEC-1362,Semestre Cero,I.E. Filiberto Restrepo Sierra,I. E. FILIBERTO RESTREPO SIERRA,Maceo,Antioquia,Oficial,6.5542,-74.7861,G40,Simulacro 1,S1,11.0,,,199.0,59.0,26,40,36.0,35.0,SI,,199.0
SEC-1363,Semestre Cero,I.E. Filiberto Restrepo Sierra,I. E. FILIBERTO RESTREPO SIERRA,Maceo,Antioquia,Oficial,6.5542,-74.7861,G40,Simulacro 1,S1,11.0,,,199.0,44.0,30,58,29.0,33.0,SI,,199.0
SEC-1364,Semestre Cero,I.E. Filiberto Restrepo Sierra,I. E. FILIBERTO RESTREPO SIERRA,Maceo,Antioquia,Oficial,6.5542,-74.7861,G40,Simulacro 1,S1,11.0,,,194.0,46.0,38,42,29.0,38.0,SI,,194.0
SEC-1365,Semestre Cero,I.E. Filiberto Restrepo Sierra,I. E. FILIBERTO RESTREPO SIERRA,Maceo,Antioquia,Oficial,6.5542,-74.7861,G40,Simulacro 1,S1,11.0,,,194.0,29.0,28,46,50.0,44.0,SI,,194.0
SEC-1366,Semestre Cero,I.E. Filiberto Restrepo Sierra,I. E. FILIBERTO RESTREPO SIERRA,Maceo,Antioquia,Oficial,6.5542,-74.7861,G40,Simulacro 1,S1,11.0,,,193.0,37.0,20,60,40.0,33.0,SI,,193.0
SEC-1367,Semestre Cero,I.E. Filiberto Restrepo Sierra,I. E. FILIBERTO RESTREPO SIERRA,Maceo,Antioquia,Oficial,6.5542,-74.7861,G40,Simulacro 1,S1,11.0,,,193.0,32.0,30,50,40.0,47.0,SI,,193.0
SEC-1368,Semestre Cero,I.E. Filiberto Restrepo Sierra,I. E. FILIBERTO RESTREPO SIERRA,Maceo,Antioquia,Oficial,6.5542,-74.7861,G40,Simulacro 1,S1,11.0,,,193.0,66.0,20,24,41.0,47.0,SI,,193.0
SEC-1369,Semestre Cero,I.E. Filiberto Restrepo Sierra,I. E. FILIBERTO RESTREPO SIERRA,Maceo,Antioquia,Oficial,6.5542,-74.7861,G40,Simulacro 1,S1,11.0,,,184.0,34.0,32,58,22.0,38.0,SI,,184.0
SEC-1370,Semestre Cero,I.E. Filiberto Restrepo Sierra,I. E. FILIBERTO RESTREPO SIERRA,Maceo,Antioquia,Oficial,6.5542,-74.7861,G40,Simulacro 1,S1,11.0,,,181.0,41.0,20,32,48.0,45.0,SI,,181.0
SEC-1869,Semestre Cero,I.E. Francisco Abel Gallego,I. E. FRANCISCO ABEL GALLEGO,San José de la Montaña,Antioquia,Oficial,6.8483,-75.6817,G54,Simulacro 1,S1,11.0,,,284.0,56.0,28,74,57.0,95.0,SI,,284.0
SEC-1870,Semestre Cero,I.E. Francisco Abel Gallego,I. E. FRANCISCO ABEL GALLEGO,San José de la Montaña,Antioquia,Oficial,6.8483,-75.6817,G54,Simulacro 1,S1,11.0,,,263.0,66.0,36,70,31.0,76.0,SI,,263.0
SEC-1871,Semestre Cero,I.E. Francisco Abel Gallego,I. E. FRANCISCO ABEL GALLEGO,San José de la Montaña,Antioquia,Oficial,6.8483,-75.6817,G54,Simulacro 1,S1,11.0,,,247.0,66.0,32,60,29.0,80.0,SI,,247.0
SEC-1872,Semestre Cero,I.E. Francisco Abel Gallego,I. E. FRANCISCO ABEL GALLEGO,San José de la Montaña,Antioquia,Oficial,6.8483,-75.6817,G54,Simulacro 1,S1,11.0,,,223.0,51.0,32,58,40.0,38.0,SI,,223.0
SEC-1873,Semestre Cero,I.E. Francisco Abel Gallego,I. E. FRANCISCO ABEL GALLEGO,San José de la Montaña,Antioquia,Oficial,6.8483,-75.6817,G54,Simulacro 1,S1,11.0,,,217.0,44.0,38,62,29.0,44.0,SI,,217.0
SEC-1874,Semestre Cero,I.E. Francisco Abel Gallego,I. E. FRANCISCO ABEL GALLEGO,San José de la Montaña,Antioquia,Oficial,6.8483,-75.6817,G54,Simulacro 1,S1,11.0,,,213.0,41.0,26,64,29.0,71.0,SI,,213.0
SEC-1875,Semestre Cero,I.E. Francisco Abel Gallego,I. E. FRANCISCO ABEL GALLEGO,San José de la Montaña,Antioquia,Oficial,6.8483,-75.6817,G54,Simulacro 1,S1,11.0,,,208.0,51.0,32,52,28.0,53.0,SI,,208.0
SEC-1876,Semestre Cero,I.E. Francisco Abel Gallego,I. E. FRANCISCO ABEL GALLEGO,San José de la Montaña,Antioquia,Oficial,6.8483,-75.6817,G54,Simulacro 1,S1,11.0,,,198.0,51.0,22,50,34.0,42.0,SI,,198.0
SEC-1877,Semestre Cero,I.E. Francisco Abel Gallego,I. E. FRANCISCO ABEL GALLEGO,San José de la Montaña,Antioquia,Oficial,6.8483,-75.6817,G54,Simulacro 1,S1,11.0,,,189.0,39.0,34,48,31.0,36.0,SI,,189.0
SEC-1878,Semestre Cero,I.E. Francisco Abel Gallego,I. E. FRANCISCO ABEL GALLEGO,San José de la Montaña,Antioquia,Oficial,6.8483,-75.6817,G54,Simulacro 1,S1,11.0,,,188.0,46.0,30,54,19.0,42.0,SI,,188.0
SEC-1879,Semestre Cero,I.E. Francisco Abel Gallego,I. E. FRANCISCO ABEL GALLEGO,San José de la Montaña,Antioquia,Oficial,6.8483,-75.6817,G54,Simulacro 1,S1,11.0,,,186.0,41.0,32,46,28.0,42.0,SI,,186.0
SEC-1880,Semestre Cero,I.E. Francisco Abel Gallego,I. E. FRANCISCO ABEL GALLEGO,San José de la Montaña,Antioquia,Oficial,6.8483,-75.6817,G54,Simulacro 1,S1,11.0,,,179.0,39.0,28,44,29.0,44.0,SI,,179.0
SEC-1881,Semestre Cero,I.E. Francisco Abel Gallego,I. E. FRANCISCO ABEL GALLEGO,San José de la Montaña,Antioquia,Oficial,6.8483,-75.6817,G54,Simulacro 1,S1,11.0,,,174.0,44.0,26,40,31.0,29.0,SI,,174.0
SEC-1882,Semestre Cero,I.E. Francisco Abel Gallego,I. E. FRANCISCO ABEL GALLEGO,San José de la Montaña,Antioquia,Oficial,6.8483,-75.6817,G54,Simulacro 1,S1,11.0,,,173.0,39.0,24,42,29.0,47.0,SI,,173.0
SEC-1883,Semestre Cero,I.E. Francisco Abel Gallego,I. E. FRANCISCO ABEL GALLEGO,San José de la Montaña,Antioquia,Oficial,6.8483,-75.6817,G54,Simulacro 1,S1,11.0,,,173.0,34.0,32,46,29.0,25.0,SI,,173.0
SEC-1884,Semestre Cero,I.E. Francisco Abel Gallego,I. E. FRANCISCO ABEL GALLEGO,San José de la Montaña,Antioquia,Oficial,6.8483,-75.6817,G54,Simulacro 1,S1,11.0,,,170.0,39.0,24,44,31.0,29.0,SI,,170.0
SEC-1885,Semestre Cero,I.E. Francisco Abel Gallego,I. E. FRANCISCO ABEL GALLEGO,San José de la Montaña,Antioquia,Oficial,6.8483,-75.6817,G54,Simulacro 1,S1,11.0,,,169.0,46.0,20,40,29.0,33.0,SI,,169.0
SEC-1886,Semestre Cero,I.E. Francisco Abel Gallego,I. E. FRANCISCO ABEL GALLEGO,San José de la Montaña,Antioquia,Oficial,6.8483,-75.6817,G54,Simulacro 1,S1,11.0,,,168.0,34.0,22,42,36.0,35.0,SI,,168.0
SEC-1887,Semestre Cero,I.E. Francisco Abel Gallego,I. E. FRANCISCO ABEL GALLEGO,San José de la Montaña,Antioquia,Oficial,6.8483,-75.6817,G54,Simulacro 1,S1,11.0,,,165.0,37.0,24,50,21.0,36.0,SI,,165.0
SEC-1888,Semestre Cero,I.E. Francisco Abel Gallego,I. E. FRANCISCO ABEL GALLEGO,San José de la Montaña,Antioquia,Oficial,6.8483,-75.6817,G54,Simulacro 1,S1,11.0,,,165.0,37.0,22,56,19.0,27.0,SI,,165.0
SEC-1889,Semestre Cero,I.E. Francisco Abel Gallego,I. E. FRANCISCO ABEL GALLEGO,San José de la Montaña,Antioquia,Oficial,6.8483,-75.6817,G54,Simulacro 1,S1,11.0,,,164.0,37.0,30,40,24.0,35.0,SI,,164.0
SEC-1890,Semestre Cero,I.E. Francisco Abel Gallego,I. E. FRANCISCO ABEL GALLEGO,San José de la Montaña,Antioquia,Oficial,6.8483,-75.6817,G54,Simulacro 1,S1,11.0,,,164.0,49.0,18,32,29.0,42.0,SI,,164.0
SEC-1891,Semestre Cero,I.E. Francisco Abel Gallego,I. E. FRANCISCO ABEL GALLEGO,San José de la Montaña,Antioquia,Oficial,6.8483,-75.6817,G54,Simulacro 1,S1,11.0,,,159.0,46.0,12,36,33.0,31.0,SI,,159.0
SEC-1892,Semestre Cero,I.E. Francisco Abel Gallego,I. E. FRANCISCO ABEL GALLEGO,San José de la Montaña,Antioquia,Oficial,6.8483,-75.6817,G54,Simulacro 1,S1,11.0,,,154.0,39.0,28,30,26.0,33.0,SI,,154.0
SEC-1893,Semestre Cero,I.E. Francisco Abel Gallego,I. E. FRANCISCO ABEL GALLEGO,San José de la Montaña,Antioquia,Oficial,6.8483,-75.6817,G54,Simulacro 1,S1,11.0,,,152.0,39.0,14,30,34.0,44.0,SI,,152.0
SEC-1894,Semestre Cero,I.E. Francisco Abel Gallego,I. E. FRANCISCO ABEL GALLEGO,San José de la Montaña,Antioquia,Oficial,6.8483,-75.6817,G54,Simulacro 1,S1,11.0,,,147.0,27.0,24,42,22.0,36.0,SI,,147.0
SEC-1895,Semestre Cero,I.E. Francisco Abel Gallego,I. E. FRANCISCO ABEL GALLEGO,San José de la Montaña,Antioquia,Oficial,6.8483,-75.6817,G54,Simulacro 1,S1,11.0,,,146.0,34.0,16,38,28.0,33.0,SI,,146.0
SEC-1896,Semestre Cero,I.E. Francisco Abel Gallego,I. E. FRANCISCO ABEL GALLEGO,San José de la Montaña,Antioquia,Oficial,6.8483,-75.6817,G54,Simulacro 1,S1,11.0,,,145.0,34.0,26,30,26.0,29.0,SI,,145.0
SEC-1897,Semestre Cero,I.E. Francisco Abel Gallego,I. E. FRANCISCO ABEL GALLEGO,San José de la Montaña,Antioquia,Oficial,6.8483,-75.6817,G54,Simulacro 1,S1,11.0,,,145.0,32.0,16,40,22.0,45.0,SI,,145.0
SEC-1898,Semestre Cero,I.E. Francisco Abel Gallego,I. E. FRANCISCO ABEL GALLEGO,San José de la Montaña,Antioquia,Oficial,6.8483,-75.6817,G54,Simulacro 1,S1,11.0,,,137.0,27.0,26,28,22.0,45.0,SI,,137.0
SEC-1899,Semestre Cero,I.E. Francisco Abel Gallego,I. E. FRANCISCO ABEL GALLEGO,San José de la Montaña,Antioquia,Oficial,6.8483,-75.6817,G54,Simulacro 1,S1,11.0,,,131.0,29.0,22,26,24.0,36.0,SI,,131.0
SEC-1900,Semestre Cero,I.E. Francisco Abel Gallego,I. E. FRANCISCO ABEL GALLEGO,San José de la Montaña,Antioquia,Oficial,6.8483,-75.6817,G54,Simulacro 1,S1,11.0,,,130.0,27.0,30,20,29.0,20.0,SI,,130.0
SEC-1901,Semestre Cero,I.E. Francisco Abel Gallego,I. E. FRANCISCO ABEL GALLEGO,San José de la Montaña,Antioquia,Oficial,6.8483,-75.6817,G54,Simulacro 1,S1,11.0,,,129.0,29.0,20,36,17.0,29.0,SI,,129.0
SEC-1902,Semestre Cero,I.E. Francisco Abel Gallego,I. E. FRANCISCO ABEL GALLEGO,San José de la Montaña,Antioquia,Oficial,6.8483,-75.6817,G54,Simulacro 1,S1,11.0,,,128.0,27.0,16,36,28.0,15.0,SI,,128.0
SEC-1903,Semestre Cero,I.E. Francisco Abel Gallego,I. E. FRANCISCO ABEL GALLEGO,San José de la Montaña,Antioquia,Oficial,6.8483,-75.6817,G54,Simulacro 1,S1,11.0,,,127.0,22.0,32,26,19.0,33.0,SI,,127.0
SEC-1904,Semestre Cero,I.E. Francisco Abel Gallego,I. E. FRANCISCO ABEL GALLEGO,San José de la Montaña,Antioquia,Oficial,6.8483,-75.6817,G54,Simulacro 1,S1,11.0,,,111.0,10.0,26,26,28.0,22.0,SI,,111.0
SEC-0612,Semestre Cero,I.E. Gabriel Correa Velez,I. E. GABRIEL CORREA VELEZ,Caracolí,Antioquia,Oficial,6.4864,-74.76,G18,Simulacro 1,S1,11.0,,,304.0,73.0,46,60,64.0,62.0,SI,,304.0
SEC-0613,Semestre Cero,I.E. Gabriel Correa Velez,I. E. GABRIEL CORREA VELEZ,Caracolí,Antioquia,Oficial,6.4864,-74.76,G18,Simulacro 1,S1,11.0,,,292.0,68.0,42,64,60.0,55.0,SI,,292.0
SEC-0614,Semestre Cero,I.E. Gabriel Correa Velez,I. E. GABRIEL CORREA VELEZ,Caracolí,Antioquia,Oficial,6.4864,-74.76,G18,Simulacro 1,S1,11.0,,,286.0,63.0,42,64,60.0,55.0,SI,,286.0
SEC-0615,Semestre Cero,I.E. Gabriel Correa Velez,I. E. GABRIEL CORREA VELEZ,Caracolí,Antioquia,Oficial,6.4864,-74.76,G18,Simulacro 1,S1,11.0,,,283.0,63.0,42,64,60.0,45.0,SI,,283.0
SEC-0616,Semestre Cero,I.E. Gabriel Correa Velez,I. E. GABRIEL CORREA VELEZ,Caracolí,Antioquia,Oficial,6.4864,-74.76,G18,Simulacro 1,S1,11.0,,,275.0,56.0,46,64,48.0,73.0,SI,,275.0
SEC-0617,Semestre Cero,I.E. Gabriel Correa Velez,I. E. GABRIEL CORREA VELEZ,Caracolí,Antioquia,Oficial,6.4864,-74.76,G18,Simulacro 1,S1,11.0,,,263.0,63.0,28,62,59.0,47.0,SI,,263.0
SEC-0618,Semestre Cero,I.E. Gabriel Correa Velez,I. E. GABRIEL CORREA VELEZ,Caracolí,Antioquia,Oficial,6.4864,-74.76,G18,Simulacro 1,S1,11.0,,,261.0,59.0,50,54,40.0,71.0,SI,,261.0
SEC-0619,Semestre Cero,I.E. Gabriel Correa Velez,I. E. GABRIEL CORREA VELEZ,Caracolí,Antioquia,Oficial,6.4864,-74.76,G18,Simulacro 1,S1,11.0,,,256.0,49.0,44,64,45.0,62.0,SI,,256.0
SEC-0620,Semestre Cero,I.E. Gabriel Correa Velez,I. E. GABRIEL CORREA VELEZ,Caracolí,Antioquia,Oficial,6.4864,-74.76,G18,Simulacro 1,S1,11.0,,,256.0,61.0,40,48,53.0,58.0,SI,,256.0
SEC-0621,Semestre Cero,I.E. Gabriel Correa Velez,I. E. GABRIEL CORREA VELEZ,Caracolí,Antioquia,Oficial,6.4864,-74.76,G18,Simulacro 1,S1,11.0,,,254.0,61.0,44,62,36.0,51.0,SI,,254.0
SEC-0622,Semestre Cero,I.E. Gabriel Correa Velez,I. E. GABRIEL CORREA VELEZ,Caracolí,Antioquia,Oficial,6.4864,-74.76,G18,Simulacro 1,S1,11.0,,,252.0,63.0,34,70,34.0,49.0,SI,,252.0
SEC-0623,Semestre Cero,I.E. Gabriel Correa Velez,I. E. GABRIEL CORREA VELEZ,Caracolí,Antioquia,Oficial,6.4864,-74.76,G18,Simulacro 1,S1,11.0,,,249.0,49.0,46,50,52.0,58.0,SI,,249.0
SEC-0624,Semestre Cero,I.E. Gabriel Correa Velez,I. E. GABRIEL CORREA VELEZ,Caracolí,Antioquia,Oficial,6.4864,-74.76,G18,Simulacro 1,S1,11.0,,,248.0,63.0,36,44,52.0,58.0,SI,,248.0
SEC-0625,Semestre Cero,I.E. Gabriel Correa Velez,I. E. GABRIEL CORREA VELEZ,Caracolí,Antioquia,Oficial,6.4864,-74.76,G18,Simulacro 1,S1,11.0,,,244.0,61.0,48,56,28.0,56.0,SI,,244.0
SEC-0626,Semestre Cero,I.E. Gabriel Correa Velez,I. E. GABRIEL CORREA VELEZ,Caracolí,Antioquia,Oficial,6.4864,-74.76,G18,Simulacro 1,S1,11.0,,,240.0,44.0,32,62,52.0,56.0,SI,,240.0
SEC-0627,Semestre Cero,I.E. Gabriel Correa Velez,I. E. GABRIEL CORREA VELEZ,Caracolí,Antioquia,Oficial,6.4864,-74.76,G18,Simulacro 1,S1,11.0,,,236.0,63.0,32,56,41.0,36.0,SI,,236.0
SEC-0628,Semestre Cero,I.E. Gabriel Correa Velez,I. E. GABRIEL CORREA VELEZ,Caracolí,Antioquia,Oficial,6.4864,-74.76,G18,Simulacro 1,S1,11.0,,,232.0,51.0,38,40,55.0,49.0,SI,,232.0
SEC-0629,Semestre Cero,I.E. Gabriel Correa Velez,I. E. GABRIEL CORREA VELEZ,Caracolí,Antioquia,Oficial,6.4864,-74.76,G18,Simulacro 1,S1,11.0,,,217.0,41.0,26,52,52.0,51.0,SI,,217.0
SEC-0630,Semestre Cero,I.E. Gabriel Correa Velez,I. E. GABRIEL CORREA VELEZ,Caracolí,Antioquia,Oficial,6.4864,-74.76,G18,Simulacro 1,S1,11.0,,,217.0,34.0,48,54,36.0,47.0,SI,,217.0
SEC-0631,Semestre Cero,I.E. Gabriel Correa Velez,I. E. GABRIEL CORREA VELEZ,Caracolí,Antioquia,Oficial,6.4864,-74.76,G18,Simulacro 1,S1,11.0,,,209.0,46.0,36,56,31.0,35.0,SI,,209.0
SEC-0632,Semestre Cero,I.E. Gabriel Correa Velez,I. E. GABRIEL CORREA VELEZ,Caracolí,Antioquia,Oficial,6.4864,-74.76,G18,Simulacro 1,S1,11.0,,,170.0,61.0,16,32,38.0,0.0,SI,,170.0
SEC-0633,Semestre Cero,I.E. Gabriel Correa Velez,I. E. GABRIEL CORREA VELEZ,Caracolí,Antioquia,Oficial,6.4864,-74.76,G18,Simulacro 1,S1,11.0,,,166.0,61.0,22,32,29.0,0.0,SI,,166.0
SEC-0634,Semestre Cero,I.E. Gabriel Correa Velez,I. E. GABRIEL CORREA VELEZ,Caracolí,Antioquia,Oficial,6.4864,-74.76,G18,Simulacro 1,S1,11.0,,,107.0,41.0,14,22,16.0,0.0,SI,,107.0
SEC-0635,Semestre Cero,I.E. Gabriel Correa Velez,I. E. GABRIEL CORREA VELEZ,Caracolí,Antioquia,Oficial,6.4864,-74.76,G18,Simulacro 1,S1,11.0,,,98.0,0.0,22,32,17.0,40.0,SI,,98.0
SEC-0636,Semestre Cero,I.E. Gabriel Correa Velez,I. E. GABRIEL CORREA VELEZ,Caracolí,Antioquia,Oficial,6.4864,-74.76,G18,Simulacro 1,S1,11.0,,,84.0,0.0,8,32,19.0,42.0,SI,,84.0
SEC-0637,Semestre Cero,I.E. Gabriel Correa Velez,I. E. GABRIEL CORREA VELEZ,Caracolí,Antioquia,Oficial,6.4864,-74.76,G18,Simulacro 1,S1,11.0,,,71.0,0.0,2,34,16.0,31.0,SI,,71.0
SEC-0486,Semestre Cero,I.E. Guarumo,I. E. GUARUMO,Cáceres,Antioquia,Oficial,7.5758,-75.3486,G14,Simulacro 1,S1,11.0,,,232.0,59.0,34,54,41.0,38.0,SI,,232.0
SEC-0487,Semestre Cero,I.E. Guarumo,I. E. GUARUMO,Cáceres,Antioquia,Oficial,7.5758,-75.3486,G14,Simulacro 1,S1,11.0,,,222.0,54.0,34,60,29.0,45.0,SI,,222.0
SEC-0488,Semestre Cero,I.E. Guarumo,I. E. GUARUMO,Cáceres,Antioquia,Oficial,7.5758,-75.3486,G14,Simulacro 1,S1,11.0,,,217.0,56.0,22,64,31.0,44.0,SI,,217.0
SEC-0489,Semestre Cero,I.E. Guarumo,I. E. GUARUMO,Cáceres,Antioquia,Oficial,7.5758,-75.3486,G14,Simulacro 1,S1,11.0,,,209.0,59.0,34,34,36.0,56.0,SI,,209.0
SEC-0490,Semestre Cero,I.E. Guarumo,I. E. GUARUMO,Cáceres,Antioquia,Oficial,7.5758,-75.3486,G14,Simulacro 1,S1,11.0,,,207.0,56.0,38,48,24.0,40.0,SI,,207.0
SEC-0491,Semestre Cero,I.E. Guarumo,I. E. GUARUMO,Cáceres,Antioquia,Oficial,7.5758,-75.3486,G14,Simulacro 1,S1,11.0,,,201.0,54.0,20,56,31.0,42.0,SI,,201.0
SEC-0492,Semestre Cero,I.E. Guarumo,I. E. GUARUMO,Cáceres,Antioquia,Oficial,7.5758,-75.3486,G14,Simulacro 1,S1,11.0,,,199.0,46.0,32,48,33.0,40.0,SI,,199.0
SEC-0493,Semestre Cero,I.E. Guarumo,I. E. GUARUMO,Cáceres,Antioquia,Oficial,7.5758,-75.3486,G14,Simulacro 1,S1,11.0,,,199.0,44.0,40,36,40.0,38.0,SI,,199.0
SEC-0494,Semestre Cero,I.E. Guarumo,I. E. GUARUMO,Cáceres,Antioquia,Oficial,7.5758,-75.3486,G14,Simulacro 1,S1,11.0,,,198.0,59.0,28,52,19.0,42.0,SI,,198.0
SEC-0495,Semestre Cero,I.E. Guarumo,I. E. GUARUMO,Cáceres,Antioquia,Oficial,7.5758,-75.3486,G14,Simulacro 1,S1,11.0,,,193.0,49.0,28,48,26.0,51.0,SI,,193.0
SEC-0496,Semestre Cero,I.E. Guarumo,I. E. GUARUMO,Cáceres,Antioquia,Oficial,7.5758,-75.3486,G14,Simulacro 1,S1,11.0,,,186.0,49.0,22,48,26.0,51.0,SI,,186.0
SEC-0497,Semestre Cero,I.E. Guarumo,I. E. GUARUMO,Cáceres,Antioquia,Oficial,7.5758,-75.3486,G14,Simulacro 1,S1,11.0,,,185.0,54.0,38,40,22.0,20.0,SI,,185.0
SEC-0498,Semestre Cero,I.E. Guarumo,I. E. GUARUMO,Cáceres,Antioquia,Oficial,7.5758,-75.3486,G14,Simulacro 1,S1,11.0,,,182.0,46.0,30,46,22.0,38.0,SI,,182.0
SEC-0499,Semestre Cero,I.E. Guarumo,I. E. GUARUMO,Cáceres,Antioquia,Oficial,7.5758,-75.3486,G14,Simulacro 1,S1,11.0,,,180.0,46.0,22,44,29.0,42.0,SI,,180.0
SEC-0500,Semestre Cero,I.E. Guarumo,I. E. GUARUMO,Cáceres,Antioquia,Oficial,7.5758,-75.3486,G14,Simulacro 1,S1,11.0,,,175.0,44.0,14,42,36.0,47.0,SI,,175.0
SEC-0501,Semestre Cero,I.E. Guarumo,I. E. GUARUMO,Cáceres,Antioquia,Oficial,7.5758,-75.3486,G14,Simulacro 1,S1,11.0,,,174.0,34.0,24,50,31.0,35.0,SI,,174.0
SEC-0502,Semestre Cero,I.E. Guarumo,I. E. GUARUMO,Cáceres,Antioquia,Oficial,7.5758,-75.3486,G14,Simulacro 1,S1,11.0,,,173.0,39.0,22,50,28.0,35.0,SI,,173.0
SEC-0503,Semestre Cero,I.E. Guarumo,I. E. GUARUMO,Cáceres,Antioquia,Oficial,7.5758,-75.3486,G14,Simulacro 1,S1,11.0,,,172.0,29.0,32,50,26.0,36.0,SI,,172.0
SEC-0504,Semestre Cero,I.E. Guarumo,I. E. GUARUMO,Cáceres,Antioquia,Oficial,7.5758,-75.3486,G14,Simulacro 1,S1,11.0,,,170.0,44.0,30,38,24.0,35.0,SI,,170.0
SEC-0505,Semestre Cero,I.E. Guarumo,I. E. GUARUMO,Cáceres,Antioquia,Oficial,7.5758,-75.3486,G14,Simulacro 1,S1,11.0,,,170.0,39.0,26,40,28.0,44.0,SI,,170.0
SEC-0506,Semestre Cero,I.E. Guarumo,I. E. GUARUMO,Cáceres,Antioquia,Oficial,7.5758,-75.3486,G14,Simulacro 1,S1,11.0,,,170.0,37.0,24,38,36.0,36.0,SI,,170.0
SEC-0507,Semestre Cero,I.E. Guarumo,I. E. GUARUMO,Cáceres,Antioquia,Oficial,7.5758,-75.3486,G14,Simulacro 1,S1,11.0,,,168.0,32.0,26,48,29.0,33.0,SI,,168.0
SEC-0508,Semestre Cero,I.E. Guarumo,I. E. GUARUMO,Cáceres,Antioquia,Oficial,7.5758,-75.3486,G14,Simulacro 1,S1,11.0,,,168.0,34.0,24,52,26.0,29.0,SI,,168.0
SEC-0509,Semestre Cero,I.E. Guarumo,I. E. GUARUMO,Cáceres,Antioquia,Oficial,7.5758,-75.3486,G14,Simulacro 1,S1,11.0,,,167.0,41.0,20,40,31.0,36.0,SI,,167.0
SEC-0510,Semestre Cero,I.E. Guarumo,I. E. GUARUMO,Cáceres,Antioquia,Oficial,7.5758,-75.3486,G14,Simulacro 1,S1,11.0,,,166.0,32.0,28,38,36.0,31.0,SI,,166.0
SEC-0511,Semestre Cero,I.E. Guarumo,I. E. GUARUMO,Cáceres,Antioquia,Oficial,7.5758,-75.3486,G14,Simulacro 1,S1,11.0,,,166.0,39.0,24,36,34.0,31.0,SI,,166.0
SEC-0512,Semestre Cero,I.E. Guarumo,I. E. GUARUMO,Cáceres,Antioquia,Oficial,7.5758,-75.3486,G14,Simulacro 1,S1,11.0,,,165.0,41.0,26,36,29.0,31.0,SI,,165.0
SEC-0513,Semestre Cero,I.E. Guarumo,I. E. GUARUMO,Cáceres,Antioquia,Oficial,7.5758,-75.3486,G14,Simulacro 1,S1,11.0,,,161.0,37.0,28,42,24.0,25.0,SI,,161.0
SEC-0514,Semestre Cero,I.E. Guarumo,I. E. GUARUMO,Cáceres,Antioquia,Oficial,7.5758,-75.3486,G14,Simulacro 1,S1,11.0,,,160.0,39.0,24,34,31.0,31.0,SI,,160.0
SEC-0515,Semestre Cero,I.E. Guarumo,I. E. GUARUMO,Cáceres,Antioquia,Oficial,7.5758,-75.3486,G14,Simulacro 1,S1,11.0,,,159.0,32.0,20,42,29.0,44.0,SI,,159.0
SEC-0516,Semestre Cero,I.E. Guarumo,I. E. GUARUMO,Cáceres,Antioquia,Oficial,7.5758,-75.3486,G14,Simulacro 1,S1,11.0,,,157.0,41.0,24,24,34.0,36.0,SI,,157.0
SEC-0517,Semestre Cero,I.E. Guarumo,I. E. GUARUMO,Cáceres,Antioquia,Oficial,7.5758,-75.3486,G14,Simulacro 1,S1,11.0,,,156.0,37.0,28,46,14.0,33.0,SI,,156.0
SEC-0518,Semestre Cero,I.E. Guarumo,I. E. GUARUMO,Cáceres,Antioquia,Oficial,7.5758,-75.3486,G14,Simulacro 1,S1,11.0,,,154.0,27.0,26,40,29.0,35.0,SI,,154.0
SEC-0519,Semestre Cero,I.E. Guarumo,I. E. GUARUMO,Cáceres,Antioquia,Oficial,7.5758,-75.3486,G14,Simulacro 1,S1,11.0,,,153.0,32.0,34,34,24.0,27.0,SI,,153.0
SEC-0520,Semestre Cero,I.E. Guarumo,I. E. GUARUMO,Cáceres,Antioquia,Oficial,7.5758,-75.3486,G14,Simulacro 1,S1,11.0,,,150.0,41.0,28,18,28.0,44.0,SI,,150.0
SEC-0521,Semestre Cero,I.E. Guarumo,I. E. GUARUMO,Cáceres,Antioquia,Oficial,7.5758,-75.3486,G14,Simulacro 1,S1,11.0,,,149.0,34.0,12,48,26.0,27.0,SI,,149.0
SEC-0522,Semestre Cero,I.E. Guarumo,I. E. GUARUMO,Cáceres,Antioquia,Oficial,7.5758,-75.3486,G14,Simulacro 1,S1,11.0,,,149.0,24.0,30,38,29.0,22.0,SI,,149.0
SEC-0523,Semestre Cero,I.E. Guarumo,I. E. GUARUMO,Cáceres,Antioquia,Oficial,7.5758,-75.3486,G14,Simulacro 1,S1,11.0,,,147.0,32.0,28,24,34.0,27.0,SI,,147.0
SEC-0524,Semestre Cero,I.E. Guarumo,I. E. GUARUMO,Cáceres,Antioquia,Oficial,7.5758,-75.3486,G14,Simulacro 1,S1,11.0,,,146.0,37.0,18,24,36.0,36.0,SI,,146.0
SEC-0525,Semestre Cero,I.E. Guarumo,I. E. GUARUMO,Cáceres,Antioquia,Oficial,7.5758,-75.3486,G14,Simulacro 1,S1,11.0,,,142.0,44.0,24,26,21.0,25.0,SI,,142.0
SEC-0526,Semestre Cero,I.E. Guarumo,I. E. GUARUMO,Cáceres,Antioquia,Oficial,7.5758,-75.3486,G14,Simulacro 1,S1,11.0,,,141.0,34.0,16,30,26.0,49.0,SI,,141.0
SEC-0527,Semestre Cero,I.E. Guarumo,I. E. GUARUMO,Cáceres,Antioquia,Oficial,7.5758,-75.3486,G14,Simulacro 1,S1,11.0,,,141.0,39.0,32,32,12.0,22.0,SI,,141.0
SEC-0528,Semestre Cero,I.E. Guarumo,I. E. GUARUMO,Cáceres,Antioquia,Oficial,7.5758,-75.3486,G14,Simulacro 1,S1,11.0,,,140.0,34.0,22,32,21.0,36.0,SI,,140.0
SEC-0529,Semestre Cero,I.E. Guarumo,I. E. GUARUMO,Cáceres,Antioquia,Oficial,7.5758,-75.3486,G14,Simulacro 1,S1,11.0,,,139.0,22.0,24,32,36.0,20.0,SI,,139.0
SEC-0530,Semestre Cero,I.E. Guarumo,I. E. GUARUMO,Cáceres,Antioquia,Oficial,7.5758,-75.3486,G14,Simulacro 1,S1,11.0,,,138.0,29.0,28,32,22.0,24.0,SI,,138.0
SEC-0531,Semestre Cero,I.E. Guarumo,I. E. GUARUMO,Cáceres,Antioquia,Oficial,7.5758,-75.3486,G14,Simulacro 1,S1,11.0,,,138.0,34.0,18,30,26.0,35.0,SI,,138.0
SEC-0532,Semestre Cero,I.E. Guarumo,I. E. GUARUMO,Cáceres,Antioquia,Oficial,7.5758,-75.3486,G14,Simulacro 1,S1,11.0,,,138.0,32.0,28,22,19.0,56.0,SI,,138.0
SEC-0533,Semestre Cero,I.E. Guarumo,I. E. GUARUMO,Cáceres,Antioquia,Oficial,7.5758,-75.3486,G14,Simulacro 1,S1,11.0,,,136.0,37.0,22,32,19.0,25.0,SI,,136.0
SEC-0534,Semestre Cero,I.E. Guarumo,I. E. GUARUMO,Cáceres,Antioquia,Oficial,7.5758,-75.3486,G14,Simulacro 1,S1,11.0,,,132.0,24.0,28,26,24.0,35.0,SI,,132.0
SEC-0535,Semestre Cero,I.E. Guarumo,I. E. GUARUMO,Cáceres,Antioquia,Oficial,7.5758,-75.3486,G14,Simulacro 1,S1,11.0,,,128.0,32.0,26,26,17.0,31.0,SI,,128.0
SEC-0536,Semestre Cero,I.E. Guarumo,I. E. GUARUMO,Cáceres,Antioquia,Oficial,7.5758,-75.3486,G14,Simulacro 1,S1,11.0,,,127.0,15.0,34,30,22.0,27.0,SI,,127.0
SEC-0537,Semestre Cero,I.E. Guarumo,I. E. GUARUMO,Cáceres,Antioquia,Oficial,7.5758,-75.3486,G14,Simulacro 1,S1,11.0,,,126.0,27.0,26,24,24.0,25.0,SI,,126.0
SEC-0538,Semestre Cero,I.E. Guarumo,I. E. GUARUMO,Cáceres,Antioquia,Oficial,7.5758,-75.3486,G14,Simulacro 1,S1,11.0,,,124.0,27.0,12,36,22.0,31.0,SI,,124.0
SEC-0539,Semestre Cero,I.E. Guarumo,I. E. GUARUMO,Cáceres,Antioquia,Oficial,7.5758,-75.3486,G14,Simulacro 1,S1,11.0,,,121.0,37.0,16,28,16.0,27.0,SI,,121.0
SEC-0540,Semestre Cero,I.E. Guarumo,I. E. GUARUMO,Cáceres,Antioquia,Oficial,7.5758,-75.3486,G14,Simulacro 1,S1,11.0,,,120.0,27.0,18,28,22.0,27.0,SI,,120.0
SEC-0541,Semestre Cero,I.E. Guarumo,I. E. GUARUMO,Cáceres,Antioquia,Oficial,7.5758,-75.3486,G14,Simulacro 1,S1,11.0,,,119.0,29.0,32,14,17.0,31.0,SI,,119.0
SEC-0542,Semestre Cero,I.E. Guarumo,I. E. GUARUMO,Cáceres,Antioquia,Oficial,7.5758,-75.3486,G14,Simulacro 1,S1,11.0,,,103.0,17.0,18,20,24.0,31.0,SI,,103.0
SEC-2058,Semestre Cero,I.E. Jesus Maria Rojas Pagola,I. E. JESUS MARIA ROJAS PAGOLA,Santa Bárbara,Antioquia,Oficial,5.879,-75.5833,G58,Simulacro 1,S1,11.0,,,291.0,68.0,56,68,31.0,85.0,SI,,291.0
SEC-2059,Semestre Cero,I.E. Jesus Maria Rojas Pagola,I. E. JESUS MARIA ROJAS PAGOLA,Santa Bárbara,Antioquia,Oficial,5.879,-75.5833,G58,Simulacro 1,S1,11.0,,,225.0,56.0,30,52,36.0,62.0,SI,,225.0
SEC-2060,Semestre Cero,I.E. Jesus Maria Rojas Pagola,I. E. JESUS MARIA ROJAS PAGOLA,Santa Bárbara,Antioquia,Oficial,5.879,-75.5833,G58,Simulacro 1,S1,11.0,,,221.0,54.0,32,54,43.0,27.0,SI,,221.0
SEC-2061,Semestre Cero,I.E. Jesus Maria Rojas Pagola,I. E. JESUS MARIA ROJAS PAGOLA,Santa Bárbara,Antioquia,Oficial,5.879,-75.5833,G58,Simulacro 1,S1,11.0,,,220.0,39.0,24,54,50.0,71.0,SI,,220.0
SEC-2062,Semestre Cero,I.E. Jesus Maria Rojas Pagola,I. E. JESUS MARIA ROJAS PAGOLA,Santa Bárbara,Antioquia,Oficial,5.879,-75.5833,G58,Simulacro 1,S1,11.0,,,212.0,59.0,22,58,28.0,53.0,SI,,212.0
SEC-2063,Semestre Cero,I.E. Jesus Maria Rojas Pagola,I. E. JESUS MARIA ROJAS PAGOLA,Santa Bárbara,Antioquia,Oficial,5.879,-75.5833,G58,Simulacro 1,S1,11.0,,,205.0,49.0,30,56,29.0,40.0,SI,,205.0
SEC-2064,Semestre Cero,I.E. Jesus Maria Rojas Pagola,I. E. JESUS MARIA ROJAS PAGOLA,Santa Bárbara,Antioquia,Oficial,5.879,-75.5833,G58,Simulacro 1,S1,11.0,,,196.0,54.0,22,46,34.0,42.0,SI,,196.0
SEC-2065,Semestre Cero,I.E. Jesus Maria Rojas Pagola,I. E. JESUS MARIA ROJAS PAGOLA,Santa Bárbara,Antioquia,Oficial,5.879,-75.5833,G58,Simulacro 1,S1,11.0,,,196.0,44.0,26,42,45.0,38.0,SI,,196.0
SEC-2066,Semestre Cero,I.E. Jesus Maria Rojas Pagola,I. E. JESUS MARIA ROJAS PAGOLA,Santa Bárbara,Antioquia,Oficial,5.879,-75.5833,G58,Simulacro 1,S1,11.0,,,193.0,63.0,18,50,22.0,40.0,SI,,193.0
SEC-2067,Semestre Cero,I.E. Jesus Maria Rojas Pagola,I. E. JESUS MARIA ROJAS PAGOLA,Santa Bárbara,Antioquia,Oficial,5.879,-75.5833,G58,Simulacro 1,S1,11.0,,,189.0,44.0,24,48,34.0,40.0,SI,,189.0
SEC-2068,Semestre Cero,I.E. Jesus Maria Rojas Pagola,I. E. JESUS MARIA ROJAS PAGOLA,Santa Bárbara,Antioquia,Oficial,5.879,-75.5833,G58,Simulacro 1,S1,11.0,,,187.0,41.0,28,50,26.0,51.0,SI,,187.0
SEC-2069,Semestre Cero,I.E. Jesus Maria Rojas Pagola,I. E. JESUS MARIA ROJAS PAGOLA,Santa Bárbara,Antioquia,Oficial,5.879,-75.5833,G58,Simulacro 1,S1,11.0,,,186.0,54.0,28,42,24.0,40.0,SI,,186.0
SEC-2070,Semestre Cero,I.E. Jesus Maria Rojas Pagola,I. E. JESUS MARIA ROJAS PAGOLA,Santa Bárbara,Antioquia,Oficial,5.879,-75.5833,G58,Simulacro 1,S1,11.0,,,185.0,51.0,32,40,26.0,35.0,SI,,185.0
SEC-2071,Semestre Cero,I.E. Jesus Maria Rojas Pagola,I. E. JESUS MARIA ROJAS PAGOLA,Santa Bárbara,Antioquia,Oficial,5.879,-75.5833,G58,Simulacro 1,S1,11.0,,,182.0,44.0,40,32,31.0,33.0,SI,,182.0
SEC-2072,Semestre Cero,I.E. Jesus Maria Rojas Pagola,I. E. JESUS MARIA ROJAS PAGOLA,Santa Bárbara,Antioquia,Oficial,5.879,-75.5833,G58,Simulacro 1,S1,11.0,,,174.0,29.0,40,46,26.0,29.0,SI,,174.0
SEC-2073,Semestre Cero,I.E. Jesus Maria Rojas Pagola,I. E. JESUS MARIA ROJAS PAGOLA,Santa Bárbara,Antioquia,Oficial,5.879,-75.5833,G58,Simulacro 1,S1,11.0,,,174.0,39.0,38,32,26.0,47.0,SI,,174.0
SEC-2074,Semestre Cero,I.E. Jesus Maria Rojas Pagola,I. E. JESUS MARIA ROJAS PAGOLA,Santa Bárbara,Antioquia,Oficial,5.879,-75.5833,G58,Simulacro 1,S1,11.0,,,174.0,44.0,32,36,28.0,33.0,SI,,174.0
SEC-2075,Semestre Cero,I.E. Jesus Maria Rojas Pagola,I. E. JESUS MARIA ROJAS PAGOLA,Santa Bárbara,Antioquia,Oficial,5.879,-75.5833,G58,Simulacro 1,S1,11.0,,,171.0,41.0,32,40,21.0,42.0,SI,,171.0
SEC-2076,Semestre Cero,I.E. Jesus Maria Rojas Pagola,I. E. JESUS MARIA ROJAS PAGOLA,Santa Bárbara,Antioquia,Oficial,5.879,-75.5833,G58,Simulacro 1,S1,11.0,,,169.0,29.0,20,46,34.0,49.0,SI,,169.0
SEC-2077,Semestre Cero,I.E. Jesus Maria Rojas Pagola,I. E. JESUS MARIA ROJAS PAGOLA,Santa Bárbara,Antioquia,Oficial,5.879,-75.5833,G58,Simulacro 1,S1,11.0,,,168.0,41.0,26,40,24.0,42.0,SI,,168.0
SEC-2078,Semestre Cero,I.E. Jesus Maria Rojas Pagola,I. E. JESUS MARIA ROJAS PAGOLA,Santa Bárbara,Antioquia,Oficial,5.879,-75.5833,G58,Simulacro 1,S1,11.0,,,167.0,44.0,22,42,21.0,49.0,SI,,167.0
SEC-2079,Semestre Cero,I.E. Jesus Maria Rojas Pagola,I. E. JESUS MARIA ROJAS PAGOLA,Santa Bárbara,Antioquia,Oficial,5.879,-75.5833,G58,Simulacro 1,S1,11.0,,,166.0,59.0,28,32,19.0,18.0,SI,,166.0
SEC-2080,Semestre Cero,I.E. Jesus Maria Rojas Pagola,I. E. JESUS MARIA ROJAS PAGOLA,Santa Bárbara,Antioquia,Oficial,5.879,-75.5833,G58,Simulacro 1,S1,11.0,,,165.0,27.0,34,34,22.0,78.0,SI,,165.0
SEC-2081,Semestre Cero,I.E. Jesus Maria Rojas Pagola,I. E. JESUS MARIA ROJAS PAGOLA,Santa Bárbara,Antioquia,Oficial,5.879,-75.5833,G58,Simulacro 1,S1,11.0,,,165.0,49.0,22,30,33.0,29.0,SI,,165.0
SEC-2082,Semestre Cero,I.E. Jesus Maria Rojas Pagola,I. E. JESUS MARIA ROJAS PAGOLA,Santa Bárbara,Antioquia,Oficial,5.879,-75.5833,G58,Simulacro 1,S1,11.0,,,164.0,34.0,14,44,38.0,36.0,SI,,164.0
SEC-2083,Semestre Cero,I.E. Jesus Maria Rojas Pagola,I. E. JESUS MARIA ROJAS PAGOLA,Santa Bárbara,Antioquia,Oficial,5.879,-75.5833,G58,Simulacro 1,S1,11.0,,,164.0,34.0,32,46,19.0,33.0,SI,,164.0
SEC-2084,Semestre Cero,I.E. Jesus Maria Rojas Pagola,I. E. JESUS MARIA ROJAS PAGOLA,Santa Bárbara,Antioquia,Oficial,5.879,-75.5833,G58,Simulacro 1,S1,11.0,,,164.0,41.0,28,26,36.0,31.0,SI,,164.0
SEC-2085,Semestre Cero,I.E. Jesus Maria Rojas Pagola,I. E. JESUS MARIA ROJAS PAGOLA,Santa Bárbara,Antioquia,Oficial,5.879,-75.5833,G58,Simulacro 1,S1,11.0,,,164.0,41.0,26,36,21.0,53.0,SI,,164.0
SEC-2086,Semestre Cero,I.E. Jesus Maria Rojas Pagola,I. E. JESUS MARIA ROJAS PAGOLA,Santa Bárbara,Antioquia,Oficial,5.879,-75.5833,G58,Simulacro 1,S1,11.0,,,160.0,37.0,28,32,22.0,60.0,SI,,160.0
SEC-2087,Semestre Cero,I.E. Jesus Maria Rojas Pagola,I. E. JESUS MARIA ROJAS PAGOLA,Santa Bárbara,Antioquia,Oficial,5.879,-75.5833,G58,Simulacro 1,S1,11.0,,,157.0,34.0,20,44,22.0,45.0,SI,,157.0
SEC-2088,Semestre Cero,I.E. Jesus Maria Rojas Pagola,I. E. JESUS MARIA ROJAS PAGOLA,Santa Bárbara,Antioquia,Oficial,5.879,-75.5833,G58,Simulacro 1,S1,11.0,,,155.0,34.0,18,32,40.0,31.0,SI,,155.0
SEC-2089,Semestre Cero,I.E. Jesus Maria Rojas Pagola,I. E. JESUS MARIA ROJAS PAGOLA,Santa Bárbara,Antioquia,Oficial,5.879,-75.5833,G58,Simulacro 1,S1,11.0,,,152.0,32.0,24,36,28.0,38.0,SI,,152.0
SEC-2090,Semestre Cero,I.E. Jesus Maria Rojas Pagola,I. E. JESUS MARIA ROJAS PAGOLA,Santa Bárbara,Antioquia,Oficial,5.879,-75.5833,G58,Simulacro 1,S1,11.0,,,152.0,32.0,26,40,22.0,35.0,SI,,152.0
SEC-2091,Semestre Cero,I.E. Jesus Maria Rojas Pagola,I. E. JESUS MARIA ROJAS PAGOLA,Santa Bárbara,Antioquia,Oficial,5.879,-75.5833,G58,Simulacro 1,S1,11.0,,,152.0,32.0,24,36,28.0,36.0,SI,,152.0
SEC-2092,Semestre Cero,I.E. Jesus Maria Rojas Pagola,I. E. JESUS MARIA ROJAS PAGOLA,Santa Bárbara,Antioquia,Oficial,5.879,-75.5833,G58,Simulacro 1,S1,11.0,,,151.0,29.0,26,40,29.0,20.0,SI,,151.0
SEC-2093,Semestre Cero,I.E. Jesus Maria Rojas Pagola,I. E. JESUS MARIA ROJAS PAGOLA,Santa Bárbara,Antioquia,Oficial,5.879,-75.5833,G58,Simulacro 1,S1,11.0,,,150.0,32.0,20,30,33.0,45.0,SI,,150.0
SEC-2094,Semestre Cero,I.E. Jesus Maria Rojas Pagola,I. E. JESUS MARIA ROJAS PAGOLA,Santa Bárbara,Antioquia,Oficial,5.879,-75.5833,G58,Simulacro 1,S1,11.0,,,148.0,46.0,18,32,19.0,40.0,SI,,148.0
SEC-2095,Semestre Cero,I.E. Jesus Maria Rojas Pagola,I. E. JESUS MARIA ROJAS PAGOLA,Santa Bárbara,Antioquia,Oficial,5.879,-75.5833,G58,Simulacro 1,S1,11.0,,,148.0,29.0,28,30,33.0,25.0,SI,,148.0
SEC-2096,Semestre Cero,I.E. Jesus Maria Rojas Pagola,I. E. JESUS MARIA ROJAS PAGOLA,Santa Bárbara,Antioquia,Oficial,5.879,-75.5833,G58,Simulacro 1,S1,11.0,,,147.0,39.0,16,30,33.0,29.0,SI,,147.0
SEC-2097,Semestre Cero,I.E. Jesus Maria Rojas Pagola,I. E. JESUS MARIA ROJAS PAGOLA,Santa Bárbara,Antioquia,Oficial,5.879,-75.5833,G58,Simulacro 1,S1,11.0,,,146.0,39.0,22,36,24.0,16.0,SI,,146.0
SEC-2098,Semestre Cero,I.E. Jesus Maria Rojas Pagola,I. E. JESUS MARIA ROJAS PAGOLA,Santa Bárbara,Antioquia,Oficial,5.879,-75.5833,G58,Simulacro 1,S1,11.0,,,145.0,34.0,16,32,29.0,44.0,SI,,145.0
SEC-2099,Semestre Cero,I.E. Jesus Maria Rojas Pagola,I. E. JESUS MARIA ROJAS PAGOLA,Santa Bárbara,Antioquia,Oficial,5.879,-75.5833,G58,Simulacro 1,S1,11.0,,,143.0,29.0,22,26,38.0,27.0,SI,,143.0
SEC-2100,Semestre Cero,I.E. Jesus Maria Rojas Pagola,I. E. JESUS MARIA ROJAS PAGOLA,Santa Bárbara,Antioquia,Oficial,5.879,-75.5833,G58,Simulacro 1,S1,11.0,,,136.0,27.0,20,30,29.0,35.0,SI,,136.0
SEC-2101,Semestre Cero,I.E. Jesus Maria Rojas Pagola,I. E. JESUS MARIA ROJAS PAGOLA,Santa Bárbara,Antioquia,Oficial,5.879,-75.5833,G58,Simulacro 1,S1,11.0,,,134.0,32.0,16,36,22.0,29.0,SI,,134.0
SEC-2102,Semestre Cero,I.E. Jesus Maria Rojas Pagola,I. E. JESUS MARIA ROJAS PAGOLA,Santa Bárbara,Antioquia,Oficial,5.879,-75.5833,G58,Simulacro 1,S1,11.0,,,133.0,29.0,14,32,29.0,33.0,SI,,133.0
SEC-2103,Semestre Cero,I.E. Jesus Maria Rojas Pagola,I. E. JESUS MARIA ROJAS PAGOLA,Santa Bárbara,Antioquia,Oficial,5.879,-75.5833,G58,Simulacro 1,S1,11.0,,,125.0,24.0,30,20,24.0,29.0,SI,,125.0
SEC-2104,Semestre Cero,I.E. Jesus Maria Rojas Pagola,I. E. JESUS MARIA ROJAS PAGOLA,Santa Bárbara,Antioquia,Oficial,5.879,-75.5833,G58,Simulacro 1,S1,11.0,,,121.0,27.0,22,26,24.0,18.0,SI,,121.0
SEC-2105,Semestre Cero,I.E. Jesus Maria Rojas Pagola,I. E. JESUS MARIA ROJAS PAGOLA,Santa Bárbara,Antioquia,Oficial,5.879,-75.5833,G58,Simulacro 1,S1,11.0,,,118.0,15.0,24,34,16.0,44.0,SI,,118.0
SEC-2106,Semestre Cero,I.E. Jesus Maria Rojas Pagola,I. E. JESUS MARIA ROJAS PAGOLA,Santa Bárbara,Antioquia,Oficial,5.879,-75.5833,G58,Simulacro 1,S1,11.0,,,112.0,27.0,22,22,17.0,27.0,SI,,112.0
SEC-2107,Semestre Cero,I.E. Jesus Maria Rojas Pagola,I. E. JESUS MARIA ROJAS PAGOLA,Santa Bárbara,Antioquia,Oficial,5.879,-75.5833,G58,Simulacro 1,S1,11.0,,,101.0,15.0,22,26,16.0,27.0,SI,,101.0
SEC-2108,Semestre Cero,I.E. Jesus Maria Rojas Pagola,I. E. JESUS MARIA ROJAS PAGOLA,Santa Bárbara,Antioquia,Oficial,5.879,-75.5833,G58,Simulacro 1,S1,11.0,,,57.0,22.0,18,2,0.0,24.0,SI,,57.0
SEC-0227,Semestre Cero,I.E. Jose Manuel Restrepo,I. E. JOSE MANUEL RESTREPO,Arboletes,Antioquia,Oficial,8.8508,-76.4267,G8,Simulacro 1,S1,11.0,,,267.0,66.0,34,64,45.0,67.0,SI,,267.0
SEC-0228,Semestre Cero,I.E. Jose Manuel Restrepo,I. E. JOSE MANUEL RESTREPO,Arboletes,Antioquia,Oficial,8.8508,-76.4267,G8,Simulacro 1,S1,11.0,,,266.0,56.0,42,50,52.0,91.0,SI,,266.0
SEC-0229,Semestre Cero,I.E. Jose Manuel Restrepo,I. E. JOSE MANUEL RESTREPO,Arboletes,Antioquia,Oficial,8.8508,-76.4267,G8,Simulacro 1,S1,11.0,,,257.0,59.0,34,64,40.0,80.0,SI,,257.0
SEC-0230,Semestre Cero,I.E. Jose Manuel Restrepo,I. E. JOSE MANUEL RESTREPO,Arboletes,Antioquia,Oficial,8.8508,-76.4267,G8,Simulacro 1,S1,11.0,,,244.0,73.0,36,54,28.0,62.0,SI,,244.0
SEC-0231,Semestre Cero,I.E. Jose Manuel Restrepo,I. E. JOSE MANUEL RESTREPO,Arboletes,Antioquia,Oficial,8.8508,-76.4267,G8,Simulacro 1,S1,11.0,,,217.0,44.0,36,50,40.0,56.0,SI,,217.0
SEC-0232,Semestre Cero,I.E. Jose Manuel Restrepo,I. E. JOSE MANUEL RESTREPO,Arboletes,Antioquia,Oficial,8.8508,-76.4267,G8,Simulacro 1,S1,11.0,,,217.0,68.0,30,36,33.0,62.0,SI,,217.0
SEC-0233,Semestre Cero,I.E. Jose Manuel Restrepo,I. E. JOSE MANUEL RESTREPO,Arboletes,Antioquia,Oficial,8.8508,-76.4267,G8,Simulacro 1,S1,11.0,,,207.0,32.0,60,50,28.0,29.0,SI,,207.0
SEC-0234,Semestre Cero,I.E. Jose Manuel Restrepo,I. E. JOSE MANUEL RESTREPO,Arboletes,Antioquia,Oficial,8.8508,-76.4267,G8,Simulacro 1,S1,11.0,,,205.0,37.0,38,42,31.0,91.0,SI,,205.0
SEC-0235,Semestre Cero,I.E. Jose Manuel Restrepo,I. E. JOSE MANUEL RESTREPO,Arboletes,Antioquia,Oficial,8.8508,-76.4267,G8,Simulacro 1,S1,11.0,,,204.0,54.0,24,50,38.0,33.0,SI,,204.0
SEC-0236,Semestre Cero,I.E. Jose Manuel Restrepo,I. E. JOSE MANUEL RESTREPO,Arboletes,Antioquia,Oficial,8.8508,-76.4267,G8,Simulacro 1,S1,11.0,,,193.0,49.0,40,46,22.0,31.0,SI,,193.0
SEC-0237,Semestre Cero,I.E. Jose Manuel Restrepo,I. E. JOSE MANUEL RESTREPO,Arboletes,Antioquia,Oficial,8.8508,-76.4267,G8,Simulacro 1,S1,11.0,,,193.0,49.0,30,46,26.0,49.0,SI,,193.0
SEC-0238,Semestre Cero,I.E. Jose Manuel Restrepo,I. E. JOSE MANUEL RESTREPO,Arboletes,Antioquia,Oficial,8.8508,-76.4267,G8,Simulacro 1,S1,11.0,,,192.0,49.0,34,46,21.0,51.0,SI,,192.0
SEC-0239,Semestre Cero,I.E. Jose Manuel Restrepo,I. E. JOSE MANUEL RESTREPO,Arboletes,Antioquia,Oficial,8.8508,-76.4267,G8,Simulacro 1,S1,11.0,,,187.0,44.0,38,36,28.0,51.0,SI,,187.0
SEC-0240,Semestre Cero,I.E. Jose Manuel Restrepo,I. E. JOSE MANUEL RESTREPO,Arboletes,Antioquia,Oficial,8.8508,-76.4267,G8,Simulacro 1,S1,11.0,,,184.0,37.0,46,36,31.0,29.0,SI,,184.0
SEC-0241,Semestre Cero,I.E. Jose Manuel Restrepo,I. E. JOSE MANUEL RESTREPO,Arboletes,Antioquia,Oficial,8.8508,-76.4267,G8,Simulacro 1,S1,11.0,,,182.0,49.0,30,36,28.0,47.0,SI,,182.0
SEC-0242,Semestre Cero,I.E. Jose Manuel Restrepo,I. E. JOSE MANUEL RESTREPO,Arboletes,Antioquia,Oficial,8.8508,-76.4267,G8,Simulacro 1,S1,11.0,,,179.0,46.0,22,46,21.0,60.0,SI,,179.0
SEC-0243,Semestre Cero,I.E. Jose Manuel Restrepo,I. E. JOSE MANUEL RESTREPO,Arboletes,Antioquia,Oficial,8.8508,-76.4267,G8,Simulacro 1,S1,11.0,,,175.0,41.0,38,34,22.0,47.0,SI,,175.0
SEC-0244,Semestre Cero,I.E. Jose Manuel Restrepo,I. E. JOSE MANUEL RESTREPO,Arboletes,Antioquia,Oficial,8.8508,-76.4267,G8,Simulacro 1,S1,11.0,,,172.0,32.0,36,32,34.0,44.0,SI,,172.0
SEC-0245,Semestre Cero,I.E. Jose Manuel Restrepo,I. E. JOSE MANUEL RESTREPO,Arboletes,Antioquia,Oficial,8.8508,-76.4267,G8,Simulacro 1,S1,11.0,,,170.0,44.0,34,36,22.0,33.0,SI,,170.0
SEC-0246,Semestre Cero,I.E. Jose Manuel Restrepo,I. E. JOSE MANUEL RESTREPO,Arboletes,Antioquia,Oficial,8.8508,-76.4267,G8,Simulacro 1,S1,11.0,,,169.0,41.0,36,26,28.0,45.0,SI,,169.0
SEC-0247,Semestre Cero,I.E. Jose Manuel Restrepo,I. E. JOSE MANUEL RESTREPO,Arboletes,Antioquia,Oficial,8.8508,-76.4267,G8,Simulacro 1,S1,11.0,,,168.0,44.0,24,38,26.0,42.0,SI,,168.0
SEC-0248,Semestre Cero,I.E. Jose Manuel Restrepo,I. E. JOSE MANUEL RESTREPO,Arboletes,Antioquia,Oficial,8.8508,-76.4267,G8,Simulacro 1,S1,11.0,,,166.0,46.0,26,32,26.0,40.0,SI,,166.0
SEC-0249,Semestre Cero,I.E. Jose Manuel Restrepo,I. E. JOSE MANUEL RESTREPO,Arboletes,Antioquia,Oficial,8.8508,-76.4267,G8,Simulacro 1,S1,11.0,,,163.0,37.0,30,34,24.0,51.0,SI,,163.0
SEC-0250,Semestre Cero,I.E. Jose Manuel Restrepo,I. E. JOSE MANUEL RESTREPO,Arboletes,Antioquia,Oficial,8.8508,-76.4267,G8,Simulacro 1,S1,11.0,,,163.0,32.0,30,32,31.0,49.0,SI,,163.0
SEC-0251,Semestre Cero,I.E. Jose Manuel Restrepo,I. E. JOSE MANUEL RESTREPO,Arboletes,Antioquia,Oficial,8.8508,-76.4267,G8,Simulacro 1,S1,11.0,,,162.0,49.0,24,38,22.0,22.0,SI,,162.0
SEC-0252,Semestre Cero,I.E. Jose Manuel Restrepo,I. E. JOSE MANUEL RESTREPO,Arboletes,Antioquia,Oficial,8.8508,-76.4267,G8,Simulacro 1,S1,11.0,,,160.0,29.0,14,44,34.0,51.0,SI,,160.0
SEC-0253,Semestre Cero,I.E. Jose Manuel Restrepo,I. E. JOSE MANUEL RESTREPO,Arboletes,Antioquia,Oficial,8.8508,-76.4267,G8,Simulacro 1,S1,11.0,,,159.0,41.0,26,30,31.0,27.0,SI,,159.0
SEC-0254,Semestre Cero,I.E. Jose Manuel Restrepo,I. E. JOSE MANUEL RESTREPO,Arboletes,Antioquia,Oficial,8.8508,-76.4267,G8,Simulacro 1,S1,11.0,,,156.0,37.0,30,34,21.0,42.0,SI,,156.0
SEC-0255,Semestre Cero,I.E. Jose Manuel Restrepo,I. E. JOSE MANUEL RESTREPO,Arboletes,Antioquia,Oficial,8.8508,-76.4267,G8,Simulacro 1,S1,11.0,,,155.0,32.0,26,32,31.0,40.0,SI,,155.0
SEC-0256,Semestre Cero,I.E. Jose Manuel Restrepo,I. E. JOSE MANUEL RESTREPO,Arboletes,Antioquia,Oficial,8.8508,-76.4267,G8,Simulacro 1,S1,11.0,,,154.0,37.0,26,28,24.0,56.0,SI,,154.0
SEC-0257,Semestre Cero,I.E. Jose Manuel Restrepo,I. E. JOSE MANUEL RESTREPO,Arboletes,Antioquia,Oficial,8.8508,-76.4267,G8,Simulacro 1,S1,11.0,,,153.0,37.0,24,28,31.0,40.0,SI,,153.0
SEC-0258,Semestre Cero,I.E. Jose Manuel Restrepo,I. E. JOSE MANUEL RESTREPO,Arboletes,Antioquia,Oficial,8.8508,-76.4267,G8,Simulacro 1,S1,11.0,,,153.0,39.0,36,28,22.0,22.0,SI,,153.0
SEC-0259,Semestre Cero,I.E. Jose Manuel Restrepo,I. E. JOSE MANUEL RESTREPO,Arboletes,Antioquia,Oficial,8.8508,-76.4267,G8,Simulacro 1,S1,11.0,,,152.0,39.0,42,28,12.0,33.0,SI,,152.0
SEC-0260,Semestre Cero,I.E. Jose Manuel Restrepo,I. E. JOSE MANUEL RESTREPO,Arboletes,Antioquia,Oficial,8.8508,-76.4267,G8,Simulacro 1,S1,11.0,,,150.0,37.0,32,28,24.0,29.0,SI,,150.0
SEC-0261,Semestre Cero,I.E. Jose Manuel Restrepo,I. E. JOSE MANUEL RESTREPO,Arboletes,Antioquia,Oficial,8.8508,-76.4267,G8,Simulacro 1,S1,11.0,,,150.0,27.0,28,30,33.0,36.0,SI,,150.0
SEC-0262,Semestre Cero,I.E. Jose Manuel Restrepo,I. E. JOSE MANUEL RESTREPO,Arboletes,Antioquia,Oficial,8.8508,-76.4267,G8,Simulacro 1,S1,11.0,,,149.0,41.0,38,14,28.0,25.0,SI,,149.0
SEC-0263,Semestre Cero,I.E. Jose Manuel Restrepo,I. E. JOSE MANUEL RESTREPO,Arboletes,Antioquia,Oficial,8.8508,-76.4267,G8,Simulacro 1,S1,11.0,,,146.0,44.0,16,30,28.0,27.0,SI,,146.0
SEC-0264,Semestre Cero,I.E. Jose Manuel Restrepo,I. E. JOSE MANUEL RESTREPO,Arboletes,Antioquia,Oficial,8.8508,-76.4267,G8,Simulacro 1,S1,11.0,,,144.0,29.0,26,40,22.0,22.0,SI,,144.0
SEC-0265,Semestre Cero,I.E. Jose Manuel Restrepo,I. E. JOSE MANUEL RESTREPO,Arboletes,Antioquia,Oficial,8.8508,-76.4267,G8,Simulacro 1,S1,11.0,,,144.0,41.0,16,30,24.0,40.0,SI,,144.0
SEC-0266,Semestre Cero,I.E. Jose Manuel Restrepo,I. E. JOSE MANUEL RESTREPO,Arboletes,Antioquia,Oficial,8.8508,-76.4267,G8,Simulacro 1,S1,11.0,,,144.0,37.0,28,26,28.0,20.0,SI,,144.0
SEC-0267,Semestre Cero,I.E. Jose Manuel Restrepo,I. E. JOSE MANUEL RESTREPO,Arboletes,Antioquia,Oficial,8.8508,-76.4267,G8,Simulacro 1,S1,11.0,,,144.0,39.0,20,30,22.0,40.0,SI,,144.0
SEC-0268,Semestre Cero,I.E. Jose Manuel Restrepo,I. E. JOSE MANUEL RESTREPO,Arboletes,Antioquia,Oficial,8.8508,-76.4267,G8,Simulacro 1,S1,11.0,,,144.0,39.0,24,22,29.0,31.0,SI,,144.0
SEC-0269,Semestre Cero,I.E. Jose Manuel Restrepo,I. E. JOSE MANUEL RESTREPO,Arboletes,Antioquia,Oficial,8.8508,-76.4267,G8,Simulacro 1,S1,11.0,,,143.0,34.0,26,22,31.0,33.0,SI,,143.0
SEC-0270,Semestre Cero,I.E. Jose Manuel Restrepo,I. E. JOSE MANUEL RESTREPO,Arboletes,Antioquia,Oficial,8.8508,-76.4267,G8,Simulacro 1,S1,11.0,,,141.0,27.0,32,34,17.0,36.0,SI,,141.0
SEC-0271,Semestre Cero,I.E. Jose Manuel Restrepo,I. E. JOSE MANUEL RESTREPO,Arboletes,Antioquia,Oficial,8.8508,-76.4267,G8,Simulacro 1,S1,11.0,,,140.0,32.0,18,32,26.0,42.0,SI,,140.0
SEC-0272,Semestre Cero,I.E. Jose Manuel Restrepo,I. E. JOSE MANUEL RESTREPO,Arboletes,Antioquia,Oficial,8.8508,-76.4267,G8,Simulacro 1,S1,11.0,,,139.0,37.0,24,28,21.0,35.0,SI,,139.0
SEC-0273,Semestre Cero,I.E. Jose Manuel Restrepo,I. E. JOSE MANUEL RESTREPO,Arboletes,Antioquia,Oficial,8.8508,-76.4267,G8,Simulacro 1,S1,11.0,,,137.0,27.0,26,26,19.0,62.0,SI,,137.0
SEC-0274,Semestre Cero,I.E. Jose Manuel Restrepo,I. E. JOSE MANUEL RESTREPO,Arboletes,Antioquia,Oficial,8.8508,-76.4267,G8,Simulacro 1,S1,11.0,,,135.0,32.0,26,34,14.0,35.0,SI,,135.0
SEC-0275,Semestre Cero,I.E. Jose Manuel Restrepo,I. E. JOSE MANUEL RESTREPO,Arboletes,Antioquia,Oficial,8.8508,-76.4267,G8,Simulacro 1,S1,11.0,,,135.0,44.0,20,22,21.0,31.0,SI,,135.0
SEC-0276,Semestre Cero,I.E. Jose Manuel Restrepo,I. E. JOSE MANUEL RESTREPO,Arboletes,Antioquia,Oficial,8.8508,-76.4267,G8,Simulacro 1,S1,11.0,,,130.0,27.0,14,26,33.0,40.0,SI,,130.0
SEC-0277,Semestre Cero,I.E. Jose Manuel Restrepo,I. E. JOSE MANUEL RESTREPO,Arboletes,Antioquia,Oficial,8.8508,-76.4267,G8,Simulacro 1,S1,11.0,,,126.0,27.0,18,24,29.0,33.0,SI,,126.0
SEC-0278,Semestre Cero,I.E. Jose Manuel Restrepo,I. E. JOSE MANUEL RESTREPO,Arboletes,Antioquia,Oficial,8.8508,-76.4267,G8,Simulacro 1,S1,11.0,,,116.0,32.0,18,20,22.0,25.0,SI,,116.0
SEC-0279,Semestre Cero,I.E. Jose Manuel Restrepo,I. E. JOSE MANUEL RESTREPO,Arboletes,Antioquia,Oficial,8.8508,-76.4267,G8,Simulacro 1,S1,11.0,,,114.0,15.0,26,24,21.0,40.0,SI,,114.0
SEC-0280,Semestre Cero,I.E. Jose Manuel Restrepo,I. E. JOSE MANUEL RESTREPO,Arboletes,Antioquia,Oficial,8.8508,-76.4267,G8,Simulacro 1,S1,11.0,,,61.0,0.0,12,16,16.0,29.0,SI,,61.0
SEC-0664,Semestre Cero,I.E. Jose Maria Muñoz Florez,I. E. JOSE MARIA MUÑOZ FLOREZ,Carepa,Antioquia,Oficial,7.7578,-76.6547,G20,Simulacro 1,S1,11.0,,,288.0,61.0,42,74,48.0,73.0,SI,,288.0
SEC-0665,Semestre Cero,I.E. Jose Maria Muñoz Florez,I. E. JOSE MARIA MUÑOZ FLOREZ,Carepa,Antioquia,Oficial,7.7578,-76.6547,G20,Simulacro 1,S1,11.0,,,279.0,76.0,40,72,40.0,44.0,SI,,279.0
SEC-0666,Semestre Cero,I.E. Jose Maria Muñoz Florez,I. E. JOSE MARIA MUÑOZ FLOREZ,Carepa,Antioquia,Oficial,7.7578,-76.6547,G20,Simulacro 1,S1,11.0,,,272.0,71.0,44,66,36.0,56.0,SI,,272.0
SEC-0667,Semestre Cero,I.E. Jose Maria Muñoz Florez,I. E. JOSE MARIA MUÑOZ FLOREZ,Carepa,Antioquia,Oficial,7.7578,-76.6547,G20,Simulacro 1,S1,11.0,,,253.0,68.0,34,60,34.0,67.0,SI,,253.0
SEC-0668,Semestre Cero,I.E. Jose Maria Muñoz Florez,I. E. JOSE MARIA MUÑOZ FLOREZ,Carepa,Antioquia,Oficial,7.7578,-76.6547,G20,Simulacro 1,S1,11.0,,,245.0,66.0,28,62,38.0,55.0,SI,,245.0
SEC-0669,Semestre Cero,I.E. Jose Maria Muñoz Florez,I. E. JOSE MARIA MUÑOZ FLOREZ,Carepa,Antioquia,Oficial,7.7578,-76.6547,G20,Simulacro 1,S1,11.0,,,244.0,46.0,32,72,41.0,60.0,SI,,244.0
SEC-0670,Semestre Cero,I.E. Jose Maria Muñoz Florez,I. E. JOSE MARIA MUÑOZ FLOREZ,Carepa,Antioquia,Oficial,7.7578,-76.6547,G20,Simulacro 1,S1,11.0,,,244.0,61.0,28,62,41.0,56.0,SI,,244.0
SEC-0671,Semestre Cero,I.E. Jose Maria Muñoz Florez,I. E. JOSE MARIA MUÑOZ FLOREZ,Carepa,Antioquia,Oficial,7.7578,-76.6547,G20,Simulacro 1,S1,11.0,,,237.0,61.0,36,68,29.0,33.0,SI,,237.0
SEC-0672,Semestre Cero,I.E. Jose Maria Muñoz Florez,I. E. JOSE MARIA MUÑOZ FLOREZ,Carepa,Antioquia,Oficial,7.7578,-76.6547,G20,Simulacro 1,S1,11.0,,,231.0,49.0,28,62,43.0,55.0,SI,,231.0
SEC-0673,Semestre Cero,I.E. Jose Maria Muñoz Florez,I. E. JOSE MARIA MUÑOZ FLOREZ,Carepa,Antioquia,Oficial,7.7578,-76.6547,G20,Simulacro 1,S1,11.0,,,228.0,49.0,24,72,33.0,60.0,SI,,228.0
SEC-0674,Semestre Cero,I.E. Jose Maria Muñoz Florez,I. E. JOSE MARIA MUÑOZ FLOREZ,Carepa,Antioquia,Oficial,7.7578,-76.6547,G20,Simulacro 1,S1,11.0,,,224.0,51.0,30,64,34.0,44.0,SI,,224.0
SEC-0675,Semestre Cero,I.E. Jose Maria Muñoz Florez,I. E. JOSE MARIA MUÑOZ FLOREZ,Carepa,Antioquia,Oficial,7.7578,-76.6547,G20,Simulacro 1,S1,11.0,,,222.0,51.0,30,60,33.0,55.0,SI,,222.0
SEC-0676,Semestre Cero,I.E. Jose Maria Muñoz Florez,I. E. JOSE MARIA MUÑOZ FLOREZ,Carepa,Antioquia,Oficial,7.7578,-76.6547,G20,Simulacro 1,S1,11.0,,,220.0,56.0,38,52,28.0,51.0,SI,,220.0
SEC-0677,Semestre Cero,I.E. Jose Maria Muñoz Florez,I. E. JOSE MARIA MUÑOZ FLOREZ,Carepa,Antioquia,Oficial,7.7578,-76.6547,G20,Simulacro 1,S1,11.0,,,219.0,59.0,26,60,28.0,53.0,SI,,219.0
SEC-0678,Semestre Cero,I.E. Jose Maria Muñoz Florez,I. E. JOSE MARIA MUÑOZ FLOREZ,Carepa,Antioquia,Oficial,7.7578,-76.6547,G20,Simulacro 1,S1,11.0,,,218.0,51.0,34,52,36.0,45.0,SI,,218.0
SEC-0679,Semestre Cero,I.E. Jose Maria Muñoz Florez,I. E. JOSE MARIA MUÑOZ FLOREZ,Carepa,Antioquia,Oficial,7.7578,-76.6547,G20,Simulacro 1,S1,11.0,,,208.0,63.0,24,44,33.0,49.0,SI,,208.0
SEC-0680,Semestre Cero,I.E. Jose Maria Muñoz Florez,I. E. JOSE MARIA MUÑOZ FLOREZ,Carepa,Antioquia,Oficial,7.7578,-76.6547,G20,Simulacro 1,S1,11.0,,,206.0,46.0,22,62,29.0,56.0,SI,,206.0
SEC-0681,Semestre Cero,I.E. Jose Maria Muñoz Florez,I. E. JOSE MARIA MUÑOZ FLOREZ,Carepa,Antioquia,Oficial,7.7578,-76.6547,G20,Simulacro 1,S1,11.0,,,204.0,41.0,36,48,33.0,56.0,SI,,204.0
SEC-0682,Semestre Cero,I.E. Jose Maria Muñoz Florez,I. E. JOSE MARIA MUÑOZ FLOREZ,Carepa,Antioquia,Oficial,7.7578,-76.6547,G20,Simulacro 1,S1,11.0,,,204.0,49.0,24,50,36.0,53.0,SI,,204.0
SEC-0683,Semestre Cero,I.E. Jose Maria Muñoz Florez,I. E. JOSE MARIA MUÑOZ FLOREZ,Carepa,Antioquia,Oficial,7.7578,-76.6547,G20,Simulacro 1,S1,11.0,,,202.0,54.0,36,50,26.0,29.0,SI,,202.0
SEC-0684,Semestre Cero,I.E. Jose Maria Muñoz Florez,I. E. JOSE MARIA MUÑOZ FLOREZ,Carepa,Antioquia,Oficial,7.7578,-76.6547,G20,Simulacro 1,S1,11.0,,,198.0,51.0,30,46,22.0,65.0,SI,,198.0
SEC-0685,Semestre Cero,I.E. Jose Maria Muñoz Florez,I. E. JOSE MARIA MUÑOZ FLOREZ,Carepa,Antioquia,Oficial,7.7578,-76.6547,G20,Simulacro 1,S1,11.0,,,196.0,46.0,30,50,24.0,58.0,SI,,196.0
SEC-0686,Semestre Cero,I.E. Jose Maria Muñoz Florez,I. E. JOSE MARIA MUÑOZ FLOREZ,Carepa,Antioquia,Oficial,7.7578,-76.6547,G20,Simulacro 1,S1,11.0,,,191.0,49.0,28,44,26.0,56.0,SI,,191.0
SEC-0687,Semestre Cero,I.E. Jose Maria Muñoz Florez,I. E. JOSE MARIA MUÑOZ FLOREZ,Carepa,Antioquia,Oficial,7.7578,-76.6547,G20,Simulacro 1,S1,11.0,,,190.0,46.0,36,44,26.0,38.0,SI,,190.0
SEC-0688,Semestre Cero,I.E. Jose Maria Muñoz Florez,I. E. JOSE MARIA MUÑOZ FLOREZ,Carepa,Antioquia,Oficial,7.7578,-76.6547,G20,Simulacro 1,S1,11.0,,,188.0,41.0,28,48,29.0,49.0,SI,,188.0
SEC-0689,Semestre Cero,I.E. Jose Maria Muñoz Florez,I. E. JOSE MARIA MUÑOZ FLOREZ,Carepa,Antioquia,Oficial,7.7578,-76.6547,G20,Simulacro 1,S1,11.0,,,188.0,51.0,16,48,28.0,60.0,SI,,188.0
SEC-0690,Semestre Cero,I.E. Jose Maria Muñoz Florez,I. E. JOSE MARIA MUÑOZ FLOREZ,Carepa,Antioquia,Oficial,7.7578,-76.6547,G20,Simulacro 1,S1,11.0,,,187.0,46.0,26,46,28.0,49.0,SI,,187.0
SEC-0691,Semestre Cero,I.E. Jose Maria Muñoz Florez,I. E. JOSE MARIA MUÑOZ FLOREZ,Carepa,Antioquia,Oficial,7.7578,-76.6547,G20,Simulacro 1,S1,11.0,,,183.0,44.0,22,44,33.0,49.0,SI,,183.0
SEC-0692,Semestre Cero,I.E. Jose Maria Muñoz Florez,I. E. JOSE MARIA MUÑOZ FLOREZ,Carepa,Antioquia,Oficial,7.7578,-76.6547,G20,Simulacro 1,S1,11.0,,,182.0,49.0,28,46,21.0,44.0,SI,,182.0
SEC-0693,Semestre Cero,I.E. Jose Maria Muñoz Florez,I. E. JOSE MARIA MUÑOZ FLOREZ,Carepa,Antioquia,Oficial,7.7578,-76.6547,G20,Simulacro 1,S1,11.0,,,181.0,44.0,26,40,33.0,44.0,SI,,181.0
SEC-0694,Semestre Cero,I.E. Jose Maria Muñoz Florez,I. E. JOSE MARIA MUÑOZ FLOREZ,Carepa,Antioquia,Oficial,7.7578,-76.6547,G20,Simulacro 1,S1,11.0,,,179.0,46.0,24,34,34.0,49.0,SI,,179.0
SEC-0695,Semestre Cero,I.E. Jose Maria Muñoz Florez,I. E. JOSE MARIA MUÑOZ FLOREZ,Carepa,Antioquia,Oficial,7.7578,-76.6547,G20,Simulacro 1,S1,11.0,,,175.0,41.0,32,36,28.0,44.0,SI,,175.0
SEC-0696,Semestre Cero,I.E. Jose Maria Muñoz Florez,I. E. JOSE MARIA MUÑOZ FLOREZ,Carepa,Antioquia,Oficial,7.7578,-76.6547,G20,Simulacro 1,S1,11.0,,,172.0,29.0,24,50,33.0,38.0,SI,,172.0
SEC-0697,Semestre Cero,I.E. Jose Maria Muñoz Florez,I. E. JOSE MARIA MUÑOZ FLOREZ,Carepa,Antioquia,Oficial,7.7578,-76.6547,G20,Simulacro 1,S1,11.0,,,169.0,24.0,34,50,26.0,36.0,SI,,169.0
SEC-0698,Semestre Cero,I.E. Jose Maria Muñoz Florez,I. E. JOSE MARIA MUÑOZ FLOREZ,Carepa,Antioquia,Oficial,7.7578,-76.6547,G20,Simulacro 1,S1,11.0,,,169.0,54.0,24,38,21.0,29.0,SI,,169.0
SEC-0699,Semestre Cero,I.E. Jose Maria Muñoz Florez,I. E. JOSE MARIA MUÑOZ FLOREZ,Carepa,Antioquia,Oficial,7.7578,-76.6547,G20,Simulacro 1,S1,11.0,,,167.0,41.0,28,38,26.0,35.0,SI,,167.0
SEC-0700,Semestre Cero,I.E. Jose Maria Muñoz Florez,I. E. JOSE MARIA MUÑOZ FLOREZ,Carepa,Antioquia,Oficial,7.7578,-76.6547,G20,Simulacro 1,S1,11.0,,,163.0,37.0,30,34,28.0,40.0,SI,,163.0
SEC-0701,Semestre Cero,I.E. Jose Maria Muñoz Florez,I. E. JOSE MARIA MUÑOZ FLOREZ,Carepa,Antioquia,Oficial,7.7578,-76.6547,G20,Simulacro 1,S1,11.0,,,158.0,44.0,26,26,29.0,36.0,SI,,158.0
SEC-0702,Semestre Cero,I.E. Jose Maria Muñoz Florez,I. E. JOSE MARIA MUÑOZ FLOREZ,Carepa,Antioquia,Oficial,7.7578,-76.6547,G20,Simulacro 1,S1,11.0,,,155.0,32.0,26,40,24.0,36.0,SI,,155.0
SEC-0703,Semestre Cero,I.E. Jose Maria Muñoz Florez,I. E. JOSE MARIA MUÑOZ FLOREZ,Carepa,Antioquia,Oficial,7.7578,-76.6547,G20,Simulacro 1,S1,11.0,,,154.0,39.0,20,42,17.0,45.0,SI,,154.0
SEC-0704,Semestre Cero,I.E. Jose Maria Muñoz Florez,I. E. JOSE MARIA MUÑOZ FLOREZ,Carepa,Antioquia,Oficial,7.7578,-76.6547,G20,Simulacro 1,S1,11.0,,,153.0,39.0,18,40,21.0,45.0,SI,,153.0
SEC-0705,Semestre Cero,I.E. Jose Maria Muñoz Florez,I. E. JOSE MARIA MUÑOZ FLOREZ,Carepa,Antioquia,Oficial,7.7578,-76.6547,G20,Simulacro 1,S1,11.0,,,152.0,27.0,30,32,28.0,45.0,SI,,152.0
SEC-0706,Semestre Cero,I.E. Jose Maria Muñoz Florez,I. E. JOSE MARIA MUÑOZ FLOREZ,Carepa,Antioquia,Oficial,7.7578,-76.6547,G20,Simulacro 1,S1,11.0,,,139.0,29.0,16,24,33.0,56.0,SI,,139.0
SEC-0707,Semestre Cero,I.E. Jose Maria Muñoz Florez,I. E. JOSE MARIA MUÑOZ FLOREZ,Carepa,Antioquia,Oficial,7.7578,-76.6547,G20,Simulacro 1,S1,11.0,,,123.0,17.0,26,22,31.0,33.0,SI,,123.0
SEC-2192,Semestre Cero,I.E. Jose Maria Villa,I. E. JOSE MARIA VILLA,Sopetrán,Antioquia,Oficial,6.5008,-75.7428,G62,Simulacro 1,S1,11.0,,,291.0,63.0,52,50,57.0,91.0,SI,,291.0
SEC-2193,Semestre Cero,I.E. Jose Maria Villa,I. E. JOSE MARIA VILLA,Sopetrán,Antioquia,Oficial,6.5008,-75.7428,G62,Simulacro 1,S1,11.0,,,257.0,63.0,36,54,41.0,84.0,SI,,257.0
SEC-2194,Semestre Cero,I.E. Jose Maria Villa,I. E. JOSE MARIA VILLA,Sopetrán,Antioquia,Oficial,6.5008,-75.7428,G62,Simulacro 1,S1,11.0,,,239.0,49.0,24,78,29.0,82.0,SI,,239.0
SEC-2195,Semestre Cero,I.E. Jose Maria Villa,I. E. JOSE MARIA VILLA,Sopetrán,Antioquia,Oficial,6.5008,-75.7428,G62,Simulacro 1,S1,11.0,,,228.0,54.0,32,70,26.0,47.0,SI,,228.0
SEC-2196,Semestre Cero,I.E. Jose Maria Villa,I. E. JOSE MARIA VILLA,Sopetrán,Antioquia,Oficial,6.5008,-75.7428,G62,Simulacro 1,S1,11.0,,,222.0,44.0,32,74,28.0,44.0,SI,,222.0
SEC-2197,Semestre Cero,I.E. Jose Maria Villa,I. E. JOSE MARIA VILLA,Sopetrán,Antioquia,Oficial,6.5008,-75.7428,G62,Simulacro 1,S1,11.0,,,216.0,51.0,36,54,31.0,45.0,SI,,216.0
SEC-2198,Semestre Cero,I.E. Jose Maria Villa,I. E. JOSE MARIA VILLA,Sopetrán,Antioquia,Oficial,6.5008,-75.7428,G62,Simulacro 1,S1,11.0,,,216.0,61.0,26,52,31.0,51.0,SI,,216.0
SEC-2199,Semestre Cero,I.E. Jose Maria Villa,I. E. JOSE MARIA VILLA,Sopetrán,Antioquia,Oficial,6.5008,-75.7428,G62,Simulacro 1,S1,11.0,,,214.0,51.0,34,50,38.0,38.0,SI,,214.0
SEC-2200,Semestre Cero,I.E. Jose Maria Villa,I. E. JOSE MARIA VILLA,Sopetrán,Antioquia,Oficial,6.5008,-75.7428,G62,Simulacro 1,S1,11.0,,,208.0,59.0,32,38,38.0,42.0,SI,,208.0
SEC-2201,Semestre Cero,I.E. Jose Maria Villa,I. E. JOSE MARIA VILLA,Sopetrán,Antioquia,Oficial,6.5008,-75.7428,G62,Simulacro 1,S1,11.0,,,207.0,49.0,30,46,40.0,44.0,SI,,207.0
SEC-2202,Semestre Cero,I.E. Jose Maria Villa,I. E. JOSE MARIA VILLA,Sopetrán,Antioquia,Oficial,6.5008,-75.7428,G62,Simulacro 1,S1,11.0,,,205.0,49.0,28,56,26.0,58.0,SI,,205.0
SEC-2203,Semestre Cero,I.E. Jose Maria Villa,I. E. JOSE MARIA VILLA,Sopetrán,Antioquia,Oficial,6.5008,-75.7428,G62,Simulacro 1,S1,11.0,,,204.0,49.0,30,56,29.0,38.0,SI,,204.0
SEC-2204,Semestre Cero,I.E. Jose Maria Villa,I. E. JOSE MARIA VILLA,Sopetrán,Antioquia,Oficial,6.5008,-75.7428,G62,Simulacro 1,S1,11.0,,,202.0,49.0,24,62,26.0,44.0,SI,,202.0
SEC-2205,Semestre Cero,I.E. Jose Maria Villa,I. E. JOSE MARIA VILLA,Sopetrán,Antioquia,Oficial,6.5008,-75.7428,G62,Simulacro 1,S1,11.0,,,200.0,54.0,22,46,38.0,40.0,SI,,200.0
SEC-2206,Semestre Cero,I.E. Jose Maria Villa,I. E. JOSE MARIA VILLA,Sopetrán,Antioquia,Oficial,6.5008,-75.7428,G62,Simulacro 1,S1,11.0,,,195.0,41.0,30,46,34.0,51.0,SI,,195.0
SEC-2207,Semestre Cero,I.E. Jose Maria Villa,I. E. JOSE MARIA VILLA,Sopetrán,Antioquia,Oficial,6.5008,-75.7428,G62,Simulacro 1,S1,11.0,,,189.0,39.0,28,52,31.0,40.0,SI,,189.0
SEC-2208,Semestre Cero,I.E. Jose Maria Villa,I. E. JOSE MARIA VILLA,Sopetrán,Antioquia,Oficial,6.5008,-75.7428,G62,Simulacro 1,S1,11.0,,,185.0,44.0,22,44,38.0,38.0,SI,,185.0
SEC-2209,Semestre Cero,I.E. Jose Maria Villa,I. E. JOSE MARIA VILLA,Sopetrán,Antioquia,Oficial,6.5008,-75.7428,G62,Simulacro 1,S1,11.0,,,184.0,49.0,24,54,28.0,15.0,SI,,184.0
SEC-2210,Semestre Cero,I.E. Jose Maria Villa,I. E. JOSE MARIA VILLA,Sopetrán,Antioquia,Oficial,6.5008,-75.7428,G62,Simulacro 1,S1,11.0,,,180.0,39.0,30,44,28.0,47.0,SI,,180.0
SEC-2211,Semestre Cero,I.E. Jose Maria Villa,I. E. JOSE MARIA VILLA,Sopetrán,Antioquia,Oficial,6.5008,-75.7428,G62,Simulacro 1,S1,11.0,,,180.0,49.0,16,54,22.0,44.0,SI,,180.0
SEC-2212,Semestre Cero,I.E. Jose Maria Villa,I. E. JOSE MARIA VILLA,Sopetrán,Antioquia,Oficial,6.5008,-75.7428,G62,Simulacro 1,S1,11.0,,,177.0,44.0,18,50,28.0,42.0,SI,,177.0
SEC-2213,Semestre Cero,I.E. Jose Maria Villa,I. E. JOSE MARIA VILLA,Sopetrán,Antioquia,Oficial,6.5008,-75.7428,G62,Simulacro 1,S1,11.0,,,175.0,32.0,24,48,33.0,45.0,SI,,175.0
SEC-2214,Semestre Cero,I.E. Jose Maria Villa,I. E. JOSE MARIA VILLA,Sopetrán,Antioquia,Oficial,6.5008,-75.7428,G62,Simulacro 1,S1,11.0,,,174.0,51.0,28,34,26.0,36.0,SI,,174.0
SEC-2215,Semestre Cero,I.E. Jose Maria Villa,I. E. JOSE MARIA VILLA,Sopetrán,Antioquia,Oficial,6.5008,-75.7428,G62,Simulacro 1,S1,11.0,,,170.0,51.0,28,36,21.0,35.0,SI,,170.0
SEC-2216,Semestre Cero,I.E. Jose Maria Villa,I. E. JOSE MARIA VILLA,Sopetrán,Antioquia,Oficial,6.5008,-75.7428,G62,Simulacro 1,S1,11.0,,,170.0,44.0,24,38,26.0,45.0,SI,,170.0
SEC-2217,Semestre Cero,I.E. Jose Maria Villa,I. E. JOSE MARIA VILLA,Sopetrán,Antioquia,Oficial,6.5008,-75.7428,G62,Simulacro 1,S1,11.0,,,167.0,37.0,30,24,34.0,58.0,SI,,167.0
SEC-2218,Semestre Cero,I.E. Jose Maria Villa,I. E. JOSE MARIA VILLA,Sopetrán,Antioquia,Oficial,6.5008,-75.7428,G62,Simulacro 1,S1,11.0,,,166.0,32.0,32,46,22.0,35.0,SI,,166.0
SEC-2219,Semestre Cero,I.E. Jose Maria Villa,I. E. JOSE MARIA VILLA,Sopetrán,Antioquia,Oficial,6.5008,-75.7428,G62,Simulacro 1,S1,11.0,,,165.0,27.0,26,32,40.0,56.0,SI,,165.0
SEC-2220,Semestre Cero,I.E. Jose Maria Villa,I. E. JOSE MARIA VILLA,Sopetrán,Antioquia,Oficial,6.5008,-75.7428,G62,Simulacro 1,S1,11.0,,,163.0,27.0,28,32,43.0,35.0,SI,,163.0
SEC-2221,Semestre Cero,I.E. Jose Maria Villa,I. E. JOSE MARIA VILLA,Sopetrán,Antioquia,Oficial,6.5008,-75.7428,G62,Simulacro 1,S1,11.0,,,163.0,22.0,28,54,24.0,40.0,SI,,163.0
SEC-2222,Semestre Cero,I.E. Jose Maria Villa,I. E. JOSE MARIA VILLA,Sopetrán,Antioquia,Oficial,6.5008,-75.7428,G62,Simulacro 1,S1,11.0,,,159.0,27.0,20,36,41.0,40.0,SI,,159.0
SEC-2223,Semestre Cero,I.E. Jose Maria Villa,I. E. JOSE MARIA VILLA,Sopetrán,Antioquia,Oficial,6.5008,-75.7428,G62,Simulacro 1,S1,11.0,,,151.0,37.0,18,38,21.0,53.0,SI,,151.0
SEC-2224,Semestre Cero,I.E. Jose Maria Villa,I. E. JOSE MARIA VILLA,Sopetrán,Antioquia,Oficial,6.5008,-75.7428,G62,Simulacro 1,S1,11.0,,,142.0,34.0,28,30,24.0,20.0,SI,,142.0
SEC-2225,Semestre Cero,I.E. Jose Maria Villa,I. E. JOSE MARIA VILLA,Sopetrán,Antioquia,Oficial,6.5008,-75.7428,G62,Simulacro 1,S1,11.0,,,138.0,37.0,8,38,28.0,27.0,SI,,138.0
SEC-2226,Semestre Cero,I.E. Jose Maria Villa,I. E. JOSE MARIA VILLA,Sopetrán,Antioquia,Oficial,6.5008,-75.7428,G62,Simulacro 1,S1,11.0,,,136.0,29.0,18,32,29.0,27.0,SI,,136.0
SEC-2227,Semestre Cero,I.E. Jose Maria Villa,I. E. JOSE MARIA VILLA,Sopetrán,Antioquia,Oficial,6.5008,-75.7428,G62,Simulacro 1,S1,11.0,,,102.0,39.0,14,22,14.0,0.0,SI,,102.0
SEC-0807,Semestre Cero,I.E. Juan Evangelista Berrio,I. E. JUAN EVANGELISTA BERRIO,Chigorodó,Antioquia,Oficial,7.6672,-76.6811,G24,Simulacro 1,S1,11.0,,,248.0,61.0,44,54,33.0,69.0,SI,,248.0
SEC-0808,Semestre Cero,I.E. Juan Evangelista Berrio,I. E. JUAN EVANGELISTA BERRIO,Chigorodó,Antioquia,Oficial,7.6672,-76.6811,G24,Simulacro 1,S1,11.0,,,216.0,59.0,30,52,28.0,58.0,SI,,216.0
SEC-0809,Semestre Cero,I.E. Juan Evangelista Berrio,I. E. JUAN EVANGELISTA BERRIO,Chigorodó,Antioquia,Oficial,7.6672,-76.6811,G24,Simulacro 1,S1,11.0,,,213.0,49.0,34,60,28.0,42.0,SI,,213.0
SEC-0810,Semestre Cero,I.E. Juan Evangelista Berrio,I. E. JUAN EVANGELISTA BERRIO,Chigorodó,Antioquia,Oficial,7.6672,-76.6811,G24,Simulacro 1,S1,11.0,,,204.0,39.0,26,60,36.0,47.0,SI,,204.0
SEC-0811,Semestre Cero,I.E. Juan Evangelista Berrio,I. E. JUAN EVANGELISTA BERRIO,Chigorodó,Antioquia,Oficial,7.6672,-76.6811,G24,Simulacro 1,S1,11.0,,,203.0,51.0,20,46,38.0,62.0,SI,,203.0
SEC-0812,Semestre Cero,I.E. Juan Evangelista Berrio,I. E. JUAN EVANGELISTA BERRIO,Chigorodó,Antioquia,Oficial,7.6672,-76.6811,G24,Simulacro 1,S1,11.0,,,202.0,44.0,34,46,36.0,44.0,SI,,202.0
SEC-0813,Semestre Cero,I.E. Juan Evangelista Berrio,I. E. JUAN EVANGELISTA BERRIO,Chigorodó,Antioquia,Oficial,7.6672,-76.6811,G24,Simulacro 1,S1,11.0,,,200.0,46.0,32,56,26.0,40.0,SI,,200.0
SEC-0814,Semestre Cero,I.E. Juan Evangelista Berrio,I. E. JUAN EVANGELISTA BERRIO,Chigorodó,Antioquia,Oficial,7.6672,-76.6811,G24,Simulacro 1,S1,11.0,,,199.0,41.0,26,52,28.0,76.0,SI,,199.0
SEC-0815,Semestre Cero,I.E. Juan Evangelista Berrio,I. E. JUAN EVANGELISTA BERRIO,Chigorodó,Antioquia,Oficial,7.6672,-76.6811,G24,Simulacro 1,S1,11.0,,,183.0,29.0,38,58,24.0,27.0,SI,,183.0
SEC-0816,Semestre Cero,I.E. Juan Evangelista Berrio,I. E. JUAN EVANGELISTA BERRIO,Chigorodó,Antioquia,Oficial,7.6672,-76.6811,G24,Simulacro 1,S1,11.0,,,177.0,49.0,28,38,24.0,44.0,SI,,177.0
SEC-0817,Semestre Cero,I.E. Juan Evangelista Berrio,I. E. JUAN EVANGELISTA BERRIO,Chigorodó,Antioquia,Oficial,7.6672,-76.6811,G24,Simulacro 1,S1,11.0,,,171.0,41.0,20,42,31.0,40.0,SI,,171.0
SEC-0818,Semestre Cero,I.E. Juan Evangelista Berrio,I. E. JUAN EVANGELISTA BERRIO,Chigorodó,Antioquia,Oficial,7.6672,-76.6811,G24,Simulacro 1,S1,11.0,,,166.0,34.0,28,44,26.0,35.0,SI,,166.0
SEC-0819,Semestre Cero,I.E. Juan Evangelista Berrio,I. E. JUAN EVANGELISTA BERRIO,Chigorodó,Antioquia,Oficial,7.6672,-76.6811,G24,Simulacro 1,S1,11.0,,,164.0,24.0,20,50,38.0,29.0,SI,,164.0
SEC-0820,Semestre Cero,I.E. Juan Evangelista Berrio,I. E. JUAN EVANGELISTA BERRIO,Chigorodó,Antioquia,Oficial,7.6672,-76.6811,G24,Simulacro 1,S1,11.0,,,159.0,34.0,30,38,28.0,25.0,SI,,159.0
SEC-0821,Semestre Cero,I.E. Juan Evangelista Berrio,I. E. JUAN EVANGELISTA BERRIO,Chigorodó,Antioquia,Oficial,7.6672,-76.6811,G24,Simulacro 1,S1,11.0,,,157.0,37.0,22,44,21.0,38.0,SI,,157.0
SEC-0822,Semestre Cero,I.E. Juan Evangelista Berrio,I. E. JUAN EVANGELISTA BERRIO,Chigorodó,Antioquia,Oficial,7.6672,-76.6811,G24,Simulacro 1,S1,11.0,,,156.0,29.0,40,38,19.0,27.0,SI,,156.0
SEC-0823,Semestre Cero,I.E. Juan Evangelista Berrio,I. E. JUAN EVANGELISTA BERRIO,Chigorodó,Antioquia,Oficial,7.6672,-76.6811,G24,Simulacro 1,S1,11.0,,,153.0,41.0,24,36,17.0,42.0,SI,,153.0
SEC-0824,Semestre Cero,I.E. Juan Evangelista Berrio,I. E. JUAN EVANGELISTA BERRIO,Chigorodó,Antioquia,Oficial,7.6672,-76.6811,G24,Simulacro 1,S1,11.0,,,152.0,44.0,28,32,16.0,36.0,SI,,152.0
SEC-0825,Semestre Cero,I.E. Juan Evangelista Berrio,I. E. JUAN EVANGELISTA BERRIO,Chigorodó,Antioquia,Oficial,7.6672,-76.6811,G24,Simulacro 1,S1,11.0,,,152.0,41.0,14,32,26.0,55.0,SI,,152.0
SEC-0826,Semestre Cero,I.E. Juan Evangelista Berrio,I. E. JUAN EVANGELISTA BERRIO,Chigorodó,Antioquia,Oficial,7.6672,-76.6811,G24,Simulacro 1,S1,11.0,,,144.0,29.0,28,32,24.0,35.0,SI,,144.0
SEC-0827,Semestre Cero,I.E. Juan Evangelista Berrio,I. E. JUAN EVANGELISTA BERRIO,Chigorodó,Antioquia,Oficial,7.6672,-76.6811,G24,Simulacro 1,S1,11.0,,,143.0,32.0,30,26,29.0,22.0,SI,,143.0
SEC-0828,Semestre Cero,I.E. Juan Evangelista Berrio,I. E. JUAN EVANGELISTA BERRIO,Chigorodó,Antioquia,Oficial,7.6672,-76.6811,G24,Simulacro 1,S1,11.0,,,138.0,37.0,22,38,16.0,22.0,SI,,138.0
SEC-0829,Semestre Cero,I.E. Juan Evangelista Berrio,I. E. JUAN EVANGELISTA BERRIO,Chigorodó,Antioquia,Oficial,7.6672,-76.6811,G24,Simulacro 1,S1,11.0,,,135.0,32.0,28,26,24.0,22.0,SI,,135.0
SEC-0830,Semestre Cero,I.E. Juan Evangelista Berrio,I. E. JUAN EVANGELISTA BERRIO,Chigorodó,Antioquia,Oficial,7.6672,-76.6811,G24,Simulacro 1,S1,11.0,,,135.0,27.0,28,34,17.0,33.0,SI,,135.0
SEC-0831,Semestre Cero,I.E. Juan Evangelista Berrio,I. E. JUAN EVANGELISTA BERRIO,Chigorodó,Antioquia,Oficial,7.6672,-76.6811,G24,Simulacro 1,S1,11.0,,,134.0,32.0,20,32,21.0,35.0,SI,,134.0
SEC-0832,Semestre Cero,I.E. Juan Evangelista Berrio,I. E. JUAN EVANGELISTA BERRIO,Chigorodó,Antioquia,Oficial,7.6672,-76.6811,G24,Simulacro 1,S1,11.0,,,133.0,22.0,28,38,19.0,25.0,SI,,133.0
SEC-0833,Semestre Cero,I.E. Juan Evangelista Berrio,I. E. JUAN EVANGELISTA BERRIO,Chigorodó,Antioquia,Oficial,7.6672,-76.6811,G24,Simulacro 1,S1,11.0,,,133.0,32.0,20,26,29.0,24.0,SI,,133.0
SEC-0834,Semestre Cero,I.E. Juan Evangelista Berrio,I. E. JUAN EVANGELISTA BERRIO,Chigorodó,Antioquia,Oficial,7.6672,-76.6811,G24,Simulacro 1,S1,11.0,,,130.0,34.0,26,24,22.0,18.0,SI,,130.0
SEC-0835,Semestre Cero,I.E. Juan Evangelista Berrio,I. E. JUAN EVANGELISTA BERRIO,Chigorodó,Antioquia,Oficial,7.6672,-76.6811,G24,Simulacro 1,S1,11.0,,,125.0,27.0,12,30,26.0,40.0,SI,,125.0
SEC-0836,Semestre Cero,I.E. Juan Evangelista Berrio,I. E. JUAN EVANGELISTA BERRIO,Chigorodó,Antioquia,Oficial,7.6672,-76.6811,G24,Simulacro 1,S1,11.0,,,125.0,32.0,24,24,16.0,38.0,SI,,125.0
SEC-0638,Semestre Cero,I.E. Juan Pablo Gomez Ochoa,I. E. JUAN PABLO GOMEZ OCHOA,Caramanta,Antioquia,Oficial,5.5469,-75.6425,G19,Simulacro 1,S1,11.0,,,241.0,59.0,40,56,40.0,44.0,SI,,241.0
SEC-0639,Semestre Cero,I.E. Juan Pablo Gomez Ochoa,I. E. JUAN PABLO GOMEZ OCHOA,Caramanta,Antioquia,Oficial,5.5469,-75.6425,G19,Simulacro 1,S1,11.0,,,227.0,54.0,42,48,41.0,35.0,SI,,227.0
SEC-0640,Semestre Cero,I.E. Juan Pablo Gomez Ochoa,I. E. JUAN PABLO GOMEZ OCHOA,Caramanta,Antioquia,Oficial,5.5469,-75.6425,G19,Simulacro 1,S1,11.0,,,205.0,46.0,28,52,34.0,51.0,SI,,205.0
SEC-0641,Semestre Cero,I.E. Juan Pablo Gomez Ochoa,I. E. JUAN PABLO GOMEZ OCHOA,Caramanta,Antioquia,Oficial,5.5469,-75.6425,G19,Simulacro 1,S1,11.0,,,201.0,49.0,32,42,31.0,62.0,SI,,201.0
SEC-0642,Semestre Cero,I.E. Juan Pablo Gomez Ochoa,I. E. JUAN PABLO GOMEZ OCHOA,Caramanta,Antioquia,Oficial,5.5469,-75.6425,G19,Simulacro 1,S1,11.0,,,199.0,63.0,36,34,22.0,51.0,SI,,199.0
SEC-0643,Semestre Cero,I.E. Juan Pablo Gomez Ochoa,I. E. JUAN PABLO GOMEZ OCHOA,Caramanta,Antioquia,Oficial,5.5469,-75.6425,G19,Simulacro 1,S1,11.0,,,199.0,46.0,38,48,28.0,38.0,SI,,199.0
SEC-0644,Semestre Cero,I.E. Juan Pablo Gomez Ochoa,I. E. JUAN PABLO GOMEZ OCHOA,Caramanta,Antioquia,Oficial,5.5469,-75.6425,G19,Simulacro 1,S1,11.0,,,191.0,37.0,26,50,45.0,25.0,SI,,191.0
SEC-0645,Semestre Cero,I.E. Juan Pablo Gomez Ochoa,I. E. JUAN PABLO GOMEZ OCHOA,Caramanta,Antioquia,Oficial,5.5469,-75.6425,G19,Simulacro 1,S1,11.0,,,185.0,54.0,16,44,34.0,36.0,SI,,185.0
SEC-0646,Semestre Cero,I.E. Juan Pablo Gomez Ochoa,I. E. JUAN PABLO GOMEZ OCHOA,Caramanta,Antioquia,Oficial,5.5469,-75.6425,G19,Simulacro 1,S1,11.0,,,183.0,51.0,22,42,33.0,33.0,SI,,183.0
SEC-0647,Semestre Cero,I.E. Juan Pablo Gomez Ochoa,I. E. JUAN PABLO GOMEZ OCHOA,Caramanta,Antioquia,Oficial,5.5469,-75.6425,G19,Simulacro 1,S1,11.0,,,183.0,44.0,34,46,26.0,25.0,SI,,183.0
SEC-0648,Semestre Cero,I.E. Juan Pablo Gomez Ochoa,I. E. JUAN PABLO GOMEZ OCHOA,Caramanta,Antioquia,Oficial,5.5469,-75.6425,G19,Simulacro 1,S1,11.0,,,182.0,44.0,26,48,29.0,31.0,SI,,182.0
SEC-0649,Semestre Cero,I.E. Juan Pablo Gomez Ochoa,I. E. JUAN PABLO GOMEZ OCHOA,Caramanta,Antioquia,Oficial,5.5469,-75.6425,G19,Simulacro 1,S1,11.0,,,181.0,49.0,26,38,31.0,38.0,SI,,181.0
SEC-0650,Semestre Cero,I.E. Juan Pablo Gomez Ochoa,I. E. JUAN PABLO GOMEZ OCHOA,Caramanta,Antioquia,Oficial,5.5469,-75.6425,G19,Simulacro 1,S1,11.0,,,180.0,44.0,26,38,34.0,40.0,SI,,180.0
SEC-0651,Semestre Cero,I.E. Juan Pablo Gomez Ochoa,I. E. JUAN PABLO GOMEZ OCHOA,Caramanta,Antioquia,Oficial,5.5469,-75.6425,G19,Simulacro 1,S1,11.0,,,177.0,46.0,24,46,22.0,44.0,SI,,177.0
SEC-0652,Semestre Cero,I.E. Juan Pablo Gomez Ochoa,I. E. JUAN PABLO GOMEZ OCHOA,Caramanta,Antioquia,Oficial,5.5469,-75.6425,G19,Simulacro 1,S1,11.0,,,176.0,37.0,26,34,36.0,60.0,SI,,176.0
SEC-0653,Semestre Cero,I.E. Juan Pablo Gomez Ochoa,I. E. JUAN PABLO GOMEZ OCHOA,Caramanta,Antioquia,Oficial,5.5469,-75.6425,G19,Simulacro 1,S1,11.0,,,170.0,46.0,18,40,29.0,40.0,SI,,170.0
SEC-0654,Semestre Cero,I.E. Juan Pablo Gomez Ochoa,I. E. JUAN PABLO GOMEZ OCHOA,Caramanta,Antioquia,Oficial,5.5469,-75.6425,G19,Simulacro 1,S1,11.0,,,162.0,41.0,14,50,28.0,22.0,SI,,162.0
SEC-0655,Semestre Cero,I.E. Juan Pablo Gomez Ochoa,I. E. JUAN PABLO GOMEZ OCHOA,Caramanta,Antioquia,Oficial,5.5469,-75.6425,G19,Simulacro 1,S1,11.0,,,159.0,41.0,16,46,22.0,36.0,SI,,159.0
SEC-0656,Semestre Cero,I.E. Juan Pablo Gomez Ochoa,I. E. JUAN PABLO GOMEZ OCHOA,Caramanta,Antioquia,Oficial,5.5469,-75.6425,G19,Simulacro 1,S1,11.0,,,153.0,39.0,14,32,33.0,44.0,SI,,153.0
SEC-0657,Semestre Cero,I.E. Juan Pablo Gomez Ochoa,I. E. JUAN PABLO GOMEZ OCHOA,Caramanta,Antioquia,Oficial,5.5469,-75.6425,G19,Simulacro 1,S1,11.0,,,151.0,37.0,32,24,28.0,33.0,SI,,151.0
SEC-0658,Semestre Cero,I.E. Juan Pablo Gomez Ochoa,I. E. JUAN PABLO GOMEZ OCHOA,Caramanta,Antioquia,Oficial,5.5469,-75.6425,G19,Simulacro 1,S1,11.0,,,144.0,27.0,32,36,22.0,22.0,SI,,144.0
SEC-0659,Semestre Cero,I.E. Juan Pablo Gomez Ochoa,I. E. JUAN PABLO GOMEZ OCHOA,Caramanta,Antioquia,Oficial,5.5469,-75.6425,G19,Simulacro 1,S1,11.0,,,142.0,29.0,24,34,22.0,40.0,SI,,142.0
SEC-0660,Semestre Cero,I.E. Juan Pablo Gomez Ochoa,I. E. JUAN PABLO GOMEZ OCHOA,Caramanta,Antioquia,Oficial,5.5469,-75.6425,G19,Simulacro 1,S1,11.0,,,139.0,27.0,32,38,16.0,25.0,SI,,139.0
SEC-0661,Semestre Cero,I.E. Juan Pablo Gomez Ochoa,I. E. JUAN PABLO GOMEZ OCHOA,Caramanta,Antioquia,Oficial,5.5469,-75.6425,G19,Simulacro 1,S1,11.0,,,136.0,29.0,22,32,22.0,36.0,SI,,136.0
SEC-0662,Semestre Cero,I.E. Juan Pablo Gomez Ochoa,I. E. JUAN PABLO GOMEZ OCHOA,Caramanta,Antioquia,Oficial,5.5469,-75.6425,G19,Simulacro 1,S1,11.0,,,136.0,34.0,22,30,21.0,33.0,SI,,136.0
SEC-0663,Semestre Cero,I.E. Juan Pablo Gomez Ochoa,I. E. JUAN PABLO GOMEZ OCHOA,Caramanta,Antioquia,Oficial,5.5469,-75.6425,G19,Simulacro 1,S1,11.0,,,90.0,12.0,26,10,21.0,27.0,SI,,90.0
SEC-0129,Semestre Cero,I.E. Juan de Dios Uribe,I. E. JUAN DE DIOS URIBE,Andes,Antioquia,Oficial,5.605,-75.9413,G4,Simulacro 1,S1,11.0,,,242.0,41.0,48,58,40.0,67.0,SI,,242.0
SEC-0130,Semestre Cero,I.E. Juan de Dios Uribe,I. E. JUAN DE DIOS URIBE,Andes,Antioquia,Oficial,5.605,-75.9413,G4,Simulacro 1,S1,11.0,,,197.0,41.0,36,44,36.0,38.0,SI,,197.0
SEC-0131,Semestre Cero,I.E. Juan de Dios Uribe,I. E. JUAN DE DIOS URIBE,Andes,Antioquia,Oficial,5.605,-75.9413,G4,Simulacro 1,S1,11.0,,,186.0,46.0,32,40,34.0,25.0,SI,,186.0
SEC-0132,Semestre Cero,I.E. Juan de Dios Uribe,I. E. JUAN DE DIOS URIBE,Andes,Antioquia,Oficial,5.605,-75.9413,G4,Simulacro 1,S1,11.0,,,183.0,41.0,26,42,38.0,35.0,SI,,183.0
SEC-0133,Semestre Cero,I.E. Juan de Dios Uribe,I. E. JUAN DE DIOS URIBE,Andes,Antioquia,Oficial,5.605,-75.9413,G4,Simulacro 1,S1,11.0,,,182.0,46.0,22,54,22.0,40.0,SI,,182.0
SEC-0134,Semestre Cero,I.E. Juan de Dios Uribe,I. E. JUAN DE DIOS URIBE,Andes,Antioquia,Oficial,5.605,-75.9413,G4,Simulacro 1,S1,11.0,,,179.0,41.0,26,42,36.0,29.0,SI,,179.0
SEC-0135,Semestre Cero,I.E. Juan de Dios Uribe,I. E. JUAN DE DIOS URIBE,Andes,Antioquia,Oficial,5.605,-75.9413,G4,Simulacro 1,S1,11.0,,,173.0,37.0,22,40,41.0,31.0,SI,,173.0
SEC-0136,Semestre Cero,I.E. Juan de Dios Uribe,I. E. JUAN DE DIOS URIBE,Andes,Antioquia,Oficial,5.605,-75.9413,G4,Simulacro 1,S1,11.0,,,172.0,46.0,24,36,34.0,25.0,SI,,172.0
SEC-0137,Semestre Cero,I.E. Juan de Dios Uribe,I. E. JUAN DE DIOS URIBE,Andes,Antioquia,Oficial,5.605,-75.9413,G4,Simulacro 1,S1,11.0,,,170.0,22.0,22,52,38.0,40.0,SI,,170.0
SEC-0138,Semestre Cero,I.E. Juan de Dios Uribe,I. E. JUAN DE DIOS URIBE,Andes,Antioquia,Oficial,5.605,-75.9413,G4,Simulacro 1,S1,11.0,,,169.0,32.0,32,44,28.0,35.0,SI,,169.0
SEC-0139,Semestre Cero,I.E. Juan de Dios Uribe,I. E. JUAN DE DIOS URIBE,Andes,Antioquia,Oficial,5.605,-75.9413,G4,Simulacro 1,S1,11.0,,,164.0,39.0,22,46,24.0,33.0,SI,,164.0
SEC-0140,Semestre Cero,I.E. Juan de Dios Uribe,I. E. JUAN DE DIOS URIBE,Andes,Antioquia,Oficial,5.605,-75.9413,G4,Simulacro 1,S1,11.0,,,164.0,41.0,12,50,29.0,27.0,SI,,164.0
SEC-0141,Semestre Cero,I.E. Juan de Dios Uribe,I. E. JUAN DE DIOS URIBE,Andes,Antioquia,Oficial,5.605,-75.9413,G4,Simulacro 1,S1,11.0,,,160.0,37.0,22,32,36.0,36.0,SI,,160.0
SEC-0142,Semestre Cero,I.E. Juan de Dios Uribe,I. E. JUAN DE DIOS URIBE,Andes,Antioquia,Oficial,5.605,-75.9413,G4,Simulacro 1,S1,11.0,,,159.0,41.0,14,48,17.0,51.0,SI,,159.0
SEC-0143,Semestre Cero,I.E. Juan de Dios Uribe,I. E. JUAN DE DIOS URIBE,Andes,Antioquia,Oficial,5.605,-75.9413,G4,Simulacro 1,S1,11.0,,,154.0,34.0,18,42,26.0,40.0,SI,,154.0
SEC-0144,Semestre Cero,I.E. Juan de Dios Uribe,I. E. JUAN DE DIOS URIBE,Andes,Antioquia,Oficial,5.605,-75.9413,G4,Simulacro 1,S1,11.0,,,151.0,32.0,16,54,17.0,35.0,SI,,151.0
SEC-0145,Semestre Cero,I.E. Juan de Dios Uribe,I. E. JUAN DE DIOS URIBE,Andes,Antioquia,Oficial,5.605,-75.9413,G4,Simulacro 1,S1,11.0,,,149.0,32.0,18,38,33.0,25.0,SI,,149.0
SEC-0146,Semestre Cero,I.E. Juan de Dios Uribe,I. E. JUAN DE DIOS URIBE,Andes,Antioquia,Oficial,5.605,-75.9413,G4,Simulacro 1,S1,11.0,,,136.0,24.0,16,30,38.0,29.0,SI,,136.0
SEC-0147,Semestre Cero,I.E. Juan de Dios Uribe,I. E. JUAN DE DIOS URIBE,Andes,Antioquia,Oficial,5.605,-75.9413,G4,Simulacro 1,S1,11.0,,,131.0,29.0,22,38,16.0,27.0,SI,,131.0
SEC-0148,Semestre Cero,I.E. Juan de Dios Uribe,I. E. JUAN DE DIOS URIBE,Andes,Antioquia,Oficial,5.605,-75.9413,G4,Simulacro 1,S1,11.0,,,112.0,24.0,14,18,31.0,29.0,SI,,112.0
SEC-0149,Semestre Cero,I.E. Juan de Dios Uribe,I. E. JUAN DE DIOS URIBE,Andes,Antioquia,Oficial,5.605,-75.9413,G4,Simulacro 1,S1,11.0,,,78.0,0.0,16,22,17.0,38.0,SI,,78.0
SEC-1054,Semestre Cero,I.E. Leon Xiii,I. E. LEON XIII,El Peñol,Antioquia,Oficial,6.2186,-75.2417,G31,Simulacro 1,S1,11.0,,,232.0,37.0,40,70,36.0,55.0,SI,,232.0
SEC-1055,Semestre Cero,I.E. Leon Xiii,I. E. LEON XIII,El Peñol,Antioquia,Oficial,6.2186,-75.2417,G31,Simulacro 1,S1,11.0,,,231.0,34.0,42,56,53.0,44.0,SI,,231.0
SEC-1056,Semestre Cero,I.E. Leon Xiii,I. E. LEON XIII,El Peñol,Antioquia,Oficial,6.2186,-75.2417,G31,Simulacro 1,S1,11.0,,,231.0,51.0,36,60,34.0,55.0,SI,,231.0
SEC-1057,Semestre Cero,I.E. Leon Xiii,I. E. LEON XIII,El Peñol,Antioquia,Oficial,6.2186,-75.2417,G31,Simulacro 1,S1,11.0,,,221.0,59.0,30,48,40.0,45.0,SI,,221.0
SEC-1058,Semestre Cero,I.E. Leon Xiii,I. E. LEON XIII,El Peñol,Antioquia,Oficial,6.2186,-75.2417,G31,Simulacro 1,S1,11.0,,,214.0,34.0,44,52,38.0,51.0,SI,,214.0
SEC-1059,Semestre Cero,I.E. Leon Xiii,I. E. LEON XIII,El Peñol,Antioquia,Oficial,6.2186,-75.2417,G31,Simulacro 1,S1,11.0,,,208.0,37.0,46,58,24.0,47.0,SI,,208.0
SEC-1060,Semestre Cero,I.E. Leon Xiii,I. E. LEON XIII,El Peñol,Antioquia,Oficial,6.2186,-75.2417,G31,Simulacro 1,S1,11.0,,,202.0,32.0,42,48,38.0,47.0,SI,,202.0
SEC-1061,Semestre Cero,I.E. Leon Xiii,I. E. LEON XIII,El Peñol,Antioquia,Oficial,6.2186,-75.2417,G31,Simulacro 1,S1,11.0,,,202.0,46.0,42,32,40.0,45.0,SI,,202.0
SEC-1062,Semestre Cero,I.E. Leon Xiii,I. E. LEON XIII,El Peñol,Antioquia,Oficial,6.2186,-75.2417,G31,Simulacro 1,S1,11.0,,,199.0,41.0,42,42,29.0,53.0,SI,,199.0
SEC-1063,Semestre Cero,I.E. Leon Xiii,I. E. LEON XIII,El Peñol,Antioquia,Oficial,6.2186,-75.2417,G31,Simulacro 1,S1,11.0,,,199.0,44.0,30,40,41.0,51.0,SI,,199.0
SEC-1064,Semestre Cero,I.E. Leon Xiii,I. E. LEON XIII,El Peñol,Antioquia,Oficial,6.2186,-75.2417,G31,Simulacro 1,S1,11.0,,,195.0,44.0,44,48,19.0,44.0,SI,,195.0
SEC-1065,Semestre Cero,I.E. Leon Xiii,I. E. LEON XIII,El Peñol,Antioquia,Oficial,6.2186,-75.2417,G31,Simulacro 1,S1,11.0,,,195.0,51.0,28,46,24.0,60.0,SI,,195.0
SEC-1066,Semestre Cero,I.E. Leon Xiii,I. E. LEON XIII,El Peñol,Antioquia,Oficial,6.2186,-75.2417,G31,Simulacro 1,S1,11.0,,,195.0,41.0,32,46,33.0,49.0,SI,,195.0
SEC-1067,Semestre Cero,I.E. Leon Xiii,I. E. LEON XIII,El Peñol,Antioquia,Oficial,6.2186,-75.2417,G31,Simulacro 1,S1,11.0,,,193.0,44.0,26,50,31.0,49.0,SI,,193.0
SEC-1068,Semestre Cero,I.E. Leon Xiii,I. E. LEON XIII,El Peñol,Antioquia,Oficial,6.2186,-75.2417,G31,Simulacro 1,S1,11.0,,,190.0,37.0,18,52,40.0,56.0,SI,,190.0
SEC-1069,Semestre Cero,I.E. Leon Xiii,I. E. LEON XIII,El Peñol,Antioquia,Oficial,6.2186,-75.2417,G31,Simulacro 1,S1,11.0,,,188.0,44.0,28,48,28.0,45.0,SI,,188.0
SEC-1070,Semestre Cero,I.E. Leon Xiii,I. E. LEON XIII,El Peñol,Antioquia,Oficial,6.2186,-75.2417,G31,Simulacro 1,S1,11.0,,,187.0,56.0,24,36,28.0,55.0,SI,,187.0
SEC-1071,Semestre Cero,I.E. Leon Xiii,I. E. LEON XIII,El Peñol,Antioquia,Oficial,6.2186,-75.2417,G31,Simulacro 1,S1,11.0,,,180.0,41.0,32,36,31.0,47.0,SI,,180.0
SEC-1072,Semestre Cero,I.E. Leon Xiii,I. E. LEON XIII,El Peñol,Antioquia,Oficial,6.2186,-75.2417,G31,Simulacro 1,S1,11.0,,,180.0,37.0,32,38,34.0,45.0,SI,,180.0
SEC-1073,Semestre Cero,I.E. Leon Xiii,I. E. LEON XIII,El Peñol,Antioquia,Oficial,6.2186,-75.2417,G31,Simulacro 1,S1,11.0,,,177.0,41.0,26,42,31.0,38.0,SI,,177.0
SEC-1074,Semestre Cero,I.E. Leon Xiii,I. E. LEON XIII,El Peñol,Antioquia,Oficial,6.2186,-75.2417,G31,Simulacro 1,S1,11.0,,,174.0,46.0,18,34,31.0,65.0,SI,,174.0
SEC-1075,Semestre Cero,I.E. Leon Xiii,I. E. LEON XIII,El Peñol,Antioquia,Oficial,6.2186,-75.2417,G31,Simulacro 1,S1,11.0,,,168.0,49.0,18,32,26.0,62.0,SI,,168.0
SEC-1076,Semestre Cero,I.E. Leon Xiii,I. E. LEON XIII,El Peñol,Antioquia,Oficial,6.2186,-75.2417,G31,Simulacro 1,S1,11.0,,,167.0,37.0,26,34,34.0,42.0,SI,,167.0
SEC-1077,Semestre Cero,I.E. Leon Xiii,I. E. LEON XIII,El Peñol,Antioquia,Oficial,6.2186,-75.2417,G31,Simulacro 1,S1,11.0,,,167.0,41.0,32,32,31.0,25.0,SI,,167.0
SEC-1078,Semestre Cero,I.E. Leon Xiii,I. E. LEON XIII,El Peñol,Antioquia,Oficial,6.2186,-75.2417,G31,Simulacro 1,S1,11.0,,,167.0,29.0,32,34,38.0,35.0,SI,,167.0
SEC-1079,Semestre Cero,I.E. Leon Xiii,I. E. LEON XIII,El Peñol,Antioquia,Oficial,6.2186,-75.2417,G31,Simulacro 1,S1,11.0,,,165.0,24.0,34,42,29.0,40.0,SI,,165.0
SEC-1080,Semestre Cero,I.E. Leon Xiii,I. E. LEON XIII,El Peñol,Antioquia,Oficial,6.2186,-75.2417,G31,Simulacro 1,S1,11.0,,,151.0,37.0,34,22,28.0,33.0,SI,,151.0
SEC-1081,Semestre Cero,I.E. Leon Xiii,I. E. LEON XIII,El Peñol,Antioquia,Oficial,6.2186,-75.2417,G31,Simulacro 1,S1,11.0,,,145.0,41.0,24,36,24.0,0.0,SI,,145.0
SEC-1082,Semestre Cero,I.E. Leon Xiii,I. E. LEON XIII,El Peñol,Antioquia,Oficial,6.2186,-75.2417,G31,Simulacro 1,S1,11.0,,,140.0,27.0,32,22,26.0,44.0,SI,,140.0
SEC-1083,Semestre Cero,I.E. Leon Xiii,I. E. LEON XIII,El Peñol,Antioquia,Oficial,6.2186,-75.2417,G31,Simulacro 1,S1,11.0,,,120.0,27.0,28,18,19.0,36.0,SI,,120.0
SEC-1084,Semestre Cero,I.E. Leon Xiii,I. E. LEON XIII,El Peñol,Antioquia,Oficial,6.2186,-75.2417,G31,Simulacro 1,S1,11.0,,,115.0,12.0,22,34,24.0,22.0,SI,,115.0
SEC-1085,Semestre Cero,I.E. Leon Xiii,I. E. LEON XIII,El Peñol,Antioquia,Oficial,6.2186,-75.2417,G31,Simulacro 1,S1,11.0,,,55.0,0.0,8,14,12.0,42.0,SI,,55.0
SEC-2169,Semestre Cero,I.E. Liborio Bataller,I. E. LIBORIO BATALLER,Segovia,Antioquia,Oficial,7.0786,-74.6983,G61,Simulacro 1,S1,11.0,,,223.0,49.0,32,66,33.0,40.0,SI,,223.0
SEC-2170,Semestre Cero,I.E. Liborio Bataller,I. E. LIBORIO BATALLER,Segovia,Antioquia,Oficial,7.0786,-74.6983,G61,Simulacro 1,S1,11.0,,,222.0,59.0,36,46,34.0,53.0,SI,,222.0
SEC-2171,Semestre Cero,I.E. Liborio Bataller,I. E. LIBORIO BATALLER,Segovia,Antioquia,Oficial,7.0786,-74.6983,G61,Simulacro 1,S1,11.0,,,209.0,56.0,26,48,31.0,60.0,SI,,209.0
SEC-2172,Semestre Cero,I.E. Liborio Bataller,I. E. LIBORIO BATALLER,Segovia,Antioquia,Oficial,7.0786,-74.6983,G61,Simulacro 1,S1,11.0,,,208.0,51.0,24,48,38.0,58.0,SI,,208.0
SEC-2173,Semestre Cero,I.E. Liborio Bataller,I. E. LIBORIO BATALLER,Segovia,Antioquia,Oficial,7.0786,-74.6983,G61,Simulacro 1,S1,11.0,,,196.0,54.0,30,52,22.0,36.0,SI,,196.0
SEC-2174,Semestre Cero,I.E. Liborio Bataller,I. E. LIBORIO BATALLER,Segovia,Antioquia,Oficial,7.0786,-74.6983,G61,Simulacro 1,S1,11.0,,,196.0,51.0,26,50,26.0,49.0,SI,,196.0
SEC-2175,Semestre Cero,I.E. Liborio Bataller,I. E. LIBORIO BATALLER,Segovia,Antioquia,Oficial,7.0786,-74.6983,G61,Simulacro 1,S1,11.0,,,194.0,44.0,30,50,33.0,35.0,SI,,194.0
SEC-2176,Semestre Cero,I.E. Liborio Bataller,I. E. LIBORIO BATALLER,Segovia,Antioquia,Oficial,7.0786,-74.6983,G61,Simulacro 1,S1,11.0,,,189.0,22.0,34,68,29.0,31.0,SI,,189.0
SEC-2177,Semestre Cero,I.E. Liborio Bataller,I. E. LIBORIO BATALLER,Segovia,Antioquia,Oficial,7.0786,-74.6983,G61,Simulacro 1,S1,11.0,,,186.0,34.0,34,52,29.0,35.0,SI,,186.0
SEC-2178,Semestre Cero,I.E. Liborio Bataller,I. E. LIBORIO BATALLER,Segovia,Antioquia,Oficial,7.0786,-74.6983,G61,Simulacro 1,S1,11.0,,,185.0,39.0,20,58,29.0,42.0,SI,,185.0
SEC-2179,Semestre Cero,I.E. Liborio Bataller,I. E. LIBORIO BATALLER,Segovia,Antioquia,Oficial,7.0786,-74.6983,G61,Simulacro 1,S1,11.0,,,180.0,49.0,32,34,24.0,51.0,SI,,180.0
SEC-2180,Semestre Cero,I.E. Liborio Bataller,I. E. LIBORIO BATALLER,Segovia,Antioquia,Oficial,7.0786,-74.6983,G61,Simulacro 1,S1,11.0,,,177.0,29.0,34,40,40.0,33.0,SI,,177.0
SEC-2181,Semestre Cero,I.E. Liborio Bataller,I. E. LIBORIO BATALLER,Segovia,Antioquia,Oficial,7.0786,-74.6983,G61,Simulacro 1,S1,11.0,,,177.0,44.0,22,42,28.0,53.0,SI,,177.0
SEC-2182,Semestre Cero,I.E. Liborio Bataller,I. E. LIBORIO BATALLER,Segovia,Antioquia,Oficial,7.0786,-74.6983,G61,Simulacro 1,S1,11.0,,,176.0,54.0,18,38,29.0,40.0,SI,,176.0
SEC-2183,Semestre Cero,I.E. Liborio Bataller,I. E. LIBORIO BATALLER,Segovia,Antioquia,Oficial,7.0786,-74.6983,G61,Simulacro 1,S1,11.0,,,175.0,46.0,20,50,24.0,35.0,SI,,175.0
SEC-2184,Semestre Cero,I.E. Liborio Bataller,I. E. LIBORIO BATALLER,Segovia,Antioquia,Oficial,7.0786,-74.6983,G61,Simulacro 1,S1,11.0,,,175.0,20.0,38,50,33.0,35.0,SI,,175.0
SEC-2185,Semestre Cero,I.E. Liborio Bataller,I. E. LIBORIO BATALLER,Segovia,Antioquia,Oficial,7.0786,-74.6983,G61,Simulacro 1,S1,11.0,,,173.0,37.0,34,36,33.0,33.0,SI,,173.0
SEC-2186,Semestre Cero,I.E. Liborio Bataller,I. E. LIBORIO BATALLER,Segovia,Antioquia,Oficial,7.0786,-74.6983,G61,Simulacro 1,S1,11.0,,,171.0,39.0,38,40,21.0,33.0,SI,,171.0
SEC-2187,Semestre Cero,I.E. Liborio Bataller,I. E. LIBORIO BATALLER,Segovia,Antioquia,Oficial,7.0786,-74.6983,G61,Simulacro 1,S1,11.0,,,171.0,29.0,24,46,29.0,58.0,SI,,171.0
SEC-2188,Semestre Cero,I.E. Liborio Bataller,I. E. LIBORIO BATALLER,Segovia,Antioquia,Oficial,7.0786,-74.6983,G61,Simulacro 1,S1,11.0,,,162.0,59.0,18,34,17.0,38.0,SI,,162.0
SEC-2189,Semestre Cero,I.E. Liborio Bataller,I. E. LIBORIO BATALLER,Segovia,Antioquia,Oficial,7.0786,-74.6983,G61,Simulacro 1,S1,11.0,,,149.0,39.0,20,28,33.0,27.0,SI,,149.0
SEC-2190,Semestre Cero,I.E. Liborio Bataller,I. E. LIBORIO BATALLER,Segovia,Antioquia,Oficial,7.0786,-74.6983,G61,Simulacro 1,S1,11.0,,,145.0,32.0,30,32,24.0,24.0,SI,,145.0
SEC-2191,Semestre Cero,I.E. Liborio Bataller,I. E. LIBORIO BATALLER,Segovia,Antioquia,Oficial,7.0786,-74.6983,G61,Simulacro 1,S1,11.0,,,137.0,27.0,30,32,24.0,16.0,SI,,137.0
SEC-1727,Semestre Cero,I.E. Llano de Cordoba,I. E. LLANO DE CORDOBA,Remedios,Antioquia,Oficial,7.0269,-74.6975,G51,Simulacro 1,S1,11.0,,,259.0,68.0,50,62,31.0,40.0,SI,,259.0
SEC-1728,Semestre Cero,I.E. Llano de Cordoba,I. E. LLANO DE CORDOBA,Remedios,Antioquia,Oficial,7.0269,-74.6975,G51,Simulacro 1,S1,11.0,,,251.0,44.0,38,74,43.0,56.0,SI,,251.0
SEC-1729,Semestre Cero,I.E. Llano de Cordoba,I. E. LLANO DE CORDOBA,Remedios,Antioquia,Oficial,7.0269,-74.6975,G51,Simulacro 1,S1,11.0,,,247.0,44.0,40,78,33.0,58.0,SI,,247.0
SEC-1730,Semestre Cero,I.E. Llano de Cordoba,I. E. LLANO DE CORDOBA,Remedios,Antioquia,Oficial,7.0269,-74.6975,G51,Simulacro 1,S1,11.0,,,244.0,44.0,36,72,40.0,60.0,SI,,244.0
SEC-1731,Semestre Cero,I.E. Llano de Cordoba,I. E. LLANO DE CORDOBA,Remedios,Antioquia,Oficial,7.0269,-74.6975,G51,Simulacro 1,S1,11.0,,,244.0,44.0,36,76,36.0,58.0,SI,,244.0
SEC-1732,Semestre Cero,I.E. Llano de Cordoba,I. E. LLANO DE CORDOBA,Remedios,Antioquia,Oficial,7.0269,-74.6975,G51,Simulacro 1,S1,11.0,,,238.0,44.0,38,64,41.0,58.0,SI,,238.0
SEC-1733,Semestre Cero,I.E. Llano de Cordoba,I. E. LLANO DE CORDOBA,Remedios,Antioquia,Oficial,7.0269,-74.6975,G51,Simulacro 1,S1,11.0,,,235.0,63.0,38,52,28.0,69.0,SI,,235.0
SEC-1734,Semestre Cero,I.E. Llano de Cordoba,I. E. LLANO DE CORDOBA,Remedios,Antioquia,Oficial,7.0269,-74.6975,G51,Simulacro 1,S1,11.0,,,208.0,49.0,38,28,47.0,56.0,SI,,208.0
SEC-1735,Semestre Cero,I.E. Llano de Cordoba,I. E. LLANO DE CORDOBA,Remedios,Antioquia,Oficial,7.0269,-74.6975,G51,Simulacro 1,S1,11.0,,,201.0,51.0,28,48,34.0,38.0,SI,,201.0
SEC-1736,Semestre Cero,I.E. Llano de Cordoba,I. E. LLANO DE CORDOBA,Remedios,Antioquia,Oficial,7.0269,-74.6975,G51,Simulacro 1,S1,11.0,,,199.0,39.0,36,42,45.0,33.0,SI,,199.0
SEC-1737,Semestre Cero,I.E. Llano de Cordoba,I. E. LLANO DE CORDOBA,Remedios,Antioquia,Oficial,7.0269,-74.6975,G51,Simulacro 1,S1,11.0,,,194.0,44.0,36,40,33.0,45.0,SI,,194.0
SEC-1738,Semestre Cero,I.E. Llano de Cordoba,I. E. LLANO DE CORDOBA,Remedios,Antioquia,Oficial,7.0269,-74.6975,G51,Simulacro 1,S1,11.0,,,189.0,41.0,28,36,40.0,56.0,SI,,189.0
SEC-1739,Semestre Cero,I.E. Llano de Cordoba,I. E. LLANO DE CORDOBA,Remedios,Antioquia,Oficial,7.0269,-74.6975,G51,Simulacro 1,S1,11.0,,,186.0,49.0,30,28,31.0,71.0,SI,,186.0
SEC-1740,Semestre Cero,I.E. Llano de Cordoba,I. E. LLANO DE CORDOBA,Remedios,Antioquia,Oficial,7.0269,-74.6975,G51,Simulacro 1,S1,11.0,,,185.0,61.0,24,36,24.0,45.0,SI,,185.0
SEC-1741,Semestre Cero,I.E. Llano de Cordoba,I. E. LLANO DE CORDOBA,Remedios,Antioquia,Oficial,7.0269,-74.6975,G51,Simulacro 1,S1,11.0,,,183.0,46.0,36,26,29.0,62.0,SI,,183.0
SEC-1742,Semestre Cero,I.E. Llano de Cordoba,I. E. LLANO DE CORDOBA,Remedios,Antioquia,Oficial,7.0269,-74.6975,G51,Simulacro 1,S1,11.0,,,180.0,29.0,28,52,28.0,58.0,SI,,180.0
SEC-1743,Semestre Cero,I.E. Llano de Cordoba,I. E. LLANO DE CORDOBA,Remedios,Antioquia,Oficial,7.0269,-74.6975,G51,Simulacro 1,S1,11.0,,,178.0,37.0,28,34,40.0,49.0,SI,,178.0
SEC-1744,Semestre Cero,I.E. Llano de Cordoba,I. E. LLANO DE CORDOBA,Remedios,Antioquia,Oficial,7.0269,-74.6975,G51,Simulacro 1,S1,11.0,,,178.0,46.0,20,38,31.0,56.0,SI,,178.0
SEC-1745,Semestre Cero,I.E. Llano de Cordoba,I. E. LLANO DE CORDOBA,Remedios,Antioquia,Oficial,7.0269,-74.6975,G51,Simulacro 1,S1,11.0,,,169.0,49.0,22,48,19.0,27.0,SI,,169.0
SEC-1746,Semestre Cero,I.E. Llano de Cordoba,I. E. LLANO DE CORDOBA,Remedios,Antioquia,Oficial,7.0269,-74.6975,G51,Simulacro 1,S1,11.0,,,167.0,22.0,28,50,31.0,40.0,SI,,167.0
SEC-1747,Semestre Cero,I.E. Llano de Cordoba,I. E. LLANO DE CORDOBA,Remedios,Antioquia,Oficial,7.0269,-74.6975,G51,Simulacro 1,S1,11.0,,,166.0,51.0,30,26,22.0,44.0,SI,,166.0
SEC-1748,Semestre Cero,I.E. Llano de Cordoba,I. E. LLANO DE CORDOBA,Remedios,Antioquia,Oficial,7.0269,-74.6975,G51,Simulacro 1,S1,11.0,,,164.0,32.0,28,42,31.0,29.0,SI,,164.0
SEC-1749,Semestre Cero,I.E. Llano de Cordoba,I. E. LLANO DE CORDOBA,Remedios,Antioquia,Oficial,7.0269,-74.6975,G51,Simulacro 1,S1,11.0,,,162.0,51.0,18,34,26.0,33.0,SI,,162.0
SEC-1750,Semestre Cero,I.E. Llano de Cordoba,I. E. LLANO DE CORDOBA,Remedios,Antioquia,Oficial,7.0269,-74.6975,G51,Simulacro 1,S1,11.0,,,148.0,39.0,32,26,16.0,47.0,SI,,148.0
SEC-1751,Semestre Cero,I.E. Llano de Cordoba,I. E. LLANO DE CORDOBA,Remedios,Antioquia,Oficial,7.0269,-74.6975,G51,Simulacro 1,S1,11.0,,,146.0,27.0,30,22,31.0,49.0,SI,,146.0
SEC-1752,Semestre Cero,I.E. Llano de Cordoba,I. E. LLANO DE CORDOBA,Remedios,Antioquia,Oficial,7.0269,-74.6975,G51,Simulacro 1,S1,11.0,,,144.0,32.0,24,26,33.0,31.0,SI,,144.0
SEC-1753,Semestre Cero,I.E. Llano de Cordoba,I. E. LLANO DE CORDOBA,Remedios,Antioquia,Oficial,7.0269,-74.6975,G51,Simulacro 1,S1,11.0,,,64.0,0.0,12,22,12.0,29.0,SI,,64.0
SEC-2421,Semestre Cero,I.E. Llanos de Cuiva,I. E. LLANOS DE CUIVA,Yarumal,Antioquia,Oficial,6.9633,-75.4169,G69,Simulacro 1,S1,11.0,,,235.0,66.0,26,60,34.0,51.0,SI,,235.0
SEC-2422,Semestre Cero,I.E. Llanos de Cuiva,I. E. LLANOS DE CUIVA,Yarumal,Antioquia,Oficial,6.9633,-75.4169,G69,Simulacro 1,S1,11.0,,,225.0,66.0,16,62,33.0,55.0,SI,,225.0
SEC-2423,Semestre Cero,I.E. Llanos de Cuiva,I. E. LLANOS DE CUIVA,Yarumal,Antioquia,Oficial,6.9633,-75.4169,G69,Simulacro 1,S1,11.0,,,223.0,46.0,50,44,43.0,29.0,SI,,223.0
SEC-2424,Semestre Cero,I.E. Llanos de Cuiva,I. E. LLANOS DE CUIVA,Yarumal,Antioquia,Oficial,6.9633,-75.4169,G69,Simulacro 1,S1,11.0,,,217.0,46.0,22,66,36.0,53.0,SI,,217.0
SEC-2425,Semestre Cero,I.E. Llanos de Cuiva,I. E. LLANOS DE CUIVA,Yarumal,Antioquia,Oficial,6.9633,-75.4169,G69,Simulacro 1,S1,11.0,,,212.0,54.0,32,50,34.0,42.0,SI,,212.0
SEC-2426,Semestre Cero,I.E. Llanos de Cuiva,I. E. LLANOS DE CUIVA,Yarumal,Antioquia,Oficial,6.9633,-75.4169,G69,Simulacro 1,S1,11.0,,,211.0,37.0,32,66,31.0,53.0,SI,,211.0
SEC-2427,Semestre Cero,I.E. Llanos de Cuiva,I. E. LLANOS DE CUIVA,Yarumal,Antioquia,Oficial,6.9633,-75.4169,G69,Simulacro 1,S1,11.0,,,211.0,66.0,18,52,31.0,47.0,SI,,211.0
SEC-2428,Semestre Cero,I.E. Llanos de Cuiva,I. E. LLANOS DE CUIVA,Yarumal,Antioquia,Oficial,6.9633,-75.4169,G69,Simulacro 1,S1,11.0,,,209.0,39.0,32,54,38.0,55.0,SI,,209.0
SEC-2429,Semestre Cero,I.E. Llanos de Cuiva,I. E. LLANOS DE CUIVA,Yarumal,Antioquia,Oficial,6.9633,-75.4169,G69,Simulacro 1,S1,11.0,,,208.0,54.0,24,46,40.0,51.0,SI,,208.0
SEC-2430,Semestre Cero,I.E. Llanos de Cuiva,I. E. LLANOS DE CUIVA,Yarumal,Antioquia,Oficial,6.9633,-75.4169,G69,Simulacro 1,S1,11.0,,,207.0,44.0,34,54,33.0,45.0,SI,,207.0
SEC-2431,Semestre Cero,I.E. Llanos de Cuiva,I. E. LLANOS DE CUIVA,Yarumal,Antioquia,Oficial,6.9633,-75.4169,G69,Simulacro 1,S1,11.0,,,205.0,51.0,22,52,38.0,44.0,SI,,205.0
SEC-2432,Semestre Cero,I.E. Llanos de Cuiva,I. E. LLANOS DE CUIVA,Yarumal,Antioquia,Oficial,6.9633,-75.4169,G69,Simulacro 1,S1,11.0,,,204.0,39.0,34,46,34.0,71.0,SI,,204.0
SEC-2433,Semestre Cero,I.E. Llanos de Cuiva,I. E. LLANOS DE CUIVA,Yarumal,Antioquia,Oficial,6.9633,-75.4169,G69,Simulacro 1,S1,11.0,,,202.0,46.0,34,46,34.0,42.0,SI,,202.0
SEC-2434,Semestre Cero,I.E. Llanos de Cuiva,I. E. LLANOS DE CUIVA,Yarumal,Antioquia,Oficial,6.9633,-75.4169,G69,Simulacro 1,S1,11.0,,,192.0,51.0,20,52,28.0,47.0,SI,,192.0
SEC-2435,Semestre Cero,I.E. Llanos de Cuiva,I. E. LLANOS DE CUIVA,Yarumal,Antioquia,Oficial,6.9633,-75.4169,G69,Simulacro 1,S1,11.0,,,191.0,37.0,24,48,41.0,47.0,SI,,191.0
SEC-2436,Semestre Cero,I.E. Llanos de Cuiva,I. E. LLANOS DE CUIVA,Yarumal,Antioquia,Oficial,6.9633,-75.4169,G69,Simulacro 1,S1,11.0,,,190.0,49.0,24,46,34.0,35.0,SI,,190.0
SEC-2437,Semestre Cero,I.E. Llanos de Cuiva,I. E. LLANOS DE CUIVA,Yarumal,Antioquia,Oficial,6.9633,-75.4169,G69,Simulacro 1,S1,11.0,,,181.0,41.0,16,58,26.0,47.0,SI,,181.0
SEC-2438,Semestre Cero,I.E. Llanos de Cuiva,I. E. LLANOS DE CUIVA,Yarumal,Antioquia,Oficial,6.9633,-75.4169,G69,Simulacro 1,S1,11.0,,,179.0,46.0,34,38,24.0,38.0,SI,,179.0
SEC-2439,Semestre Cero,I.E. Llanos de Cuiva,I. E. LLANOS DE CUIVA,Yarumal,Antioquia,Oficial,6.9633,-75.4169,G69,Simulacro 1,S1,11.0,,,177.0,29.0,32,40,33.0,58.0,SI,,177.0
SEC-2440,Semestre Cero,I.E. Llanos de Cuiva,I. E. LLANOS DE CUIVA,Yarumal,Antioquia,Oficial,6.9633,-75.4169,G69,Simulacro 1,S1,11.0,,,175.0,54.0,18,38,31.0,33.0,SI,,175.0
SEC-2441,Semestre Cero,I.E. Llanos de Cuiva,I. E. LLANOS DE CUIVA,Yarumal,Antioquia,Oficial,6.9633,-75.4169,G69,Simulacro 1,S1,11.0,,,174.0,51.0,22,42,21.0,44.0,SI,,174.0
SEC-2442,Semestre Cero,I.E. Llanos de Cuiva,I. E. LLANOS DE CUIVA,Yarumal,Antioquia,Oficial,6.9633,-75.4169,G69,Simulacro 1,S1,11.0,,,166.0,37.0,28,40,28.0,36.0,SI,,166.0
SEC-2443,Semestre Cero,I.E. Llanos de Cuiva,I. E. LLANOS DE CUIVA,Yarumal,Antioquia,Oficial,6.9633,-75.4169,G69,Simulacro 1,S1,11.0,,,164.0,32.0,34,40,29.0,22.0,SI,,164.0
SEC-2444,Semestre Cero,I.E. Llanos de Cuiva,I. E. LLANOS DE CUIVA,Yarumal,Antioquia,Oficial,6.9633,-75.4169,G69,Simulacro 1,S1,11.0,,,162.0,46.0,22,26,29.0,51.0,SI,,162.0
SEC-2445,Semestre Cero,I.E. Llanos de Cuiva,I. E. LLANOS DE CUIVA,Yarumal,Antioquia,Oficial,6.9633,-75.4169,G69,Simulacro 1,S1,11.0,,,160.0,41.0,22,38,24.0,40.0,SI,,160.0
SEC-2446,Semestre Cero,I.E. Llanos de Cuiva,I. E. LLANOS DE CUIVA,Yarumal,Antioquia,Oficial,6.9633,-75.4169,G69,Simulacro 1,S1,11.0,,,160.0,41.0,26,30,29.0,36.0,SI,,160.0
SEC-2447,Semestre Cero,I.E. Llanos de Cuiva,I. E. LLANOS DE CUIVA,Yarumal,Antioquia,Oficial,6.9633,-75.4169,G69,Simulacro 1,S1,11.0,,,157.0,39.0,22,32,33.0,31.0,SI,,157.0
SEC-2448,Semestre Cero,I.E. Llanos de Cuiva,I. E. LLANOS DE CUIVA,Yarumal,Antioquia,Oficial,6.9633,-75.4169,G69,Simulacro 1,S1,11.0,,,156.0,29.0,24,38,34.0,29.0,SI,,156.0
SEC-2449,Semestre Cero,I.E. Llanos de Cuiva,I. E. LLANOS DE CUIVA,Yarumal,Antioquia,Oficial,6.9633,-75.4169,G69,Simulacro 1,S1,11.0,,,138.0,46.0,12,30,22.0,25.0,SI,,138.0
SEC-2450,Semestre Cero,I.E. Llanos de Cuiva,I. E. LLANOS DE CUIVA,Yarumal,Antioquia,Oficial,6.9633,-75.4169,G69,Simulacro 1,S1,11.0,,,107.0,0.0,20,28,28.0,53.0,SI,,107.0
SEC-2401,Semestre Cero,I.E. Lorenzo Yali,I. E. LORENZO YALI,Yalí,Antioquia,Oficial,6.6769,-74.8436,G68,Simulacro 1,S1,11.0,,,262.0,54.0,32,70,41.0,91.0,SI,,262.0
SEC-2402,Semestre Cero,I.E. Lorenzo Yali,I. E. LORENZO YALI,Yalí,Antioquia,Oficial,6.6769,-74.8436,G68,Simulacro 1,S1,11.0,,,254.0,63.0,42,60,34.0,62.0,SI,,254.0
SEC-2403,Semestre Cero,I.E. Lorenzo Yali,I. E. LORENZO YALI,Yalí,Antioquia,Oficial,6.6769,-74.8436,G68,Simulacro 1,S1,11.0,,,249.0,61.0,30,62,45.0,55.0,SI,,249.0
SEC-2404,Semestre Cero,I.E. Lorenzo Yali,I. E. LORENZO YALI,Yalí,Antioquia,Oficial,6.6769,-74.8436,G68,Simulacro 1,S1,11.0,,,245.0,56.0,58,36,43.0,58.0,SI,,245.0
SEC-2405,Semestre Cero,I.E. Lorenzo Yali,I. E. LORENZO YALI,Yalí,Antioquia,Oficial,6.6769,-74.8436,G68,Simulacro 1,S1,11.0,,,236.0,49.0,36,56,36.0,82.0,SI,,236.0
SEC-2406,Semestre Cero,I.E. Lorenzo Yali,I. E. LORENZO YALI,Yalí,Antioquia,Oficial,6.6769,-74.8436,G68,Simulacro 1,S1,11.0,,,229.0,49.0,44,60,29.0,49.0,SI,,229.0
SEC-2407,Semestre Cero,I.E. Lorenzo Yali,I. E. LORENZO YALI,Yalí,Antioquia,Oficial,6.6769,-74.8436,G68,Simulacro 1,S1,11.0,,,229.0,46.0,40,62,33.0,51.0,SI,,229.0
SEC-2408,Semestre Cero,I.E. Lorenzo Yali,I. E. LORENZO YALI,Yalí,Antioquia,Oficial,6.6769,-74.8436,G68,Simulacro 1,S1,11.0,,,217.0,56.0,24,50,38.0,60.0,SI,,217.0
SEC-2409,Semestre Cero,I.E. Lorenzo Yali,I. E. LORENZO YALI,Yalí,Antioquia,Oficial,6.6769,-74.8436,G68,Simulacro 1,S1,11.0,,,211.0,59.0,20,52,38.0,44.0,SI,,211.0
SEC-2410,Semestre Cero,I.E. Lorenzo Yali,I. E. LORENZO YALI,Yalí,Antioquia,Oficial,6.6769,-74.8436,G68,Simulacro 1,S1,11.0,,,198.0,49.0,24,42,38.0,56.0,SI,,198.0
SEC-2411,Semestre Cero,I.E. Lorenzo Yali,I. E. LORENZO YALI,Yalí,Antioquia,Oficial,6.6769,-74.8436,G68,Simulacro 1,S1,11.0,,,197.0,29.0,26,70,29.0,49.0,SI,,197.0
SEC-2412,Semestre Cero,I.E. Lorenzo Yali,I. E. LORENZO YALI,Yalí,Antioquia,Oficial,6.6769,-74.8436,G68,Simulacro 1,S1,11.0,,,193.0,56.0,26,42,28.0,45.0,SI,,193.0
SEC-2413,Semestre Cero,I.E. Lorenzo Yali,I. E. LORENZO YALI,Yalí,Antioquia,Oficial,6.6769,-74.8436,G68,Simulacro 1,S1,11.0,,,187.0,41.0,32,38,33.0,53.0,SI,,187.0
SEC-2414,Semestre Cero,I.E. Lorenzo Yali,I. E. LORENZO YALI,Yalí,Antioquia,Oficial,6.6769,-74.8436,G68,Simulacro 1,S1,11.0,,,185.0,41.0,24,46,36.0,38.0,SI,,185.0
SEC-2415,Semestre Cero,I.E. Lorenzo Yali,I. E. LORENZO YALI,Yalí,Antioquia,Oficial,6.6769,-74.8436,G68,Simulacro 1,S1,11.0,,,184.0,41.0,18,54,31.0,44.0,SI,,184.0
SEC-2416,Semestre Cero,I.E. Lorenzo Yali,I. E. LORENZO YALI,Yalí,Antioquia,Oficial,6.6769,-74.8436,G68,Simulacro 1,S1,11.0,,,178.0,41.0,22,44,24.0,69.0,SI,,178.0
SEC-2417,Semestre Cero,I.E. Lorenzo Yali,I. E. LORENZO YALI,Yalí,Antioquia,Oficial,6.6769,-74.8436,G68,Simulacro 1,S1,11.0,,,162.0,29.0,22,48,29.0,36.0,SI,,162.0
SEC-2418,Semestre Cero,I.E. Lorenzo Yali,I. E. LORENZO YALI,Yalí,Antioquia,Oficial,6.6769,-74.8436,G68,Simulacro 1,S1,11.0,,,156.0,24.0,26,38,31.0,47.0,SI,,156.0
SEC-2419,Semestre Cero,I.E. Lorenzo Yali,I. E. LORENZO YALI,Yalí,Antioquia,Oficial,6.6769,-74.8436,G68,Simulacro 1,S1,11.0,,,152.0,37.0,28,34,22.0,31.0,SI,,152.0
SEC-2420,Semestre Cero,I.E. Lorenzo Yali,I. E. LORENZO YALI,Yalí,Antioquia,Oficial,6.6769,-74.8436,G68,Simulacro 1,S1,11.0,,,53.0,0.0,14,10,12.0,29.0,SI,,53.0
SEC-2506,Semestre Cero,I.E. Luis Eduardo Diaz,I. E. LUIS EDUARDO DIAZ,Yondó,Antioquia,Oficial,7.005,-74.0083,G72,Simulacro 1,S1,11.0,,,271.0,44.0,48,60,62.0,64.0,SI,,271.0
SEC-2507,Semestre Cero,I.E. Luis Eduardo Diaz,I. E. LUIS EDUARDO DIAZ,Yondó,Antioquia,Oficial,7.005,-74.0083,G72,Simulacro 1,S1,11.0,,,270.0,44.0,50,58,57.0,76.0,SI,,270.0
SEC-2508,Semestre Cero,I.E. Luis Eduardo Diaz,I. E. LUIS EDUARDO DIAZ,Yondó,Antioquia,Oficial,7.005,-74.0083,G72,Simulacro 1,S1,11.0,,,262.0,39.0,44,70,48.0,76.0,SI,,262.0
SEC-2509,Semestre Cero,I.E. Luis Eduardo Diaz,I. E. LUIS EDUARDO DIAZ,Yondó,Antioquia,Oficial,7.005,-74.0083,G72,Simulacro 1,S1,11.0,,,260.0,66.0,36,60,45.0,56.0,SI,,260.0
SEC-2510,Semestre Cero,I.E. Luis Eduardo Diaz,I. E. LUIS EDUARDO DIAZ,Yondó,Antioquia,Oficial,7.005,-74.0083,G72,Simulacro 1,S1,11.0,,,260.0,63.0,42,62,41.0,49.0,SI,,260.0
SEC-2511,Semestre Cero,I.E. Luis Eduardo Diaz,I. E. LUIS EDUARDO DIAZ,Yondó,Antioquia,Oficial,7.005,-74.0083,G72,Simulacro 1,S1,11.0,,,257.0,37.0,46,64,50.0,78.0,SI,,257.0
SEC-2512,Semestre Cero,I.E. Luis Eduardo Diaz,I. E. LUIS EDUARDO DIAZ,Yondó,Antioquia,Oficial,7.005,-74.0083,G72,Simulacro 1,S1,11.0,,,256.0,44.0,58,58,38.0,73.0,SI,,256.0
SEC-2513,Semestre Cero,I.E. Luis Eduardo Diaz,I. E. LUIS EDUARDO DIAZ,Yondó,Antioquia,Oficial,7.005,-74.0083,G72,Simulacro 1,S1,11.0,,,255.0,46.0,40,62,47.0,78.0,SI,,255.0
SEC-2514,Semestre Cero,I.E. Luis Eduardo Diaz,I. E. LUIS EDUARDO DIAZ,Yondó,Antioquia,Oficial,7.005,-74.0083,G72,Simulacro 1,S1,11.0,,,245.0,46.0,40,60,50.0,49.0,SI,,245.0
SEC-2515,Semestre Cero,I.E. Luis Eduardo Diaz,I. E. LUIS EDUARDO DIAZ,Yondó,Antioquia,Oficial,7.005,-74.0083,G72,Simulacro 1,S1,11.0,,,238.0,39.0,46,46,50.0,76.0,SI,,238.0
SEC-2516,Semestre Cero,I.E. Luis Eduardo Diaz,I. E. LUIS EDUARDO DIAZ,Yondó,Antioquia,Oficial,7.005,-74.0083,G72,Simulacro 1,S1,11.0,,,234.0,54.0,46,36,40.0,84.0,SI,,234.0
SEC-2517,Semestre Cero,I.E. Luis Eduardo Diaz,I. E. LUIS EDUARDO DIAZ,Yondó,Antioquia,Oficial,7.005,-74.0083,G72,Simulacro 1,S1,11.0,,,229.0,39.0,42,52,40.0,76.0,SI,,229.0
SEC-2518,Semestre Cero,I.E. Luis Eduardo Diaz,I. E. LUIS EDUARDO DIAZ,Yondó,Antioquia,Oficial,7.005,-74.0083,G72,Simulacro 1,S1,11.0,,,228.0,51.0,36,54,40.0,51.0,SI,,228.0
SEC-2519,Semestre Cero,I.E. Luis Eduardo Diaz,I. E. LUIS EDUARDO DIAZ,Yondó,Antioquia,Oficial,7.005,-74.0083,G72,Simulacro 1,S1,11.0,,,224.0,63.0,30,52,33.0,49.0,SI,,224.0
SEC-2520,Semestre Cero,I.E. Luis Eduardo Diaz,I. E. LUIS EDUARDO DIAZ,Yondó,Antioquia,Oficial,7.005,-74.0083,G72,Simulacro 1,S1,11.0,,,218.0,59.0,26,62,29.0,38.0,SI,,218.0
SEC-2521,Semestre Cero,I.E. Luis Eduardo Diaz,I. E. LUIS EDUARDO DIAZ,Yondó,Antioquia,Oficial,7.005,-74.0083,G72,Simulacro 1,S1,11.0,,,213.0,61.0,24,48,34.0,51.0,SI,,213.0
SEC-2522,Semestre Cero,I.E. Luis Eduardo Diaz,I. E. LUIS EDUARDO DIAZ,Yondó,Antioquia,Oficial,7.005,-74.0083,G72,Simulacro 1,S1,11.0,,,213.0,51.0,20,56,33.0,73.0,SI,,213.0
SEC-2523,Semestre Cero,I.E. Luis Eduardo Diaz,I. E. LUIS EDUARDO DIAZ,Yondó,Antioquia,Oficial,7.005,-74.0083,G72,Simulacro 1,S1,11.0,,,212.0,59.0,26,52,28.0,60.0,SI,,212.0
SEC-2524,Semestre Cero,I.E. Luis Eduardo Diaz,I. E. LUIS EDUARDO DIAZ,Yondó,Antioquia,Oficial,7.005,-74.0083,G72,Simulacro 1,S1,11.0,,,211.0,54.0,32,52,31.0,44.0,SI,,211.0
SEC-2525,Semestre Cero,I.E. Luis Eduardo Diaz,I. E. LUIS EDUARDO DIAZ,Yondó,Antioquia,Oficial,7.005,-74.0083,G72,Simulacro 1,S1,11.0,,,210.0,49.0,18,62,38.0,45.0,SI,,210.0
SEC-2526,Semestre Cero,I.E. Luis Eduardo Diaz,I. E. LUIS EDUARDO DIAZ,Yondó,Antioquia,Oficial,7.005,-74.0083,G72,Simulacro 1,S1,11.0,,,208.0,46.0,36,50,29.0,56.0,SI,,208.0
SEC-2527,Semestre Cero,I.E. Luis Eduardo Diaz,I. E. LUIS EDUARDO DIAZ,Yondó,Antioquia,Oficial,7.005,-74.0083,G72,Simulacro 1,S1,11.0,,,202.0,54.0,30,42,33.0,49.0,SI,,202.0
SEC-2528,Semestre Cero,I.E. Luis Eduardo Diaz,I. E. LUIS EDUARDO DIAZ,Yondó,Antioquia,Oficial,7.005,-74.0083,G72,Simulacro 1,S1,11.0,,,201.0,49.0,22,60,31.0,36.0,SI,,201.0
SEC-2529,Semestre Cero,I.E. Luis Eduardo Diaz,I. E. LUIS EDUARDO DIAZ,Yondó,Antioquia,Oficial,7.005,-74.0083,G72,Simulacro 1,S1,11.0,,,195.0,32.0,28,50,43.0,49.0,SI,,195.0
SEC-2530,Semestre Cero,I.E. Luis Eduardo Diaz,I. E. LUIS EDUARDO DIAZ,Yondó,Antioquia,Oficial,7.005,-74.0083,G72,Simulacro 1,S1,11.0,,,191.0,44.0,30,50,31.0,33.0,SI,,191.0
SEC-2531,Semestre Cero,I.E. Luis Eduardo Diaz,I. E. LUIS EDUARDO DIAZ,Yondó,Antioquia,Oficial,7.005,-74.0083,G72,Simulacro 1,S1,11.0,,,191.0,49.0,28,46,26.0,51.0,SI,,191.0
SEC-2532,Semestre Cero,I.E. Luis Eduardo Diaz,I. E. LUIS EDUARDO DIAZ,Yondó,Antioquia,Oficial,7.005,-74.0083,G72,Simulacro 1,S1,11.0,,,190.0,24.0,40,36,36.0,84.0,SI,,190.0
SEC-2533,Semestre Cero,I.E. Luis Eduardo Diaz,I. E. LUIS EDUARDO DIAZ,Yondó,Antioquia,Oficial,7.005,-74.0083,G72,Simulacro 1,S1,11.0,,,188.0,37.0,30,54,29.0,38.0,SI,,188.0
SEC-2534,Semestre Cero,I.E. Luis Eduardo Diaz,I. E. LUIS EDUARDO DIAZ,Yondó,Antioquia,Oficial,7.005,-74.0083,G72,Simulacro 1,S1,11.0,,,188.0,39.0,38,40,31.0,44.0,SI,,188.0
SEC-2535,Semestre Cero,I.E. Luis Eduardo Diaz,I. E. LUIS EDUARDO DIAZ,Yondó,Antioquia,Oficial,7.005,-74.0083,G72,Simulacro 1,S1,11.0,,,186.0,32.0,18,60,34.0,51.0,SI,,186.0
SEC-2536,Semestre Cero,I.E. Luis Eduardo Diaz,I. E. LUIS EDUARDO DIAZ,Yondó,Antioquia,Oficial,7.005,-74.0083,G72,Simulacro 1,S1,11.0,,,186.0,51.0,28,34,36.0,35.0,SI,,186.0
SEC-2537,Semestre Cero,I.E. Luis Eduardo Diaz,I. E. LUIS EDUARDO DIAZ,Yondó,Antioquia,Oficial,7.005,-74.0083,G72,Simulacro 1,S1,11.0,,,186.0,44.0,34,46,24.0,38.0,SI,,186.0
SEC-2538,Semestre Cero,I.E. Luis Eduardo Diaz,I. E. LUIS EDUARDO DIAZ,Yondó,Antioquia,Oficial,7.005,-74.0083,G72,Simulacro 1,S1,11.0,,,182.0,39.0,32,44,33.0,31.0,SI,,182.0
SEC-2539,Semestre Cero,I.E. Luis Eduardo Diaz,I. E. LUIS EDUARDO DIAZ,Yondó,Antioquia,Oficial,7.005,-74.0083,G72,Simulacro 1,S1,11.0,,,181.0,37.0,34,32,36.0,55.0,SI,,181.0
SEC-2540,Semestre Cero,I.E. Luis Eduardo Diaz,I. E. LUIS EDUARDO DIAZ,Yondó,Antioquia,Oficial,7.005,-74.0083,G72,Simulacro 1,S1,11.0,,,178.0,37.0,26,48,24.0,58.0,SI,,178.0
SEC-2541,Semestre Cero,I.E. Luis Eduardo Diaz,I. E. LUIS EDUARDO DIAZ,Yondó,Antioquia,Oficial,7.005,-74.0083,G72,Simulacro 1,S1,11.0,,,177.0,37.0,28,46,28.0,45.0,SI,,177.0
SEC-2542,Semestre Cero,I.E. Luis Eduardo Diaz,I. E. LUIS EDUARDO DIAZ,Yondó,Antioquia,Oficial,7.005,-74.0083,G72,Simulacro 1,S1,11.0,,,175.0,49.0,30,40,26.0,20.0,SI,,175.0
SEC-2543,Semestre Cero,I.E. Luis Eduardo Diaz,I. E. LUIS EDUARDO DIAZ,Yondó,Antioquia,Oficial,7.005,-74.0083,G72,Simulacro 1,S1,11.0,,,173.0,37.0,30,48,26.0,29.0,SI,,173.0
SEC-2544,Semestre Cero,I.E. Luis Eduardo Diaz,I. E. LUIS EDUARDO DIAZ,Yondó,Antioquia,Oficial,7.005,-74.0083,G72,Simulacro 1,S1,11.0,,,173.0,44.0,34,36,26.0,31.0,SI,,173.0
SEC-2545,Semestre Cero,I.E. Luis Eduardo Diaz,I. E. LUIS EDUARDO DIAZ,Yondó,Antioquia,Oficial,7.005,-74.0083,G72,Simulacro 1,S1,11.0,,,173.0,46.0,26,42,24.0,35.0,SI,,173.0
SEC-2546,Semestre Cero,I.E. Luis Eduardo Diaz,I. E. LUIS EDUARDO DIAZ,Yondó,Antioquia,Oficial,7.005,-74.0083,G72,Simulacro 1,S1,11.0,,,173.0,39.0,32,42,26.0,33.0,SI,,173.0
SEC-2547,Semestre Cero,I.E. Luis Eduardo Diaz,I. E. LUIS EDUARDO DIAZ,Yondó,Antioquia,Oficial,7.005,-74.0083,G72,Simulacro 1,S1,11.0,,,172.0,39.0,30,38,29.0,38.0,SI,,172.0
SEC-2548,Semestre Cero,I.E. Luis Eduardo Diaz,I. E. LUIS EDUARDO DIAZ,Yondó,Antioquia,Oficial,7.005,-74.0083,G72,Simulacro 1,S1,11.0,,,169.0,32.0,34,44,28.0,27.0,SI,,169.0
SEC-2549,Semestre Cero,I.E. Luis Eduardo Diaz,I. E. LUIS EDUARDO DIAZ,Yondó,Antioquia,Oficial,7.005,-74.0083,G72,Simulacro 1,S1,11.0,,,165.0,44.0,22,44,26.0,22.0,SI,,165.0
SEC-2550,Semestre Cero,I.E. Luis Eduardo Diaz,I. E. LUIS EDUARDO DIAZ,Yondó,Antioquia,Oficial,7.005,-74.0083,G72,Simulacro 1,S1,11.0,,,165.0,46.0,30,24,33.0,29.0,SI,,165.0
SEC-2551,Semestre Cero,I.E. Luis Eduardo Diaz,I. E. LUIS EDUARDO DIAZ,Yondó,Antioquia,Oficial,7.005,-74.0083,G72,Simulacro 1,S1,11.0,,,164.0,37.0,32,38,24.0,35.0,SI,,164.0
SEC-2552,Semestre Cero,I.E. Luis Eduardo Diaz,I. E. LUIS EDUARDO DIAZ,Yondó,Antioquia,Oficial,7.005,-74.0083,G72,Simulacro 1,S1,11.0,,,164.0,41.0,24,38,26.0,38.0,SI,,164.0
SEC-2553,Semestre Cero,I.E. Luis Eduardo Diaz,I. E. LUIS EDUARDO DIAZ,Yondó,Antioquia,Oficial,7.005,-74.0083,G72,Simulacro 1,S1,11.0,,,161.0,37.0,18,50,24.0,33.0,SI,,161.0
SEC-2554,Semestre Cero,I.E. Luis Eduardo Diaz,I. E. LUIS EDUARDO DIAZ,Yondó,Antioquia,Oficial,7.005,-74.0083,G72,Simulacro 1,S1,11.0,,,160.0,39.0,22,36,21.0,64.0,SI,,160.0
SEC-2555,Semestre Cero,I.E. Luis Eduardo Diaz,I. E. LUIS EDUARDO DIAZ,Yondó,Antioquia,Oficial,7.005,-74.0083,G72,Simulacro 1,S1,11.0,,,158.0,44.0,26,42,17.0,24.0,SI,,158.0
SEC-2556,Semestre Cero,I.E. Luis Eduardo Diaz,I. E. LUIS EDUARDO DIAZ,Yondó,Antioquia,Oficial,7.005,-74.0083,G72,Simulacro 1,S1,11.0,,,158.0,37.0,26,34,29.0,33.0,SI,,158.0
SEC-2557,Semestre Cero,I.E. Luis Eduardo Diaz,I. E. LUIS EDUARDO DIAZ,Yondó,Antioquia,Oficial,7.005,-74.0083,G72,Simulacro 1,S1,11.0,,,152.0,34.0,30,30,28.0,31.0,SI,,152.0
SEC-2558,Semestre Cero,I.E. Luis Eduardo Diaz,I. E. LUIS EDUARDO DIAZ,Yondó,Antioquia,Oficial,7.005,-74.0083,G72,Simulacro 1,S1,11.0,,,152.0,32.0,20,44,24.0,36.0,SI,,152.0
SEC-2559,Semestre Cero,I.E. Luis Eduardo Diaz,I. E. LUIS EDUARDO DIAZ,Yondó,Antioquia,Oficial,7.005,-74.0083,G72,Simulacro 1,S1,11.0,,,148.0,34.0,38,12,28.0,49.0,SI,,148.0
SEC-2560,Semestre Cero,I.E. Luis Eduardo Diaz,I. E. LUIS EDUARDO DIAZ,Yondó,Antioquia,Oficial,7.005,-74.0083,G72,Simulacro 1,S1,11.0,,,148.0,32.0,20,28,38.0,31.0,SI,,148.0
SEC-2561,Semestre Cero,I.E. Luis Eduardo Diaz,I. E. LUIS EDUARDO DIAZ,Yondó,Antioquia,Oficial,7.005,-74.0083,G72,Simulacro 1,S1,11.0,,,145.0,41.0,20,40,14.0,31.0,SI,,145.0
SEC-2562,Semestre Cero,I.E. Luis Eduardo Diaz,I. E. LUIS EDUARDO DIAZ,Yondó,Antioquia,Oficial,7.005,-74.0083,G72,Simulacro 1,S1,11.0,,,145.0,34.0,24,28,28.0,35.0,SI,,145.0
SEC-2563,Semestre Cero,I.E. Luis Eduardo Diaz,I. E. LUIS EDUARDO DIAZ,Yondó,Antioquia,Oficial,7.005,-74.0083,G72,Simulacro 1,S1,11.0,,,143.0,32.0,16,28,34.0,42.0,SI,,143.0
SEC-2564,Semestre Cero,I.E. Luis Eduardo Diaz,I. E. LUIS EDUARDO DIAZ,Yondó,Antioquia,Oficial,7.005,-74.0083,G72,Simulacro 1,S1,11.0,,,140.0,27.0,28,40,19.0,24.0,SI,,140.0
SEC-2565,Semestre Cero,I.E. Luis Eduardo Diaz,I. E. LUIS EDUARDO DIAZ,Yondó,Antioquia,Oficial,7.005,-74.0083,G72,Simulacro 1,S1,11.0,,,138.0,22.0,20,40,28.0,29.0,SI,,138.0
SEC-2566,Semestre Cero,I.E. Luis Eduardo Diaz,I. E. LUIS EDUARDO DIAZ,Yondó,Antioquia,Oficial,7.005,-74.0083,G72,Simulacro 1,S1,11.0,,,135.0,24.0,16,44,21.0,35.0,SI,,135.0
SEC-2567,Semestre Cero,I.E. Luis Eduardo Diaz,I. E. LUIS EDUARDO DIAZ,Yondó,Antioquia,Oficial,7.005,-74.0083,G72,Simulacro 1,S1,11.0,,,132.0,24.0,26,20,31.0,40.0,SI,,132.0
SEC-2568,Semestre Cero,I.E. Luis Eduardo Diaz,I. E. LUIS EDUARDO DIAZ,Yondó,Antioquia,Oficial,7.005,-74.0083,G72,Simulacro 1,S1,11.0,,,128.0,32.0,22,26,24.0,20.0,SI,,128.0
SEC-2569,Semestre Cero,I.E. Luis Eduardo Diaz,I. E. LUIS EDUARDO DIAZ,Yondó,Antioquia,Oficial,7.005,-74.0083,G72,Simulacro 1,S1,11.0,,,124.0,34.0,22,24,19.0,25.0,SI,,124.0
SEC-2570,Semestre Cero,I.E. Luis Eduardo Diaz,I. E. LUIS EDUARDO DIAZ,Yondó,Antioquia,Oficial,7.005,-74.0083,G72,Simulacro 1,S1,11.0,,,123.0,46.0,14,26,21.0,0.0,SI,,123.0
SEC-2571,Semestre Cero,I.E. Luis Eduardo Diaz,I. E. LUIS EDUARDO DIAZ,Yondó,Antioquia,Oficial,7.005,-74.0083,G72,Simulacro 1,S1,11.0,,,89.0,37.0,16,16,9.0,0.0,SI,,89.0
SEC-2572,Semestre Cero,I.E. Luis Eduardo Diaz,I. E. LUIS EDUARDO DIAZ,Yondó,Antioquia,Oficial,7.005,-74.0083,G72,Simulacro 1,S1,11.0,,,83.0,0.0,16,26,17.0,38.0,SI,,83.0
SEC-2573,Semestre Cero,I.E. Luis Eduardo Diaz,I. E. LUIS EDUARDO DIAZ,Yondó,Antioquia,Oficial,7.005,-74.0083,G72,Simulacro 1,S1,11.0,,,56.0,0.0,4,14,19.0,35.0,SI,,56.0
SEC-2574,Semestre Cero,I.E. Luis Eduardo Diaz,I. E. LUIS EDUARDO DIAZ,Yondó,Antioquia,Oficial,7.005,-74.0083,G72,Simulacro 1,S1,11.0,,,46.0,0.0,6,10,12.0,36.0,SI,,46.0
SEC-2575,Semestre Cero,I.E. Luis Eduardo Diaz,I. E. LUIS EDUARDO DIAZ,Yondó,Antioquia,Oficial,7.005,-74.0083,G72,Simulacro 1,S1,11.0,,,40.0,0.0,4,14,9.0,24.0,SI,,40.0
SEC-2576,Semestre Cero,I.E. Luis Fernando Restrepo Restrepo,I. E. LUIS FERNANDO RESTREPO RESTREPO,Zaragoza,Antioquia,Oficial,7.4914,-74.8692,G73,Simulacro 1,S1,11.0,,,267.0,66.0,42,68,38.0,53.0,SI,,267.0
SEC-2577,Semestre Cero,I.E. Luis Fernando Restrepo Restrepo,I. E. LUIS FERNANDO RESTREPO RESTREPO,Zaragoza,Antioquia,Oficial,7.4914,-74.8692,G73,Simulacro 1,S1,11.0,,,231.0,37.0,44,64,38.0,53.0,SI,,231.0
SEC-2578,Semestre Cero,I.E. Luis Fernando Restrepo Restrepo,I. E. LUIS FERNANDO RESTREPO RESTREPO,Zaragoza,Antioquia,Oficial,7.4914,-74.8692,G73,Simulacro 1,S1,11.0,,,230.0,54.0,36,56,40.0,42.0,SI,,230.0
SEC-2579,Semestre Cero,I.E. Luis Fernando Restrepo Restrepo,I. E. LUIS FERNANDO RESTREPO RESTREPO,Zaragoza,Antioquia,Oficial,7.4914,-74.8692,G73,Simulacro 1,S1,11.0,,,226.0,61.0,34,54,36.0,31.0,SI,,226.0
SEC-2580,Semestre Cero,I.E. Luis Fernando Restrepo Restrepo,I. E. LUIS FERNANDO RESTREPO RESTREPO,Zaragoza,Antioquia,Oficial,7.4914,-74.8692,G73,Simulacro 1,S1,11.0,,,202.0,51.0,24,54,36.0,29.0,SI,,202.0
SEC-2581,Semestre Cero,I.E. Luis Fernando Restrepo Restrepo,I. E. LUIS FERNANDO RESTREPO RESTREPO,Zaragoza,Antioquia,Oficial,7.4914,-74.8692,G73,Simulacro 1,S1,11.0,,,197.0,51.0,30,44,31.0,44.0,SI,,197.0
SEC-2582,Semestre Cero,I.E. Luis Fernando Restrepo Restrepo,I. E. LUIS FERNANDO RESTREPO RESTREPO,Zaragoza,Antioquia,Oficial,7.4914,-74.8692,G73,Simulacro 1,S1,11.0,,,195.0,54.0,22,50,33.0,33.0,SI,,195.0
SEC-2583,Semestre Cero,I.E. Luis Fernando Restrepo Restrepo,I. E. LUIS FERNANDO RESTREPO RESTREPO,Zaragoza,Antioquia,Oficial,7.4914,-74.8692,G73,Simulacro 1,S1,11.0,,,195.0,56.0,34,36,21.0,67.0,SI,,195.0
SEC-2584,Semestre Cero,I.E. Luis Fernando Restrepo Restrepo,I. E. LUIS FERNANDO RESTREPO RESTREPO,Zaragoza,Antioquia,Oficial,7.4914,-74.8692,G73,Simulacro 1,S1,11.0,,,192.0,46.0,24,56,28.0,36.0,SI,,192.0
SEC-2585,Semestre Cero,I.E. Luis Fernando Restrepo Restrepo,I. E. LUIS FERNANDO RESTREPO RESTREPO,Zaragoza,Antioquia,Oficial,7.4914,-74.8692,G73,Simulacro 1,S1,11.0,,,184.0,44.0,30,28,38.0,58.0,SI,,184.0
SEC-2586,Semestre Cero,I.E. Luis Fernando Restrepo Restrepo,I. E. LUIS FERNANDO RESTREPO RESTREPO,Zaragoza,Antioquia,Oficial,7.4914,-74.8692,G73,Simulacro 1,S1,11.0,,,180.0,46.0,18,48,31.0,38.0,SI,,180.0
SEC-2587,Semestre Cero,I.E. Luis Fernando Restrepo Restrepo,I. E. LUIS FERNANDO RESTREPO RESTREPO,Zaragoza,Antioquia,Oficial,7.4914,-74.8692,G73,Simulacro 1,S1,11.0,,,179.0,41.0,28,40,33.0,38.0,SI,,179.0
SEC-2588,Semestre Cero,I.E. Luis Fernando Restrepo Restrepo,I. E. LUIS FERNANDO RESTREPO RESTREPO,Zaragoza,Antioquia,Oficial,7.4914,-74.8692,G73,Simulacro 1,S1,11.0,,,178.0,32.0,32,40,36.0,44.0,SI,,178.0
SEC-2589,Semestre Cero,I.E. Luis Fernando Restrepo Restrepo,I. E. LUIS FERNANDO RESTREPO RESTREPO,Zaragoza,Antioquia,Oficial,7.4914,-74.8692,G73,Simulacro 1,S1,11.0,,,175.0,39.0,26,42,29.0,45.0,SI,,175.0
SEC-2590,Semestre Cero,I.E. Luis Fernando Restrepo Restrepo,I. E. LUIS FERNANDO RESTREPO RESTREPO,Zaragoza,Antioquia,Oficial,7.4914,-74.8692,G73,Simulacro 1,S1,11.0,,,167.0,37.0,28,36,31.0,38.0,SI,,167.0
SEC-2591,Semestre Cero,I.E. Luis Fernando Restrepo Restrepo,I. E. LUIS FERNANDO RESTREPO RESTREPO,Zaragoza,Antioquia,Oficial,7.4914,-74.8692,G73,Simulacro 1,S1,11.0,,,160.0,37.0,34,34,22.0,35.0,SI,,160.0
SEC-2592,Semestre Cero,I.E. Luis Fernando Restrepo Restrepo,I. E. LUIS FERNANDO RESTREPO RESTREPO,Zaragoza,Antioquia,Oficial,7.4914,-74.8692,G73,Simulacro 1,S1,11.0,,,155.0,22.0,28,40,28.0,49.0,SI,,155.0
SEC-2593,Semestre Cero,I.E. Luis Fernando Restrepo Restrepo,I. E. LUIS FERNANDO RESTREPO RESTREPO,Zaragoza,Antioquia,Oficial,7.4914,-74.8692,G73,Simulacro 1,S1,11.0,,,153.0,32.0,16,36,34.0,44.0,SI,,153.0
SEC-2594,Semestre Cero,I.E. Luis Fernando Restrepo Restrepo,I. E. LUIS FERNANDO RESTREPO RESTREPO,Zaragoza,Antioquia,Oficial,7.4914,-74.8692,G73,Simulacro 1,S1,11.0,,,153.0,22.0,28,42,29.0,33.0,SI,,153.0
SEC-2595,Semestre Cero,I.E. Luis Fernando Restrepo Restrepo,I. E. LUIS FERNANDO RESTREPO RESTREPO,Zaragoza,Antioquia,Oficial,7.4914,-74.8692,G73,Simulacro 1,S1,11.0,,,148.0,20.0,34,36,28.0,33.0,SI,,148.0
SEC-2596,Semestre Cero,I.E. Luis Fernando Restrepo Restrepo,I. E. LUIS FERNANDO RESTREPO RESTREPO,Zaragoza,Antioquia,Oficial,7.4914,-74.8692,G73,Simulacro 1,S1,11.0,,,148.0,49.0,16,32,19.0,36.0,SI,,148.0
SEC-2597,Semestre Cero,I.E. Luis Fernando Restrepo Restrepo,I. E. LUIS FERNANDO RESTREPO RESTREPO,Zaragoza,Antioquia,Oficial,7.4914,-74.8692,G73,Simulacro 1,S1,11.0,,,147.0,24.0,32,38,24.0,27.0,SI,,147.0
SEC-2598,Semestre Cero,I.E. Luis Fernando Restrepo Restrepo,I. E. LUIS FERNANDO RESTREPO RESTREPO,Zaragoza,Antioquia,Oficial,7.4914,-74.8692,G73,Simulacro 1,S1,11.0,,,147.0,39.0,20,28,24.0,49.0,SI,,147.0
SEC-2599,Semestre Cero,I.E. Luis Fernando Restrepo Restrepo,I. E. LUIS FERNANDO RESTREPO RESTREPO,Zaragoza,Antioquia,Oficial,7.4914,-74.8692,G73,Simulacro 1,S1,11.0,,,146.0,27.0,28,30,33.0,27.0,SI,,146.0
SEC-2600,Semestre Cero,I.E. Luis Fernando Restrepo Restrepo,I. E. LUIS FERNANDO RESTREPO RESTREPO,Zaragoza,Antioquia,Oficial,7.4914,-74.8692,G73,Simulacro 1,S1,11.0,,,145.0,27.0,24,34,29.0,35.0,SI,,145.0
SEC-2601,Semestre Cero,I.E. Luis Fernando Restrepo Restrepo,I. E. LUIS FERNANDO RESTREPO RESTREPO,Zaragoza,Antioquia,Oficial,7.4914,-74.8692,G73,Simulacro 1,S1,11.0,,,141.0,29.0,20,40,22.0,31.0,SI,,141.0
SEC-2602,Semestre Cero,I.E. Luis Fernando Restrepo Restrepo,I. E. LUIS FERNANDO RESTREPO RESTREPO,Zaragoza,Antioquia,Oficial,7.4914,-74.8692,G73,Simulacro 1,S1,11.0,,,133.0,39.0,24,24,19.0,29.0,SI,,133.0
SEC-2603,Semestre Cero,I.E. Luis Fernando Restrepo Restrepo,I. E. LUIS FERNANDO RESTREPO RESTREPO,Zaragoza,Antioquia,Oficial,7.4914,-74.8692,G73,Simulacro 1,S1,11.0,,,130.0,29.0,24,28,21.0,31.0,SI,,130.0
SEC-2604,Semestre Cero,I.E. Luis Fernando Restrepo Restrepo,I. E. LUIS FERNANDO RESTREPO RESTREPO,Zaragoza,Antioquia,Oficial,7.4914,-74.8692,G73,Simulacro 1,S1,11.0,,,115.0,22.0,20,24,22.0,35.0,SI,,115.0
SEC-2605,Semestre Cero,I.E. Luis Fernando Restrepo Restrepo,I. E. LUIS FERNANDO RESTREPO RESTREPO,Zaragoza,Antioquia,Oficial,7.4914,-74.8692,G73,Simulacro 1,S1,11.0,,,111.0,22.0,14,22,26.0,38.0,SI,,111.0
SEC-0837,Semestre Cero,I.E. Maria Auxiliadora,I. E. MARIA AUXILIADORA,Chigorodó,Antioquia,Oficial,7.6672,-76.6811,G25,Simulacro 1,S1,11.0,,,216.0,54.0,34,58,28.0,42.0,SI,,216.0
SEC-0838,Semestre Cero,I.E. Maria Auxiliadora,I. E. MARIA AUXILIADORA,Chigorodó,Antioquia,Oficial,7.6672,-76.6811,G25,Simulacro 1,S1,11.0,,,211.0,51.0,26,58,33.0,45.0,SI,,211.0
SEC-0839,Semestre Cero,I.E. Maria Auxiliadora,I. E. MARIA AUXILIADORA,Chigorodó,Antioquia,Oficial,7.6672,-76.6811,G25,Simulacro 1,S1,11.0,,,195.0,41.0,22,54,28.0,71.0,SI,,195.0
SEC-0840,Semestre Cero,I.E. Maria Auxiliadora,I. E. MARIA AUXILIADORA,Chigorodó,Antioquia,Oficial,7.6672,-76.6811,G25,Simulacro 1,S1,11.0,,,191.0,49.0,30,46,28.0,40.0,SI,,191.0
SEC-0841,Semestre Cero,I.E. Maria Auxiliadora,I. E. MARIA AUXILIADORA,Chigorodó,Antioquia,Oficial,7.6672,-76.6811,G25,Simulacro 1,S1,11.0,,,185.0,49.0,24,50,22.0,45.0,SI,,185.0
SEC-0842,Semestre Cero,I.E. Maria Auxiliadora,I. E. MARIA AUXILIADORA,Chigorodó,Antioquia,Oficial,7.6672,-76.6811,G25,Simulacro 1,S1,11.0,,,182.0,46.0,28,38,33.0,38.0,SI,,182.0
SEC-0843,Semestre Cero,I.E. Maria Auxiliadora,I. E. MARIA AUXILIADORA,Chigorodó,Antioquia,Oficial,7.6672,-76.6811,G25,Simulacro 1,S1,11.0,,,179.0,56.0,26,38,16.0,58.0,SI,,179.0
SEC-0844,Semestre Cero,I.E. Maria Auxiliadora,I. E. MARIA AUXILIADORA,Chigorodó,Antioquia,Oficial,7.6672,-76.6811,G25,Simulacro 1,S1,11.0,,,175.0,56.0,30,38,19.0,25.0,SI,,175.0
SEC-0845,Semestre Cero,I.E. Maria Auxiliadora,I. E. MARIA AUXILIADORA,Chigorodó,Antioquia,Oficial,7.6672,-76.6811,G25,Simulacro 1,S1,11.0,,,172.0,32.0,32,50,24.0,33.0,SI,,172.0
SEC-0846,Semestre Cero,I.E. Maria Auxiliadora,I. E. MARIA AUXILIADORA,Chigorodó,Antioquia,Oficial,7.6672,-76.6811,G25,Simulacro 1,S1,11.0,,,162.0,37.0,24,40,26.0,42.0,SI,,162.0
SEC-0847,Semestre Cero,I.E. Maria Auxiliadora,I. E. MARIA AUXILIADORA,Chigorodó,Antioquia,Oficial,7.6672,-76.6811,G25,Simulacro 1,S1,11.0,,,159.0,37.0,24,44,19.0,42.0,SI,,159.0
SEC-0848,Semestre Cero,I.E. Maria Auxiliadora,I. E. MARIA AUXILIADORA,Chigorodó,Antioquia,Oficial,7.6672,-76.6811,G25,Simulacro 1,S1,11.0,,,158.0,39.0,16,36,31.0,45.0,SI,,158.0
SEC-0849,Semestre Cero,I.E. Maria Auxiliadora,I. E. MARIA AUXILIADORA,Chigorodó,Antioquia,Oficial,7.6672,-76.6811,G25,Simulacro 1,S1,11.0,,,152.0,34.0,22,30,33.0,38.0,SI,,152.0
SEC-0850,Semestre Cero,I.E. Maria Auxiliadora,I. E. MARIA AUXILIADORA,Chigorodó,Antioquia,Oficial,7.6672,-76.6811,G25,Simulacro 1,S1,11.0,,,152.0,49.0,20,28,22.0,36.0,SI,,152.0
SEC-0851,Semestre Cero,I.E. Maria Auxiliadora,I. E. MARIA AUXILIADORA,Chigorodó,Antioquia,Oficial,7.6672,-76.6811,G25,Simulacro 1,S1,11.0,,,151.0,34.0,16,36,31.0,40.0,SI,,151.0
SEC-0852,Semestre Cero,I.E. Maria Auxiliadora,I. E. MARIA AUXILIADORA,Chigorodó,Antioquia,Oficial,7.6672,-76.6811,G25,Simulacro 1,S1,11.0,,,148.0,39.0,22,32,26.0,29.0,SI,,148.0
SEC-0853,Semestre Cero,I.E. Maria Auxiliadora,I. E. MARIA AUXILIADORA,Chigorodó,Antioquia,Oficial,7.6672,-76.6811,G25,Simulacro 1,S1,11.0,,,148.0,51.0,28,20,16.0,40.0,SI,,148.0
SEC-0854,Semestre Cero,I.E. Maria Auxiliadora,I. E. MARIA AUXILIADORA,Chigorodó,Antioquia,Oficial,7.6672,-76.6811,G25,Simulacro 1,S1,11.0,,,146.0,39.0,24,32,16.0,47.0,SI,,146.0
SEC-0855,Semestre Cero,I.E. Maria Auxiliadora,I. E. MARIA AUXILIADORA,Chigorodó,Antioquia,Oficial,7.6672,-76.6811,G25,Simulacro 1,S1,11.0,,,142.0,37.0,14,36,21.0,47.0,SI,,142.0
SEC-0856,Semestre Cero,I.E. Maria Auxiliadora,I. E. MARIA AUXILIADORA,Chigorodó,Antioquia,Oficial,7.6672,-76.6811,G25,Simulacro 1,S1,11.0,,,139.0,39.0,14,24,29.0,42.0,SI,,139.0
SEC-0857,Semestre Cero,I.E. Maria Auxiliadora,I. E. MARIA AUXILIADORA,Chigorodó,Antioquia,Oficial,7.6672,-76.6811,G25,Simulacro 1,S1,11.0,,,138.0,24.0,26,30,29.0,29.0,SI,,138.0
SEC-0858,Semestre Cero,I.E. Maria Auxiliadora,I. E. MARIA AUXILIADORA,Chigorodó,Antioquia,Oficial,7.6672,-76.6811,G25,Simulacro 1,S1,11.0,,,136.0,17.0,22,32,34.0,38.0,SI,,136.0
SEC-0859,Semestre Cero,I.E. Maria Auxiliadora,I. E. MARIA AUXILIADORA,Chigorodó,Antioquia,Oficial,7.6672,-76.6811,G25,Simulacro 1,S1,11.0,,,136.0,22.0,32,30,24.0,29.0,SI,,136.0
SEC-0860,Semestre Cero,I.E. Maria Auxiliadora,I. E. MARIA AUXILIADORA,Chigorodó,Antioquia,Oficial,7.6672,-76.6811,G25,Simulacro 1,S1,11.0,,,136.0,34.0,22,24,26.0,35.0,SI,,136.0
SEC-0861,Semestre Cero,I.E. Maria Auxiliadora,I. E. MARIA AUXILIADORA,Chigorodó,Antioquia,Oficial,7.6672,-76.6811,G25,Simulacro 1,S1,11.0,,,135.0,39.0,30,14,26.0,25.0,SI,,135.0
SEC-0862,Semestre Cero,I.E. Maria Auxiliadora,I. E. MARIA AUXILIADORA,Chigorodó,Antioquia,Oficial,7.6672,-76.6811,G25,Simulacro 1,S1,11.0,,,124.0,37.0,24,24,17.0,18.0,SI,,124.0
SEC-0863,Semestre Cero,I.E. Maria Auxiliadora,I. E. MARIA AUXILIADORA,Chigorodó,Antioquia,Oficial,7.6672,-76.6811,G25,Simulacro 1,S1,11.0,,,119.0,22.0,14,32,17.0,55.0,SI,,119.0
SEC-0864,Semestre Cero,I.E. Maria Auxiliadora,I. E. MARIA AUXILIADORA,Chigorodó,Antioquia,Oficial,7.6672,-76.6811,G25,Simulacro 1,S1,11.0,,,114.0,32.0,16,18,22.0,33.0,SI,,114.0
SEC-0865,Semestre Cero,I.E. Maria Auxiliadora,I. E. MARIA AUXILIADORA,Chigorodó,Antioquia,Oficial,7.6672,-76.6811,G25,Simulacro 1,S1,11.0,,,110.0,32.0,18,16,17.0,36.0,SI,,110.0
SEC-0866,Semestre Cero,I.E. Maria Auxiliadora,I. E. MARIA AUXILIADORA,Chigorodó,Antioquia,Oficial,7.6672,-76.6811,G25,Simulacro 1,S1,11.0,,,99.0,24.0,16,18,16.0,36.0,SI,,99.0
SEC-0867,Semestre Cero,I.E. Maria Auxiliadora,I. E. MARIA AUXILIADORA,Chigorodó,Antioquia,Oficial,7.6672,-76.6811,G25,Simulacro 1,S1,11.0,,,59.0,0.0,14,16,7.0,44.0,SI,,59.0
SEC-0281,Semestre Cero,I.E. Miguel Vicente Garrido Ortiz,I. E. MIGUEL VICENTE GARRIDO ORTIZ,Arboletes,Antioquia,Oficial,8.8508,-76.4267,G9,Simulacro 1,S1,11.0,,,251.0,63.0,42,56,34.0,64.0,SI,,251.0
SEC-0282,Semestre Cero,I.E. Miguel Vicente Garrido Ortiz,I. E. MIGUEL VICENTE GARRIDO ORTIZ,Arboletes,Antioquia,Oficial,8.8508,-76.4267,G9,Simulacro 1,S1,11.0,,,249.0,56.0,54,60,28.0,55.0,SI,,249.0
SEC-0283,Semestre Cero,I.E. Miguel Vicente Garrido Ortiz,I. E. MIGUEL VICENTE GARRIDO ORTIZ,Arboletes,Antioquia,Oficial,8.8508,-76.4267,G9,Simulacro 1,S1,11.0,,,243.0,63.0,44,52,31.0,60.0,SI,,243.0
SEC-0284,Semestre Cero,I.E. Miguel Vicente Garrido Ortiz,I. E. MIGUEL VICENTE GARRIDO ORTIZ,Arboletes,Antioquia,Oficial,8.8508,-76.4267,G9,Simulacro 1,S1,11.0,,,241.0,51.0,40,48,41.0,84.0,SI,,241.0
SEC-0285,Semestre Cero,I.E. Miguel Vicente Garrido Ortiz,I. E. MIGUEL VICENTE GARRIDO ORTIZ,Arboletes,Antioquia,Oficial,8.8508,-76.4267,G9,Simulacro 1,S1,11.0,,,238.0,66.0,28,60,31.0,64.0,SI,,238.0
SEC-0286,Semestre Cero,I.E. Miguel Vicente Garrido Ortiz,I. E. MIGUEL VICENTE GARRIDO ORTIZ,Arboletes,Antioquia,Oficial,8.8508,-76.4267,G9,Simulacro 1,S1,11.0,,,236.0,66.0,32,54,36.0,49.0,SI,,236.0
SEC-0287,Semestre Cero,I.E. Miguel Vicente Garrido Ortiz,I. E. MIGUEL VICENTE GARRIDO ORTIZ,Arboletes,Antioquia,Oficial,8.8508,-76.4267,G9,Simulacro 1,S1,11.0,,,235.0,61.0,30,56,36.0,62.0,SI,,235.0
SEC-0288,Semestre Cero,I.E. Miguel Vicente Garrido Ortiz,I. E. MIGUEL VICENTE GARRIDO ORTIZ,Arboletes,Antioquia,Oficial,8.8508,-76.4267,G9,Simulacro 1,S1,11.0,,,231.0,63.0,34,52,40.0,35.0,SI,,231.0
SEC-0289,Semestre Cero,I.E. Miguel Vicente Garrido Ortiz,I. E. MIGUEL VICENTE GARRIDO ORTIZ,Arboletes,Antioquia,Oficial,8.8508,-76.4267,G9,Simulacro 1,S1,11.0,,,224.0,51.0,30,54,40.0,58.0,SI,,224.0
SEC-0290,Semestre Cero,I.E. Miguel Vicente Garrido Ortiz,I. E. MIGUEL VICENTE GARRIDO ORTIZ,Arboletes,Antioquia,Oficial,8.8508,-76.4267,G9,Simulacro 1,S1,11.0,,,224.0,49.0,44,50,33.0,55.0,SI,,224.0
SEC-0291,Semestre Cero,I.E. Miguel Vicente Garrido Ortiz,I. E. MIGUEL VICENTE GARRIDO ORTIZ,Arboletes,Antioquia,Oficial,8.8508,-76.4267,G9,Simulacro 1,S1,11.0,,,220.0,49.0,28,64,36.0,42.0,SI,,220.0
SEC-0292,Semestre Cero,I.E. Miguel Vicente Garrido Ortiz,I. E. MIGUEL VICENTE GARRIDO ORTIZ,Arboletes,Antioquia,Oficial,8.8508,-76.4267,G9,Simulacro 1,S1,11.0,,,219.0,51.0,24,56,41.0,51.0,SI,,219.0
SEC-0293,Semestre Cero,I.E. Miguel Vicente Garrido Ortiz,I. E. MIGUEL VICENTE GARRIDO ORTIZ,Arboletes,Antioquia,Oficial,8.8508,-76.4267,G9,Simulacro 1,S1,11.0,,,218.0,49.0,34,54,36.0,47.0,SI,,218.0
SEC-0294,Semestre Cero,I.E. Miguel Vicente Garrido Ortiz,I. E. MIGUEL VICENTE GARRIDO ORTIZ,Arboletes,Antioquia,Oficial,8.8508,-76.4267,G9,Simulacro 1,S1,11.0,,,217.0,56.0,30,64,21.0,51.0,SI,,217.0
SEC-0295,Semestre Cero,I.E. Miguel Vicente Garrido Ortiz,I. E. MIGUEL VICENTE GARRIDO ORTIZ,Arboletes,Antioquia,Oficial,8.8508,-76.4267,G9,Simulacro 1,S1,11.0,,,211.0,49.0,22,50,47.0,45.0,SI,,211.0
SEC-0296,Semestre Cero,I.E. Miguel Vicente Garrido Ortiz,I. E. MIGUEL VICENTE GARRIDO ORTIZ,Arboletes,Antioquia,Oficial,8.8508,-76.4267,G9,Simulacro 1,S1,11.0,,,210.0,61.0,22,46,36.0,51.0,SI,,210.0
SEC-0297,Semestre Cero,I.E. Miguel Vicente Garrido Ortiz,I. E. MIGUEL VICENTE GARRIDO ORTIZ,Arboletes,Antioquia,Oficial,8.8508,-76.4267,G9,Simulacro 1,S1,11.0,,,208.0,46.0,22,64,29.0,56.0,SI,,208.0
SEC-0298,Semestre Cero,I.E. Miguel Vicente Garrido Ortiz,I. E. MIGUEL VICENTE GARRIDO ORTIZ,Arboletes,Antioquia,Oficial,8.8508,-76.4267,G9,Simulacro 1,S1,11.0,,,208.0,56.0,18,58,33.0,45.0,SI,,208.0
SEC-0299,Semestre Cero,I.E. Miguel Vicente Garrido Ortiz,I. E. MIGUEL VICENTE GARRIDO ORTIZ,Arboletes,Antioquia,Oficial,8.8508,-76.4267,G9,Simulacro 1,S1,11.0,,,207.0,46.0,20,64,28.0,64.0,SI,,207.0
SEC-0300,Semestre Cero,I.E. Miguel Vicente Garrido Ortiz,I. E. MIGUEL VICENTE GARRIDO ORTIZ,Arboletes,Antioquia,Oficial,8.8508,-76.4267,G9,Simulacro 1,S1,11.0,,,205.0,32.0,46,52,36.0,35.0,SI,,205.0
SEC-0301,Semestre Cero,I.E. Miguel Vicente Garrido Ortiz,I. E. MIGUEL VICENTE GARRIDO ORTIZ,Arboletes,Antioquia,Oficial,8.8508,-76.4267,G9,Simulacro 1,S1,11.0,,,204.0,66.0,18,52,28.0,40.0,SI,,204.0
SEC-0302,Semestre Cero,I.E. Miguel Vicente Garrido Ortiz,I. E. MIGUEL VICENTE GARRIDO ORTIZ,Arboletes,Antioquia,Oficial,8.8508,-76.4267,G9,Simulacro 1,S1,11.0,,,201.0,49.0,28,44,38.0,47.0,SI,,201.0
SEC-0303,Semestre Cero,I.E. Miguel Vicente Garrido Ortiz,I. E. MIGUEL VICENTE GARRIDO ORTIZ,Arboletes,Antioquia,Oficial,8.8508,-76.4267,G9,Simulacro 1,S1,11.0,,,196.0,51.0,30,42,33.0,42.0,SI,,196.0
SEC-0304,Semestre Cero,I.E. Miguel Vicente Garrido Ortiz,I. E. MIGUEL VICENTE GARRIDO ORTIZ,Arboletes,Antioquia,Oficial,8.8508,-76.4267,G9,Simulacro 1,S1,11.0,,,195.0,49.0,36,42,26.0,49.0,SI,,195.0
SEC-0305,Semestre Cero,I.E. Miguel Vicente Garrido Ortiz,I. E. MIGUEL VICENTE GARRIDO ORTIZ,Arboletes,Antioquia,Oficial,8.8508,-76.4267,G9,Simulacro 1,S1,11.0,,,195.0,46.0,30,44,31.0,53.0,SI,,195.0
SEC-0306,Semestre Cero,I.E. Miguel Vicente Garrido Ortiz,I. E. MIGUEL VICENTE GARRIDO ORTIZ,Arboletes,Antioquia,Oficial,8.8508,-76.4267,G9,Simulacro 1,S1,11.0,,,193.0,49.0,32,44,29.0,40.0,SI,,193.0
SEC-0307,Semestre Cero,I.E. Miguel Vicente Garrido Ortiz,I. E. MIGUEL VICENTE GARRIDO ORTIZ,Arboletes,Antioquia,Oficial,8.8508,-76.4267,G9,Simulacro 1,S1,11.0,,,191.0,51.0,20,46,38.0,31.0,SI,,191.0
SEC-0308,Semestre Cero,I.E. Miguel Vicente Garrido Ortiz,I. E. MIGUEL VICENTE GARRIDO ORTIZ,Arboletes,Antioquia,Oficial,8.8508,-76.4267,G9,Simulacro 1,S1,11.0,,,188.0,49.0,24,46,34.0,29.0,SI,,188.0
SEC-0309,Semestre Cero,I.E. Miguel Vicente Garrido Ortiz,I. E. MIGUEL VICENTE GARRIDO ORTIZ,Arboletes,Antioquia,Oficial,8.8508,-76.4267,G9,Simulacro 1,S1,11.0,,,186.0,41.0,40,44,24.0,35.0,SI,,186.0
SEC-0310,Semestre Cero,I.E. Miguel Vicente Garrido Ortiz,I. E. MIGUEL VICENTE GARRIDO ORTIZ,Arboletes,Antioquia,Oficial,8.8508,-76.4267,G9,Simulacro 1,S1,11.0,,,185.0,39.0,22,58,28.0,42.0,SI,,185.0
SEC-0311,Semestre Cero,I.E. Miguel Vicente Garrido Ortiz,I. E. MIGUEL VICENTE GARRIDO ORTIZ,Arboletes,Antioquia,Oficial,8.8508,-76.4267,G9,Simulacro 1,S1,11.0,,,185.0,46.0,28,48,24.0,42.0,SI,,185.0
SEC-0312,Semestre Cero,I.E. Miguel Vicente Garrido Ortiz,I. E. MIGUEL VICENTE GARRIDO ORTIZ,Arboletes,Antioquia,Oficial,8.8508,-76.4267,G9,Simulacro 1,S1,11.0,,,180.0,51.0,18,46,22.0,55.0,SI,,180.0
SEC-0313,Semestre Cero,I.E. Miguel Vicente Garrido Ortiz,I. E. MIGUEL VICENTE GARRIDO ORTIZ,Arboletes,Antioquia,Oficial,8.8508,-76.4267,G9,Simulacro 1,S1,11.0,,,172.0,29.0,26,52,28.0,44.0,SI,,172.0
SEC-0314,Semestre Cero,I.E. Miguel Vicente Garrido Ortiz,I. E. MIGUEL VICENTE GARRIDO ORTIZ,Arboletes,Antioquia,Oficial,8.8508,-76.4267,G9,Simulacro 1,S1,11.0,,,170.0,29.0,40,48,21.0,29.0,SI,,170.0
SEC-0315,Semestre Cero,I.E. Miguel Vicente Garrido Ortiz,I. E. MIGUEL VICENTE GARRIDO ORTIZ,Arboletes,Antioquia,Oficial,8.8508,-76.4267,G9,Simulacro 1,S1,11.0,,,169.0,37.0,30,36,28.0,49.0,SI,,169.0
SEC-0316,Semestre Cero,I.E. Miguel Vicente Garrido Ortiz,I. E. MIGUEL VICENTE GARRIDO ORTIZ,Arboletes,Antioquia,Oficial,8.8508,-76.4267,G9,Simulacro 1,S1,11.0,,,168.0,41.0,18,46,26.0,44.0,SI,,168.0
SEC-0317,Semestre Cero,I.E. Miguel Vicente Garrido Ortiz,I. E. MIGUEL VICENTE GARRIDO ORTIZ,Arboletes,Antioquia,Oficial,8.8508,-76.4267,G9,Simulacro 1,S1,11.0,,,168.0,44.0,26,34,24.0,53.0,SI,,168.0
SEC-0318,Semestre Cero,I.E. Miguel Vicente Garrido Ortiz,I. E. MIGUEL VICENTE GARRIDO ORTIZ,Arboletes,Antioquia,Oficial,8.8508,-76.4267,G9,Simulacro 1,S1,11.0,,,167.0,24.0,34,44,29.0,40.0,SI,,167.0
SEC-0319,Semestre Cero,I.E. Miguel Vicente Garrido Ortiz,I. E. MIGUEL VICENTE GARRIDO ORTIZ,Arboletes,Antioquia,Oficial,8.8508,-76.4267,G9,Simulacro 1,S1,11.0,,,163.0,41.0,24,42,21.0,40.0,SI,,163.0
SEC-0320,Semestre Cero,I.E. Miguel Vicente Garrido Ortiz,I. E. MIGUEL VICENTE GARRIDO ORTIZ,Arboletes,Antioquia,Oficial,8.8508,-76.4267,G9,Simulacro 1,S1,11.0,,,161.0,39.0,28,38,22.0,36.0,SI,,161.0
SEC-0868,Semestre Cero,I.E. Municipal Jose de los Santos Zuñiga,I.E. MUNICIPAL JOSE DE LOS SANTOS ZUÑIGA,Chigorodó,Antioquia,Oficial,7.6672,-76.6811,G26,Simulacro 1,S1,11.0,,,254.0,54.0,36,64,47.0,60.0,SI,,254.0
SEC-0869,Semestre Cero,I.E. Municipal Jose de los Santos Zuñiga,I.E. MUNICIPAL JOSE DE LOS SANTOS ZUÑIGA,Chigorodó,Antioquia,Oficial,7.6672,-76.6811,G26,Simulacro 1,S1,11.0,,,254.0,61.0,30,72,41.0,47.0,SI,,254.0
SEC-0870,Semestre Cero,I.E. Municipal Jose de los Santos Zuñiga,I.E. MUNICIPAL JOSE DE LOS SANTOS ZUÑIGA,Chigorodó,Antioquia,Oficial,7.6672,-76.6811,G26,Simulacro 1,S1,11.0,,,249.0,68.0,34,62,29.0,65.0,SI,,249.0
SEC-0871,Semestre Cero,I.E. Municipal Jose de los Santos Zuñiga,I.E. MUNICIPAL JOSE DE LOS SANTOS ZUÑIGA,Chigorodó,Antioquia,Oficial,7.6672,-76.6811,G26,Simulacro 1,S1,11.0,,,225.0,68.0,26,46,36.0,55.0,SI,,225.0
SEC-0872,Semestre Cero,I.E. Municipal Jose de los Santos Zuñiga,I.E. MUNICIPAL JOSE DE LOS SANTOS ZUÑIGA,Chigorodó,Antioquia,Oficial,7.6672,-76.6811,G26,Simulacro 1,S1,11.0,,,205.0,44.0,34,50,38.0,35.0,SI,,205.0
SEC-0873,Semestre Cero,I.E. Municipal Jose de los Santos Zuñiga,I.E. MUNICIPAL JOSE DE LOS SANTOS ZUÑIGA,Chigorodó,Antioquia,Oficial,7.6672,-76.6811,G26,Simulacro 1,S1,11.0,,,203.0,54.0,20,42,31.0,87.0,SI,,203.0
SEC-0874,Semestre Cero,I.E. Municipal Jose de los Santos Zuñiga,I.E. MUNICIPAL JOSE DE LOS SANTOS ZUÑIGA,Chigorodó,Antioquia,Oficial,7.6672,-76.6811,G26,Simulacro 1,S1,11.0,,,202.0,51.0,24,58,28.0,42.0,SI,,202.0
SEC-0875,Semestre Cero,I.E. Municipal Jose de los Santos Zuñiga,I.E. MUNICIPAL JOSE DE LOS SANTOS ZUÑIGA,Chigorodó,Antioquia,Oficial,7.6672,-76.6811,G26,Simulacro 1,S1,11.0,,,195.0,51.0,30,38,36.0,42.0,SI,,195.0
SEC-0876,Semestre Cero,I.E. Municipal Jose de los Santos Zuñiga,I.E. MUNICIPAL JOSE DE LOS SANTOS ZUÑIGA,Chigorodó,Antioquia,Oficial,7.6672,-76.6811,G26,Simulacro 1,S1,11.0,,,195.0,59.0,24,46,26.0,44.0,SI,,195.0
SEC-0877,Semestre Cero,I.E. Municipal Jose de los Santos Zuñiga,I.E. MUNICIPAL JOSE DE LOS SANTOS ZUÑIGA,Chigorodó,Antioquia,Oficial,7.6672,-76.6811,G26,Simulacro 1,S1,11.0,,,195.0,41.0,36,52,22.0,51.0,SI,,195.0
SEC-0878,Semestre Cero,I.E. Municipal Jose de los Santos Zuñiga,I.E. MUNICIPAL JOSE DE LOS SANTOS ZUÑIGA,Chigorodó,Antioquia,Oficial,7.6672,-76.6811,G26,Simulacro 1,S1,11.0,,,192.0,37.0,28,62,28.0,36.0,SI,,192.0
SEC-0879,Semestre Cero,I.E. Municipal Jose de los Santos Zuñiga,I.E. MUNICIPAL JOSE DE LOS SANTOS ZUÑIGA,Chigorodó,Antioquia,Oficial,7.6672,-76.6811,G26,Simulacro 1,S1,11.0,,,190.0,37.0,30,52,33.0,40.0,SI,,190.0
SEC-0880,Semestre Cero,I.E. Municipal Jose de los Santos Zuñiga,I.E. MUNICIPAL JOSE DE LOS SANTOS ZUÑIGA,Chigorodó,Antioquia,Oficial,7.6672,-76.6811,G26,Simulacro 1,S1,11.0,,,189.0,34.0,32,40,41.0,49.0,SI,,189.0
SEC-0881,Semestre Cero,I.E. Municipal Jose de los Santos Zuñiga,I.E. MUNICIPAL JOSE DE LOS SANTOS ZUÑIGA,Chigorodó,Antioquia,Oficial,7.6672,-76.6811,G26,Simulacro 1,S1,11.0,,,189.0,37.0,20,52,36.0,56.0,SI,,189.0
SEC-0882,Semestre Cero,I.E. Municipal Jose de los Santos Zuñiga,I.E. MUNICIPAL JOSE DE LOS SANTOS ZUÑIGA,Chigorodó,Antioquia,Oficial,7.6672,-76.6811,G26,Simulacro 1,S1,11.0,,,185.0,51.0,40,32,28.0,29.0,SI,,185.0
SEC-0883,Semestre Cero,I.E. Municipal Jose de los Santos Zuñiga,I.E. MUNICIPAL JOSE DE LOS SANTOS ZUÑIGA,Chigorodó,Antioquia,Oficial,7.6672,-76.6811,G26,Simulacro 1,S1,11.0,,,185.0,44.0,18,52,31.0,45.0,SI,,185.0
SEC-0884,Semestre Cero,I.E. Municipal Jose de los Santos Zuñiga,I.E. MUNICIPAL JOSE DE LOS SANTOS ZUÑIGA,Chigorodó,Antioquia,Oficial,7.6672,-76.6811,G26,Simulacro 1,S1,11.0,,,184.0,32.0,26,48,38.0,47.0,SI,,184.0
SEC-0885,Semestre Cero,I.E. Municipal Jose de los Santos Zuñiga,I.E. MUNICIPAL JOSE DE LOS SANTOS ZUÑIGA,Chigorodó,Antioquia,Oficial,7.6672,-76.6811,G26,Simulacro 1,S1,11.0,,,183.0,46.0,24,40,33.0,47.0,SI,,183.0
SEC-0886,Semestre Cero,I.E. Municipal Jose de los Santos Zuñiga,I.E. MUNICIPAL JOSE DE LOS SANTOS ZUÑIGA,Chigorodó,Antioquia,Oficial,7.6672,-76.6811,G26,Simulacro 1,S1,11.0,,,182.0,34.0,24,50,33.0,51.0,SI,,182.0
SEC-0887,Semestre Cero,I.E. Municipal Jose de los Santos Zuñiga,I.E. MUNICIPAL JOSE DE LOS SANTOS ZUÑIGA,Chigorodó,Antioquia,Oficial,7.6672,-76.6811,G26,Simulacro 1,S1,11.0,,,182.0,34.0,30,44,36.0,40.0,SI,,182.0
SEC-0888,Semestre Cero,I.E. Municipal Jose de los Santos Zuñiga,I.E. MUNICIPAL JOSE DE LOS SANTOS ZUÑIGA,Chigorodó,Antioquia,Oficial,7.6672,-76.6811,G26,Simulacro 1,S1,11.0,,,181.0,44.0,30,46,19.0,55.0,SI,,181.0
SEC-0889,Semestre Cero,I.E. Municipal Jose de los Santos Zuñiga,I.E. MUNICIPAL JOSE DE LOS SANTOS ZUÑIGA,Chigorodó,Antioquia,Oficial,7.6672,-76.6811,G26,Simulacro 1,S1,11.0,,,178.0,29.0,26,58,22.0,56.0,SI,,178.0
SEC-0890,Semestre Cero,I.E. Municipal Jose de los Santos Zuñiga,I.E. MUNICIPAL JOSE DE LOS SANTOS ZUÑIGA,Chigorodó,Antioquia,Oficial,7.6672,-76.6811,G26,Simulacro 1,S1,11.0,,,178.0,37.0,40,36,29.0,36.0,SI,,178.0
SEC-0891,Semestre Cero,I.E. Municipal Jose de los Santos Zuñiga,I.E. MUNICIPAL JOSE DE LOS SANTOS ZUÑIGA,Chigorodó,Antioquia,Oficial,7.6672,-76.6811,G26,Simulacro 1,S1,11.0,,,175.0,44.0,22,38,31.0,49.0,SI,,175.0
SEC-0892,Semestre Cero,I.E. Municipal Jose de los Santos Zuñiga,I.E. MUNICIPAL JOSE DE LOS SANTOS ZUÑIGA,Chigorodó,Antioquia,Oficial,7.6672,-76.6811,G26,Simulacro 1,S1,11.0,,,173.0,41.0,40,40,17.0,35.0,SI,,173.0
SEC-0893,Semestre Cero,I.E. Municipal Jose de los Santos Zuñiga,I.E. MUNICIPAL JOSE DE LOS SANTOS ZUÑIGA,Chigorodó,Antioquia,Oficial,7.6672,-76.6811,G26,Simulacro 1,S1,11.0,,,173.0,32.0,18,54,28.0,56.0,SI,,173.0
SEC-0894,Semestre Cero,I.E. Municipal Jose de los Santos Zuñiga,I.E. MUNICIPAL JOSE DE LOS SANTOS ZUÑIGA,Chigorodó,Antioquia,Oficial,7.6672,-76.6811,G26,Simulacro 1,S1,11.0,,,171.0,34.0,40,38,24.0,35.0,SI,,171.0
SEC-0895,Semestre Cero,I.E. Municipal Jose de los Santos Zuñiga,I.E. MUNICIPAL JOSE DE LOS SANTOS ZUÑIGA,Chigorodó,Antioquia,Oficial,7.6672,-76.6811,G26,Simulacro 1,S1,11.0,,,170.0,44.0,26,46,17.0,42.0,SI,,170.0
SEC-0896,Semestre Cero,I.E. Municipal Jose de los Santos Zuñiga,I.E. MUNICIPAL JOSE DE LOS SANTOS ZUÑIGA,Chigorodó,Antioquia,Oficial,7.6672,-76.6811,G26,Simulacro 1,S1,11.0,,,169.0,37.0,24,38,38.0,31.0,SI,,169.0
SEC-0897,Semestre Cero,I.E. Municipal Jose de los Santos Zuñiga,I.E. MUNICIPAL JOSE DE LOS SANTOS ZUÑIGA,Chigorodó,Antioquia,Oficial,7.6672,-76.6811,G26,Simulacro 1,S1,11.0,,,164.0,41.0,22,40,21.0,55.0,SI,,164.0
SEC-0898,Semestre Cero,I.E. Municipal Jose de los Santos Zuñiga,I.E. MUNICIPAL JOSE DE LOS SANTOS ZUÑIGA,Chigorodó,Antioquia,Oficial,7.6672,-76.6811,G26,Simulacro 1,S1,11.0,,,164.0,63.0,22,36,21.0,0.0,SI,,164.0
SEC-0899,Semestre Cero,I.E. Municipal Jose de los Santos Zuñiga,I.E. MUNICIPAL JOSE DE LOS SANTOS ZUÑIGA,Chigorodó,Antioquia,Oficial,7.6672,-76.6811,G26,Simulacro 1,S1,11.0,,,163.0,37.0,20,50,17.0,53.0,SI,,163.0
SEC-0900,Semestre Cero,I.E. Municipal Jose de los Santos Zuñiga,I.E. MUNICIPAL JOSE DE LOS SANTOS ZUÑIGA,Chigorodó,Antioquia,Oficial,7.6672,-76.6811,G26,Simulacro 1,S1,11.0,,,163.0,39.0,20,42,21.0,58.0,SI,,163.0
SEC-0901,Semestre Cero,I.E. Municipal Jose de los Santos Zuñiga,I.E. MUNICIPAL JOSE DE LOS SANTOS ZUÑIGA,Chigorodó,Antioquia,Oficial,7.6672,-76.6811,G26,Simulacro 1,S1,11.0,,,158.0,41.0,20,36,21.0,56.0,SI,,158.0
SEC-0902,Semestre Cero,I.E. Municipal Jose de los Santos Zuñiga,I.E. MUNICIPAL JOSE DE LOS SANTOS ZUÑIGA,Chigorodó,Antioquia,Oficial,7.6672,-76.6811,G26,Simulacro 1,S1,11.0,,,155.0,32.0,26,40,19.0,53.0,SI,,155.0
SEC-0903,Semestre Cero,I.E. Municipal Jose de los Santos Zuñiga,I.E. MUNICIPAL JOSE DE LOS SANTOS ZUÑIGA,Chigorodó,Antioquia,Oficial,7.6672,-76.6811,G26,Simulacro 1,S1,11.0,,,155.0,44.0,30,24,24.0,36.0,SI,,155.0
SEC-0904,Semestre Cero,I.E. Municipal Jose de los Santos Zuñiga,I.E. MUNICIPAL JOSE DE LOS SANTOS ZUÑIGA,Chigorodó,Antioquia,Oficial,7.6672,-76.6811,G26,Simulacro 1,S1,11.0,,,155.0,39.0,24,36,26.0,27.0,SI,,155.0
SEC-0905,Semestre Cero,I.E. Municipal Jose de los Santos Zuñiga,I.E. MUNICIPAL JOSE DE LOS SANTOS ZUÑIGA,Chigorodó,Antioquia,Oficial,7.6672,-76.6811,G26,Simulacro 1,S1,11.0,,,154.0,37.0,22,32,31.0,36.0,SI,,154.0
SEC-0906,Semestre Cero,I.E. Municipal Jose de los Santos Zuñiga,I.E. MUNICIPAL JOSE DE LOS SANTOS ZUÑIGA,Chigorodó,Antioquia,Oficial,7.6672,-76.6811,G26,Simulacro 1,S1,11.0,,,153.0,37.0,16,38,33.0,27.0,SI,,153.0
SEC-0907,Semestre Cero,I.E. Municipal Jose de los Santos Zuñiga,I.E. MUNICIPAL JOSE DE LOS SANTOS ZUÑIGA,Chigorodó,Antioquia,Oficial,7.6672,-76.6811,G26,Simulacro 1,S1,11.0,,,152.0,22.0,28,44,22.0,47.0,SI,,152.0
SEC-0908,Semestre Cero,I.E. Municipal Jose de los Santos Zuñiga,I.E. MUNICIPAL JOSE DE LOS SANTOS ZUÑIGA,Chigorodó,Antioquia,Oficial,7.6672,-76.6811,G26,Simulacro 1,S1,11.0,,,152.0,49.0,20,24,24.0,45.0,SI,,152.0
SEC-0909,Semestre Cero,I.E. Municipal Jose de los Santos Zuñiga,I.E. MUNICIPAL JOSE DE LOS SANTOS ZUÑIGA,Chigorodó,Antioquia,Oficial,7.6672,-76.6811,G26,Simulacro 1,S1,11.0,,,151.0,44.0,28,22,22.0,44.0,SI,,151.0
SEC-0910,Semestre Cero,I.E. Municipal Jose de los Santos Zuñiga,I.E. MUNICIPAL JOSE DE LOS SANTOS ZUÑIGA,Chigorodó,Antioquia,Oficial,7.6672,-76.6811,G26,Simulacro 1,S1,11.0,,,151.0,37.0,16,40,26.0,36.0,SI,,151.0
SEC-0911,Semestre Cero,I.E. Municipal Jose de los Santos Zuñiga,I.E. MUNICIPAL JOSE DE LOS SANTOS ZUÑIGA,Chigorodó,Antioquia,Oficial,7.6672,-76.6811,G26,Simulacro 1,S1,11.0,,,134.0,27.0,20,30,28.0,35.0,SI,,134.0
SEC-0912,Semestre Cero,I.E. Municipal Jose de los Santos Zuñiga,I.E. MUNICIPAL JOSE DE LOS SANTOS ZUÑIGA,Chigorodó,Antioquia,Oficial,7.6672,-76.6811,G26,Simulacro 1,S1,11.0,,,130.0,27.0,18,26,28.0,42.0,SI,,130.0
SEC-0913,Semestre Cero,I.E. Municipal Jose de los Santos Zuñiga,I.E. MUNICIPAL JOSE DE LOS SANTOS ZUÑIGA,Chigorodó,Antioquia,Oficial,7.6672,-76.6811,G26,Simulacro 1,S1,11.0,,,85.0,41.0,10,14,9.0,0.0,SI,,85.0
SEC-0914,Semestre Cero,I.E. Municipal Jose de los Santos Zuñiga,I.E. MUNICIPAL JOSE DE LOS SANTOS ZUÑIGA,Chigorodó,Antioquia,Oficial,7.6672,-76.6811,G26,Simulacro 1,S1,11.0,,,78.0,27.0,16,14,10.0,0.0,SI,,78.0
SEC-1371,Semestre Cero,I.E. Murindo,I. E. MURINDO,Murindó,Antioquia,Oficial,7.0169,-76.7536,G41,Simulacro 1,S1,11.0,,,239.0,46.0,32,68,47.0,42.0,SI,,239.0
SEC-1372,Semestre Cero,I.E. Murindo,I. E. MURINDO,Murindó,Antioquia,Oficial,7.0169,-76.7536,G41,Simulacro 1,S1,11.0,,,237.0,46.0,26,66,53.0,42.0,SI,,237.0
SEC-1373,Semestre Cero,I.E. Murindo,I. E. MURINDO,Murindó,Antioquia,Oficial,7.0169,-76.7536,G41,Simulacro 1,S1,11.0,,,226.0,41.0,30,72,40.0,38.0,SI,,226.0
SEC-1374,Semestre Cero,I.E. Murindo,I. E. MURINDO,Murindó,Antioquia,Oficial,7.0169,-76.7536,G41,Simulacro 1,S1,11.0,,,224.0,41.0,26,68,50.0,27.0,SI,,224.0
SEC-1375,Semestre Cero,I.E. Murindo,I. E. MURINDO,Murindó,Antioquia,Oficial,7.0169,-76.7536,G41,Simulacro 1,S1,11.0,,,213.0,41.0,34,54,38.0,51.0,SI,,213.0
SEC-1376,Semestre Cero,I.E. Murindo,I. E. MURINDO,Murindó,Antioquia,Oficial,7.0169,-76.7536,G41,Simulacro 1,S1,11.0,,,212.0,46.0,16,62,53.0,18.0,SI,,212.0
SEC-1377,Semestre Cero,I.E. Murindo,I. E. MURINDO,Murindó,Antioquia,Oficial,7.0169,-76.7536,G41,Simulacro 1,S1,11.0,,,212.0,46.0,24,52,48.0,38.0,SI,,212.0
SEC-1378,Semestre Cero,I.E. Murindo,I. E. MURINDO,Murindó,Antioquia,Oficial,7.0169,-76.7536,G41,Simulacro 1,S1,11.0,,,209.0,44.0,18,56,50.0,40.0,SI,,209.0
SEC-1379,Semestre Cero,I.E. Murindo,I. E. MURINDO,Murindó,Antioquia,Oficial,7.0169,-76.7536,G41,Simulacro 1,S1,11.0,,,199.0,56.0,24,40,31.0,64.0,SI,,199.0
SEC-1380,Semestre Cero,I.E. Murindo,I. E. MURINDO,Murindó,Antioquia,Oficial,7.0169,-76.7536,G41,Simulacro 1,S1,11.0,,,181.0,44.0,24,40,41.0,24.0,SI,,181.0
SEC-1381,Semestre Cero,I.E. Murindo,I. E. MURINDO,Murindó,Antioquia,Oficial,7.0169,-76.7536,G41,Simulacro 1,S1,11.0,,,180.0,51.0,34,26,29.0,45.0,SI,,180.0
SEC-1382,Semestre Cero,I.E. Murindo,I. E. MURINDO,Murindó,Antioquia,Oficial,7.0169,-76.7536,G41,Simulacro 1,S1,11.0,,,179.0,29.0,18,52,38.0,53.0,SI,,179.0
SEC-1383,Semestre Cero,I.E. Murindo,I. E. MURINDO,Murindó,Antioquia,Oficial,7.0169,-76.7536,G41,Simulacro 1,S1,11.0,,,178.0,41.0,14,42,47.0,31.0,SI,,178.0
SEC-1384,Semestre Cero,I.E. Murindo,I. E. MURINDO,Murindó,Antioquia,Oficial,7.0169,-76.7536,G41,Simulacro 1,S1,11.0,,,178.0,41.0,30,40,33.0,29.0,SI,,178.0
SEC-1385,Semestre Cero,I.E. Murindo,I. E. MURINDO,Murindó,Antioquia,Oficial,7.0169,-76.7536,G41,Simulacro 1,S1,11.0,,,175.0,46.0,16,24,50.0,45.0,SI,,175.0
SEC-1386,Semestre Cero,I.E. Murindo,I. E. MURINDO,Murindó,Antioquia,Oficial,7.0169,-76.7536,G41,Simulacro 1,S1,11.0,,,168.0,32.0,26,48,28.0,36.0,SI,,168.0
SEC-1387,Semestre Cero,I.E. Murindo,I. E. MURINDO,Murindó,Antioquia,Oficial,7.0169,-76.7536,G41,Simulacro 1,S1,11.0,,,168.0,49.0,24,32,26.0,44.0,SI,,168.0
SEC-1388,Semestre Cero,I.E. Murindo,I. E. MURINDO,Murindó,Antioquia,Oficial,7.0169,-76.7536,G41,Simulacro 1,S1,11.0,,,165.0,54.0,22,36,19.0,38.0,SI,,165.0
SEC-1389,Semestre Cero,I.E. Murindo,I. E. MURINDO,Murindó,Antioquia,Oficial,7.0169,-76.7536,G41,Simulacro 1,S1,11.0,,,163.0,24.0,24,40,34.0,55.0,SI,,163.0
SEC-1390,Semestre Cero,I.E. Murindo,I. E. MURINDO,Murindó,Antioquia,Oficial,7.0169,-76.7536,G41,Simulacro 1,S1,11.0,,,154.0,39.0,26,34,21.0,40.0,SI,,154.0
SEC-1391,Semestre Cero,I.E. Murindo,I. E. MURINDO,Murindó,Antioquia,Oficial,7.0169,-76.7536,G41,Simulacro 1,S1,11.0,,,153.0,34.0,22,32,33.0,35.0,SI,,153.0
SEC-1392,Semestre Cero,I.E. Murindo,I. E. MURINDO,Murindó,Antioquia,Oficial,7.0169,-76.7536,G41,Simulacro 1,S1,11.0,,,152.0,39.0,18,26,34.0,44.0,SI,,152.0
SEC-1393,Semestre Cero,I.E. Murindo,I. E. MURINDO,Murindó,Antioquia,Oficial,7.0169,-76.7536,G41,Simulacro 1,S1,11.0,,,149.0,39.0,32,24,24.0,31.0,SI,,149.0
SEC-1394,Semestre Cero,I.E. Murindo,I. E. MURINDO,Murindó,Antioquia,Oficial,7.0169,-76.7536,G41,Simulacro 1,S1,11.0,,,148.0,37.0,16,32,29.0,44.0,SI,,148.0
SEC-1395,Semestre Cero,I.E. Murindo,I. E. MURINDO,Murindó,Antioquia,Oficial,7.0169,-76.7536,G41,Simulacro 1,S1,11.0,,,147.0,12.0,16,48,38.0,40.0,SI,,147.0
SEC-1396,Semestre Cero,I.E. Murindo,I. E. MURINDO,Murindó,Antioquia,Oficial,7.0169,-76.7536,G41,Simulacro 1,S1,11.0,,,147.0,24.0,24,38,26.0,45.0,SI,,147.0
SEC-1397,Semestre Cero,I.E. Murindo,I. E. MURINDO,Murindó,Antioquia,Oficial,7.0169,-76.7536,G41,Simulacro 1,S1,11.0,,,145.0,34.0,22,32,31.0,20.0,SI,,145.0
SEC-1398,Semestre Cero,I.E. Murindo,I. E. MURINDO,Murindó,Antioquia,Oficial,7.0169,-76.7536,G41,Simulacro 1,S1,11.0,,,145.0,24.0,18,54,24.0,15.0,SI,,145.0
SEC-1399,Semestre Cero,I.E. Murindo,I. E. MURINDO,Murindó,Antioquia,Oficial,7.0169,-76.7536,G41,Simulacro 1,S1,11.0,,,143.0,37.0,30,30,17.0,29.0,SI,,143.0
SEC-1400,Semestre Cero,I.E. Murindo,I. E. MURINDO,Murindó,Antioquia,Oficial,7.0169,-76.7536,G41,Simulacro 1,S1,11.0,,,142.0,32.0,20,28,33.0,31.0,SI,,142.0
SEC-1401,Semestre Cero,I.E. Murindo,I. E. MURINDO,Murindó,Antioquia,Oficial,7.0169,-76.7536,G41,Simulacro 1,S1,11.0,,,141.0,37.0,28,32,12.0,42.0,SI,,141.0
SEC-1402,Semestre Cero,I.E. Murindo,I. E. MURINDO,Murindó,Antioquia,Oficial,7.0169,-76.7536,G41,Simulacro 1,S1,11.0,,,141.0,37.0,18,30,26.0,36.0,SI,,141.0
SEC-1403,Semestre Cero,I.E. Murindo,I. E. MURINDO,Murindó,Antioquia,Oficial,7.0169,-76.7536,G41,Simulacro 1,S1,11.0,,,141.0,29.0,18,40,22.0,36.0,SI,,141.0
SEC-1404,Semestre Cero,I.E. Murindo,I. E. MURINDO,Murindó,Antioquia,Oficial,7.0169,-76.7536,G41,Simulacro 1,S1,11.0,,,139.0,37.0,18,36,19.0,33.0,SI,,139.0
SEC-1405,Semestre Cero,I.E. Murindo,I. E. MURINDO,Murindó,Antioquia,Oficial,7.0169,-76.7536,G41,Simulacro 1,S1,11.0,,,137.0,32.0,24,22,28.0,40.0,SI,,137.0
SEC-1406,Semestre Cero,I.E. Murindo,I. E. MURINDO,Murindó,Antioquia,Oficial,7.0169,-76.7536,G41,Simulacro 1,S1,11.0,,,137.0,22.0,22,34,26.0,44.0,SI,,137.0
SEC-1407,Semestre Cero,I.E. Murindo,I. E. MURINDO,Murindó,Antioquia,Oficial,7.0169,-76.7536,G41,Simulacro 1,S1,11.0,,,136.0,32.0,26,16,24.0,60.0,SI,,136.0
SEC-1408,Semestre Cero,I.E. Murindo,I. E. MURINDO,Murindó,Antioquia,Oficial,7.0169,-76.7536,G41,Simulacro 1,S1,11.0,,,132.0,34.0,30,22,19.0,29.0,SI,,132.0
SEC-1409,Semestre Cero,I.E. Murindo,I. E. MURINDO,Murindó,Antioquia,Oficial,7.0169,-76.7536,G41,Simulacro 1,S1,11.0,,,131.0,32.0,18,28,26.0,31.0,SI,,131.0
SEC-1410,Semestre Cero,I.E. Murindo,I. E. MURINDO,Murindó,Antioquia,Oficial,7.0169,-76.7536,G41,Simulacro 1,S1,11.0,,,131.0,24.0,24,26,24.0,45.0,SI,,131.0
SEC-1411,Semestre Cero,I.E. Murindo,I. E. MURINDO,Murindó,Antioquia,Oficial,7.0169,-76.7536,G41,Simulacro 1,S1,11.0,,,130.0,22.0,14,30,33.0,42.0,SI,,130.0
SEC-1412,Semestre Cero,I.E. Murindo,I. E. MURINDO,Murindó,Antioquia,Oficial,7.0169,-76.7536,G41,Simulacro 1,S1,11.0,,,126.0,20.0,6,30,40.0,42.0,SI,,126.0
SEC-1413,Semestre Cero,I.E. Murindo,I. E. MURINDO,Murindó,Antioquia,Oficial,7.0169,-76.7536,G41,Simulacro 1,S1,11.0,,,120.0,41.0,20,20,14.0,25.0,SI,,120.0
SEC-1414,Semestre Cero,I.E. Murindo,I. E. MURINDO,Murindó,Antioquia,Oficial,7.0169,-76.7536,G41,Simulacro 1,S1,11.0,,,112.0,20.0,22,26,21.0,27.0,SI,,112.0
SEC-1415,Semestre Cero,I.E. Murindo,I. E. MURINDO,Murindó,Antioquia,Oficial,7.0169,-76.7536,G41,Simulacro 1,S1,11.0,,,105.0,49.0,10,22,10.0,0.0,SI,,105.0
SEC-1416,Semestre Cero,I.E. Murindo,I. E. MURINDO,Murindó,Antioquia,Oficial,7.0169,-76.7536,G41,Simulacro 1,S1,11.0,,,71.0,0.0,8,14,22.0,51.0,SI,,71.0
SEC-1417,Semestre Cero,I.E. Mutata,I. E. MUTATA,Mutatá,Antioquia,Oficial,7.2433,-76.4361,G42,Simulacro 1,S1,11.0,,,244.0,44.0,30,70,43.0,73.0,SI,,244.0
SEC-1418,Semestre Cero,I.E. Mutata,I. E. MUTATA,Mutatá,Antioquia,Oficial,7.2433,-76.4361,G42,Simulacro 1,S1,11.0,,,242.0,59.0,36,54,45.0,49.0,SI,,242.0
SEC-1419,Semestre Cero,I.E. Mutata,I. E. MUTATA,Mutatá,Antioquia,Oficial,7.2433,-76.4361,G42,Simulacro 1,S1,11.0,,,236.0,51.0,32,64,41.0,49.0,SI,,236.0
SEC-1420,Semestre Cero,I.E. Mutata,I. E. MUTATA,Mutatá,Antioquia,Oficial,7.2433,-76.4361,G42,Simulacro 1,S1,11.0,,,229.0,59.0,34,56,34.0,47.0,SI,,229.0
SEC-1421,Semestre Cero,I.E. Mutata,I. E. MUTATA,Mutatá,Antioquia,Oficial,7.2433,-76.4361,G42,Simulacro 1,S1,11.0,,,227.0,59.0,30,66,28.0,44.0,SI,,227.0
SEC-1422,Semestre Cero,I.E. Mutata,I. E. MUTATA,Mutatá,Antioquia,Oficial,7.2433,-76.4361,G42,Simulacro 1,S1,11.0,,,225.0,54.0,28,62,41.0,31.0,SI,,225.0
SEC-1423,Semestre Cero,I.E. Mutata,I. E. MUTATA,Mutatá,Antioquia,Oficial,7.2433,-76.4361,G42,Simulacro 1,S1,11.0,,,224.0,68.0,24,56,31.0,45.0,SI,,224.0
SEC-1424,Semestre Cero,I.E. Mutata,I. E. MUTATA,Mutatá,Antioquia,Oficial,7.2433,-76.4361,G42,Simulacro 1,S1,11.0,,,223.0,49.0,32,60,31.0,65.0,SI,,223.0
SEC-1425,Semestre Cero,I.E. Mutata,I. E. MUTATA,Mutatá,Antioquia,Oficial,7.2433,-76.4361,G42,Simulacro 1,S1,11.0,,,223.0,46.0,32,56,29.0,89.0,SI,,223.0
SEC-1426,Semestre Cero,I.E. Mutata,I. E. MUTATA,Mutatá,Antioquia,Oficial,7.2433,-76.4361,G42,Simulacro 1,S1,11.0,,,220.0,61.0,26,56,29.0,55.0,SI,,220.0
SEC-1427,Semestre Cero,I.E. Mutata,I. E. MUTATA,Mutatá,Antioquia,Oficial,7.2433,-76.4361,G42,Simulacro 1,S1,11.0,,,220.0,49.0,36,54,33.0,56.0,SI,,220.0
SEC-1428,Semestre Cero,I.E. Mutata,I. E. MUTATA,Mutatá,Antioquia,Oficial,7.2433,-76.4361,G42,Simulacro 1,S1,11.0,,,218.0,41.0,28,58,43.0,55.0,SI,,218.0
SEC-1429,Semestre Cero,I.E. Mutata,I. E. MUTATA,Mutatá,Antioquia,Oficial,7.2433,-76.4361,G42,Simulacro 1,S1,11.0,,,209.0,46.0,40,58,19.0,55.0,SI,,209.0
SEC-1430,Semestre Cero,I.E. Mutata,I. E. MUTATA,Mutatá,Antioquia,Oficial,7.2433,-76.4361,G42,Simulacro 1,S1,11.0,,,209.0,54.0,14,60,36.0,51.0,SI,,209.0
SEC-1431,Semestre Cero,I.E. Mutata,I. E. MUTATA,Mutatá,Antioquia,Oficial,7.2433,-76.4361,G42,Simulacro 1,S1,11.0,,,206.0,51.0,28,60,28.0,35.0,SI,,206.0
SEC-1432,Semestre Cero,I.E. Mutata,I. E. MUTATA,Mutatá,Antioquia,Oficial,7.2433,-76.4361,G42,Simulacro 1,S1,11.0,,,205.0,49.0,26,52,40.0,33.0,SI,,205.0
SEC-1433,Semestre Cero,I.E. Mutata,I. E. MUTATA,Mutatá,Antioquia,Oficial,7.2433,-76.4361,G42,Simulacro 1,S1,11.0,,,204.0,41.0,24,56,45.0,31.0,SI,,204.0
SEC-1434,Semestre Cero,I.E. Mutata,I. E. MUTATA,Mutatá,Antioquia,Oficial,7.2433,-76.4361,G42,Simulacro 1,S1,11.0,,,203.0,44.0,38,50,31.0,40.0,SI,,203.0
SEC-1435,Semestre Cero,I.E. Mutata,I. E. MUTATA,Mutatá,Antioquia,Oficial,7.2433,-76.4361,G42,Simulacro 1,S1,11.0,,,199.0,51.0,28,48,33.0,38.0,SI,,199.0
SEC-1436,Semestre Cero,I.E. Mutata,I. E. MUTATA,Mutatá,Antioquia,Oficial,7.2433,-76.4361,G42,Simulacro 1,S1,11.0,,,192.0,34.0,40,46,33.0,40.0,SI,,192.0
SEC-1437,Semestre Cero,I.E. Mutata,I. E. MUTATA,Mutatá,Antioquia,Oficial,7.2433,-76.4361,G42,Simulacro 1,S1,11.0,,,191.0,46.0,32,60,17.0,31.0,SI,,191.0
SEC-1438,Semestre Cero,I.E. Mutata,I. E. MUTATA,Mutatá,Antioquia,Oficial,7.2433,-76.4361,G42,Simulacro 1,S1,11.0,,,184.0,54.0,24,44,26.0,36.0,SI,,184.0
SEC-1439,Semestre Cero,I.E. Mutata,I. E. MUTATA,Mutatá,Antioquia,Oficial,7.2433,-76.4361,G42,Simulacro 1,S1,11.0,,,184.0,39.0,32,50,21.0,53.0,SI,,184.0
SEC-1440,Semestre Cero,I.E. Mutata,I. E. MUTATA,Mutatá,Antioquia,Oficial,7.2433,-76.4361,G42,Simulacro 1,S1,11.0,,,176.0,44.0,22,52,22.0,36.0,SI,,176.0
SEC-1441,Semestre Cero,I.E. Mutata,I. E. MUTATA,Mutatá,Antioquia,Oficial,7.2433,-76.4361,G42,Simulacro 1,S1,11.0,,,176.0,44.0,22,42,31.0,40.0,SI,,176.0
SEC-1442,Semestre Cero,I.E. Mutata,I. E. MUTATA,Mutatá,Antioquia,Oficial,7.2433,-76.4361,G42,Simulacro 1,S1,11.0,,,174.0,44.0,22,46,28.0,35.0,SI,,174.0
SEC-1443,Semestre Cero,I.E. Mutata,I. E. MUTATA,Mutatá,Antioquia,Oficial,7.2433,-76.4361,G42,Simulacro 1,S1,11.0,,,174.0,37.0,20,58,26.0,31.0,SI,,174.0
SEC-1444,Semestre Cero,I.E. Mutata,I. E. MUTATA,Mutatá,Antioquia,Oficial,7.2433,-76.4361,G42,Simulacro 1,S1,11.0,,,168.0,44.0,26,40,24.0,35.0,SI,,168.0
SEC-1445,Semestre Cero,I.E. Mutata,I. E. MUTATA,Mutatá,Antioquia,Oficial,7.2433,-76.4361,G42,Simulacro 1,S1,11.0,,,167.0,34.0,28,48,21.0,42.0,SI,,167.0
SEC-1446,Semestre Cero,I.E. Mutata,I. E. MUTATA,Mutatá,Antioquia,Oficial,7.2433,-76.4361,G42,Simulacro 1,S1,11.0,,,165.0,39.0,26,34,31.0,40.0,SI,,165.0
SEC-1447,Semestre Cero,I.E. Mutata,I. E. MUTATA,Mutatá,Antioquia,Oficial,7.2433,-76.4361,G42,Simulacro 1,S1,11.0,,,164.0,34.0,20,44,31.0,40.0,SI,,164.0
SEC-1448,Semestre Cero,I.E. Mutata,I. E. MUTATA,Mutatá,Antioquia,Oficial,7.2433,-76.4361,G42,Simulacro 1,S1,11.0,,,164.0,39.0,22,34,34.0,38.0,SI,,164.0
SEC-1449,Semestre Cero,I.E. Mutata,I. E. MUTATA,Mutatá,Antioquia,Oficial,7.2433,-76.4361,G42,Simulacro 1,S1,11.0,,,159.0,46.0,26,36,19.0,33.0,SI,,159.0
SEC-1450,Semestre Cero,I.E. Mutata,I. E. MUTATA,Mutatá,Antioquia,Oficial,7.2433,-76.4361,G42,Simulacro 1,S1,11.0,,,158.0,37.0,26,32,29.0,38.0,SI,,158.0
SEC-1451,Semestre Cero,I.E. Mutata,I. E. MUTATA,Mutatá,Antioquia,Oficial,7.2433,-76.4361,G42,Simulacro 1,S1,11.0,,,156.0,34.0,30,38,22.0,31.0,SI,,156.0
SEC-1452,Semestre Cero,I.E. Mutata,I. E. MUTATA,Mutatá,Antioquia,Oficial,7.2433,-76.4361,G42,Simulacro 1,S1,11.0,,,155.0,32.0,24,36,34.0,25.0,SI,,155.0
SEC-1453,Semestre Cero,I.E. Mutata,I. E. MUTATA,Mutatá,Antioquia,Oficial,7.2433,-76.4361,G42,Simulacro 1,S1,11.0,,,153.0,27.0,24,40,31.0,31.0,SI,,153.0
SEC-1454,Semestre Cero,I.E. Mutata,I. E. MUTATA,Mutatá,Antioquia,Oficial,7.2433,-76.4361,G42,Simulacro 1,S1,11.0,,,152.0,34.0,16,44,24.0,40.0,SI,,152.0
SEC-1455,Semestre Cero,I.E. Mutata,I. E. MUTATA,Mutatá,Antioquia,Oficial,7.2433,-76.4361,G42,Simulacro 1,S1,11.0,,,151.0,39.0,18,38,24.0,35.0,SI,,151.0
SEC-1456,Semestre Cero,I.E. Mutata,I. E. MUTATA,Mutatá,Antioquia,Oficial,7.2433,-76.4361,G42,Simulacro 1,S1,11.0,,,148.0,37.0,16,36,26.0,42.0,SI,,148.0
SEC-1457,Semestre Cero,I.E. Mutata,I. E. MUTATA,Mutatá,Antioquia,Oficial,7.2433,-76.4361,G42,Simulacro 1,S1,11.0,,,148.0,44.0,26,30,16.0,38.0,SI,,148.0
SEC-1458,Semestre Cero,I.E. Mutata,I. E. MUTATA,Mutatá,Antioquia,Oficial,7.2433,-76.4361,G42,Simulacro 1,S1,11.0,,,147.0,37.0,34,30,16.0,33.0,SI,,147.0
SEC-1459,Semestre Cero,I.E. Mutata,I. E. MUTATA,Mutatá,Antioquia,Oficial,7.2433,-76.4361,G42,Simulacro 1,S1,11.0,,,146.0,29.0,30,32,22.0,38.0,SI,,146.0
SEC-1460,Semestre Cero,I.E. Mutata,I. E. MUTATA,Mutatá,Antioquia,Oficial,7.2433,-76.4361,G42,Simulacro 1,S1,11.0,,,144.0,29.0,24,40,21.0,33.0,SI,,144.0
SEC-1461,Semestre Cero,I.E. Mutata,I. E. MUTATA,Mutatá,Antioquia,Oficial,7.2433,-76.4361,G42,Simulacro 1,S1,11.0,,,142.0,29.0,18,30,34.0,35.0,SI,,142.0
SEC-1462,Semestre Cero,I.E. Mutata,I. E. MUTATA,Mutatá,Antioquia,Oficial,7.2433,-76.4361,G42,Simulacro 1,S1,11.0,,,140.0,24.0,22,46,21.0,24.0,SI,,140.0
SEC-1463,Semestre Cero,I.E. Mutata,I. E. MUTATA,Mutatá,Antioquia,Oficial,7.2433,-76.4361,G42,Simulacro 1,S1,11.0,,,138.0,27.0,18,48,16.0,35.0,SI,,138.0
SEC-1464,Semestre Cero,I.E. Mutata,I. E. MUTATA,Mutatá,Antioquia,Oficial,7.2433,-76.4361,G42,Simulacro 1,S1,11.0,,,137.0,24.0,28,34,17.0,45.0,SI,,137.0
SEC-1465,Semestre Cero,I.E. Mutata,I. E. MUTATA,Mutatá,Antioquia,Oficial,7.2433,-76.4361,G42,Simulacro 1,S1,11.0,,,135.0,39.0,18,34,16.0,31.0,SI,,135.0
SEC-1466,Semestre Cero,I.E. Mutata,I. E. MUTATA,Mutatá,Antioquia,Oficial,7.2433,-76.4361,G42,Simulacro 1,S1,11.0,,,127.0,20.0,16,38,31.0,16.0,SI,,127.0
SEC-1467,Semestre Cero,I.E. Mutata,I. E. MUTATA,Mutatá,Antioquia,Oficial,7.2433,-76.4361,G42,Simulacro 1,S1,11.0,,,119.0,27.0,22,18,24.0,36.0,SI,,119.0
SEC-1468,Semestre Cero,I.E. Mutata,I. E. MUTATA,Mutatá,Antioquia,Oficial,7.2433,-76.4361,G42,Simulacro 1,S1,11.0,,,119.0,37.0,14,12,29.0,33.0,SI,,119.0
SEC-1469,Semestre Cero,I.E. Mutata,I. E. MUTATA,Mutatá,Antioquia,Oficial,7.2433,-76.4361,G42,Simulacro 1,S1,11.0,,,116.0,32.0,16,20,17.0,45.0,SI,,116.0
SEC-1470,Semestre Cero,I.E. Mutata,I. E. MUTATA,Mutatá,Antioquia,Oficial,7.2433,-76.4361,G42,Simulacro 1,S1,11.0,,,98.0,22.0,20,14,19.0,29.0,SI,,98.0
SEC-1471,Semestre Cero,I.E. Mutata,I. E. MUTATA,Mutatá,Antioquia,Oficial,7.2433,-76.4361,G42,Simulacro 1,S1,11.0,,,90.0,20.0,16,22,7.0,40.0,SI,,90.0
SEC-0586,Semestre Cero,I.E. Nuestra Señora del Rosario,I. E. NUESTRA SEÑORA DEL ROSARIO,Campamento,Antioquia,Oficial,6.9786,-75.2961,G17,Simulacro 1,S1,11.0,,,262.0,66.0,34,60,38.0,87.0,SI,,262.0
SEC-0587,Semestre Cero,I.E. Nuestra Señora del Rosario,I. E. NUESTRA SEÑORA DEL ROSARIO,Campamento,Antioquia,Oficial,6.9786,-75.2961,G17,Simulacro 1,S1,11.0,,,220.0,61.0,28,52,31.0,56.0,SI,,220.0
SEC-0588,Semestre Cero,I.E. Nuestra Señora del Rosario,I. E. NUESTRA SEÑORA DEL ROSARIO,Campamento,Antioquia,Oficial,6.9786,-75.2961,G17,Simulacro 1,S1,11.0,,,211.0,49.0,26,60,28.0,62.0,SI,,211.0
SEC-0589,Semestre Cero,I.E. Nuestra Señora del Rosario,I. E. NUESTRA SEÑORA DEL ROSARIO,Campamento,Antioquia,Oficial,6.9786,-75.2961,G17,Simulacro 1,S1,11.0,,,200.0,46.0,28,56,29.0,42.0,SI,,200.0
SEC-0590,Semestre Cero,I.E. Nuestra Señora del Rosario,I. E. NUESTRA SEÑORA DEL ROSARIO,Campamento,Antioquia,Oficial,6.9786,-75.2961,G17,Simulacro 1,S1,11.0,,,200.0,51.0,30,52,28.0,38.0,SI,,200.0
SEC-0591,Semestre Cero,I.E. Nuestra Señora del Rosario,I. E. NUESTRA SEÑORA DEL ROSARIO,Campamento,Antioquia,Oficial,6.9786,-75.2961,G17,Simulacro 1,S1,11.0,,,197.0,41.0,26,60,24.0,58.0,SI,,197.0
SEC-0592,Semestre Cero,I.E. Nuestra Señora del Rosario,I. E. NUESTRA SEÑORA DEL ROSARIO,Campamento,Antioquia,Oficial,6.9786,-75.2961,G17,Simulacro 1,S1,11.0,,,193.0,46.0,32,44,33.0,36.0,SI,,193.0
SEC-0593,Semestre Cero,I.E. Nuestra Señora del Rosario,I. E. NUESTRA SEÑORA DEL ROSARIO,Campamento,Antioquia,Oficial,6.9786,-75.2961,G17,Simulacro 1,S1,11.0,,,192.0,39.0,22,60,24.0,64.0,SI,,192.0
SEC-0594,Semestre Cero,I.E. Nuestra Señora del Rosario,I. E. NUESTRA SEÑORA DEL ROSARIO,Campamento,Antioquia,Oficial,6.9786,-75.2961,G17,Simulacro 1,S1,11.0,,,186.0,44.0,20,56,24.0,53.0,SI,,186.0
SEC-0595,Semestre Cero,I.E. Nuestra Señora del Rosario,I. E. NUESTRA SEÑORA DEL ROSARIO,Campamento,Antioquia,Oficial,6.9786,-75.2961,G17,Simulacro 1,S1,11.0,,,186.0,54.0,18,42,24.0,71.0,SI,,186.0
SEC-0596,Semestre Cero,I.E. Nuestra Señora del Rosario,I. E. NUESTRA SEÑORA DEL ROSARIO,Campamento,Antioquia,Oficial,6.9786,-75.2961,G17,Simulacro 1,S1,11.0,,,181.0,49.0,24,28,41.0,44.0,SI,,181.0
SEC-0597,Semestre Cero,I.E. Nuestra Señora del Rosario,I. E. NUESTRA SEÑORA DEL ROSARIO,Campamento,Antioquia,Oficial,6.9786,-75.2961,G17,Simulacro 1,S1,11.0,,,179.0,41.0,30,44,28.0,36.0,SI,,179.0
SEC-0598,Semestre Cero,I.E. Nuestra Señora del Rosario,I. E. NUESTRA SEÑORA DEL ROSARIO,Campamento,Antioquia,Oficial,6.9786,-75.2961,G17,Simulacro 1,S1,11.0,,,177.0,49.0,26,42,22.0,44.0,SI,,177.0
SEC-0599,Semestre Cero,I.E. Nuestra Señora del Rosario,I. E. NUESTRA SEÑORA DEL ROSARIO,Campamento,Antioquia,Oficial,6.9786,-75.2961,G17,Simulacro 1,S1,11.0,,,175.0,34.0,24,38,33.0,67.0,SI,,175.0
SEC-0600,Semestre Cero,I.E. Nuestra Señora del Rosario,I. E. NUESTRA SEÑORA DEL ROSARIO,Campamento,Antioquia,Oficial,6.9786,-75.2961,G17,Simulacro 1,S1,11.0,,,169.0,46.0,16,54,10.0,60.0,SI,,169.0
SEC-0601,Semestre Cero,I.E. Nuestra Señora del Rosario,I. E. NUESTRA SEÑORA DEL ROSARIO,Campamento,Antioquia,Oficial,6.9786,-75.2961,G17,Simulacro 1,S1,11.0,,,166.0,37.0,28,40,28.0,36.0,SI,,166.0
SEC-0602,Semestre Cero,I.E. Nuestra Señora del Rosario,I. E. NUESTRA SEÑORA DEL ROSARIO,Campamento,Antioquia,Oficial,6.9786,-75.2961,G17,Simulacro 1,S1,11.0,,,166.0,41.0,20,38,28.0,51.0,SI,,166.0
SEC-0603,Semestre Cero,I.E. Nuestra Señora del Rosario,I. E. NUESTRA SEÑORA DEL ROSARIO,Campamento,Antioquia,Oficial,6.9786,-75.2961,G17,Simulacro 1,S1,11.0,,,166.0,34.0,24,52,22.0,33.0,SI,,166.0
SEC-0604,Semestre Cero,I.E. Nuestra Señora del Rosario,I. E. NUESTRA SEÑORA DEL ROSARIO,Campamento,Antioquia,Oficial,6.9786,-75.2961,G17,Simulacro 1,S1,11.0,,,160.0,34.0,16,42,29.0,51.0,SI,,160.0
SEC-0605,Semestre Cero,I.E. Nuestra Señora del Rosario,I. E. NUESTRA SEÑORA DEL ROSARIO,Campamento,Antioquia,Oficial,6.9786,-75.2961,G17,Simulacro 1,S1,11.0,,,146.0,34.0,20,36,22.0,42.0,SI,,146.0
SEC-0606,Semestre Cero,I.E. Nuestra Señora del Rosario,I. E. NUESTRA SEÑORA DEL ROSARIO,Campamento,Antioquia,Oficial,6.9786,-75.2961,G17,Simulacro 1,S1,11.0,,,145.0,39.0,24,26,29.0,22.0,SI,,145.0
SEC-0607,Semestre Cero,I.E. Nuestra Señora del Rosario,I. E. NUESTRA SEÑORA DEL ROSARIO,Campamento,Antioquia,Oficial,6.9786,-75.2961,G17,Simulacro 1,S1,11.0,,,141.0,39.0,22,28,24.0,27.0,SI,,141.0
SEC-0608,Semestre Cero,I.E. Nuestra Señora del Rosario,I. E. NUESTRA SEÑORA DEL ROSARIO,Campamento,Antioquia,Oficial,6.9786,-75.2961,G17,Simulacro 1,S1,11.0,,,140.0,41.0,20,38,14.0,25.0,SI,,140.0
SEC-0609,Semestre Cero,I.E. Nuestra Señora del Rosario,I. E. NUESTRA SEÑORA DEL ROSARIO,Campamento,Antioquia,Oficial,6.9786,-75.2961,G17,Simulacro 1,S1,11.0,,,127.0,39.0,18,28,17.0,24.0,SI,,127.0
SEC-0610,Semestre Cero,I.E. Nuestra Señora del Rosario,I. E. NUESTRA SEÑORA DEL ROSARIO,Campamento,Antioquia,Oficial,6.9786,-75.2961,G17,Simulacro 1,S1,11.0,,,121.0,29.0,12,30,21.0,38.0,SI,,121.0
SEC-0611,Semestre Cero,I.E. Nuestra Señora del Rosario,I. E. NUESTRA SEÑORA DEL ROSARIO,Campamento,Antioquia,Oficial,6.9786,-75.2961,G17,Simulacro 1,S1,11.0,,,87.0,20.0,8,34,14.0,0.0,SI,,87.0
SEC-2348,Semestre Cero,I.E. Orlando Velasquez Arango,I. E. ORLANDO VELASQUEZ ARANGO,Venecia,Antioquia,Oficial,5.9625,-75.7358,G66,Simulacro 1,S1,11.0,,,232.0,61.0,26,54,33.0,82.0,SI,,232.0
SEC-2349,Semestre Cero,I.E. Orlando Velasquez Arango,I. E. ORLANDO VELASQUEZ ARANGO,Venecia,Antioquia,Oficial,5.9625,-75.7358,G66,Simulacro 1,S1,11.0,,,227.0,68.0,30,52,34.0,36.0,SI,,227.0
SEC-2350,Semestre Cero,I.E. Orlando Velasquez Arango,I. E. ORLANDO VELASQUEZ ARANGO,Venecia,Antioquia,Oficial,5.9625,-75.7358,G66,Simulacro 1,S1,11.0,,,225.0,59.0,20,64,34.0,55.0,SI,,225.0
SEC-2351,Semestre Cero,I.E. Orlando Velasquez Arango,I. E. ORLANDO VELASQUEZ ARANGO,Venecia,Antioquia,Oficial,5.9625,-75.7358,G66,Simulacro 1,S1,11.0,,,205.0,39.0,14,60,45.0,60.0,SI,,205.0
SEC-2352,Semestre Cero,I.E. Orlando Velasquez Arango,I. E. ORLANDO VELASQUEZ ARANGO,Venecia,Antioquia,Oficial,5.9625,-75.7358,G66,Simulacro 1,S1,11.0,,,185.0,37.0,12,60,38.0,42.0,SI,,185.0
SEC-2353,Semestre Cero,I.E. Orlando Velasquez Arango,I. E. ORLANDO VELASQUEZ ARANGO,Venecia,Antioquia,Oficial,5.9625,-75.7358,G66,Simulacro 1,S1,11.0,,,184.0,39.0,28,54,22.0,47.0,SI,,184.0
SEC-2354,Semestre Cero,I.E. Orlando Velasquez Arango,I. E. ORLANDO VELASQUEZ ARANGO,Venecia,Antioquia,Oficial,5.9625,-75.7358,G66,Simulacro 1,S1,11.0,,,177.0,41.0,24,46,31.0,33.0,SI,,177.0
SEC-2355,Semestre Cero,I.E. Orlando Velasquez Arango,I. E. ORLANDO VELASQUEZ ARANGO,Venecia,Antioquia,Oficial,5.9625,-75.7358,G66,Simulacro 1,S1,11.0,,,177.0,46.0,30,40,26.0,33.0,SI,,177.0
SEC-2356,Semestre Cero,I.E. Orlando Velasquez Arango,I. E. ORLANDO VELASQUEZ ARANGO,Venecia,Antioquia,Oficial,5.9625,-75.7358,G66,Simulacro 1,S1,11.0,,,175.0,32.0,24,48,38.0,31.0,SI,,175.0
SEC-2357,Semestre Cero,I.E. Orlando Velasquez Arango,I. E. ORLANDO VELASQUEZ ARANGO,Venecia,Antioquia,Oficial,5.9625,-75.7358,G66,Simulacro 1,S1,11.0,,,174.0,54.0,24,34,22.0,51.0,SI,,174.0
SEC-2358,Semestre Cero,I.E. Orlando Velasquez Arango,I. E. ORLANDO VELASQUEZ ARANGO,Venecia,Antioquia,Oficial,5.9625,-75.7358,G66,Simulacro 1,S1,11.0,,,168.0,44.0,20,40,28.0,42.0,SI,,168.0
SEC-2359,Semestre Cero,I.E. Orlando Velasquez Arango,I. E. ORLANDO VELASQUEZ ARANGO,Venecia,Antioquia,Oficial,5.9625,-75.7358,G66,Simulacro 1,S1,11.0,,,165.0,32.0,22,50,26.0,40.0,SI,,165.0
SEC-2360,Semestre Cero,I.E. Orlando Velasquez Arango,I. E. ORLANDO VELASQUEZ ARANGO,Venecia,Antioquia,Oficial,5.9625,-75.7358,G66,Simulacro 1,S1,11.0,,,164.0,51.0,24,34,22.0,33.0,SI,,164.0
SEC-2361,Semestre Cero,I.E. Orlando Velasquez Arango,I. E. ORLANDO VELASQUEZ ARANGO,Venecia,Antioquia,Oficial,5.9625,-75.7358,G66,Simulacro 1,S1,11.0,,,161.0,37.0,22,36,34.0,31.0,SI,,161.0
SEC-2362,Semestre Cero,I.E. Orlando Velasquez Arango,I. E. ORLANDO VELASQUEZ ARANGO,Venecia,Antioquia,Oficial,5.9625,-75.7358,G66,Simulacro 1,S1,11.0,,,151.0,29.0,20,36,34.0,35.0,SI,,151.0
SEC-2363,Semestre Cero,I.E. Orlando Velasquez Arango,I. E. ORLANDO VELASQUEZ ARANGO,Venecia,Antioquia,Oficial,5.9625,-75.7358,G66,Simulacro 1,S1,11.0,,,147.0,41.0,22,24,28.0,38.0,SI,,147.0
SEC-2364,Semestre Cero,I.E. Orlando Velasquez Arango,I. E. ORLANDO VELASQUEZ ARANGO,Venecia,Antioquia,Oficial,5.9625,-75.7358,G66,Simulacro 1,S1,11.0,,,143.0,34.0,22,32,24.0,35.0,SI,,143.0
SEC-2365,Semestre Cero,I.E. Orlando Velasquez Arango,I. E. ORLANDO VELASQUEZ ARANGO,Venecia,Antioquia,Oficial,5.9625,-75.7358,G66,Simulacro 1,S1,11.0,,,138.0,37.0,22,32,19.0,31.0,SI,,138.0
SEC-2366,Semestre Cero,I.E. Orlando Velasquez Arango,I. E. ORLANDO VELASQUEZ ARANGO,Venecia,Antioquia,Oficial,5.9625,-75.7358,G66,Simulacro 1,S1,11.0,,,113.0,20.0,16,34,19.0,27.0,SI,,113.0
SEC-0001,Semestre Cero,I.E. Pascual Correa Florez,I. E. PASCUAL CORREA FLOREZ,Amagá,Antioquia,Oficial,6.0329,-75.708,G1,Simulacro 1,S1,11.0,,,265.0,56.0,40,66,45.0,69.0,SI,,265.0
SEC-0002,Semestre Cero,I.E. Pascual Correa Florez,I. E. PASCUAL CORREA FLOREZ,Amagá,Antioquia,Oficial,6.0329,-75.708,G1,Simulacro 1,S1,11.0,,,259.0,68.0,32,72,34.0,53.0,SI,,259.0
SEC-0003,Semestre Cero,I.E. Pascual Correa Florez,I. E. PASCUAL CORREA FLOREZ,Amagá,Antioquia,Oficial,6.0329,-75.708,G1,Simulacro 1,S1,11.0,,,244.0,63.0,30,54,47.0,53.0,SI,,244.0
SEC-0004,Semestre Cero,I.E. Pascual Correa Florez,I. E. PASCUAL CORREA FLOREZ,Amagá,Antioquia,Oficial,6.0329,-75.708,G1,Simulacro 1,S1,11.0,,,221.0,59.0,32,56,28.0,53.0,SI,,221.0
SEC-0005,Semestre Cero,I.E. Pascual Correa Florez,I. E. PASCUAL CORREA FLOREZ,Amagá,Antioquia,Oficial,6.0329,-75.708,G1,Simulacro 1,S1,11.0,,,220.0,54.0,30,60,31.0,49.0,SI,,220.0
SEC-0006,Semestre Cero,I.E. Pascual Correa Florez,I. E. PASCUAL CORREA FLOREZ,Amagá,Antioquia,Oficial,6.0329,-75.708,G1,Simulacro 1,S1,11.0,,,219.0,54.0,22,58,34.0,65.0,SI,,219.0
SEC-0007,Semestre Cero,I.E. Pascual Correa Florez,I. E. PASCUAL CORREA FLOREZ,Amagá,Antioquia,Oficial,6.0329,-75.708,G1,Simulacro 1,S1,11.0,,,206.0,46.0,32,50,31.0,56.0,SI,,206.0
SEC-0008,Semestre Cero,I.E. Pascual Correa Florez,I. E. PASCUAL CORREA FLOREZ,Amagá,Antioquia,Oficial,6.0329,-75.708,G1,Simulacro 1,S1,11.0,,,194.0,61.0,26,46,24.0,33.0,SI,,194.0
SEC-0009,Semestre Cero,I.E. Pascual Correa Florez,I. E. PASCUAL CORREA FLOREZ,Amagá,Antioquia,Oficial,6.0329,-75.708,G1,Simulacro 1,S1,11.0,,,190.0,41.0,16,60,31.0,49.0,SI,,190.0
SEC-0010,Semestre Cero,I.E. Pascual Correa Florez,I. E. PASCUAL CORREA FLOREZ,Amagá,Antioquia,Oficial,6.0329,-75.708,G1,Simulacro 1,S1,11.0,,,187.0,56.0,16,44,31.0,44.0,SI,,187.0
SEC-0011,Semestre Cero,I.E. Pascual Correa Florez,I. E. PASCUAL CORREA FLOREZ,Amagá,Antioquia,Oficial,6.0329,-75.708,G1,Simulacro 1,S1,11.0,,,182.0,44.0,22,54,24.0,42.0,SI,,182.0
SEC-0012,Semestre Cero,I.E. Pascual Correa Florez,I. E. PASCUAL CORREA FLOREZ,Amagá,Antioquia,Oficial,6.0329,-75.708,G1,Simulacro 1,S1,11.0,,,177.0,41.0,22,42,31.0,51.0,SI,,177.0
SEC-0013,Semestre Cero,I.E. Pascual Correa Florez,I. E. PASCUAL CORREA FLOREZ,Amagá,Antioquia,Oficial,6.0329,-75.708,G1,Simulacro 1,S1,11.0,,,173.0,44.0,20,42,31.0,40.0,SI,,173.0
SEC-0014,Semestre Cero,I.E. Pascual Correa Florez,I. E. PASCUAL CORREA FLOREZ,Amagá,Antioquia,Oficial,6.0329,-75.708,G1,Simulacro 1,S1,11.0,,,173.0,46.0,30,46,17.0,31.0,SI,,173.0
SEC-0015,Semestre Cero,I.E. Pascual Correa Florez,I. E. PASCUAL CORREA FLOREZ,Amagá,Antioquia,Oficial,6.0329,-75.708,G1,Simulacro 1,S1,11.0,,,165.0,24.0,38,38,29.0,40.0,SI,,165.0
SEC-0016,Semestre Cero,I.E. Pascual Correa Florez,I. E. PASCUAL CORREA FLOREZ,Amagá,Antioquia,Oficial,6.0329,-75.708,G1,Simulacro 1,S1,11.0,,,163.0,34.0,28,38,31.0,31.0,SI,,163.0
SEC-0017,Semestre Cero,I.E. Pascual Correa Florez,I. E. PASCUAL CORREA FLOREZ,Amagá,Antioquia,Oficial,6.0329,-75.708,G1,Simulacro 1,S1,11.0,,,160.0,29.0,26,38,34.0,33.0,SI,,160.0
SEC-0018,Semestre Cero,I.E. Pascual Correa Florez,I. E. PASCUAL CORREA FLOREZ,Amagá,Antioquia,Oficial,6.0329,-75.708,G1,Simulacro 1,S1,11.0,,,159.0,46.0,20,32,28.0,35.0,SI,,159.0
SEC-0019,Semestre Cero,I.E. Pascual Correa Florez,I. E. PASCUAL CORREA FLOREZ,Amagá,Antioquia,Oficial,6.0329,-75.708,G1,Simulacro 1,S1,11.0,,,157.0,32.0,28,40,26.0,31.0,SI,,157.0
SEC-0020,Semestre Cero,I.E. Pascual Correa Florez,I. E. PASCUAL CORREA FLOREZ,Amagá,Antioquia,Oficial,6.0329,-75.708,G1,Simulacro 1,S1,11.0,,,156.0,37.0,24,40,22.0,36.0,SI,,156.0
SEC-0021,Semestre Cero,I.E. Pascual Correa Florez,I. E. PASCUAL CORREA FLOREZ,Amagá,Antioquia,Oficial,6.0329,-75.708,G1,Simulacro 1,S1,11.0,,,155.0,39.0,22,34,29.0,29.0,SI,,155.0
SEC-0022,Semestre Cero,I.E. Pascual Correa Florez,I. E. PASCUAL CORREA FLOREZ,Amagá,Antioquia,Oficial,6.0329,-75.708,G1,Simulacro 1,S1,11.0,,,150.0,34.0,26,44,19.0,22.0,SI,,150.0
SEC-0023,Semestre Cero,I.E. Pascual Correa Florez,I. E. PASCUAL CORREA FLOREZ,Amagá,Antioquia,Oficial,6.0329,-75.708,G1,Simulacro 1,S1,11.0,,,149.0,34.0,26,32,26.0,33.0,SI,,149.0
SEC-0024,Semestre Cero,I.E. Pascual Correa Florez,I. E. PASCUAL CORREA FLOREZ,Amagá,Antioquia,Oficial,6.0329,-75.708,G1,Simulacro 1,S1,11.0,,,149.0,22.0,20,36,36.0,44.0,SI,,149.0
SEC-0025,Semestre Cero,I.E. Pascual Correa Florez,I. E. PASCUAL CORREA FLOREZ,Amagá,Antioquia,Oficial,6.0329,-75.708,G1,Simulacro 1,S1,11.0,,,147.0,46.0,14,40,17.0,29.0,SI,,147.0
SEC-0026,Semestre Cero,I.E. Pascual Correa Florez,I. E. PASCUAL CORREA FLOREZ,Amagá,Antioquia,Oficial,6.0329,-75.708,G1,Simulacro 1,S1,11.0,,,144.0,27.0,40,20,26.0,36.0,SI,,144.0
SEC-0027,Semestre Cero,I.E. Pascual Correa Florez,I. E. PASCUAL CORREA FLOREZ,Amagá,Antioquia,Oficial,6.0329,-75.708,G1,Simulacro 1,S1,11.0,,,139.0,44.0,22,24,22.0,24.0,SI,,139.0
SEC-0028,Semestre Cero,I.E. Pascual Correa Florez,I. E. PASCUAL CORREA FLOREZ,Amagá,Antioquia,Oficial,6.0329,-75.708,G1,Simulacro 1,S1,11.0,,,134.0,17.0,30,26,33.0,31.0,SI,,134.0
SEC-0029,Semestre Cero,I.E. Pascual Correa Florez,I. E. PASCUAL CORREA FLOREZ,Amagá,Antioquia,Oficial,6.0329,-75.708,G1,Simulacro 1,S1,11.0,,,130.0,34.0,20,36,14.0,25.0,SI,,130.0
SEC-0030,Semestre Cero,I.E. Pascual Correa Florez,I. E. PASCUAL CORREA FLOREZ,Amagá,Antioquia,Oficial,6.0329,-75.708,G1,Simulacro 1,S1,11.0,,,116.0,24.0,20,16,22.0,53.0,SI,,116.0
SEC-0031,Semestre Cero,I.E. Pascual Correa Florez,I. E. PASCUAL CORREA FLOREZ,Amagá,Antioquia,Oficial,6.0329,-75.708,G1,Simulacro 1,S1,11.0,,,110.0,27.0,20,22,19.0,22.0,SI,,110.0
SEC-0032,Semestre Cero,I.E. Pascual Correa Florez,I. E. PASCUAL CORREA FLOREZ,Amagá,Antioquia,Oficial,6.0329,-75.708,G1,Simulacro 1,S1,11.0,,,62.0,0.0,6,22,12.0,42.0,SI,,62.0
SEC-0361,Semestre Cero,I.E. Pbro. Ricardo Luis Gutierrez Tobon,I.E. PBRO. RICARDO LUIS GUTIERREZ TOBON,Belmira,Antioquia,Oficial,6.6047,-75.6664,G11,Simulacro 1,S1,11.0,,,256.0,54.0,38,68,45.0,51.0,SI,,256.0
SEC-0362,Semestre Cero,I.E. Pbro. Ricardo Luis Gutierrez Tobon,I.E. PBRO. RICARDO LUIS GUTIERREZ TOBON,Belmira,Antioquia,Oficial,6.6047,-75.6664,G11,Simulacro 1,S1,11.0,,,228.0,54.0,30,54,41.0,56.0,SI,,228.0
SEC-0363,Semestre Cero,I.E. Pbro. Ricardo Luis Gutierrez Tobon,I.E. PBRO. RICARDO LUIS GUTIERREZ TOBON,Belmira,Antioquia,Oficial,6.6047,-75.6664,G11,Simulacro 1,S1,11.0,,,228.0,63.0,28,54,28.0,73.0,SI,,228.0
SEC-0364,Semestre Cero,I.E. Pbro. Ricardo Luis Gutierrez Tobon,I.E. PBRO. RICARDO LUIS GUTIERREZ TOBON,Belmira,Antioquia,Oficial,6.6047,-75.6664,G11,Simulacro 1,S1,11.0,,,222.0,66.0,26,52,36.0,36.0,SI,,222.0
SEC-0365,Semestre Cero,I.E. Pbro. Ricardo Luis Gutierrez Tobon,I.E. PBRO. RICARDO LUIS GUTIERREZ TOBON,Belmira,Antioquia,Oficial,6.6047,-75.6664,G11,Simulacro 1,S1,11.0,,,213.0,61.0,26,54,29.0,42.0,SI,,213.0
SEC-0366,Semestre Cero,I.E. Pbro. Ricardo Luis Gutierrez Tobon,I.E. PBRO. RICARDO LUIS GUTIERREZ TOBON,Belmira,Antioquia,Oficial,6.6047,-75.6664,G11,Simulacro 1,S1,11.0,,,211.0,49.0,30,56,33.0,45.0,SI,,211.0
SEC-0367,Semestre Cero,I.E. Pbro. Ricardo Luis Gutierrez Tobon,I.E. PBRO. RICARDO LUIS GUTIERREZ TOBON,Belmira,Antioquia,Oficial,6.6047,-75.6664,G11,Simulacro 1,S1,11.0,,,209.0,46.0,32,54,33.0,49.0,SI,,209.0
SEC-0368,Semestre Cero,I.E. Pbro. Ricardo Luis Gutierrez Tobon,I.E. PBRO. RICARDO LUIS GUTIERREZ TOBON,Belmira,Antioquia,Oficial,6.6047,-75.6664,G11,Simulacro 1,S1,11.0,,,208.0,51.0,28,50,34.0,51.0,SI,,208.0
SEC-0369,Semestre Cero,I.E. Pbro. Ricardo Luis Gutierrez Tobon,I.E. PBRO. RICARDO LUIS GUTIERREZ TOBON,Belmira,Antioquia,Oficial,6.6047,-75.6664,G11,Simulacro 1,S1,11.0,,,201.0,44.0,26,48,36.0,60.0,SI,,201.0
SEC-0370,Semestre Cero,I.E. Pbro. Ricardo Luis Gutierrez Tobon,I.E. PBRO. RICARDO LUIS GUTIERREZ TOBON,Belmira,Antioquia,Oficial,6.6047,-75.6664,G11,Simulacro 1,S1,11.0,,,201.0,46.0,18,56,38.0,47.0,SI,,201.0
SEC-0371,Semestre Cero,I.E. Pbro. Ricardo Luis Gutierrez Tobon,I.E. PBRO. RICARDO LUIS GUTIERREZ TOBON,Belmira,Antioquia,Oficial,6.6047,-75.6664,G11,Simulacro 1,S1,11.0,,,196.0,41.0,30,56,28.0,44.0,SI,,196.0
SEC-0372,Semestre Cero,I.E. Pbro. Ricardo Luis Gutierrez Tobon,I.E. PBRO. RICARDO LUIS GUTIERREZ TOBON,Belmira,Antioquia,Oficial,6.6047,-75.6664,G11,Simulacro 1,S1,11.0,,,187.0,49.0,26,48,24.0,45.0,SI,,187.0
SEC-0373,Semestre Cero,I.E. Pbro. Ricardo Luis Gutierrez Tobon,I.E. PBRO. RICARDO LUIS GUTIERREZ TOBON,Belmira,Antioquia,Oficial,6.6047,-75.6664,G11,Simulacro 1,S1,11.0,,,183.0,37.0,18,50,36.0,55.0,SI,,183.0
SEC-0374,Semestre Cero,I.E. Pbro. Ricardo Luis Gutierrez Tobon,I.E. PBRO. RICARDO LUIS GUTIERREZ TOBON,Belmira,Antioquia,Oficial,6.6047,-75.6664,G11,Simulacro 1,S1,11.0,,,183.0,39.0,22,48,33.0,51.0,SI,,183.0
SEC-0375,Semestre Cero,I.E. Pbro. Ricardo Luis Gutierrez Tobon,I.E. PBRO. RICARDO LUIS GUTIERREZ TOBON,Belmira,Antioquia,Oficial,6.6047,-75.6664,G11,Simulacro 1,S1,11.0,,,181.0,49.0,22,36,34.0,47.0,SI,,181.0
SEC-0376,Semestre Cero,I.E. Pbro. Ricardo Luis Gutierrez Tobon,I.E. PBRO. RICARDO LUIS GUTIERREZ TOBON,Belmira,Antioquia,Oficial,6.6047,-75.6664,G11,Simulacro 1,S1,11.0,,,181.0,41.0,26,42,34.0,38.0,SI,,181.0
SEC-0377,Semestre Cero,I.E. Pbro. Ricardo Luis Gutierrez Tobon,I.E. PBRO. RICARDO LUIS GUTIERREZ TOBON,Belmira,Antioquia,Oficial,6.6047,-75.6664,G11,Simulacro 1,S1,11.0,,,180.0,41.0,22,54,28.0,33.0,SI,,180.0
SEC-0378,Semestre Cero,I.E. Pbro. Ricardo Luis Gutierrez Tobon,I.E. PBRO. RICARDO LUIS GUTIERREZ TOBON,Belmira,Antioquia,Oficial,6.6047,-75.6664,G11,Simulacro 1,S1,11.0,,,179.0,51.0,18,46,29.0,31.0,SI,,179.0
SEC-0379,Semestre Cero,I.E. Pbro. Ricardo Luis Gutierrez Tobon,I.E. PBRO. RICARDO LUIS GUTIERREZ TOBON,Belmira,Antioquia,Oficial,6.6047,-75.6664,G11,Simulacro 1,S1,11.0,,,178.0,41.0,24,50,24.0,44.0,SI,,178.0
SEC-0380,Semestre Cero,I.E. Pbro. Ricardo Luis Gutierrez Tobon,I.E. PBRO. RICARDO LUIS GUTIERREZ TOBON,Belmira,Antioquia,Oficial,6.6047,-75.6664,G11,Simulacro 1,S1,11.0,,,173.0,37.0,36,34,29.0,42.0,SI,,173.0
SEC-0381,Semestre Cero,I.E. Pbro. Ricardo Luis Gutierrez Tobon,I.E. PBRO. RICARDO LUIS GUTIERREZ TOBON,Belmira,Antioquia,Oficial,6.6047,-75.6664,G11,Simulacro 1,S1,11.0,,,172.0,24.0,42,44,28.0,33.0,SI,,172.0
SEC-0382,Semestre Cero,I.E. Pbro. Ricardo Luis Gutierrez Tobon,I.E. PBRO. RICARDO LUIS GUTIERREZ TOBON,Belmira,Antioquia,Oficial,6.6047,-75.6664,G11,Simulacro 1,S1,11.0,,,167.0,49.0,24,44,21.0,22.0,SI,,167.0
SEC-0383,Semestre Cero,I.E. Pbro. Ricardo Luis Gutierrez Tobon,I.E. PBRO. RICARDO LUIS GUTIERREZ TOBON,Belmira,Antioquia,Oficial,6.6047,-75.6664,G11,Simulacro 1,S1,11.0,,,164.0,29.0,26,38,36.0,38.0,SI,,164.0
SEC-0384,Semestre Cero,I.E. Pbro. Ricardo Luis Gutierrez Tobon,I.E. PBRO. RICARDO LUIS GUTIERREZ TOBON,Belmira,Antioquia,Oficial,6.6047,-75.6664,G11,Simulacro 1,S1,11.0,,,158.0,37.0,20,42,24.0,42.0,SI,,158.0
SEC-0385,Semestre Cero,I.E. Pbro. Ricardo Luis Gutierrez Tobon,I.E. PBRO. RICARDO LUIS GUTIERREZ TOBON,Belmira,Antioquia,Oficial,6.6047,-75.6664,G11,Simulacro 1,S1,11.0,,,157.0,39.0,24,26,31.0,47.0,SI,,157.0
SEC-0386,Semestre Cero,I.E. Pbro. Ricardo Luis Gutierrez Tobon,I.E. PBRO. RICARDO LUIS GUTIERREZ TOBON,Belmira,Antioquia,Oficial,6.6047,-75.6664,G11,Simulacro 1,S1,11.0,,,153.0,32.0,26,36,24.0,44.0,SI,,153.0
SEC-0387,Semestre Cero,I.E. Pbro. Ricardo Luis Gutierrez Tobon,I.E. PBRO. RICARDO LUIS GUTIERREZ TOBON,Belmira,Antioquia,Oficial,6.6047,-75.6664,G11,Simulacro 1,S1,11.0,,,137.0,39.0,22,28,17.0,36.0,SI,,137.0
SEC-0388,Semestre Cero,I.E. Pbro. Ricardo Luis Gutierrez Tobon,I.E. PBRO. RICARDO LUIS GUTIERREZ TOBON,Belmira,Antioquia,Oficial,6.6047,-75.6664,G11,Simulacro 1,S1,11.0,,,130.0,32.0,22,26,22.0,33.0,SI,,130.0
SEC-1208,Semestre Cero,I.E. Pedro Nel Ospina,I. E. PEDRO NEL OSPINA,Ituango,Antioquia,Oficial,7.1717,-75.7336,G36,Simulacro 1,S1,11.0,,,263.0,63.0,28,72,36.0,84.0,SI,,263.0
SEC-1209,Semestre Cero,I.E. Pedro Nel Ospina,I. E. PEDRO NEL OSPINA,Ituango,Antioquia,Oficial,7.1717,-75.7336,G36,Simulacro 1,S1,11.0,,,244.0,68.0,34,62,31.0,47.0,SI,,244.0
SEC-1210,Semestre Cero,I.E. Pedro Nel Ospina,I. E. PEDRO NEL OSPINA,Ituango,Antioquia,Oficial,7.1717,-75.7336,G36,Simulacro 1,S1,11.0,,,205.0,44.0,34,48,34.0,53.0,SI,,205.0
SEC-1211,Semestre Cero,I.E. Pedro Nel Ospina,I. E. PEDRO NEL OSPINA,Ituango,Antioquia,Oficial,7.1717,-75.7336,G36,Simulacro 1,S1,11.0,,,204.0,61.0,22,58,16.0,62.0,SI,,204.0
SEC-1212,Semestre Cero,I.E. Pedro Nel Ospina,I. E. PEDRO NEL OSPINA,Ituango,Antioquia,Oficial,7.1717,-75.7336,G36,Simulacro 1,S1,11.0,,,202.0,49.0,28,52,33.0,42.0,SI,,202.0
SEC-1213,Semestre Cero,I.E. Pedro Nel Ospina,I. E. PEDRO NEL OSPINA,Ituango,Antioquia,Oficial,7.1717,-75.7336,G36,Simulacro 1,S1,11.0,,,202.0,51.0,32,50,28.0,42.0,SI,,202.0
SEC-1214,Semestre Cero,I.E. Pedro Nel Ospina,I. E. PEDRO NEL OSPINA,Ituango,Antioquia,Oficial,7.1717,-75.7336,G36,Simulacro 1,S1,11.0,,,193.0,46.0,36,46,26.0,40.0,SI,,193.0
SEC-1215,Semestre Cero,I.E. Pedro Nel Ospina,I. E. PEDRO NEL OSPINA,Ituango,Antioquia,Oficial,7.1717,-75.7336,G36,Simulacro 1,S1,11.0,,,189.0,49.0,14,46,41.0,42.0,SI,,189.0
SEC-1216,Semestre Cero,I.E. Pedro Nel Ospina,I. E. PEDRO NEL OSPINA,Ituango,Antioquia,Oficial,7.1717,-75.7336,G36,Simulacro 1,S1,11.0,,,183.0,37.0,32,50,28.0,38.0,SI,,183.0
SEC-1217,Semestre Cero,I.E. Pedro Nel Ospina,I. E. PEDRO NEL OSPINA,Ituango,Antioquia,Oficial,7.1717,-75.7336,G36,Simulacro 1,S1,11.0,,,174.0,46.0,26,44,24.0,31.0,SI,,174.0
SEC-1218,Semestre Cero,I.E. Pedro Nel Ospina,I. E. PEDRO NEL OSPINA,Ituango,Antioquia,Oficial,7.1717,-75.7336,G36,Simulacro 1,S1,11.0,,,173.0,37.0,22,56,26.0,29.0,SI,,173.0
SEC-1219,Semestre Cero,I.E. Pedro Nel Ospina,I. E. PEDRO NEL OSPINA,Ituango,Antioquia,Oficial,7.1717,-75.7336,G36,Simulacro 1,S1,11.0,,,170.0,24.0,28,44,41.0,29.0,SI,,170.0
SEC-1220,Semestre Cero,I.E. Pedro Nel Ospina,I. E. PEDRO NEL OSPINA,Ituango,Antioquia,Oficial,7.1717,-75.7336,G36,Simulacro 1,S1,11.0,,,169.0,39.0,26,34,36.0,35.0,SI,,169.0
SEC-1221,Semestre Cero,I.E. Pedro Nel Ospina,I. E. PEDRO NEL OSPINA,Ituango,Antioquia,Oficial,7.1717,-75.7336,G36,Simulacro 1,S1,11.0,,,168.0,32.0,28,36,33.0,51.0,SI,,168.0
SEC-1222,Semestre Cero,I.E. Pedro Nel Ospina,I. E. PEDRO NEL OSPINA,Ituango,Antioquia,Oficial,7.1717,-75.7336,G36,Simulacro 1,S1,11.0,,,165.0,37.0,28,40,26.0,38.0,SI,,165.0
SEC-1223,Semestre Cero,I.E. Pedro Nel Ospina,I. E. PEDRO NEL OSPINA,Ituango,Antioquia,Oficial,7.1717,-75.7336,G36,Simulacro 1,S1,11.0,,,162.0,44.0,24,40,22.0,31.0,SI,,162.0
SEC-1224,Semestre Cero,I.E. Pedro Nel Ospina,I. E. PEDRO NEL OSPINA,Ituango,Antioquia,Oficial,7.1717,-75.7336,G36,Simulacro 1,S1,11.0,,,153.0,51.0,18,32,19.0,36.0,SI,,153.0
SEC-1225,Semestre Cero,I.E. Pedro Nel Ospina,I. E. PEDRO NEL OSPINA,Ituango,Antioquia,Oficial,7.1717,-75.7336,G36,Simulacro 1,S1,11.0,,,150.0,29.0,28,42,21.0,29.0,SI,,150.0
SEC-1226,Semestre Cero,I.E. Pedro Nel Ospina,I. E. PEDRO NEL OSPINA,Ituango,Antioquia,Oficial,7.1717,-75.7336,G36,Simulacro 1,S1,11.0,,,140.0,29.0,22,36,24.0,29.0,SI,,140.0
SEC-1227,Semestre Cero,I.E. Pedro Nel Ospina,I. E. PEDRO NEL OSPINA,Ituango,Antioquia,Oficial,7.1717,-75.7336,G36,Simulacro 1,S1,11.0,,,134.0,29.0,34,22,21.0,31.0,SI,,134.0
SEC-1228,Semestre Cero,I.E. Pedro Nel Ospina,I. E. PEDRO NEL OSPINA,Ituango,Antioquia,Oficial,7.1717,-75.7336,G36,Simulacro 1,S1,11.0,,,132.0,39.0,12,28,19.0,49.0,SI,,132.0
SEC-1229,Semestre Cero,I.E. Pedro Nel Ospina,I. E. PEDRO NEL OSPINA,Ituango,Antioquia,Oficial,7.1717,-75.7336,G36,Simulacro 1,S1,11.0,,,127.0,27.0,18,24,29.0,36.0,SI,,127.0
SEC-1230,Semestre Cero,I.E. Pedro Nel Ospina,I. E. PEDRO NEL OSPINA,Ituango,Antioquia,Oficial,7.1717,-75.7336,G36,Simulacro 1,S1,11.0,,,127.0,24.0,22,22,33.0,27.0,SI,,127.0
SEC-1231,Semestre Cero,I.E. Pedro Nel Ospina,I. E. PEDRO NEL OSPINA,Ituango,Antioquia,Oficial,7.1717,-75.7336,G36,Simulacro 1,S1,11.0,,,119.0,27.0,20,32,14.0,33.0,SI,,119.0
SEC-0543,Semestre Cero,I.E. Piamonte,I. E. PIAMONTE,Cáceres,Antioquia,Oficial,7.5758,-75.3486,G15,Simulacro 1,S1,11.0,,,194.0,56.0,22,46,33.0,33.0,SI,,194.0
SEC-0544,Semestre Cero,I.E. Piamonte,I. E. PIAMONTE,Cáceres,Antioquia,Oficial,7.5758,-75.3486,G15,Simulacro 1,S1,11.0,,,185.0,39.0,36,44,33.0,25.0,SI,,185.0
SEC-0545,Semestre Cero,I.E. Piamonte,I. E. PIAMONTE,Cáceres,Antioquia,Oficial,7.5758,-75.3486,G15,Simulacro 1,S1,11.0,,,181.0,49.0,14,42,38.0,42.0,SI,,181.0
SEC-0546,Semestre Cero,I.E. Piamonte,I. E. PIAMONTE,Cáceres,Antioquia,Oficial,7.5758,-75.3486,G15,Simulacro 1,S1,11.0,,,177.0,46.0,24,42,26.0,45.0,SI,,177.0
SEC-0547,Semestre Cero,I.E. Piamonte,I. E. PIAMONTE,Cáceres,Antioquia,Oficial,7.5758,-75.3486,G15,Simulacro 1,S1,11.0,,,174.0,41.0,24,38,38.0,29.0,SI,,174.0
SEC-0548,Semestre Cero,I.E. Piamonte,I. E. PIAMONTE,Cáceres,Antioquia,Oficial,7.5758,-75.3486,G15,Simulacro 1,S1,11.0,,,174.0,34.0,30,42,33.0,35.0,SI,,174.0
SEC-0549,Semestre Cero,I.E. Piamonte,I. E. PIAMONTE,Cáceres,Antioquia,Oficial,7.5758,-75.3486,G15,Simulacro 1,S1,11.0,,,169.0,44.0,16,50,26.0,33.0,SI,,169.0
SEC-0550,Semestre Cero,I.E. Piamonte,I. E. PIAMONTE,Cáceres,Antioquia,Oficial,7.5758,-75.3486,G15,Simulacro 1,S1,11.0,,,169.0,39.0,32,34,31.0,31.0,SI,,169.0
SEC-0551,Semestre Cero,I.E. Piamonte,I. E. PIAMONTE,Cáceres,Antioquia,Oficial,7.5758,-75.3486,G15,Simulacro 1,S1,11.0,,,162.0,34.0,20,48,24.0,44.0,SI,,162.0
SEC-0552,Semestre Cero,I.E. Piamonte,I. E. PIAMONTE,Cáceres,Antioquia,Oficial,7.5758,-75.3486,G15,Simulacro 1,S1,11.0,,,156.0,39.0,24,36,22.0,42.0,SI,,156.0
SEC-0553,Semestre Cero,I.E. Piamonte,I. E. PIAMONTE,Cáceres,Antioquia,Oficial,7.5758,-75.3486,G15,Simulacro 1,S1,11.0,,,148.0,34.0,24,30,28.0,38.0,SI,,148.0
SEC-0554,Semestre Cero,I.E. Piamonte,I. E. PIAMONTE,Cáceres,Antioquia,Oficial,7.5758,-75.3486,G15,Simulacro 1,S1,11.0,,,148.0,37.0,24,34,22.0,33.0,SI,,148.0
SEC-0555,Semestre Cero,I.E. Piamonte,I. E. PIAMONTE,Cáceres,Antioquia,Oficial,7.5758,-75.3486,G15,Simulacro 1,S1,11.0,,,146.0,29.0,24,38,24.0,35.0,SI,,146.0
SEC-0556,Semestre Cero,I.E. Piamonte,I. E. PIAMONTE,Cáceres,Antioquia,Oficial,7.5758,-75.3486,G15,Simulacro 1,S1,11.0,,,141.0,34.0,32,32,19.0,16.0,SI,,141.0
SEC-0557,Semestre Cero,I.E. Piamonte,I. E. PIAMONTE,Cáceres,Antioquia,Oficial,7.5758,-75.3486,G15,Simulacro 1,S1,11.0,,,136.0,34.0,24,18,31.0,31.0,SI,,136.0
SEC-0558,Semestre Cero,I.E. Piamonte,I. E. PIAMONTE,Cáceres,Antioquia,Oficial,7.5758,-75.3486,G15,Simulacro 1,S1,11.0,,,125.0,29.0,26,24,17.0,35.0,SI,,125.0
SEC-0559,Semestre Cero,I.E. Piamonte,I. E. PIAMONTE,Cáceres,Antioquia,Oficial,7.5758,-75.3486,G15,Simulacro 1,S1,11.0,,,119.0,22.0,14,24,36.0,20.0,SI,,119.0
SEC-0560,Semestre Cero,I.E. Piamonte,I. E. PIAMONTE,Cáceres,Antioquia,Oficial,7.5758,-75.3486,G15,Simulacro 1,S1,11.0,,,118.0,27.0,20,22,22.0,33.0,SI,,118.0
SEC-0561,Semestre Cero,I.E. Piamonte,I. E. PIAMONTE,Cáceres,Antioquia,Oficial,7.5758,-75.3486,G15,Simulacro 1,S1,11.0,,,114.0,20.0,26,26,21.0,20.0,SI,,114.0
SEC-0562,Semestre Cero,I.E. Piamonte,I. E. PIAMONTE,Cáceres,Antioquia,Oficial,7.5758,-75.3486,G15,Simulacro 1,S1,11.0,,,110.0,22.0,24,24,16.0,29.0,SI,,110.0
SEC-0033,Semestre Cero,I.E. Presbitero Gerardo Montoya,I. E. PRESBITERO GERARDO MONTOYA,Amalfi,Antioquia,Oficial,6.9778,-74.9812,G2,Simulacro 1,S1,11.0,,,266.0,59.0,46,58,38.0,89.0,SI,,266.0
SEC-0034,Semestre Cero,I.E. Presbitero Gerardo Montoya,I. E. PRESBITERO GERARDO MONTOYA,Amalfi,Antioquia,Oficial,6.9778,-74.9812,G2,Simulacro 1,S1,11.0,,,263.0,78.0,30,58,38.0,71.0,SI,,263.0
SEC-0035,Semestre Cero,I.E. Presbitero Gerardo Montoya,I. E. PRESBITERO GERARDO MONTOYA,Amalfi,Antioquia,Oficial,6.9778,-74.9812,G2,Simulacro 1,S1,11.0,,,242.0,68.0,40,34,48.0,56.0,SI,,242.0
SEC-0036,Semestre Cero,I.E. Presbitero Gerardo Montoya,I. E. PRESBITERO GERARDO MONTOYA,Amalfi,Antioquia,Oficial,6.9778,-74.9812,G2,Simulacro 1,S1,11.0,,,241.0,54.0,44,46,41.0,73.0,SI,,241.0
SEC-0037,Semestre Cero,I.E. Presbitero Gerardo Montoya,I. E. PRESBITERO GERARDO MONTOYA,Amalfi,Antioquia,Oficial,6.9778,-74.9812,G2,Simulacro 1,S1,11.0,,,238.0,63.0,26,56,45.0,49.0,SI,,238.0
SEC-0038,Semestre Cero,I.E. Presbitero Gerardo Montoya,I. E. PRESBITERO GERARDO MONTOYA,Amalfi,Antioquia,Oficial,6.9778,-74.9812,G2,Simulacro 1,S1,11.0,,,231.0,61.0,28,60,31.0,62.0,SI,,231.0
SEC-0039,Semestre Cero,I.E. Presbitero Gerardo Montoya,I. E. PRESBITERO GERARDO MONTOYA,Amalfi,Antioquia,Oficial,6.9778,-74.9812,G2,Simulacro 1,S1,11.0,,,228.0,61.0,46,44,22.0,73.0,SI,,228.0
SEC-0040,Semestre Cero,I.E. Presbitero Gerardo Montoya,I. E. PRESBITERO GERARDO MONTOYA,Amalfi,Antioquia,Oficial,6.9778,-74.9812,G2,Simulacro 1,S1,11.0,,,226.0,54.0,26,68,34.0,42.0,SI,,226.0
SEC-0041,Semestre Cero,I.E. Presbitero Gerardo Montoya,I. E. PRESBITERO GERARDO MONTOYA,Amalfi,Antioquia,Oficial,6.9778,-74.9812,G2,Simulacro 1,S1,11.0,,,220.0,49.0,34,58,31.0,56.0,SI,,220.0
SEC-0042,Semestre Cero,I.E. Presbitero Gerardo Montoya,I. E. PRESBITERO GERARDO MONTOYA,Amalfi,Antioquia,Oficial,6.9778,-74.9812,G2,Simulacro 1,S1,11.0,,,220.0,56.0,26,58,31.0,58.0,SI,,220.0
SEC-0043,Semestre Cero,I.E. Presbitero Gerardo Montoya,I. E. PRESBITERO GERARDO MONTOYA,Amalfi,Antioquia,Oficial,6.9778,-74.9812,G2,Simulacro 1,S1,11.0,,,219.0,34.0,36,66,31.0,69.0,SI,,219.0
SEC-0044,Semestre Cero,I.E. Presbitero Gerardo Montoya,I. E. PRESBITERO GERARDO MONTOYA,Amalfi,Antioquia,Oficial,6.9778,-74.9812,G2,Simulacro 1,S1,11.0,,,219.0,49.0,36,42,43.0,60.0,SI,,219.0
SEC-0045,Semestre Cero,I.E. Presbitero Gerardo Montoya,I. E. PRESBITERO GERARDO MONTOYA,Amalfi,Antioquia,Oficial,6.9778,-74.9812,G2,Simulacro 1,S1,11.0,,,217.0,37.0,46,50,33.0,67.0,SI,,217.0
SEC-0046,Semestre Cero,I.E. Presbitero Gerardo Montoya,I. E. PRESBITERO GERARDO MONTOYA,Amalfi,Antioquia,Oficial,6.9778,-74.9812,G2,Simulacro 1,S1,11.0,,,216.0,51.0,28,48,38.0,67.0,SI,,216.0
SEC-0047,Semestre Cero,I.E. Presbitero Gerardo Montoya,I. E. PRESBITERO GERARDO MONTOYA,Amalfi,Antioquia,Oficial,6.9778,-74.9812,G2,Simulacro 1,S1,11.0,,,216.0,41.0,40,50,38.0,53.0,SI,,216.0
SEC-0048,Semestre Cero,I.E. Presbitero Gerardo Montoya,I. E. PRESBITERO GERARDO MONTOYA,Amalfi,Antioquia,Oficial,6.9778,-74.9812,G2,Simulacro 1,S1,11.0,,,215.0,41.0,46,52,29.0,53.0,SI,,215.0
SEC-0049,Semestre Cero,I.E. Presbitero Gerardo Montoya,I. E. PRESBITERO GERARDO MONTOYA,Amalfi,Antioquia,Oficial,6.9778,-74.9812,G2,Simulacro 1,S1,11.0,,,214.0,56.0,32,52,29.0,47.0,SI,,214.0
SEC-0050,Semestre Cero,I.E. Presbitero Gerardo Montoya,I. E. PRESBITERO GERARDO MONTOYA,Amalfi,Antioquia,Oficial,6.9778,-74.9812,G2,Simulacro 1,S1,11.0,,,213.0,44.0,38,54,33.0,49.0,SI,,213.0
SEC-0051,Semestre Cero,I.E. Presbitero Gerardo Montoya,I. E. PRESBITERO GERARDO MONTOYA,Amalfi,Antioquia,Oficial,6.9778,-74.9812,G2,Simulacro 1,S1,11.0,,,212.0,46.0,36,42,43.0,49.0,SI,,212.0
SEC-0052,Semestre Cero,I.E. Presbitero Gerardo Montoya,I. E. PRESBITERO GERARDO MONTOYA,Amalfi,Antioquia,Oficial,6.9778,-74.9812,G2,Simulacro 1,S1,11.0,,,212.0,39.0,42,50,34.0,55.0,SI,,212.0
SEC-0053,Semestre Cero,I.E. Presbitero Gerardo Montoya,I. E. PRESBITERO GERARDO MONTOYA,Amalfi,Antioquia,Oficial,6.9778,-74.9812,G2,Simulacro 1,S1,11.0,,,206.0,41.0,38,40,36.0,69.0,SI,,206.0
SEC-0054,Semestre Cero,I.E. Presbitero Gerardo Montoya,I. E. PRESBITERO GERARDO MONTOYA,Amalfi,Antioquia,Oficial,6.9778,-74.9812,G2,Simulacro 1,S1,11.0,,,205.0,51.0,32,36,33.0,76.0,SI,,205.0
SEC-0055,Semestre Cero,I.E. Presbitero Gerardo Montoya,I. E. PRESBITERO GERARDO MONTOYA,Amalfi,Antioquia,Oficial,6.9778,-74.9812,G2,Simulacro 1,S1,11.0,,,204.0,46.0,28,50,31.0,64.0,SI,,204.0
SEC-0056,Semestre Cero,I.E. Presbitero Gerardo Montoya,I. E. PRESBITERO GERARDO MONTOYA,Amalfi,Antioquia,Oficial,6.9778,-74.9812,G2,Simulacro 1,S1,11.0,,,201.0,37.0,32,50,41.0,44.0,SI,,201.0
SEC-0057,Semestre Cero,I.E. Presbitero Gerardo Montoya,I. E. PRESBITERO GERARDO MONTOYA,Amalfi,Antioquia,Oficial,6.9778,-74.9812,G2,Simulacro 1,S1,11.0,,,201.0,46.0,38,38,36.0,47.0,SI,,201.0
SEC-0058,Semestre Cero,I.E. Presbitero Gerardo Montoya,I. E. PRESBITERO GERARDO MONTOYA,Amalfi,Antioquia,Oficial,6.9778,-74.9812,G2,Simulacro 1,S1,11.0,,,201.0,37.0,30,56,34.0,51.0,SI,,201.0
SEC-0059,Semestre Cero,I.E. Presbitero Gerardo Montoya,I. E. PRESBITERO GERARDO MONTOYA,Amalfi,Antioquia,Oficial,6.9778,-74.9812,G2,Simulacro 1,S1,11.0,,,200.0,46.0,22,48,40.0,51.0,SI,,200.0
SEC-0060,Semestre Cero,I.E. Presbitero Gerardo Montoya,I. E. PRESBITERO GERARDO MONTOYA,Amalfi,Antioquia,Oficial,6.9778,-74.9812,G2,Simulacro 1,S1,11.0,,,199.0,49.0,42,20,41.0,60.0,SI,,199.0
SEC-0061,Semestre Cero,I.E. Presbitero Gerardo Montoya,I. E. PRESBITERO GERARDO MONTOYA,Amalfi,Antioquia,Oficial,6.9778,-74.9812,G2,Simulacro 1,S1,11.0,,,194.0,44.0,38,38,36.0,36.0,SI,,194.0
SEC-0062,Semestre Cero,I.E. Presbitero Gerardo Montoya,I. E. PRESBITERO GERARDO MONTOYA,Amalfi,Antioquia,Oficial,6.9778,-74.9812,G2,Simulacro 1,S1,11.0,,,190.0,39.0,40,32,34.0,58.0,SI,,190.0
SEC-0063,Semestre Cero,I.E. Presbitero Gerardo Montoya,I. E. PRESBITERO GERARDO MONTOYA,Amalfi,Antioquia,Oficial,6.9778,-74.9812,G2,Simulacro 1,S1,11.0,,,189.0,39.0,34,40,34.0,49.0,SI,,189.0
SEC-0064,Semestre Cero,I.E. Presbitero Gerardo Montoya,I. E. PRESBITERO GERARDO MONTOYA,Amalfi,Antioquia,Oficial,6.9778,-74.9812,G2,Simulacro 1,S1,11.0,,,189.0,44.0,32,32,36.0,58.0,SI,,189.0
SEC-0065,Semestre Cero,I.E. Presbitero Gerardo Montoya,I. E. PRESBITERO GERARDO MONTOYA,Amalfi,Antioquia,Oficial,6.9778,-74.9812,G2,Simulacro 1,S1,11.0,,,188.0,51.0,22,50,28.0,36.0,SI,,188.0
SEC-0066,Semestre Cero,I.E. Presbitero Gerardo Montoya,I. E. PRESBITERO GERARDO MONTOYA,Amalfi,Antioquia,Oficial,6.9778,-74.9812,G2,Simulacro 1,S1,11.0,,,185.0,51.0,26,46,22.0,44.0,SI,,185.0
SEC-0067,Semestre Cero,I.E. Presbitero Gerardo Montoya,I. E. PRESBITERO GERARDO MONTOYA,Amalfi,Antioquia,Oficial,6.9778,-74.9812,G2,Simulacro 1,S1,11.0,,,184.0,34.0,38,52,24.0,35.0,SI,,184.0
SEC-0068,Semestre Cero,I.E. Presbitero Gerardo Montoya,I. E. PRESBITERO GERARDO MONTOYA,Amalfi,Antioquia,Oficial,6.9778,-74.9812,G2,Simulacro 1,S1,11.0,,,183.0,44.0,30,40,31.0,40.0,SI,,183.0
SEC-0069,Semestre Cero,I.E. Presbitero Gerardo Montoya,I. E. PRESBITERO GERARDO MONTOYA,Amalfi,Antioquia,Oficial,6.9778,-74.9812,G2,Simulacro 1,S1,11.0,,,182.0,32.0,32,42,33.0,58.0,SI,,182.0
SEC-0070,Semestre Cero,I.E. Presbitero Gerardo Montoya,I. E. PRESBITERO GERARDO MONTOYA,Amalfi,Antioquia,Oficial,6.9778,-74.9812,G2,Simulacro 1,S1,11.0,,,181.0,32.0,34,52,24.0,45.0,SI,,181.0
SEC-0071,Semestre Cero,I.E. Presbitero Gerardo Montoya,I. E. PRESBITERO GERARDO MONTOYA,Amalfi,Antioquia,Oficial,6.9778,-74.9812,G2,Simulacro 1,S1,11.0,,,176.0,34.0,30,40,29.0,58.0,SI,,176.0
SEC-0072,Semestre Cero,I.E. Presbitero Gerardo Montoya,I. E. PRESBITERO GERARDO MONTOYA,Amalfi,Antioquia,Oficial,6.9778,-74.9812,G2,Simulacro 1,S1,11.0,,,176.0,49.0,18,40,31.0,44.0,SI,,176.0
SEC-0073,Semestre Cero,I.E. Presbitero Gerardo Montoya,I. E. PRESBITERO GERARDO MONTOYA,Amalfi,Antioquia,Oficial,6.9778,-74.9812,G2,Simulacro 1,S1,11.0,,,175.0,29.0,36,32,29.0,76.0,SI,,175.0
SEC-0074,Semestre Cero,I.E. Presbitero Gerardo Montoya,I. E. PRESBITERO GERARDO MONTOYA,Amalfi,Antioquia,Oficial,6.9778,-74.9812,G2,Simulacro 1,S1,11.0,,,175.0,41.0,26,42,29.0,38.0,SI,,175.0
SEC-0075,Semestre Cero,I.E. Presbitero Gerardo Montoya,I. E. PRESBITERO GERARDO MONTOYA,Amalfi,Antioquia,Oficial,6.9778,-74.9812,G2,Simulacro 1,S1,11.0,,,174.0,49.0,12,48,22.0,60.0,SI,,174.0
SEC-0076,Semestre Cero,I.E. Presbitero Gerardo Montoya,I. E. PRESBITERO GERARDO MONTOYA,Amalfi,Antioquia,Oficial,6.9778,-74.9812,G2,Simulacro 1,S1,11.0,,,174.0,20.0,34,42,31.0,73.0,SI,,174.0
SEC-0077,Semestre Cero,I.E. Presbitero Gerardo Montoya,I. E. PRESBITERO GERARDO MONTOYA,Amalfi,Antioquia,Oficial,6.9778,-74.9812,G2,Simulacro 1,S1,11.0,,,173.0,54.0,26,30,24.0,47.0,SI,,173.0
SEC-0078,Semestre Cero,I.E. Presbitero Gerardo Montoya,I. E. PRESBITERO GERARDO MONTOYA,Amalfi,Antioquia,Oficial,6.9778,-74.9812,G2,Simulacro 1,S1,11.0,,,170.0,37.0,28,40,31.0,35.0,SI,,170.0
SEC-0079,Semestre Cero,I.E. Presbitero Gerardo Montoya,I. E. PRESBITERO GERARDO MONTOYA,Amalfi,Antioquia,Oficial,6.9778,-74.9812,G2,Simulacro 1,S1,11.0,,,167.0,44.0,28,40,22.0,31.0,SI,,167.0
SEC-0080,Semestre Cero,I.E. Presbitero Gerardo Montoya,I. E. PRESBITERO GERARDO MONTOYA,Amalfi,Antioquia,Oficial,6.9778,-74.9812,G2,Simulacro 1,S1,11.0,,,165.0,22.0,28,38,34.0,62.0,SI,,165.0
SEC-0081,Semestre Cero,I.E. Presbitero Gerardo Montoya,I. E. PRESBITERO GERARDO MONTOYA,Amalfi,Antioquia,Oficial,6.9778,-74.9812,G2,Simulacro 1,S1,11.0,,,165.0,44.0,30,36,28.0,16.0,SI,,165.0
SEC-0082,Semestre Cero,I.E. Presbitero Gerardo Montoya,I. E. PRESBITERO GERARDO MONTOYA,Amalfi,Antioquia,Oficial,6.9778,-74.9812,G2,Simulacro 1,S1,11.0,,,164.0,41.0,20,40,28.0,38.0,SI,,164.0
SEC-0083,Semestre Cero,I.E. Presbitero Gerardo Montoya,I. E. PRESBITERO GERARDO MONTOYA,Amalfi,Antioquia,Oficial,6.9778,-74.9812,G2,Simulacro 1,S1,11.0,,,163.0,39.0,18,46,26.0,38.0,SI,,163.0
SEC-0084,Semestre Cero,I.E. Presbitero Gerardo Montoya,I. E. PRESBITERO GERARDO MONTOYA,Amalfi,Antioquia,Oficial,6.9778,-74.9812,G2,Simulacro 1,S1,11.0,,,162.0,22.0,28,36,31.0,69.0,SI,,162.0
SEC-0085,Semestre Cero,I.E. Presbitero Gerardo Montoya,I. E. PRESBITERO GERARDO MONTOYA,Amalfi,Antioquia,Oficial,6.9778,-74.9812,G2,Simulacro 1,S1,11.0,,,159.0,49.0,22,30,28.0,29.0,SI,,159.0
SEC-0086,Semestre Cero,I.E. Presbitero Gerardo Montoya,I. E. PRESBITERO GERARDO MONTOYA,Amalfi,Antioquia,Oficial,6.9778,-74.9812,G2,Simulacro 1,S1,11.0,,,145.0,29.0,20,44,19.0,40.0,SI,,145.0
SEC-0087,Semestre Cero,I.E. Presbitero Gerardo Montoya,I. E. PRESBITERO GERARDO MONTOYA,Amalfi,Antioquia,Oficial,6.9778,-74.9812,G2,Simulacro 1,S1,11.0,,,135.0,32.0,26,22,24.0,38.0,SI,,135.0
SEC-0088,Semestre Cero,I.E. Presbitero Gerardo Montoya,I. E. PRESBITERO GERARDO MONTOYA,Amalfi,Antioquia,Oficial,6.9778,-74.9812,G2,Simulacro 1,S1,11.0,,,130.0,56.0,18,20,19.0,0.0,SI,,130.0
SEC-0089,Semestre Cero,I.E. Presbitero Gerardo Montoya,I. E. PRESBITERO GERARDO MONTOYA,Amalfi,Antioquia,Oficial,6.9778,-74.9812,G2,Simulacro 1,S1,11.0,,,104.0,20.0,18,18,31.0,11.0,SI,,104.0
SEC-0915,Semestre Cero,I.E. Presbitero Libardo Aguirre,I. E. PRESBITERO LIBARDO AGUIRRE,Concepción,Antioquia,Oficial,6.3953,-75.2575,G27,Simulacro 1,S1,11.0,,,283.0,83.0,28,68,38.0,85.0,SI,,283.0
SEC-0916,Semestre Cero,I.E. Presbitero Libardo Aguirre,I. E. PRESBITERO LIBARDO AGUIRRE,Concepción,Antioquia,Oficial,6.3953,-75.2575,G27,Simulacro 1,S1,11.0,,,264.0,59.0,34,68,40.0,85.0,SI,,264.0
SEC-0917,Semestre Cero,I.E. Presbitero Libardo Aguirre,I. E. PRESBITERO LIBARDO AGUIRRE,Concepción,Antioquia,Oficial,6.3953,-75.2575,G27,Simulacro 1,S1,11.0,,,246.0,63.0,24,64,41.0,60.0,SI,,246.0
SEC-0918,Semestre Cero,I.E. Presbitero Libardo Aguirre,I. E. PRESBITERO LIBARDO AGUIRRE,Concepción,Antioquia,Oficial,6.3953,-75.2575,G27,Simulacro 1,S1,11.0,,,236.0,49.0,26,68,34.0,82.0,SI,,236.0
SEC-0919,Semestre Cero,I.E. Presbitero Libardo Aguirre,I. E. PRESBITERO LIBARDO AGUIRRE,Concepción,Antioquia,Oficial,6.3953,-75.2575,G27,Simulacro 1,S1,11.0,,,231.0,54.0,36,54,29.0,82.0,SI,,231.0
SEC-0920,Semestre Cero,I.E. Presbitero Libardo Aguirre,I. E. PRESBITERO LIBARDO AGUIRRE,Concepción,Antioquia,Oficial,6.3953,-75.2575,G27,Simulacro 1,S1,11.0,,,221.0,54.0,36,44,41.0,49.0,SI,,221.0
SEC-0921,Semestre Cero,I.E. Presbitero Libardo Aguirre,I. E. PRESBITERO LIBARDO AGUIRRE,Concepción,Antioquia,Oficial,6.3953,-75.2575,G27,Simulacro 1,S1,11.0,,,212.0,51.0,26,48,34.0,71.0,SI,,212.0
SEC-0922,Semestre Cero,I.E. Presbitero Libardo Aguirre,I. E. PRESBITERO LIBARDO AGUIRRE,Concepción,Antioquia,Oficial,6.3953,-75.2575,G27,Simulacro 1,S1,11.0,,,209.0,41.0,38,52,33.0,51.0,SI,,209.0
SEC-0923,Semestre Cero,I.E. Presbitero Libardo Aguirre,I. E. PRESBITERO LIBARDO AGUIRRE,Concepción,Antioquia,Oficial,6.3953,-75.2575,G27,Simulacro 1,S1,11.0,,,199.0,46.0,26,54,31.0,45.0,SI,,199.0
SEC-0924,Semestre Cero,I.E. Presbitero Libardo Aguirre,I. E. PRESBITERO LIBARDO AGUIRRE,Concepción,Antioquia,Oficial,6.3953,-75.2575,G27,Simulacro 1,S1,11.0,,,195.0,46.0,34,44,31.0,42.0,SI,,195.0
SEC-0925,Semestre Cero,I.E. Presbitero Libardo Aguirre,I. E. PRESBITERO LIBARDO AGUIRRE,Concepción,Antioquia,Oficial,6.3953,-75.2575,G27,Simulacro 1,S1,11.0,,,190.0,51.0,28,42,26.0,53.0,SI,,190.0
SEC-0926,Semestre Cero,I.E. Presbitero Libardo Aguirre,I. E. PRESBITERO LIBARDO AGUIRRE,Concepción,Antioquia,Oficial,6.3953,-75.2575,G27,Simulacro 1,S1,11.0,,,189.0,44.0,36,36,26.0,67.0,SI,,189.0
SEC-0927,Semestre Cero,I.E. Presbitero Libardo Aguirre,I. E. PRESBITERO LIBARDO AGUIRRE,Concepción,Antioquia,Oficial,6.3953,-75.2575,G27,Simulacro 1,S1,11.0,,,183.0,56.0,26,30,33.0,42.0,SI,,183.0
SEC-0928,Semestre Cero,I.E. Presbitero Libardo Aguirre,I. E. PRESBITERO LIBARDO AGUIRRE,Concepción,Antioquia,Oficial,6.3953,-75.2575,G27,Simulacro 1,S1,11.0,,,179.0,41.0,34,44,28.0,25.0,SI,,179.0
SEC-0929,Semestre Cero,I.E. Presbitero Libardo Aguirre,I. E. PRESBITERO LIBARDO AGUIRRE,Concepción,Antioquia,Oficial,6.3953,-75.2575,G27,Simulacro 1,S1,11.0,,,178.0,51.0,16,44,36.0,20.0,SI,,178.0
SEC-0930,Semestre Cero,I.E. Presbitero Libardo Aguirre,I. E. PRESBITERO LIBARDO AGUIRRE,Concepción,Antioquia,Oficial,6.3953,-75.2575,G27,Simulacro 1,S1,11.0,,,169.0,46.0,22,42,26.0,31.0,SI,,169.0
SEC-0931,Semestre Cero,I.E. Presbitero Libardo Aguirre,I. E. PRESBITERO LIBARDO AGUIRRE,Concepción,Antioquia,Oficial,6.3953,-75.2575,G27,Simulacro 1,S1,11.0,,,168.0,39.0,24,44,28.0,33.0,SI,,168.0
SEC-0932,Semestre Cero,I.E. Presbitero Libardo Aguirre,I. E. PRESBITERO LIBARDO AGUIRRE,Concepción,Antioquia,Oficial,6.3953,-75.2575,G27,Simulacro 1,S1,11.0,,,163.0,39.0,20,56,16.0,31.0,SI,,163.0
SEC-0933,Semestre Cero,I.E. Presbitero Libardo Aguirre,I. E. PRESBITERO LIBARDO AGUIRRE,Concepción,Antioquia,Oficial,6.3953,-75.2575,G27,Simulacro 1,S1,11.0,,,160.0,24.0,28,40,34.0,36.0,SI,,160.0
SEC-0934,Semestre Cero,I.E. Presbitero Libardo Aguirre,I. E. PRESBITERO LIBARDO AGUIRRE,Concepción,Antioquia,Oficial,6.3953,-75.2575,G27,Simulacro 1,S1,11.0,,,154.0,29.0,28,40,26.0,31.0,SI,,154.0
SEC-0935,Semestre Cero,I.E. Presbitero Libardo Aguirre,I. E. PRESBITERO LIBARDO AGUIRRE,Concepción,Antioquia,Oficial,6.3953,-75.2575,G27,Simulacro 1,S1,11.0,,,153.0,37.0,14,46,22.0,40.0,SI,,153.0
SEC-0936,Semestre Cero,I.E. Presbitero Libardo Aguirre,I. E. PRESBITERO LIBARDO AGUIRRE,Concepción,Antioquia,Oficial,6.3953,-75.2575,G27,Simulacro 1,S1,11.0,,,150.0,29.0,32,36,26.0,22.0,SI,,150.0
SEC-0937,Semestre Cero,I.E. Presbitero Libardo Aguirre,I. E. PRESBITERO LIBARDO AGUIRRE,Concepción,Antioquia,Oficial,6.3953,-75.2575,G27,Simulacro 1,S1,11.0,,,150.0,41.0,26,18,34.0,31.0,SI,,150.0
SEC-0938,Semestre Cero,I.E. Presbitero Libardo Aguirre,I. E. PRESBITERO LIBARDO AGUIRRE,Concepción,Antioquia,Oficial,6.3953,-75.2575,G27,Simulacro 1,S1,11.0,,,149.0,32.0,26,38,22.0,33.0,SI,,149.0
SEC-0939,Semestre Cero,I.E. Presbitero Libardo Aguirre,I. E. PRESBITERO LIBARDO AGUIRRE,Concepción,Antioquia,Oficial,6.3953,-75.2575,G27,Simulacro 1,S1,11.0,,,148.0,41.0,20,26,24.0,51.0,SI,,148.0
SEC-0940,Semestre Cero,I.E. Presbitero Libardo Aguirre,I. E. PRESBITERO LIBARDO AGUIRRE,Concepción,Antioquia,Oficial,6.3953,-75.2575,G27,Simulacro 1,S1,11.0,,,145.0,29.0,34,42,12.0,25.0,SI,,145.0
SEC-0941,Semestre Cero,I.E. Presbitero Libardo Aguirre,I. E. PRESBITERO LIBARDO AGUIRRE,Concepción,Antioquia,Oficial,6.3953,-75.2575,G27,Simulacro 1,S1,11.0,,,138.0,22.0,22,24,38.0,42.0,SI,,138.0
SEC-0942,Semestre Cero,I.E. Presbitero Libardo Aguirre,I. E. PRESBITERO LIBARDO AGUIRRE,Concepción,Antioquia,Oficial,6.3953,-75.2575,G27,Simulacro 1,S1,11.0,,,134.0,27.0,22,36,22.0,27.0,SI,,134.0
SEC-0943,Semestre Cero,I.E. Presbitero Libardo Aguirre,I. E. PRESBITERO LIBARDO AGUIRRE,Concepción,Antioquia,Oficial,6.3953,-75.2575,G27,Simulacro 1,S1,11.0,,,132.0,34.0,22,26,24.0,24.0,SI,,132.0
SEC-0090,Semestre Cero,I.E. Pueblo Nuevo,I. E. PUEBLO NUEVO,Amalfi,Antioquia,Oficial,6.9778,-74.9812,G3,Simulacro 1,S1,11.0,,,230.0,61.0,24,60,36.0,55.0,SI,,230.0
SEC-0091,Semestre Cero,I.E. Pueblo Nuevo,I. E. PUEBLO NUEVO,Amalfi,Antioquia,Oficial,6.9778,-74.9812,G3,Simulacro 1,S1,11.0,,,214.0,34.0,36,60,40.0,47.0,SI,,214.0
SEC-0092,Semestre Cero,I.E. Pueblo Nuevo,I. E. PUEBLO NUEVO,Amalfi,Antioquia,Oficial,6.9778,-74.9812,G3,Simulacro 1,S1,11.0,,,206.0,46.0,26,60,33.0,40.0,SI,,206.0
SEC-0093,Semestre Cero,I.E. Pueblo Nuevo,I. E. PUEBLO NUEVO,Amalfi,Antioquia,Oficial,6.9778,-74.9812,G3,Simulacro 1,S1,11.0,,,200.0,41.0,28,50,29.0,73.0,SI,,200.0
SEC-0094,Semestre Cero,I.E. Pueblo Nuevo,I. E. PUEBLO NUEVO,Amalfi,Antioquia,Oficial,6.9778,-74.9812,G3,Simulacro 1,S1,11.0,,,199.0,51.0,28,32,43.0,55.0,SI,,199.0
SEC-0095,Semestre Cero,I.E. Pueblo Nuevo,I. E. PUEBLO NUEVO,Amalfi,Antioquia,Oficial,6.9778,-74.9812,G3,Simulacro 1,S1,11.0,,,196.0,51.0,34,42,28.0,45.0,SI,,196.0
SEC-0096,Semestre Cero,I.E. Pueblo Nuevo,I. E. PUEBLO NUEVO,Amalfi,Antioquia,Oficial,6.9778,-74.9812,G3,Simulacro 1,S1,11.0,,,194.0,41.0,32,50,33.0,36.0,SI,,194.0
SEC-0097,Semestre Cero,I.E. Pueblo Nuevo,I. E. PUEBLO NUEVO,Amalfi,Antioquia,Oficial,6.9778,-74.9812,G3,Simulacro 1,S1,11.0,,,190.0,44.0,24,52,31.0,42.0,SI,,190.0
SEC-0098,Semestre Cero,I.E. Pueblo Nuevo,I. E. PUEBLO NUEVO,Amalfi,Antioquia,Oficial,6.9778,-74.9812,G3,Simulacro 1,S1,11.0,,,183.0,46.0,30,44,28.0,33.0,SI,,183.0
SEC-0099,Semestre Cero,I.E. Pueblo Nuevo,I. E. PUEBLO NUEVO,Amalfi,Antioquia,Oficial,6.9778,-74.9812,G3,Simulacro 1,S1,11.0,,,182.0,39.0,34,46,26.0,38.0,SI,,182.0
SEC-0100,Semestre Cero,I.E. Pueblo Nuevo,I. E. PUEBLO NUEVO,Amalfi,Antioquia,Oficial,6.9778,-74.9812,G3,Simulacro 1,S1,11.0,,,182.0,44.0,22,50,26.0,47.0,SI,,182.0
SEC-0101,Semestre Cero,I.E. Pueblo Nuevo,I. E. PUEBLO NUEVO,Amalfi,Antioquia,Oficial,6.9778,-74.9812,G3,Simulacro 1,S1,11.0,,,182.0,54.0,32,36,22.0,40.0,SI,,182.0
SEC-0102,Semestre Cero,I.E. Pueblo Nuevo,I. E. PUEBLO NUEVO,Amalfi,Antioquia,Oficial,6.9778,-74.9812,G3,Simulacro 1,S1,11.0,,,180.0,54.0,12,48,31.0,35.0,SI,,180.0
SEC-0103,Semestre Cero,I.E. Pueblo Nuevo,I. E. PUEBLO NUEVO,Amalfi,Antioquia,Oficial,6.9778,-74.9812,G3,Simulacro 1,S1,11.0,,,179.0,44.0,34,48,12.0,53.0,SI,,179.0
SEC-0104,Semestre Cero,I.E. Pueblo Nuevo,I. E. PUEBLO NUEVO,Amalfi,Antioquia,Oficial,6.9778,-74.9812,G3,Simulacro 1,S1,11.0,,,178.0,46.0,28,32,28.0,60.0,SI,,178.0
SEC-0105,Semestre Cero,I.E. Pueblo Nuevo,I. E. PUEBLO NUEVO,Amalfi,Antioquia,Oficial,6.9778,-74.9812,G3,Simulacro 1,S1,11.0,,,174.0,34.0,36,38,24.0,55.0,SI,,174.0
SEC-0106,Semestre Cero,I.E. Pueblo Nuevo,I. E. PUEBLO NUEVO,Amalfi,Antioquia,Oficial,6.9778,-74.9812,G3,Simulacro 1,S1,11.0,,,171.0,34.0,20,40,36.0,53.0,SI,,171.0
SEC-0107,Semestre Cero,I.E. Pueblo Nuevo,I. E. PUEBLO NUEVO,Amalfi,Antioquia,Oficial,6.9778,-74.9812,G3,Simulacro 1,S1,11.0,,,170.0,37.0,30,34,34.0,36.0,SI,,170.0
SEC-0108,Semestre Cero,I.E. Pueblo Nuevo,I. E. PUEBLO NUEVO,Amalfi,Antioquia,Oficial,6.9778,-74.9812,G3,Simulacro 1,S1,11.0,,,166.0,20.0,26,52,33.0,42.0,SI,,166.0
SEC-0109,Semestre Cero,I.E. Pueblo Nuevo,I. E. PUEBLO NUEVO,Amalfi,Antioquia,Oficial,6.9778,-74.9812,G3,Simulacro 1,S1,11.0,,,165.0,29.0,28,44,28.0,44.0,SI,,165.0
SEC-0110,Semestre Cero,I.E. Pueblo Nuevo,I. E. PUEBLO NUEVO,Amalfi,Antioquia,Oficial,6.9778,-74.9812,G3,Simulacro 1,S1,11.0,,,165.0,37.0,28,40,28.0,33.0,SI,,165.0
SEC-0111,Semestre Cero,I.E. Pueblo Nuevo,I. E. PUEBLO NUEVO,Amalfi,Antioquia,Oficial,6.9778,-74.9812,G3,Simulacro 1,S1,11.0,,,159.0,41.0,18,36,31.0,35.0,SI,,159.0
SEC-0112,Semestre Cero,I.E. Pueblo Nuevo,I. E. PUEBLO NUEVO,Amalfi,Antioquia,Oficial,6.9778,-74.9812,G3,Simulacro 1,S1,11.0,,,159.0,46.0,18,32,26.0,47.0,SI,,159.0
SEC-0113,Semestre Cero,I.E. Pueblo Nuevo,I. E. PUEBLO NUEVO,Amalfi,Antioquia,Oficial,6.9778,-74.9812,G3,Simulacro 1,S1,11.0,,,159.0,39.0,28,26,34.0,31.0,SI,,159.0
SEC-0114,Semestre Cero,I.E. Pueblo Nuevo,I. E. PUEBLO NUEVO,Amalfi,Antioquia,Oficial,6.9778,-74.9812,G3,Simulacro 1,S1,11.0,,,159.0,44.0,18,38,24.0,40.0,SI,,159.0
SEC-0115,Semestre Cero,I.E. Pueblo Nuevo,I. E. PUEBLO NUEVO,Amalfi,Antioquia,Oficial,6.9778,-74.9812,G3,Simulacro 1,S1,11.0,,,158.0,32.0,28,38,22.0,51.0,SI,,158.0
SEC-0116,Semestre Cero,I.E. Pueblo Nuevo,I. E. PUEBLO NUEVO,Amalfi,Antioquia,Oficial,6.9778,-74.9812,G3,Simulacro 1,S1,11.0,,,157.0,29.0,28,32,38.0,27.0,SI,,157.0
SEC-0117,Semestre Cero,I.E. Pueblo Nuevo,I. E. PUEBLO NUEVO,Amalfi,Antioquia,Oficial,6.9778,-74.9812,G3,Simulacro 1,S1,11.0,,,156.0,37.0,24,36,22.0,49.0,SI,,156.0
SEC-0118,Semestre Cero,I.E. Pueblo Nuevo,I. E. PUEBLO NUEVO,Amalfi,Antioquia,Oficial,6.9778,-74.9812,G3,Simulacro 1,S1,11.0,,,153.0,44.0,24,28,28.0,27.0,SI,,153.0
SEC-0119,Semestre Cero,I.E. Pueblo Nuevo,I. E. PUEBLO NUEVO,Amalfi,Antioquia,Oficial,6.9778,-74.9812,G3,Simulacro 1,S1,11.0,,,144.0,22.0,28,40,21.0,44.0,SI,,144.0
SEC-0120,Semestre Cero,I.E. Pueblo Nuevo,I. E. PUEBLO NUEVO,Amalfi,Antioquia,Oficial,6.9778,-74.9812,G3,Simulacro 1,S1,11.0,,,144.0,27.0,20,38,26.0,42.0,SI,,144.0
SEC-0121,Semestre Cero,I.E. Pueblo Nuevo,I. E. PUEBLO NUEVO,Amalfi,Antioquia,Oficial,6.9778,-74.9812,G3,Simulacro 1,S1,11.0,,,143.0,32.0,30,32,22.0,24.0,SI,,143.0
SEC-0122,Semestre Cero,I.E. Pueblo Nuevo,I. E. PUEBLO NUEVO,Amalfi,Antioquia,Oficial,6.9778,-74.9812,G3,Simulacro 1,S1,11.0,,,143.0,27.0,20,32,31.0,42.0,SI,,143.0
SEC-0123,Semestre Cero,I.E. Pueblo Nuevo,I. E. PUEBLO NUEVO,Amalfi,Antioquia,Oficial,6.9778,-74.9812,G3,Simulacro 1,S1,11.0,,,141.0,37.0,12,34,26.0,40.0,SI,,141.0
SEC-0124,Semestre Cero,I.E. Pueblo Nuevo,I. E. PUEBLO NUEVO,Amalfi,Antioquia,Oficial,6.9778,-74.9812,G3,Simulacro 1,S1,11.0,,,140.0,27.0,24,38,22.0,29.0,SI,,140.0
SEC-0125,Semestre Cero,I.E. Pueblo Nuevo,I. E. PUEBLO NUEVO,Amalfi,Antioquia,Oficial,6.9778,-74.9812,G3,Simulacro 1,S1,11.0,,,137.0,34.0,24,34,17.0,27.0,SI,,137.0
SEC-0126,Semestre Cero,I.E. Pueblo Nuevo,I. E. PUEBLO NUEVO,Amalfi,Antioquia,Oficial,6.9778,-74.9812,G3,Simulacro 1,S1,11.0,,,128.0,39.0,20,22,24.0,18.0,SI,,128.0
SEC-0127,Semestre Cero,I.E. Pueblo Nuevo,I. E. PUEBLO NUEVO,Amalfi,Antioquia,Oficial,6.9778,-74.9812,G3,Simulacro 1,S1,11.0,,,125.0,17.0,28,36,17.0,29.0,SI,,125.0
SEC-0128,Semestre Cero,I.E. Pueblo Nuevo,I. E. PUEBLO NUEVO,Amalfi,Antioquia,Oficial,6.9778,-74.9812,G3,Simulacro 1,S1,11.0,,,121.0,54.0,24,12,16.0,0.0,SI,,121.0
SEC-1848,Semestre Cero,I.E. San Andres,I. E. SAN ANDRES,San Andrés de Cuerquia,Antioquia,Oficial,6.9158,-75.6739,G53,Simulacro 1,S1,11.0,,,310.0,66.0,62,60,57.0,71.0,SI,,310.0
SEC-1849,Semestre Cero,I.E. San Andres,I. E. SAN ANDRES,San Andrés de Cuerquia,Antioquia,Oficial,6.9158,-75.6739,G53,Simulacro 1,S1,11.0,,,262.0,54.0,46,56,50.0,64.0,SI,,262.0
SEC-1850,Semestre Cero,I.E. San Andres,I. E. SAN ANDRES,San Andrés de Cuerquia,Antioquia,Oficial,6.9158,-75.6739,G53,Simulacro 1,S1,11.0,,,258.0,73.0,36,52,36.0,78.0,SI,,258.0
SEC-1851,Semestre Cero,I.E. San Andres,I. E. SAN ANDRES,San Andrés de Cuerquia,Antioquia,Oficial,6.9158,-75.6739,G53,Simulacro 1,S1,11.0,,,238.0,59.0,36,58,29.0,73.0,SI,,238.0
SEC-1852,Semestre Cero,I.E. San Andres,I. E. SAN ANDRES,San Andrés de Cuerquia,Antioquia,Oficial,6.9158,-75.6739,G53,Simulacro 1,S1,11.0,,,236.0,61.0,34,58,31.0,62.0,SI,,236.0
SEC-1853,Semestre Cero,I.E. San Andres,I. E. SAN ANDRES,San Andrés de Cuerquia,Antioquia,Oficial,6.9158,-75.6739,G53,Simulacro 1,S1,11.0,,,233.0,56.0,34,68,28.0,49.0,SI,,233.0
SEC-1854,Semestre Cero,I.E. San Andres,I. E. SAN ANDRES,San Andrés de Cuerquia,Antioquia,Oficial,6.9158,-75.6739,G53,Simulacro 1,S1,11.0,,,229.0,59.0,22,58,36.0,71.0,SI,,229.0
SEC-1855,Semestre Cero,I.E. San Andres,I. E. SAN ANDRES,San Andrés de Cuerquia,Antioquia,Oficial,6.9158,-75.6739,G53,Simulacro 1,S1,11.0,,,227.0,56.0,24,66,33.0,55.0,SI,,227.0
SEC-1856,Semestre Cero,I.E. San Andres,I. E. SAN ANDRES,San Andrés de Cuerquia,Antioquia,Oficial,6.9158,-75.6739,G53,Simulacro 1,S1,11.0,,,220.0,51.0,26,62,34.0,51.0,SI,,220.0
SEC-1857,Semestre Cero,I.E. San Andres,I. E. SAN ANDRES,San Andrés de Cuerquia,Antioquia,Oficial,6.9158,-75.6739,G53,Simulacro 1,S1,11.0,,,219.0,59.0,30,48,31.0,67.0,SI,,219.0
SEC-1858,Semestre Cero,I.E. San Andres,I. E. SAN ANDRES,San Andrés de Cuerquia,Antioquia,Oficial,6.9158,-75.6739,G53,Simulacro 1,S1,11.0,,,212.0,41.0,40,50,34.0,55.0,SI,,212.0
SEC-1859,Semestre Cero,I.E. San Andres,I. E. SAN ANDRES,San Andrés de Cuerquia,Antioquia,Oficial,6.9158,-75.6739,G53,Simulacro 1,S1,11.0,,,200.0,37.0,34,58,31.0,42.0,SI,,200.0
SEC-1860,Semestre Cero,I.E. San Andres,I. E. SAN ANDRES,San Andrés de Cuerquia,Antioquia,Oficial,6.9158,-75.6739,G53,Simulacro 1,S1,11.0,,,200.0,54.0,24,52,29.0,44.0,SI,,200.0
SEC-1861,Semestre Cero,I.E. San Andres,I. E. SAN ANDRES,San Andrés de Cuerquia,Antioquia,Oficial,6.9158,-75.6739,G53,Simulacro 1,S1,11.0,,,192.0,51.0,38,40,21.0,49.0,SI,,192.0
SEC-1862,Semestre Cero,I.E. San Andres,I. E. SAN ANDRES,San Andrés de Cuerquia,Antioquia,Oficial,6.9158,-75.6739,G53,Simulacro 1,S1,11.0,,,190.0,39.0,42,40,28.0,47.0,SI,,190.0
SEC-1863,Semestre Cero,I.E. San Andres,I. E. SAN ANDRES,San Andrés de Cuerquia,Antioquia,Oficial,6.9158,-75.6739,G53,Simulacro 1,S1,11.0,,,186.0,37.0,32,42,34.0,49.0,SI,,186.0
SEC-1864,Semestre Cero,I.E. San Andres,I. E. SAN ANDRES,San Andrés de Cuerquia,Antioquia,Oficial,6.9158,-75.6739,G53,Simulacro 1,S1,11.0,,,174.0,44.0,28,44,22.0,36.0,SI,,174.0
SEC-1865,Semestre Cero,I.E. San Andres,I. E. SAN ANDRES,San Andrés de Cuerquia,Antioquia,Oficial,6.9158,-75.6739,G53,Simulacro 1,S1,11.0,,,173.0,37.0,30,52,19.0,36.0,SI,,173.0
SEC-1866,Semestre Cero,I.E. San Andres,I. E. SAN ANDRES,San Andrés de Cuerquia,Antioquia,Oficial,6.9158,-75.6739,G53,Simulacro 1,S1,11.0,,,170.0,39.0,24,38,34.0,36.0,SI,,170.0
SEC-1867,Semestre Cero,I.E. San Andres,I. E. SAN ANDRES,San Andrés de Cuerquia,Antioquia,Oficial,6.9158,-75.6739,G53,Simulacro 1,S1,11.0,,,167.0,34.0,28,44,31.0,24.0,SI,,167.0
SEC-1868,Semestre Cero,I.E. San Andres,I. E. SAN ANDRES,San Andrés de Cuerquia,Antioquia,Oficial,6.9158,-75.6739,G53,Simulacro 1,S1,11.0,,,164.0,34.0,26,34,36.0,36.0,SI,,164.0
SEC-1299,Semestre Cero,I.E. San Diego,I. E. SAN DIEGO,Liborina,Antioquia,Oficial,6.6781,-75.8114,G39,Simulacro 1,S1,11.0,,,287.0,63.0,44,78,38.0,76.0,SI,,287.0
SEC-1300,Semestre Cero,I.E. San Diego,I. E. SAN DIEGO,Liborina,Antioquia,Oficial,6.6781,-75.8114,G39,Simulacro 1,S1,11.0,,,246.0,59.0,46,44,41.0,71.0,SI,,246.0
SEC-1301,Semestre Cero,I.E. San Diego,I. E. SAN DIEGO,Liborina,Antioquia,Oficial,6.6781,-75.8114,G39,Simulacro 1,S1,11.0,,,222.0,49.0,48,52,28.0,49.0,SI,,222.0
SEC-1302,Semestre Cero,I.E. San Diego,I. E. SAN DIEGO,Liborina,Antioquia,Oficial,6.6781,-75.8114,G39,Simulacro 1,S1,11.0,,,220.0,54.0,28,54,41.0,42.0,SI,,220.0
SEC-1303,Semestre Cero,I.E. San Diego,I. E. SAN DIEGO,Liborina,Antioquia,Oficial,6.6781,-75.8114,G39,Simulacro 1,S1,11.0,,,218.0,54.0,32,48,36.0,56.0,SI,,218.0
SEC-1304,Semestre Cero,I.E. San Diego,I. E. SAN DIEGO,Liborina,Antioquia,Oficial,6.6781,-75.8114,G39,Simulacro 1,S1,11.0,,,214.0,61.0,26,62,16.0,64.0,SI,,214.0
SEC-1305,Semestre Cero,I.E. San Diego,I. E. SAN DIEGO,Liborina,Antioquia,Oficial,6.6781,-75.8114,G39,Simulacro 1,S1,11.0,,,205.0,54.0,30,48,29.0,51.0,SI,,205.0
SEC-1306,Semestre Cero,I.E. San Diego,I. E. SAN DIEGO,Liborina,Antioquia,Oficial,6.6781,-75.8114,G39,Simulacro 1,S1,11.0,,,193.0,49.0,40,50,17.0,35.0,SI,,193.0
SEC-1307,Semestre Cero,I.E. San Diego,I. E. SAN DIEGO,Liborina,Antioquia,Oficial,6.6781,-75.8114,G39,Simulacro 1,S1,11.0,,,191.0,44.0,36,40,31.0,44.0,SI,,191.0
SEC-1308,Semestre Cero,I.E. San Diego,I. E. SAN DIEGO,Liborina,Antioquia,Oficial,6.6781,-75.8114,G39,Simulacro 1,S1,11.0,,,186.0,49.0,30,42,22.0,55.0,SI,,186.0
SEC-1309,Semestre Cero,I.E. San Diego,I. E. SAN DIEGO,Liborina,Antioquia,Oficial,6.6781,-75.8114,G39,Simulacro 1,S1,11.0,,,185.0,37.0,30,48,33.0,40.0,SI,,185.0
SEC-1310,Semestre Cero,I.E. San Diego,I. E. SAN DIEGO,Liborina,Antioquia,Oficial,6.6781,-75.8114,G39,Simulacro 1,S1,11.0,,,185.0,46.0,30,42,31.0,33.0,SI,,185.0
SEC-1311,Semestre Cero,I.E. San Diego,I. E. SAN DIEGO,Liborina,Antioquia,Oficial,6.6781,-75.8114,G39,Simulacro 1,S1,11.0,,,185.0,29.0,36,44,36.0,44.0,SI,,185.0
SEC-1312,Semestre Cero,I.E. San Diego,I. E. SAN DIEGO,Liborina,Antioquia,Oficial,6.6781,-75.8114,G39,Simulacro 1,S1,11.0,,,183.0,41.0,28,42,31.0,47.0,SI,,183.0
SEC-1313,Semestre Cero,I.E. San Diego,I. E. SAN DIEGO,Liborina,Antioquia,Oficial,6.6781,-75.8114,G39,Simulacro 1,S1,11.0,,,176.0,54.0,26,30,26.0,51.0,SI,,176.0
SEC-1314,Semestre Cero,I.E. San Diego,I. E. SAN DIEGO,Liborina,Antioquia,Oficial,6.6781,-75.8114,G39,Simulacro 1,S1,11.0,,,173.0,39.0,36,38,26.0,33.0,SI,,173.0
SEC-1315,Semestre Cero,I.E. San Diego,I. E. SAN DIEGO,Liborina,Antioquia,Oficial,6.6781,-75.8114,G39,Simulacro 1,S1,11.0,,,166.0,39.0,32,42,17.0,40.0,SI,,166.0
SEC-1316,Semestre Cero,I.E. San Diego,I. E. SAN DIEGO,Liborina,Antioquia,Oficial,6.6781,-75.8114,G39,Simulacro 1,S1,11.0,,,165.0,37.0,20,40,31.0,47.0,SI,,165.0
SEC-1317,Semestre Cero,I.E. San Diego,I. E. SAN DIEGO,Liborina,Antioquia,Oficial,6.6781,-75.8114,G39,Simulacro 1,S1,11.0,,,161.0,54.0,18,34,22.0,35.0,SI,,161.0
SEC-1318,Semestre Cero,I.E. San Diego,I. E. SAN DIEGO,Liborina,Antioquia,Oficial,6.6781,-75.8114,G39,Simulacro 1,S1,11.0,,,154.0,44.0,22,32,31.0,15.0,SI,,154.0
SEC-1319,Semestre Cero,I.E. San Diego,I. E. SAN DIEGO,Liborina,Antioquia,Oficial,6.6781,-75.8114,G39,Simulacro 1,S1,11.0,,,153.0,32.0,30,32,24.0,45.0,SI,,153.0
SEC-1320,Semestre Cero,I.E. San Diego,I. E. SAN DIEGO,Liborina,Antioquia,Oficial,6.6781,-75.8114,G39,Simulacro 1,S1,11.0,,,151.0,54.0,18,26,21.0,38.0,SI,,151.0
SEC-1321,Semestre Cero,I.E. San Diego,I. E. SAN DIEGO,Liborina,Antioquia,Oficial,6.6781,-75.8114,G39,Simulacro 1,S1,11.0,,,150.0,32.0,38,22,28.0,33.0,SI,,150.0
SEC-1322,Semestre Cero,I.E. San Diego,I. E. SAN DIEGO,Liborina,Antioquia,Oficial,6.6781,-75.8114,G39,Simulacro 1,S1,11.0,,,148.0,27.0,34,32,28.0,24.0,SI,,148.0
SEC-1323,Semestre Cero,I.E. San Diego,I. E. SAN DIEGO,Liborina,Antioquia,Oficial,6.6781,-75.8114,G39,Simulacro 1,S1,11.0,,,147.0,37.0,26,24,28.0,40.0,SI,,147.0
SEC-1324,Semestre Cero,I.E. San Diego,I. E. SAN DIEGO,Liborina,Antioquia,Oficial,6.6781,-75.8114,G39,Simulacro 1,S1,11.0,,,147.0,39.0,32,20,28.0,25.0,SI,,147.0
SEC-1325,Semestre Cero,I.E. San Diego,I. E. SAN DIEGO,Liborina,Antioquia,Oficial,6.6781,-75.8114,G39,Simulacro 1,S1,11.0,,,145.0,39.0,20,40,17.0,27.0,SI,,145.0
SEC-1326,Semestre Cero,I.E. San Diego,I. E. SAN DIEGO,Liborina,Antioquia,Oficial,6.6781,-75.8114,G39,Simulacro 1,S1,11.0,,,143.0,32.0,26,30,21.0,45.0,SI,,143.0
SEC-1327,Semestre Cero,I.E. San Diego,I. E. SAN DIEGO,Liborina,Antioquia,Oficial,6.6781,-75.8114,G39,Simulacro 1,S1,11.0,,,140.0,32.0,28,30,22.0,27.0,SI,,140.0
SEC-1328,Semestre Cero,I.E. San Diego,I. E. SAN DIEGO,Liborina,Antioquia,Oficial,6.6781,-75.8114,G39,Simulacro 1,S1,11.0,,,137.0,32.0,26,26,28.0,22.0,SI,,137.0
SEC-1329,Semestre Cero,I.E. San Diego,I. E. SAN DIEGO,Liborina,Antioquia,Oficial,6.6781,-75.8114,G39,Simulacro 1,S1,11.0,,,135.0,27.0,32,26,19.0,40.0,SI,,135.0
SEC-1330,Semestre Cero,I.E. San Diego,I. E. SAN DIEGO,Liborina,Antioquia,Oficial,6.6781,-75.8114,G39,Simulacro 1,S1,11.0,,,132.0,37.0,16,26,26.0,29.0,SI,,132.0
SEC-1331,Semestre Cero,I.E. San Diego,I. E. SAN DIEGO,Liborina,Antioquia,Oficial,6.6781,-75.8114,G39,Simulacro 1,S1,11.0,,,126.0,27.0,20,26,29.0,22.0,SI,,126.0
SEC-1332,Semestre Cero,I.E. San Diego,I. E. SAN DIEGO,Liborina,Antioquia,Oficial,6.6781,-75.8114,G39,Simulacro 1,S1,11.0,,,93.0,10.0,20,22,19.0,31.0,SI,,93.0
SEC-0150,Semestre Cero,I.E. San Jose,I. E. SAN JOSE,Angelópolis,Antioquia,Oficial,6.1214,-75.7159,G5,Simulacro 1,S1,11.0,,,195.0,29.0,36,58,26.0,60.0,SI,,195.0
SEC-0151,Semestre Cero,I.E. San Jose,I. E. SAN JOSE,Angelópolis,Antioquia,Oficial,6.1214,-75.7159,G5,Simulacro 1,S1,11.0,,,190.0,49.0,26,44,31.0,44.0,SI,,190.0
SEC-0152,Semestre Cero,I.E. San Jose,I. E. SAN JOSE,Angelópolis,Antioquia,Oficial,6.1214,-75.7159,G5,Simulacro 1,S1,11.0,,,184.0,54.0,28,40,21.0,51.0,SI,,184.0
SEC-0153,Semestre Cero,I.E. San Jose,I. E. SAN JOSE,Angelópolis,Antioquia,Oficial,6.1214,-75.7159,G5,Simulacro 1,S1,11.0,,,182.0,46.0,28,46,21.0,49.0,SI,,182.0
SEC-0154,Semestre Cero,I.E. San Jose,I. E. SAN JOSE,Angelópolis,Antioquia,Oficial,6.1214,-75.7159,G5,Simulacro 1,S1,11.0,,,174.0,51.0,32,42,12.0,42.0,SI,,174.0
SEC-0155,Semestre Cero,I.E. San Jose,I. E. SAN JOSE,Angelópolis,Antioquia,Oficial,6.1214,-75.7159,G5,Simulacro 1,S1,11.0,,,173.0,41.0,28,40,28.0,38.0,SI,,173.0
SEC-0156,Semestre Cero,I.E. San Jose,I. E. SAN JOSE,Angelópolis,Antioquia,Oficial,6.1214,-75.7159,G5,Simulacro 1,S1,11.0,,,173.0,51.0,24,40,24.0,31.0,SI,,173.0
SEC-0157,Semestre Cero,I.E. San Jose,I. E. SAN JOSE,Angelópolis,Antioquia,Oficial,6.1214,-75.7159,G5,Simulacro 1,S1,11.0,,,172.0,51.0,24,30,34.0,29.0,SI,,172.0
SEC-0158,Semestre Cero,I.E. San Jose,I. E. SAN JOSE,Angelópolis,Antioquia,Oficial,6.1214,-75.7159,G5,Simulacro 1,S1,11.0,,,172.0,39.0,24,36,34.0,47.0,SI,,172.0
SEC-0159,Semestre Cero,I.E. San Jose,I. E. SAN JOSE,Angelópolis,Antioquia,Oficial,6.1214,-75.7159,G5,Simulacro 1,S1,11.0,,,154.0,34.0,20,34,31.0,44.0,SI,,154.0
SEC-0160,Semestre Cero,I.E. San Jose,I. E. SAN JOSE,Angelópolis,Antioquia,Oficial,6.1214,-75.7159,G5,Simulacro 1,S1,11.0,,,144.0,39.0,14,34,26.0,35.0,SI,,144.0
SEC-0161,Semestre Cero,I.E. San Jose,I. E. SAN JOSE,Angelópolis,Antioquia,Oficial,6.1214,-75.7159,G5,Simulacro 1,S1,11.0,,,136.0,29.0,18,36,28.0,22.0,SI,,136.0
SEC-0162,Semestre Cero,I.E. San Jose,I. E. SAN JOSE,Angelópolis,Antioquia,Oficial,6.1214,-75.7159,G5,Simulacro 1,S1,11.0,,,132.0,27.0,24,30,22.0,33.0,SI,,132.0
SEC-0163,Semestre Cero,I.E. San Jose,I. E. SAN JOSE,Angelópolis,Antioquia,Oficial,6.1214,-75.7159,G5,Simulacro 1,S1,11.0,,,123.0,22.0,20,32,22.0,31.0,SI,,123.0
SEC-0164,Semestre Cero,I.E. San Jose,I. E. SAN JOSE,Angelópolis,Antioquia,Oficial,6.1214,-75.7159,G5,Simulacro 1,S1,11.0,,,123.0,22.0,20,34,22.0,24.0,SI,,123.0
SEC-0165,Semestre Cero,I.E. San Jose,I. E. SAN JOSE,Angelópolis,Antioquia,Oficial,6.1214,-75.7159,G5,Simulacro 1,S1,11.0,,,120.0,22.0,16,40,19.0,22.0,SI,,120.0
SEC-0166,Semestre Cero,I.E. San Jose,I. E. SAN JOSE,Angelópolis,Antioquia,Oficial,6.1214,-75.7159,G5,Simulacro 1,S1,11.0,,,115.0,29.0,18,16,22.0,42.0,SI,,115.0
SEC-0167,Semestre Cero,I.E. San Jose,I. E. SAN JOSE,Angelópolis,Antioquia,Oficial,6.1214,-75.7159,G5,Simulacro 1,S1,11.0,,,108.0,22.0,8,26,29.0,25.0,SI,,108.0
SEC-0389,Semestre Cero,I.E. San Jose,I. E. SAN JOSE,Betulia,Antioquia,Oficial,6.1131,-75.9819,G5,Simulacro 1,S1,11.0,,,230.0,68.0,20,62,28.0,65.0,SI,,230.0
SEC-0390,Semestre Cero,I.E. San Jose,I. E. SAN JOSE,Betulia,Antioquia,Oficial,6.1131,-75.9819,G5,Simulacro 1,S1,11.0,,,219.0,56.0,28,52,31.0,67.0,SI,,219.0
SEC-0391,Semestre Cero,I.E. San Jose,I. E. SAN JOSE,Betulia,Antioquia,Oficial,6.1131,-75.9819,G5,Simulacro 1,S1,11.0,,,207.0,46.0,32,58,26.0,51.0,SI,,207.0
SEC-0392,Semestre Cero,I.E. San Jose,I. E. SAN JOSE,Betulia,Antioquia,Oficial,6.1131,-75.9819,G5,Simulacro 1,S1,11.0,,,199.0,46.0,34,44,36.0,36.0,SI,,199.0
SEC-0393,Semestre Cero,I.E. San Jose,I. E. SAN JOSE,Betulia,Antioquia,Oficial,6.1131,-75.9819,G5,Simulacro 1,S1,11.0,,,192.0,49.0,26,46,34.0,35.0,SI,,192.0
SEC-0394,Semestre Cero,I.E. San Jose,I. E. SAN JOSE,Betulia,Antioquia,Oficial,6.1131,-75.9819,G5,Simulacro 1,S1,11.0,,,191.0,44.0,32,42,34.0,38.0,SI,,191.0
SEC-0395,Semestre Cero,I.E. San Jose,I. E. SAN JOSE,Betulia,Antioquia,Oficial,6.1131,-75.9819,G5,Simulacro 1,S1,11.0,,,190.0,41.0,26,48,36.0,40.0,SI,,190.0
SEC-0396,Semestre Cero,I.E. San Jose,I. E. SAN JOSE,Betulia,Antioquia,Oficial,6.1131,-75.9819,G5,Simulacro 1,S1,11.0,,,185.0,41.0,24,52,29.0,40.0,SI,,185.0
SEC-0397,Semestre Cero,I.E. San Jose,I. E. SAN JOSE,Betulia,Antioquia,Oficial,6.1131,-75.9819,G5,Simulacro 1,S1,11.0,,,184.0,51.0,32,32,34.0,29.0,SI,,184.0
SEC-0398,Semestre Cero,I.E. San Jose,I. E. SAN JOSE,Betulia,Antioquia,Oficial,6.1131,-75.9819,G5,Simulacro 1,S1,11.0,,,173.0,56.0,28,26,31.0,25.0,SI,,173.0
SEC-0399,Semestre Cero,I.E. San Jose,I. E. SAN JOSE,Betulia,Antioquia,Oficial,6.1131,-75.9819,G5,Simulacro 1,S1,11.0,,,172.0,44.0,20,38,29.0,53.0,SI,,172.0
SEC-0400,Semestre Cero,I.E. San Jose,I. E. SAN JOSE,Betulia,Antioquia,Oficial,6.1131,-75.9819,G5,Simulacro 1,S1,11.0,,,171.0,51.0,18,46,24.0,27.0,SI,,171.0
SEC-0401,Semestre Cero,I.E. San Jose,I. E. SAN JOSE,Betulia,Antioquia,Oficial,6.1131,-75.9819,G5,Simulacro 1,S1,11.0,,,171.0,34.0,30,30,36.0,53.0,SI,,171.0
SEC-0402,Semestre Cero,I.E. San Jose,I. E. SAN JOSE,Betulia,Antioquia,Oficial,6.1131,-75.9819,G5,Simulacro 1,S1,11.0,,,169.0,46.0,18,48,22.0,36.0,SI,,169.0
SEC-0403,Semestre Cero,I.E. San Jose,I. E. SAN JOSE,Betulia,Antioquia,Oficial,6.1131,-75.9819,G5,Simulacro 1,S1,11.0,,,168.0,37.0,26,40,28.0,47.0,SI,,168.0
SEC-0404,Semestre Cero,I.E. San Jose,I. E. SAN JOSE,Betulia,Antioquia,Oficial,6.1131,-75.9819,G5,Simulacro 1,S1,11.0,,,168.0,41.0,24,52,17.0,33.0,SI,,168.0
SEC-0405,Semestre Cero,I.E. San Jose,I. E. SAN JOSE,Betulia,Antioquia,Oficial,6.1131,-75.9819,G5,Simulacro 1,S1,11.0,,,168.0,54.0,16,44,21.0,33.0,SI,,168.0
SEC-0406,Semestre Cero,I.E. San Jose,I. E. SAN JOSE,Betulia,Antioquia,Oficial,6.1131,-75.9819,G5,Simulacro 1,S1,11.0,,,167.0,34.0,28,40,24.0,56.0,SI,,167.0
SEC-0407,Semestre Cero,I.E. San Jose,I. E. SAN JOSE,Betulia,Antioquia,Oficial,6.1131,-75.9819,G5,Simulacro 1,S1,11.0,,,165.0,39.0,18,40,31.0,45.0,SI,,165.0
SEC-0408,Semestre Cero,I.E. San Jose,I. E. SAN JOSE,Betulia,Antioquia,Oficial,6.1131,-75.9819,G5,Simulacro 1,S1,11.0,,,165.0,32.0,28,38,28.0,53.0,SI,,165.0
SEC-0409,Semestre Cero,I.E. San Jose,I. E. SAN JOSE,Betulia,Antioquia,Oficial,6.1131,-75.9819,G5,Simulacro 1,S1,11.0,,,165.0,34.0,14,54,22.0,55.0,SI,,165.0
SEC-0410,Semestre Cero,I.E. San Jose,I. E. SAN JOSE,Betulia,Antioquia,Oficial,6.1131,-75.9819,G5,Simulacro 1,S1,11.0,,,164.0,41.0,28,28,28.0,51.0,SI,,164.0
SEC-0411,Semestre Cero,I.E. San Jose,I. E. SAN JOSE,Betulia,Antioquia,Oficial,6.1131,-75.9819,G5,Simulacro 1,S1,11.0,,,162.0,34.0,12,50,26.0,55.0,SI,,162.0
SEC-0412,Semestre Cero,I.E. San Jose,I. E. SAN JOSE,Betulia,Antioquia,Oficial,6.1131,-75.9819,G5,Simulacro 1,S1,11.0,,,160.0,37.0,22,40,31.0,27.0,SI,,160.0
SEC-0413,Semestre Cero,I.E. San Jose,I. E. SAN JOSE,Betulia,Antioquia,Oficial,6.1131,-75.9819,G5,Simulacro 1,S1,11.0,,,159.0,39.0,20,34,31.0,40.0,SI,,159.0
SEC-0414,Semestre Cero,I.E. San Jose,I. E. SAN JOSE,Betulia,Antioquia,Oficial,6.1131,-75.9819,G5,Simulacro 1,S1,11.0,,,157.0,49.0,16,32,29.0,29.0,SI,,157.0
SEC-0415,Semestre Cero,I.E. San Jose,I. E. SAN JOSE,Betulia,Antioquia,Oficial,6.1131,-75.9819,G5,Simulacro 1,S1,11.0,,,155.0,51.0,18,24,28.0,40.0,SI,,155.0
SEC-0416,Semestre Cero,I.E. San Jose,I. E. SAN JOSE,Betulia,Antioquia,Oficial,6.1131,-75.9819,G5,Simulacro 1,S1,11.0,,,153.0,27.0,24,32,36.0,40.0,SI,,153.0
SEC-0417,Semestre Cero,I.E. San Jose,I. E. SAN JOSE,Betulia,Antioquia,Oficial,6.1131,-75.9819,G5,Simulacro 1,S1,11.0,,,152.0,51.0,14,36,19.0,35.0,SI,,152.0
SEC-0418,Semestre Cero,I.E. San Jose,I. E. SAN JOSE,Betulia,Antioquia,Oficial,6.1131,-75.9819,G5,Simulacro 1,S1,11.0,,,152.0,32.0,20,36,33.0,33.0,SI,,152.0
SEC-0419,Semestre Cero,I.E. San Jose,I. E. SAN JOSE,Betulia,Antioquia,Oficial,6.1131,-75.9819,G5,Simulacro 1,S1,11.0,,,147.0,32.0,22,28,38.0,24.0,SI,,147.0
SEC-0420,Semestre Cero,I.E. San Jose,I. E. SAN JOSE,Betulia,Antioquia,Oficial,6.1131,-75.9819,G5,Simulacro 1,S1,11.0,,,146.0,37.0,18,36,28.0,25.0,SI,,146.0
SEC-0421,Semestre Cero,I.E. San Jose,I. E. SAN JOSE,Betulia,Antioquia,Oficial,6.1131,-75.9819,G5,Simulacro 1,S1,11.0,,,134.0,32.0,20,34,19.0,35.0,SI,,134.0
SEC-0422,Semestre Cero,I.E. San Jose,I. E. SAN JOSE,Betulia,Antioquia,Oficial,6.1131,-75.9819,G5,Simulacro 1,S1,11.0,,,127.0,17.0,24,32,26.0,35.0,SI,,127.0
SEC-0423,Semestre Cero,I.E. San Jose,I. E. SAN JOSE,Betulia,Antioquia,Oficial,6.1131,-75.9819,G5,Simulacro 1,S1,11.0,,,123.0,20.0,22,26,33.0,20.0,SI,,123.0
SEC-0424,Semestre Cero,I.E. San Jose,I. E. SAN JOSE,Betulia,Antioquia,Oficial,6.1131,-75.9819,G5,Simulacro 1,S1,11.0,,,121.0,27.0,30,16,22.0,29.0,SI,,121.0
SEC-0425,Semestre Cero,I.E. San Jose,I. E. SAN JOSE,Betulia,Antioquia,Oficial,6.1131,-75.9819,G5,Simulacro 1,S1,11.0,,,117.0,27.0,10,28,22.0,42.0,SI,,117.0
SEC-0426,Semestre Cero,I.E. San Jose,I. E. SAN JOSE,Betulia,Antioquia,Oficial,6.1131,-75.9819,G5,Simulacro 1,S1,11.0,,,114.0,27.0,16,24,19.0,38.0,SI,,114.0
SEC-0427,Semestre Cero,I.E. San Jose,I. E. SAN JOSE,Betulia,Antioquia,Oficial,6.1131,-75.9819,G5,Simulacro 1,S1,11.0,,,100.0,44.0,20,16,7.0,0.0,SI,,100.0
SEC-0428,Semestre Cero,I.E. San Jose,I. E. SAN JOSE,Betulia,Antioquia,Oficial,6.1131,-75.9819,G5,Simulacro 1,S1,11.0,,,95.0,15.0,20,20,19.0,25.0,SI,,95.0
SEC-0429,Semestre Cero,I.E. San Jose,I. E. SAN JOSE,Betulia,Antioquia,Oficial,6.1131,-75.9819,G5,Simulacro 1,S1,11.0,,,94.0,39.0,18,14,10.0,0.0,SI,,94.0
SEC-0430,Semestre Cero,I.E. San Jose,I. E. SAN JOSE,Betulia,Antioquia,Oficial,6.1131,-75.9819,G5,Simulacro 1,S1,11.0,,,92.0,24.0,12,14,17.0,36.0,SI,,92.0
SEC-0431,Semestre Cero,I.E. San Jose,I. E. SAN JOSE,Betulia,Antioquia,Oficial,6.1131,-75.9819,G5,Simulacro 1,S1,11.0,,,70.0,22.0,12,20,7.0,0.0,SI,,70.0
SEC-1813,Semestre Cero,I.E. San Jose,I. E. SAN JOSE,Sabanalarga,Antioquia,Oficial,6.85,-75.8167,G5,Simulacro 1,S1,11.0,,,271.0,68.0,48,54,45.0,60.0,SI,,271.0
SEC-1814,Semestre Cero,I.E. San Jose,I. E. SAN JOSE,Sabanalarga,Antioquia,Oficial,6.85,-75.8167,G5,Simulacro 1,S1,11.0,,,267.0,59.0,42,68,43.0,60.0,SI,,267.0
SEC-1815,Semestre Cero,I.E. San Jose,I. E. SAN JOSE,Sabanalarga,Antioquia,Oficial,6.85,-75.8167,G5,Simulacro 1,S1,11.0,,,254.0,61.0,42,54,40.0,71.0,SI,,254.0
SEC-1816,Semestre Cero,I.E. San Jose,I. E. SAN JOSE,Sabanalarga,Antioquia,Oficial,6.85,-75.8167,G5,Simulacro 1,S1,11.0,,,249.0,54.0,34,66,43.0,56.0,SI,,249.0
SEC-1817,Semestre Cero,I.E. San Jose,I. E. SAN JOSE,Sabanalarga,Antioquia,Oficial,6.85,-75.8167,G5,Simulacro 1,S1,11.0,,,232.0,59.0,42,52,33.0,47.0,SI,,232.0
SEC-1818,Semestre Cero,I.E. San Jose,I. E. SAN JOSE,Sabanalarga,Antioquia,Oficial,6.85,-75.8167,G5,Simulacro 1,S1,11.0,,,229.0,51.0,34,60,40.0,40.0,SI,,229.0
SEC-1819,Semestre Cero,I.E. San Jose,I. E. SAN JOSE,Sabanalarga,Antioquia,Oficial,6.85,-75.8167,G5,Simulacro 1,S1,11.0,,,223.0,46.0,30,50,43.0,73.0,SI,,223.0
SEC-1820,Semestre Cero,I.E. San Jose,I. E. SAN JOSE,Sabanalarga,Antioquia,Oficial,6.85,-75.8167,G5,Simulacro 1,S1,11.0,,,220.0,63.0,28,50,34.0,44.0,SI,,220.0
SEC-1821,Semestre Cero,I.E. San Jose,I. E. SAN JOSE,Sabanalarga,Antioquia,Oficial,6.85,-75.8167,G5,Simulacro 1,S1,11.0,,,219.0,54.0,34,46,36.0,60.0,SI,,219.0
SEC-1822,Semestre Cero,I.E. San Jose,I. E. SAN JOSE,Sabanalarga,Antioquia,Oficial,6.85,-75.8167,G5,Simulacro 1,S1,11.0,,,219.0,56.0,20,64,34.0,45.0,SI,,219.0
SEC-1823,Semestre Cero,I.E. San Jose,I. E. SAN JOSE,Sabanalarga,Antioquia,Oficial,6.85,-75.8167,G5,Simulacro 1,S1,11.0,,,216.0,54.0,24,64,33.0,38.0,SI,,216.0
SEC-1824,Semestre Cero,I.E. San Jose,I. E. SAN JOSE,Sabanalarga,Antioquia,Oficial,6.85,-75.8167,G5,Simulacro 1,S1,11.0,,,215.0,54.0,26,58,36.0,36.0,SI,,215.0
SEC-1825,Semestre Cero,I.E. San Jose,I. E. SAN JOSE,Sabanalarga,Antioquia,Oficial,6.85,-75.8167,G5,Simulacro 1,S1,11.0,,,210.0,49.0,36,48,34.0,44.0,SI,,210.0
SEC-1826,Semestre Cero,I.E. San Jose,I. E. SAN JOSE,Sabanalarga,Antioquia,Oficial,6.85,-75.8167,G5,Simulacro 1,S1,11.0,,,209.0,61.0,26,60,24.0,31.0,SI,,209.0
SEC-1827,Semestre Cero,I.E. San Jose,I. E. SAN JOSE,Sabanalarga,Antioquia,Oficial,6.85,-75.8167,G5,Simulacro 1,S1,11.0,,,209.0,54.0,28,48,36.0,45.0,SI,,209.0
SEC-1828,Semestre Cero,I.E. San Jose,I. E. SAN JOSE,Sabanalarga,Antioquia,Oficial,6.85,-75.8167,G5,Simulacro 1,S1,11.0,,,207.0,51.0,40,48,24.0,47.0,SI,,207.0
SEC-1829,Semestre Cero,I.E. San Jose,I. E. SAN JOSE,Sabanalarga,Antioquia,Oficial,6.85,-75.8167,G5,Simulacro 1,S1,11.0,,,206.0,44.0,28,58,33.0,47.0,SI,,206.0
SEC-1830,Semestre Cero,I.E. San Jose,I. E. SAN JOSE,Sabanalarga,Antioquia,Oficial,6.85,-75.8167,G5,Simulacro 1,S1,11.0,,,195.0,51.0,32,40,31.0,44.0,SI,,195.0
SEC-1831,Semestre Cero,I.E. San Jose,I. E. SAN JOSE,Sabanalarga,Antioquia,Oficial,6.85,-75.8167,G5,Simulacro 1,S1,11.0,,,191.0,49.0,26,50,28.0,40.0,SI,,191.0
SEC-1832,Semestre Cero,I.E. San Jose,I. E. SAN JOSE,Sabanalarga,Antioquia,Oficial,6.85,-75.8167,G5,Simulacro 1,S1,11.0,,,184.0,56.0,28,32,31.0,36.0,SI,,184.0
SEC-1833,Semestre Cero,I.E. San Jose,I. E. SAN JOSE,Sabanalarga,Antioquia,Oficial,6.85,-75.8167,G5,Simulacro 1,S1,11.0,,,183.0,46.0,22,50,29.0,33.0,SI,,183.0
SEC-1834,Semestre Cero,I.E. San Jose,I. E. SAN JOSE,Sabanalarga,Antioquia,Oficial,6.85,-75.8167,G5,Simulacro 1,S1,11.0,,,175.0,37.0,24,48,36.0,22.0,SI,,175.0
SEC-1835,Semestre Cero,I.E. San Jose,I. E. SAN JOSE,Sabanalarga,Antioquia,Oficial,6.85,-75.8167,G5,Simulacro 1,S1,11.0,,,174.0,37.0,22,48,33.0,35.0,SI,,174.0
SEC-1836,Semestre Cero,I.E. San Jose,I. E. SAN JOSE,Sabanalarga,Antioquia,Oficial,6.85,-75.8167,G5,Simulacro 1,S1,11.0,,,173.0,44.0,28,44,24.0,31.0,SI,,173.0
SEC-1837,Semestre Cero,I.E. San Jose,I. E. SAN JOSE,Sabanalarga,Antioquia,Oficial,6.85,-75.8167,G5,Simulacro 1,S1,11.0,,,172.0,46.0,26,42,22.0,38.0,SI,,172.0
SEC-1838,Semestre Cero,I.E. San Jose,I. E. SAN JOSE,Sabanalarga,Antioquia,Oficial,6.85,-75.8167,G5,Simulacro 1,S1,11.0,,,171.0,37.0,28,38,33.0,38.0,SI,,171.0
SEC-1839,Semestre Cero,I.E. San Jose,I. E. SAN JOSE,Sabanalarga,Antioquia,Oficial,6.85,-75.8167,G5,Simulacro 1,S1,11.0,,,149.0,37.0,22,38,21.0,36.0,SI,,149.0
SEC-1840,Semestre Cero,I.E. San Jose,I. E. SAN JOSE,Sabanalarga,Antioquia,Oficial,6.85,-75.8167,G5,Simulacro 1,S1,11.0,,,147.0,29.0,16,38,29.0,45.0,SI,,147.0
SEC-1841,Semestre Cero,I.E. San Jose,I. E. SAN JOSE,Sabanalarga,Antioquia,Oficial,6.85,-75.8167,G5,Simulacro 1,S1,11.0,,,147.0,34.0,14,30,36.0,38.0,SI,,147.0
SEC-1842,Semestre Cero,I.E. San Jose,I. E. SAN JOSE,Sabanalarga,Antioquia,Oficial,6.85,-75.8167,G5,Simulacro 1,S1,11.0,,,144.0,51.0,20,30,16.0,25.0,SI,,144.0
SEC-1843,Semestre Cero,I.E. San Jose,I. E. SAN JOSE,Sabanalarga,Antioquia,Oficial,6.85,-75.8167,G5,Simulacro 1,S1,11.0,,,134.0,44.0,16,32,16.0,27.0,SI,,134.0
SEC-1844,Semestre Cero,I.E. San Jose,I. E. SAN JOSE,Sabanalarga,Antioquia,Oficial,6.85,-75.8167,G5,Simulacro 1,S1,11.0,,,123.0,39.0,22,18,19.0,25.0,SI,,123.0
SEC-1845,Semestre Cero,I.E. San Jose,I. E. SAN JOSE,Sabanalarga,Antioquia,Oficial,6.85,-75.8167,G5,Simulacro 1,S1,11.0,,,103.0,37.0,12,18,16.0,22.0,SI,,103.0
SEC-1846,Semestre Cero,I.E. San Jose,I. E. SAN JOSE,Sabanalarga,Antioquia,Oficial,6.85,-75.8167,G5,Simulacro 1,S1,11.0,,,79.0,27.0,12,16,14.0,0.0,SI,,79.0
SEC-1847,Semestre Cero,I.E. San Jose,I. E. SAN JOSE,Sabanalarga,Antioquia,Oficial,6.85,-75.8167,G5,Simulacro 1,S1,11.0,,,64.0,0.0,12,18,16.0,29.0,SI,,64.0
SEC-0563,Semestre Cero,I.E. San Juan Bosco,I. E. SAN JUAN BOSCO,Caicedo,Antioquia,Oficial,6.4086,-75.9828,G16,Simulacro 1,S1,11.0,,,256.0,59.0,26,66,57.0,44.0,SI,,256.0
SEC-0564,Semestre Cero,I.E. San Juan Bosco,I. E. SAN JUAN BOSCO,Caicedo,Antioquia,Oficial,6.4086,-75.9828,G16,Simulacro 1,S1,11.0,,,251.0,59.0,38,64,38.0,56.0,SI,,251.0
SEC-0565,Semestre Cero,I.E. San Juan Bosco,I. E. SAN JUAN BOSCO,Caicedo,Antioquia,Oficial,6.4086,-75.9828,G16,Simulacro 1,S1,11.0,,,236.0,56.0,24,60,47.0,55.0,SI,,236.0
SEC-0566,Semestre Cero,I.E. San Juan Bosco,I. E. SAN JUAN BOSCO,Caicedo,Antioquia,Oficial,6.4086,-75.9828,G16,Simulacro 1,S1,11.0,,,228.0,49.0,36,54,40.0,58.0,SI,,228.0
SEC-0567,Semestre Cero,I.E. San Juan Bosco,I. E. SAN JUAN BOSCO,Caicedo,Antioquia,Oficial,6.4086,-75.9828,G16,Simulacro 1,S1,11.0,,,223.0,49.0,24,72,28.0,62.0,SI,,223.0
SEC-0568,Semestre Cero,I.E. San Juan Bosco,I. E. SAN JUAN BOSCO,Caicedo,Antioquia,Oficial,6.4086,-75.9828,G16,Simulacro 1,S1,11.0,,,223.0,61.0,24,54,33.0,64.0,SI,,223.0
SEC-0569,Semestre Cero,I.E. San Juan Bosco,I. E. SAN JUAN BOSCO,Caicedo,Antioquia,Oficial,6.4086,-75.9828,G16,Simulacro 1,S1,11.0,,,214.0,56.0,32,58,28.0,35.0,SI,,214.0
SEC-0570,Semestre Cero,I.E. San Juan Bosco,I. E. SAN JUAN BOSCO,Caicedo,Antioquia,Oficial,6.4086,-75.9828,G16,Simulacro 1,S1,11.0,,,210.0,63.0,26,46,34.0,36.0,SI,,210.0
SEC-0571,Semestre Cero,I.E. San Juan Bosco,I. E. SAN JUAN BOSCO,Caicedo,Antioquia,Oficial,6.4086,-75.9828,G16,Simulacro 1,S1,11.0,,,206.0,54.0,18,48,40.0,56.0,SI,,206.0
SEC-0572,Semestre Cero,I.E. San Juan Bosco,I. E. SAN JUAN BOSCO,Caicedo,Antioquia,Oficial,6.4086,-75.9828,G16,Simulacro 1,S1,11.0,,,204.0,49.0,26,62,24.0,47.0,SI,,204.0
SEC-0573,Semestre Cero,I.E. San Juan Bosco,I. E. SAN JUAN BOSCO,Caicedo,Antioquia,Oficial,6.4086,-75.9828,G16,Simulacro 1,S1,11.0,,,199.0,54.0,32,46,26.0,45.0,SI,,199.0
SEC-0574,Semestre Cero,I.E. San Juan Bosco,I. E. SAN JUAN BOSCO,Caicedo,Antioquia,Oficial,6.4086,-75.9828,G16,Simulacro 1,S1,11.0,,,196.0,49.0,20,50,38.0,38.0,SI,,196.0
SEC-0575,Semestre Cero,I.E. San Juan Bosco,I. E. SAN JUAN BOSCO,Caicedo,Antioquia,Oficial,6.4086,-75.9828,G16,Simulacro 1,S1,11.0,,,193.0,54.0,22,48,29.0,44.0,SI,,193.0
SEC-0576,Semestre Cero,I.E. San Juan Bosco,I. E. SAN JUAN BOSCO,Caicedo,Antioquia,Oficial,6.4086,-75.9828,G16,Simulacro 1,S1,11.0,,,193.0,44.0,42,48,22.0,33.0,SI,,193.0
SEC-0577,Semestre Cero,I.E. San Juan Bosco,I. E. SAN JUAN BOSCO,Caicedo,Antioquia,Oficial,6.4086,-75.9828,G16,Simulacro 1,S1,11.0,,,191.0,51.0,30,46,28.0,33.0,SI,,191.0
SEC-0578,Semestre Cero,I.E. San Juan Bosco,I. E. SAN JUAN BOSCO,Caicedo,Antioquia,Oficial,6.4086,-75.9828,G16,Simulacro 1,S1,11.0,,,184.0,46.0,20,42,38.0,40.0,SI,,184.0
SEC-0579,Semestre Cero,I.E. San Juan Bosco,I. E. SAN JUAN BOSCO,Caicedo,Antioquia,Oficial,6.4086,-75.9828,G16,Simulacro 1,S1,11.0,,,182.0,44.0,24,40,36.0,42.0,SI,,182.0
SEC-0580,Semestre Cero,I.E. San Juan Bosco,I. E. SAN JUAN BOSCO,Caicedo,Antioquia,Oficial,6.4086,-75.9828,G16,Simulacro 1,S1,11.0,,,179.0,44.0,30,44,28.0,29.0,SI,,179.0
SEC-0581,Semestre Cero,I.E. San Juan Bosco,I. E. SAN JUAN BOSCO,Caicedo,Antioquia,Oficial,6.4086,-75.9828,G16,Simulacro 1,S1,11.0,,,175.0,41.0,28,34,33.0,47.0,SI,,175.0
SEC-0582,Semestre Cero,I.E. San Juan Bosco,I. E. SAN JUAN BOSCO,Caicedo,Antioquia,Oficial,6.4086,-75.9828,G16,Simulacro 1,S1,11.0,,,152.0,34.0,28,40,19.0,31.0,SI,,152.0
SEC-0583,Semestre Cero,I.E. San Juan Bosco,I. E. SAN JUAN BOSCO,Caicedo,Antioquia,Oficial,6.4086,-75.9828,G16,Simulacro 1,S1,11.0,,,145.0,27.0,30,30,31.0,24.0,SI,,145.0
SEC-0584,Semestre Cero,I.E. San Juan Bosco,I. E. SAN JUAN BOSCO,Caicedo,Antioquia,Oficial,6.4086,-75.9828,G16,Simulacro 1,S1,11.0,,,132.0,34.0,20,24,29.0,20.0,SI,,132.0
SEC-0585,Semestre Cero,I.E. San Juan Bosco,I. E. SAN JUAN BOSCO,Caicedo,Antioquia,Oficial,6.4086,-75.9828,G16,Simulacro 1,S1,11.0,,,130.0,29.0,20,26,24.0,40.0,SI,,130.0
SEC-1905,Semestre Cero,I.E. San Juan de Uraba,I. E. SAN JUAN DE URABA,San Juan de Urabá,Antioquia,Oficial,8.7611,-76.5303,G55,Simulacro 1,S1,11.0,,,305.0,73.0,54,68,41.0,84.0,SI,,305.0
SEC-1906,Semestre Cero,I.E. San Juan de Uraba,I. E. SAN JUAN DE URABA,San Juan de Urabá,Antioquia,Oficial,8.7611,-76.5303,G55,Simulacro 1,S1,11.0,,,253.0,59.0,30,64,38.0,85.0,SI,,253.0
SEC-1907,Semestre Cero,I.E. San Juan de Uraba,I. E. SAN JUAN DE URABA,San Juan de Urabá,Antioquia,Oficial,8.7611,-76.5303,G55,Simulacro 1,S1,11.0,,,241.0,63.0,28,58,45.0,44.0,SI,,241.0
SEC-1908,Semestre Cero,I.E. San Juan de Uraba,I. E. SAN JUAN DE URABA,San Juan de Urabá,Antioquia,Oficial,8.7611,-76.5303,G55,Simulacro 1,S1,11.0,,,240.0,41.0,14,70,59.0,73.0,SI,,240.0
SEC-1909,Semestre Cero,I.E. San Juan de Uraba,I. E. SAN JUAN DE URABA,San Juan de Urabá,Antioquia,Oficial,8.7611,-76.5303,G55,Simulacro 1,S1,11.0,,,240.0,54.0,38,58,45.0,40.0,SI,,240.0
SEC-1910,Semestre Cero,I.E. San Juan de Uraba,I. E. SAN JUAN DE URABA,San Juan de Urabá,Antioquia,Oficial,8.7611,-76.5303,G55,Simulacro 1,S1,11.0,,,237.0,51.0,22,62,43.0,82.0,SI,,237.0
SEC-1911,Semestre Cero,I.E. San Juan de Uraba,I. E. SAN JUAN DE URABA,San Juan de Urabá,Antioquia,Oficial,8.7611,-76.5303,G55,Simulacro 1,S1,11.0,,,236.0,59.0,26,62,43.0,45.0,SI,,236.0
SEC-1912,Semestre Cero,I.E. San Juan de Uraba,I. E. SAN JUAN DE URABA,San Juan de Urabá,Antioquia,Oficial,8.7611,-76.5303,G55,Simulacro 1,S1,11.0,,,216.0,59.0,32,52,29.0,45.0,SI,,216.0
SEC-1913,Semestre Cero,I.E. San Juan de Uraba,I. E. SAN JUAN DE URABA,San Juan de Urabá,Antioquia,Oficial,8.7611,-76.5303,G55,Simulacro 1,S1,11.0,,,214.0,56.0,32,50,31.0,49.0,SI,,214.0
SEC-1914,Semestre Cero,I.E. San Juan de Uraba,I. E. SAN JUAN DE URABA,San Juan de Urabá,Antioquia,Oficial,8.7611,-76.5303,G55,Simulacro 1,S1,11.0,,,213.0,59.0,22,56,34.0,42.0,SI,,213.0
SEC-1915,Semestre Cero,I.E. San Juan de Uraba,I. E. SAN JUAN DE URABA,San Juan de Urabá,Antioquia,Oficial,8.7611,-76.5303,G55,Simulacro 1,S1,11.0,,,203.0,44.0,32,54,34.0,35.0,SI,,203.0
SEC-1916,Semestre Cero,I.E. San Juan de Uraba,I. E. SAN JUAN DE URABA,San Juan de Urabá,Antioquia,Oficial,8.7611,-76.5303,G55,Simulacro 1,S1,11.0,,,203.0,49.0,26,54,36.0,33.0,SI,,203.0
SEC-1917,Semestre Cero,I.E. San Juan de Uraba,I. E. SAN JUAN DE URABA,San Juan de Urabá,Antioquia,Oficial,8.7611,-76.5303,G55,Simulacro 1,S1,11.0,,,203.0,59.0,26,48,28.0,47.0,SI,,203.0
SEC-1918,Semestre Cero,I.E. San Juan de Uraba,I. E. SAN JUAN DE URABA,San Juan de Urabá,Antioquia,Oficial,8.7611,-76.5303,G55,Simulacro 1,S1,11.0,,,203.0,51.0,32,56,31.0,16.0,SI,,203.0
SEC-1919,Semestre Cero,I.E. San Juan de Uraba,I. E. SAN JUAN DE URABA,San Juan de Urabá,Antioquia,Oficial,8.7611,-76.5303,G55,Simulacro 1,S1,11.0,,,202.0,44.0,32,50,31.0,55.0,SI,,202.0
SEC-1920,Semestre Cero,I.E. San Juan de Uraba,I. E. SAN JUAN DE URABA,San Juan de Urabá,Antioquia,Oficial,8.7611,-76.5303,G55,Simulacro 1,S1,11.0,,,201.0,39.0,18,54,48.0,45.0,SI,,201.0
SEC-1921,Semestre Cero,I.E. San Juan de Uraba,I. E. SAN JUAN DE URABA,San Juan de Urabá,Antioquia,Oficial,8.7611,-76.5303,G55,Simulacro 1,S1,11.0,,,199.0,54.0,30,40,31.0,55.0,SI,,199.0
SEC-1922,Semestre Cero,I.E. San Juan de Uraba,I. E. SAN JUAN DE URABA,San Juan de Urabá,Antioquia,Oficial,8.7611,-76.5303,G55,Simulacro 1,S1,11.0,,,198.0,49.0,18,56,33.0,47.0,SI,,198.0
SEC-1923,Semestre Cero,I.E. San Juan de Uraba,I. E. SAN JUAN DE URABA,San Juan de Urabá,Antioquia,Oficial,8.7611,-76.5303,G55,Simulacro 1,S1,11.0,,,197.0,41.0,32,46,31.0,60.0,SI,,197.0
SEC-1924,Semestre Cero,I.E. San Juan de Uraba,I. E. SAN JUAN DE URABA,San Juan de Urabá,Antioquia,Oficial,8.7611,-76.5303,G55,Simulacro 1,S1,11.0,,,196.0,39.0,26,56,33.0,49.0,SI,,196.0
SEC-1925,Semestre Cero,I.E. San Juan de Uraba,I. E. SAN JUAN DE URABA,San Juan de Urabá,Antioquia,Oficial,8.7611,-76.5303,G55,Simulacro 1,S1,11.0,,,196.0,56.0,28,44,28.0,42.0,SI,,196.0
SEC-1926,Semestre Cero,I.E. San Juan de Uraba,I. E. SAN JUAN DE URABA,San Juan de Urabá,Antioquia,Oficial,8.7611,-76.5303,G55,Simulacro 1,S1,11.0,,,194.0,49.0,26,52,26.0,47.0,SI,,194.0
SEC-1927,Semestre Cero,I.E. San Juan de Uraba,I. E. SAN JUAN DE URABA,San Juan de Urabá,Antioquia,Oficial,8.7611,-76.5303,G55,Simulacro 1,S1,11.0,,,194.0,49.0,28,50,26.0,47.0,SI,,194.0
SEC-1928,Semestre Cero,I.E. San Juan de Uraba,I. E. SAN JUAN DE URABA,San Juan de Urabá,Antioquia,Oficial,8.7611,-76.5303,G55,Simulacro 1,S1,11.0,,,193.0,49.0,38,38,29.0,40.0,SI,,193.0
SEC-1929,Semestre Cero,I.E. San Juan de Uraba,I. E. SAN JUAN DE URABA,San Juan de Urabá,Antioquia,Oficial,8.7611,-76.5303,G55,Simulacro 1,S1,11.0,,,193.0,44.0,32,44,33.0,44.0,SI,,193.0
SEC-1930,Semestre Cero,I.E. San Juan de Uraba,I. E. SAN JUAN DE URABA,San Juan de Urabá,Antioquia,Oficial,8.7611,-76.5303,G55,Simulacro 1,S1,11.0,,,193.0,44.0,28,46,31.0,55.0,SI,,193.0
SEC-1931,Semestre Cero,I.E. San Juan de Uraba,I. E. SAN JUAN DE URABA,San Juan de Urabá,Antioquia,Oficial,8.7611,-76.5303,G55,Simulacro 1,S1,11.0,,,191.0,51.0,24,46,28.0,51.0,SI,,191.0
SEC-1932,Semestre Cero,I.E. San Juan de Uraba,I. E. SAN JUAN DE URABA,San Juan de Urabá,Antioquia,Oficial,8.7611,-76.5303,G55,Simulacro 1,S1,11.0,,,191.0,54.0,36,32,29.0,44.0,SI,,191.0
SEC-1933,Semestre Cero,I.E. San Juan de Uraba,I. E. SAN JUAN DE URABA,San Juan de Urabá,Antioquia,Oficial,8.7611,-76.5303,G55,Simulacro 1,S1,11.0,,,189.0,39.0,26,46,36.0,51.0,SI,,189.0
SEC-1934,Semestre Cero,I.E. San Juan de Uraba,I. E. SAN JUAN DE URABA,San Juan de Urabá,Antioquia,Oficial,8.7611,-76.5303,G55,Simulacro 1,S1,11.0,,,189.0,54.0,24,46,28.0,38.0,SI,,189.0
SEC-1935,Semestre Cero,I.E. San Juan de Uraba,I. E. SAN JUAN DE URABA,San Juan de Urabá,Antioquia,Oficial,8.7611,-76.5303,G55,Simulacro 1,S1,11.0,,,189.0,44.0,30,42,36.0,35.0,SI,,189.0
SEC-1936,Semestre Cero,I.E. San Juan de Uraba,I. E. SAN JUAN DE URABA,San Juan de Urabá,Antioquia,Oficial,8.7611,-76.5303,G55,Simulacro 1,S1,11.0,,,189.0,49.0,30,42,29.0,40.0,SI,,189.0
SEC-1937,Semestre Cero,I.E. San Juan de Uraba,I. E. SAN JUAN DE URABA,San Juan de Urabá,Antioquia,Oficial,8.7611,-76.5303,G55,Simulacro 1,S1,11.0,,,187.0,46.0,28,52,22.0,40.0,SI,,187.0
SEC-1938,Semestre Cero,I.E. San Juan de Uraba,I. E. SAN JUAN DE URABA,San Juan de Urabá,Antioquia,Oficial,8.7611,-76.5303,G55,Simulacro 1,S1,11.0,,,187.0,46.0,22,50,34.0,27.0,SI,,187.0
SEC-1939,Semestre Cero,I.E. San Juan de Uraba,I. E. SAN JUAN DE URABA,San Juan de Urabá,Antioquia,Oficial,8.7611,-76.5303,G55,Simulacro 1,S1,11.0,,,186.0,41.0,22,50,33.0,44.0,SI,,186.0
SEC-1940,Semestre Cero,I.E. San Juan de Uraba,I. E. SAN JUAN DE URABA,San Juan de Urabá,Antioquia,Oficial,8.7611,-76.5303,G55,Simulacro 1,S1,11.0,,,185.0,49.0,24,36,38.0,42.0,SI,,185.0
SEC-1941,Semestre Cero,I.E. San Juan de Uraba,I. E. SAN JUAN DE URABA,San Juan de Urabá,Antioquia,Oficial,8.7611,-76.5303,G55,Simulacro 1,S1,11.0,,,185.0,51.0,28,34,34.0,38.0,SI,,185.0
SEC-1942,Semestre Cero,I.E. San Juan de Uraba,I. E. SAN JUAN DE URABA,San Juan de Urabá,Antioquia,Oficial,8.7611,-76.5303,G55,Simulacro 1,S1,11.0,,,182.0,39.0,34,36,40.0,27.0,SI,,182.0
SEC-1943,Semestre Cero,I.E. San Juan de Uraba,I. E. SAN JUAN DE URABA,San Juan de Urabá,Antioquia,Oficial,8.7611,-76.5303,G55,Simulacro 1,S1,11.0,,,182.0,49.0,28,46,26.0,27.0,SI,,182.0
SEC-1944,Semestre Cero,I.E. San Juan de Uraba,I. E. SAN JUAN DE URABA,San Juan de Urabá,Antioquia,Oficial,8.7611,-76.5303,G55,Simulacro 1,S1,11.0,,,182.0,49.0,22,36,34.0,49.0,SI,,182.0
SEC-1945,Semestre Cero,I.E. San Juan de Uraba,I. E. SAN JUAN DE URABA,San Juan de Urabá,Antioquia,Oficial,8.7611,-76.5303,G55,Simulacro 1,S1,11.0,,,181.0,46.0,42,26,29.0,40.0,SI,,181.0
SEC-1946,Semestre Cero,I.E. San Juan de Uraba,I. E. SAN JUAN DE URABA,San Juan de Urabá,Antioquia,Oficial,8.7611,-76.5303,G55,Simulacro 1,S1,11.0,,,178.0,41.0,22,52,21.0,55.0,SI,,178.0
SEC-1947,Semestre Cero,I.E. San Juan de Uraba,I. E. SAN JUAN DE URABA,San Juan de Urabá,Antioquia,Oficial,8.7611,-76.5303,G55,Simulacro 1,S1,11.0,,,177.0,44.0,22,42,34.0,33.0,SI,,177.0
SEC-1948,Semestre Cero,I.E. San Juan de Uraba,I. E. SAN JUAN DE URABA,San Juan de Urabá,Antioquia,Oficial,8.7611,-76.5303,G55,Simulacro 1,S1,11.0,,,173.0,56.0,18,40,24.0,36.0,SI,,173.0
SEC-1949,Semestre Cero,I.E. San Juan de Uraba,I. E. SAN JUAN DE URABA,San Juan de Urabá,Antioquia,Oficial,8.7611,-76.5303,G55,Simulacro 1,S1,11.0,,,173.0,46.0,20,44,26.0,42.0,SI,,173.0
SEC-1950,Semestre Cero,I.E. San Juan de Uraba,I. E. SAN JUAN DE URABA,San Juan de Urabá,Antioquia,Oficial,8.7611,-76.5303,G55,Simulacro 1,S1,11.0,,,173.0,49.0,32,30,24.0,45.0,SI,,173.0
SEC-1951,Semestre Cero,I.E. San Juan de Uraba,I. E. SAN JUAN DE URABA,San Juan de Urabá,Antioquia,Oficial,8.7611,-76.5303,G55,Simulacro 1,S1,11.0,,,173.0,49.0,14,48,26.0,40.0,SI,,173.0
SEC-1952,Semestre Cero,I.E. San Juan de Uraba,I. E. SAN JUAN DE URABA,San Juan de Urabá,Antioquia,Oficial,8.7611,-76.5303,G55,Simulacro 1,S1,11.0,,,171.0,34.0,24,30,48.0,36.0,SI,,171.0
SEC-1953,Semestre Cero,I.E. San Juan de Uraba,I. E. SAN JUAN DE URABA,San Juan de Urabá,Antioquia,Oficial,8.7611,-76.5303,G55,Simulacro 1,S1,11.0,,,169.0,39.0,26,40,28.0,42.0,SI,,169.0
SEC-1954,Semestre Cero,I.E. San Juan de Uraba,I. E. SAN JUAN DE URABA,San Juan de Urabá,Antioquia,Oficial,8.7611,-76.5303,G55,Simulacro 1,S1,11.0,,,168.0,51.0,34,28,21.0,36.0,SI,,168.0
SEC-1955,Semestre Cero,I.E. San Juan de Uraba,I. E. SAN JUAN DE URABA,San Juan de Urabá,Antioquia,Oficial,8.7611,-76.5303,G55,Simulacro 1,S1,11.0,,,168.0,41.0,22,48,26.0,25.0,SI,,168.0
SEC-1956,Semestre Cero,I.E. San Juan de Uraba,I. E. SAN JUAN DE URABA,San Juan de Urabá,Antioquia,Oficial,8.7611,-76.5303,G55,Simulacro 1,S1,11.0,,,168.0,39.0,12,38,40.0,51.0,SI,,168.0
SEC-1957,Semestre Cero,I.E. San Juan de Uraba,I. E. SAN JUAN DE URABA,San Juan de Urabá,Antioquia,Oficial,8.7611,-76.5303,G55,Simulacro 1,S1,11.0,,,167.0,37.0,34,32,33.0,29.0,SI,,167.0
SEC-1958,Semestre Cero,I.E. San Juan de Uraba,I. E. SAN JUAN DE URABA,San Juan de Urabá,Antioquia,Oficial,8.7611,-76.5303,G55,Simulacro 1,S1,11.0,,,167.0,41.0,32,34,26.0,35.0,SI,,167.0
SEC-1959,Semestre Cero,I.E. San Juan de Uraba,I. E. SAN JUAN DE URABA,San Juan de Urabá,Antioquia,Oficial,8.7611,-76.5303,G55,Simulacro 1,S1,11.0,,,167.0,34.0,18,48,29.0,45.0,SI,,167.0
SEC-1960,Semestre Cero,I.E. San Juan de Uraba,I. E. SAN JUAN DE URABA,San Juan de Urabá,Antioquia,Oficial,8.7611,-76.5303,G55,Simulacro 1,S1,11.0,,,163.0,46.0,26,32,19.0,55.0,SI,,163.0
SEC-1961,Semestre Cero,I.E. San Juan de Uraba,I. E. SAN JUAN DE URABA,San Juan de Urabá,Antioquia,Oficial,8.7611,-76.5303,G55,Simulacro 1,S1,11.0,,,163.0,44.0,36,32,21.0,25.0,SI,,163.0
SEC-1962,Semestre Cero,I.E. San Juan de Uraba,I. E. SAN JUAN DE URABA,San Juan de Urabá,Antioquia,Oficial,8.7611,-76.5303,G55,Simulacro 1,S1,11.0,,,163.0,49.0,20,32,29.0,33.0,SI,,163.0
SEC-1963,Semestre Cero,I.E. San Juan de Uraba,I. E. SAN JUAN DE URABA,San Juan de Urabá,Antioquia,Oficial,8.7611,-76.5303,G55,Simulacro 1,S1,11.0,,,162.0,34.0,22,42,33.0,27.0,SI,,162.0
SEC-1964,Semestre Cero,I.E. San Juan de Uraba,I. E. SAN JUAN DE URABA,San Juan de Urabá,Antioquia,Oficial,8.7611,-76.5303,G55,Simulacro 1,S1,11.0,,,161.0,46.0,24,30,26.0,40.0,SI,,161.0
SEC-1965,Semestre Cero,I.E. San Juan de Uraba,I. E. SAN JUAN DE URABA,San Juan de Urabá,Antioquia,Oficial,8.7611,-76.5303,G55,Simulacro 1,S1,11.0,,,160.0,32.0,32,28,34.0,36.0,SI,,160.0
SEC-1966,Semestre Cero,I.E. San Juan de Uraba,I. E. SAN JUAN DE URABA,San Juan de Urabá,Antioquia,Oficial,8.7611,-76.5303,G55,Simulacro 1,S1,11.0,,,159.0,49.0,32,18,26.0,40.0,SI,,159.0
SEC-1967,Semestre Cero,I.E. San Juan de Uraba,I. E. SAN JUAN DE URABA,San Juan de Urabá,Antioquia,Oficial,8.7611,-76.5303,G55,Simulacro 1,S1,11.0,,,159.0,32.0,40,28,28.0,31.0,SI,,159.0
SEC-1968,Semestre Cero,I.E. San Juan de Uraba,I. E. SAN JUAN DE URABA,San Juan de Urabá,Antioquia,Oficial,8.7611,-76.5303,G55,Simulacro 1,S1,11.0,,,158.0,29.0,30,38,24.0,47.0,SI,,158.0
SEC-1969,Semestre Cero,I.E. San Juan de Uraba,I. E. SAN JUAN DE URABA,San Juan de Urabá,Antioquia,Oficial,8.7611,-76.5303,G55,Simulacro 1,S1,11.0,,,158.0,44.0,18,34,29.0,35.0,SI,,158.0
SEC-1970,Semestre Cero,I.E. San Juan de Uraba,I. E. SAN JUAN DE URABA,San Juan de Urabá,Antioquia,Oficial,8.7611,-76.5303,G55,Simulacro 1,S1,11.0,,,157.0,32.0,38,24,29.0,38.0,SI,,157.0
SEC-1971,Semestre Cero,I.E. San Juan de Uraba,I. E. SAN JUAN DE URABA,San Juan de Urabá,Antioquia,Oficial,8.7611,-76.5303,G55,Simulacro 1,S1,11.0,,,156.0,44.0,20,36,28.0,24.0,SI,,156.0
SEC-1972,Semestre Cero,I.E. San Juan de Uraba,I. E. SAN JUAN DE URABA,San Juan de Urabá,Antioquia,Oficial,8.7611,-76.5303,G55,Simulacro 1,S1,11.0,,,155.0,37.0,20,44,21.0,38.0,SI,,155.0
SEC-1973,Semestre Cero,I.E. San Juan de Uraba,I. E. SAN JUAN DE URABA,San Juan de Urabá,Antioquia,Oficial,8.7611,-76.5303,G55,Simulacro 1,S1,11.0,,,153.0,32.0,24,38,26.0,40.0,SI,,153.0
SEC-1974,Semestre Cero,I.E. San Juan de Uraba,I. E. SAN JUAN DE URABA,San Juan de Urabá,Antioquia,Oficial,8.7611,-76.5303,G55,Simulacro 1,S1,11.0,,,153.0,32.0,28,40,22.0,31.0,SI,,153.0
SEC-1975,Semestre Cero,I.E. San Juan de Uraba,I. E. SAN JUAN DE URABA,San Juan de Urabá,Antioquia,Oficial,8.7611,-76.5303,G55,Simulacro 1,S1,11.0,,,152.0,41.0,30,28,22.0,29.0,SI,,152.0
SEC-1976,Semestre Cero,I.E. San Juan de Uraba,I. E. SAN JUAN DE URABA,San Juan de Urabá,Antioquia,Oficial,8.7611,-76.5303,G55,Simulacro 1,S1,11.0,,,149.0,22.0,22,46,31.0,25.0,SI,,149.0
SEC-1977,Semestre Cero,I.E. San Juan de Uraba,I. E. SAN JUAN DE URABA,San Juan de Urabá,Antioquia,Oficial,8.7611,-76.5303,G55,Simulacro 1,S1,11.0,,,149.0,24.0,32,32,29.0,35.0,SI,,149.0
SEC-1978,Semestre Cero,I.E. San Juan de Uraba,I. E. SAN JUAN DE URABA,San Juan de Urabá,Antioquia,Oficial,8.7611,-76.5303,G55,Simulacro 1,S1,11.0,,,148.0,37.0,20,36,28.0,25.0,SI,,148.0
SEC-1979,Semestre Cero,I.E. San Juan de Uraba,I. E. SAN JUAN DE URABA,San Juan de Urabá,Antioquia,Oficial,8.7611,-76.5303,G55,Simulacro 1,S1,11.0,,,146.0,39.0,16,34,24.0,40.0,SI,,146.0
SEC-1980,Semestre Cero,I.E. San Juan de Uraba,I. E. SAN JUAN DE URABA,San Juan de Urabá,Antioquia,Oficial,8.7611,-76.5303,G55,Simulacro 1,S1,11.0,,,145.0,32.0,24,30,28.0,36.0,SI,,145.0
SEC-1981,Semestre Cero,I.E. San Juan de Uraba,I. E. SAN JUAN DE URABA,San Juan de Urabá,Antioquia,Oficial,8.7611,-76.5303,G55,Simulacro 1,S1,11.0,,,144.0,41.0,20,22,29.0,36.0,SI,,144.0
SEC-1982,Semestre Cero,I.E. San Juan de Uraba,I. E. SAN JUAN DE URABA,San Juan de Urabá,Antioquia,Oficial,8.7611,-76.5303,G55,Simulacro 1,S1,11.0,,,144.0,39.0,20,18,34.0,40.0,SI,,144.0
SEC-1983,Semestre Cero,I.E. San Juan de Uraba,I. E. SAN JUAN DE URABA,San Juan de Urabá,Antioquia,Oficial,8.7611,-76.5303,G55,Simulacro 1,S1,11.0,,,143.0,29.0,24,34,24.0,38.0,SI,,143.0
SEC-1984,Semestre Cero,I.E. San Juan de Uraba,I. E. SAN JUAN DE URABA,San Juan de Urabá,Antioquia,Oficial,8.7611,-76.5303,G55,Simulacro 1,S1,11.0,,,142.0,34.0,22,32,28.0,22.0,SI,,142.0
SEC-1985,Semestre Cero,I.E. San Juan de Uraba,I. E. SAN JUAN DE URABA,San Juan de Urabá,Antioquia,Oficial,8.7611,-76.5303,G55,Simulacro 1,S1,11.0,,,141.0,34.0,22,30,24.0,36.0,SI,,141.0
SEC-1986,Semestre Cero,I.E. San Juan de Uraba,I. E. SAN JUAN DE URABA,San Juan de Urabá,Antioquia,Oficial,8.7611,-76.5303,G55,Simulacro 1,S1,11.0,,,141.0,34.0,18,34,24.0,35.0,SI,,141.0
SEC-1987,Semestre Cero,I.E. San Juan de Uraba,I. E. SAN JUAN DE URABA,San Juan de Urabá,Antioquia,Oficial,8.7611,-76.5303,G55,Simulacro 1,S1,11.0,,,140.0,32.0,20,42,14.0,42.0,SI,,140.0
SEC-1988,Semestre Cero,I.E. San Juan de Uraba,I. E. SAN JUAN DE URABA,San Juan de Urabá,Antioquia,Oficial,8.7611,-76.5303,G55,Simulacro 1,S1,11.0,,,138.0,27.0,32,26,22.0,36.0,SI,,138.0
SEC-1989,Semestre Cero,I.E. San Juan de Uraba,I. E. SAN JUAN DE URABA,San Juan de Urabá,Antioquia,Oficial,8.7611,-76.5303,G55,Simulacro 1,S1,11.0,,,130.0,32.0,22,30,21.0,25.0,SI,,130.0
SEC-2109,Semestre Cero,I.E. San Luis Gonzaga,I. E. SAN LUIS GONZAGA,Santa Fe de Antioquia,Antioquia,Oficial,6.5569,-75.8281,G59,Simulacro 1,S1,11.0,,,335.0,76.0,54,78,53.0,87.0,SI,,335.0
SEC-2110,Semestre Cero,I.E. San Luis Gonzaga,I. E. SAN LUIS GONZAGA,Santa Fe de Antioquia,Antioquia,Oficial,6.5569,-75.8281,G59,Simulacro 1,S1,11.0,,,272.0,80.0,34,70,33.0,56.0,SI,,272.0
SEC-2111,Semestre Cero,I.E. San Luis Gonzaga,I. E. SAN LUIS GONZAGA,Santa Fe de Antioquia,Antioquia,Oficial,6.5569,-75.8281,G59,Simulacro 1,S1,11.0,,,272.0,61.0,48,68,43.0,47.0,SI,,272.0
SEC-2112,Semestre Cero,I.E. San Luis Gonzaga,I. E. SAN LUIS GONZAGA,Santa Fe de Antioquia,Antioquia,Oficial,6.5569,-75.8281,G59,Simulacro 1,S1,11.0,,,255.0,56.0,42,58,36.0,87.0,SI,,255.0
SEC-2113,Semestre Cero,I.E. San Luis Gonzaga,I. E. SAN LUIS GONZAGA,Santa Fe de Antioquia,Antioquia,Oficial,6.5569,-75.8281,G59,Simulacro 1,S1,11.0,,,245.0,68.0,38,60,26.0,60.0,SI,,245.0
SEC-2114,Semestre Cero,I.E. San Luis Gonzaga,I. E. SAN LUIS GONZAGA,Santa Fe de Antioquia,Antioquia,Oficial,6.5569,-75.8281,G59,Simulacro 1,S1,11.0,,,242.0,61.0,36,56,36.0,62.0,SI,,242.0
SEC-2115,Semestre Cero,I.E. San Luis Gonzaga,I. E. SAN LUIS GONZAGA,Santa Fe de Antioquia,Antioquia,Oficial,6.5569,-75.8281,G59,Simulacro 1,S1,11.0,,,239.0,59.0,24,54,43.0,84.0,SI,,239.0
SEC-2116,Semestre Cero,I.E. San Luis Gonzaga,I. E. SAN LUIS GONZAGA,Santa Fe de Antioquia,Antioquia,Oficial,6.5569,-75.8281,G59,Simulacro 1,S1,11.0,,,238.0,73.0,28,62,29.0,42.0,SI,,238.0
SEC-2117,Semestre Cero,I.E. San Luis Gonzaga,I. E. SAN LUIS GONZAGA,Santa Fe de Antioquia,Antioquia,Oficial,6.5569,-75.8281,G59,Simulacro 1,S1,11.0,,,235.0,49.0,26,62,40.0,82.0,SI,,235.0
SEC-2118,Semestre Cero,I.E. San Luis Gonzaga,I. E. SAN LUIS GONZAGA,Santa Fe de Antioquia,Antioquia,Oficial,6.5569,-75.8281,G59,Simulacro 1,S1,11.0,,,233.0,54.0,28,66,36.0,55.0,SI,,233.0
SEC-2119,Semestre Cero,I.E. San Luis Gonzaga,I. E. SAN LUIS GONZAGA,Santa Fe de Antioquia,Antioquia,Oficial,6.5569,-75.8281,G59,Simulacro 1,S1,11.0,,,231.0,59.0,22,62,38.0,58.0,SI,,231.0
SEC-2120,Semestre Cero,I.E. San Luis Gonzaga,I. E. SAN LUIS GONZAGA,Santa Fe de Antioquia,Antioquia,Oficial,6.5569,-75.8281,G59,Simulacro 1,S1,11.0,,,230.0,56.0,40,42,29.0,95.0,SI,,230.0
SEC-2121,Semestre Cero,I.E. San Luis Gonzaga,I. E. SAN LUIS GONZAGA,Santa Fe de Antioquia,Antioquia,Oficial,6.5569,-75.8281,G59,Simulacro 1,S1,11.0,,,229.0,54.0,30,60,40.0,45.0,SI,,229.0
SEC-2122,Semestre Cero,I.E. San Luis Gonzaga,I. E. SAN LUIS GONZAGA,Santa Fe de Antioquia,Antioquia,Oficial,6.5569,-75.8281,G59,Simulacro 1,S1,11.0,,,222.0,44.0,46,56,21.0,78.0,SI,,222.0
SEC-2123,Semestre Cero,I.E. San Luis Gonzaga,I. E. SAN LUIS GONZAGA,Santa Fe de Antioquia,Antioquia,Oficial,6.5569,-75.8281,G59,Simulacro 1,S1,11.0,,,221.0,56.0,28,58,33.0,51.0,SI,,221.0
SEC-2124,Semestre Cero,I.E. San Luis Gonzaga,I. E. SAN LUIS GONZAGA,Santa Fe de Antioquia,Antioquia,Oficial,6.5569,-75.8281,G59,Simulacro 1,S1,11.0,,,221.0,54.0,26,52,43.0,51.0,SI,,221.0
SEC-2125,Semestre Cero,I.E. San Luis Gonzaga,I. E. SAN LUIS GONZAGA,Santa Fe de Antioquia,Antioquia,Oficial,6.5569,-75.8281,G59,Simulacro 1,S1,11.0,,,220.0,63.0,22,56,29.0,60.0,SI,,220.0
SEC-2126,Semestre Cero,I.E. San Luis Gonzaga,I. E. SAN LUIS GONZAGA,Santa Fe de Antioquia,Antioquia,Oficial,6.5569,-75.8281,G59,Simulacro 1,S1,11.0,,,220.0,44.0,26,64,40.0,51.0,SI,,220.0
SEC-2127,Semestre Cero,I.E. San Luis Gonzaga,I. E. SAN LUIS GONZAGA,Santa Fe de Antioquia,Antioquia,Oficial,6.5569,-75.8281,G59,Simulacro 1,S1,11.0,,,214.0,59.0,24,56,34.0,38.0,SI,,214.0
SEC-2128,Semestre Cero,I.E. San Luis Gonzaga,I. E. SAN LUIS GONZAGA,Santa Fe de Antioquia,Antioquia,Oficial,6.5569,-75.8281,G59,Simulacro 1,S1,11.0,,,212.0,49.0,26,60,33.0,49.0,SI,,212.0
SEC-2129,Semestre Cero,I.E. San Luis Gonzaga,I. E. SAN LUIS GONZAGA,Santa Fe de Antioquia,Antioquia,Oficial,6.5569,-75.8281,G59,Simulacro 1,S1,11.0,,,211.0,39.0,26,62,38.0,53.0,SI,,211.0
SEC-2130,Semestre Cero,I.E. San Luis Gonzaga,I. E. SAN LUIS GONZAGA,Santa Fe de Antioquia,Antioquia,Oficial,6.5569,-75.8281,G59,Simulacro 1,S1,11.0,,,204.0,49.0,32,54,24.0,55.0,SI,,204.0
SEC-2131,Semestre Cero,I.E. San Luis Gonzaga,I. E. SAN LUIS GONZAGA,Santa Fe de Antioquia,Antioquia,Oficial,6.5569,-75.8281,G59,Simulacro 1,S1,11.0,,,198.0,39.0,30,50,34.0,55.0,SI,,198.0
SEC-2132,Semestre Cero,I.E. San Luis Gonzaga,I. E. SAN LUIS GONZAGA,Santa Fe de Antioquia,Antioquia,Oficial,6.5569,-75.8281,G59,Simulacro 1,S1,11.0,,,198.0,46.0,28,54,28.0,47.0,SI,,198.0
SEC-2133,Semestre Cero,I.E. San Luis Gonzaga,I. E. SAN LUIS GONZAGA,Santa Fe de Antioquia,Antioquia,Oficial,6.5569,-75.8281,G59,Simulacro 1,S1,11.0,,,196.0,59.0,28,34,29.0,60.0,SI,,196.0
SEC-2134,Semestre Cero,I.E. San Luis Gonzaga,I. E. SAN LUIS GONZAGA,Santa Fe de Antioquia,Antioquia,Oficial,6.5569,-75.8281,G59,Simulacro 1,S1,11.0,,,194.0,54.0,24,50,24.0,49.0,SI,,194.0
SEC-2135,Semestre Cero,I.E. San Luis Gonzaga,I. E. SAN LUIS GONZAGA,Santa Fe de Antioquia,Antioquia,Oficial,6.5569,-75.8281,G59,Simulacro 1,S1,11.0,,,188.0,44.0,20,54,31.0,42.0,SI,,188.0
SEC-2136,Semestre Cero,I.E. San Luis Gonzaga,I. E. SAN LUIS GONZAGA,Santa Fe de Antioquia,Antioquia,Oficial,6.5569,-75.8281,G59,Simulacro 1,S1,11.0,,,188.0,44.0,36,40,29.0,40.0,SI,,188.0
SEC-2137,Semestre Cero,I.E. San Luis Gonzaga,I. E. SAN LUIS GONZAGA,Santa Fe de Antioquia,Antioquia,Oficial,6.5569,-75.8281,G59,Simulacro 1,S1,11.0,,,187.0,51.0,22,50,28.0,35.0,SI,,187.0
SEC-2138,Semestre Cero,I.E. San Luis Gonzaga,I. E. SAN LUIS GONZAGA,Santa Fe de Antioquia,Antioquia,Oficial,6.5569,-75.8281,G59,Simulacro 1,S1,11.0,,,184.0,44.0,28,36,38.0,42.0,SI,,184.0
SEC-2139,Semestre Cero,I.E. San Luis Gonzaga,I. E. SAN LUIS GONZAGA,Santa Fe de Antioquia,Antioquia,Oficial,6.5569,-75.8281,G59,Simulacro 1,S1,11.0,,,184.0,37.0,34,48,24.0,49.0,SI,,184.0
SEC-2140,Semestre Cero,I.E. San Luis Gonzaga,I. E. SAN LUIS GONZAGA,Santa Fe de Antioquia,Antioquia,Oficial,6.5569,-75.8281,G59,Simulacro 1,S1,11.0,,,177.0,41.0,30,40,22.0,58.0,SI,,177.0
SEC-2141,Semestre Cero,I.E. San Luis Gonzaga,I. E. SAN LUIS GONZAGA,Santa Fe de Antioquia,Antioquia,Oficial,6.5569,-75.8281,G59,Simulacro 1,S1,11.0,,,177.0,39.0,34,42,24.0,42.0,SI,,177.0
SEC-2142,Semestre Cero,I.E. San Luis Gonzaga,I. E. SAN LUIS GONZAGA,Santa Fe de Antioquia,Antioquia,Oficial,6.5569,-75.8281,G59,Simulacro 1,S1,11.0,,,176.0,29.0,38,44,28.0,40.0,SI,,176.0
SEC-2143,Semestre Cero,I.E. San Luis Gonzaga,I. E. SAN LUIS GONZAGA,Santa Fe de Antioquia,Antioquia,Oficial,6.5569,-75.8281,G59,Simulacro 1,S1,11.0,,,172.0,32.0,34,40,28.0,47.0,SI,,172.0
SEC-2144,Semestre Cero,I.E. San Luis Gonzaga,I. E. SAN LUIS GONZAGA,Santa Fe de Antioquia,Antioquia,Oficial,6.5569,-75.8281,G59,Simulacro 1,S1,11.0,,,171.0,24.0,26,60,26.0,35.0,SI,,171.0
SEC-2145,Semestre Cero,I.E. San Luis Gonzaga,I. E. SAN LUIS GONZAGA,Santa Fe de Antioquia,Antioquia,Oficial,6.5569,-75.8281,G59,Simulacro 1,S1,11.0,,,170.0,37.0,18,50,28.0,45.0,SI,,170.0
SEC-2146,Semestre Cero,I.E. San Luis Gonzaga,I. E. SAN LUIS GONZAGA,Santa Fe de Antioquia,Antioquia,Oficial,6.5569,-75.8281,G59,Simulacro 1,S1,11.0,,,169.0,34.0,20,44,31.0,51.0,SI,,169.0
SEC-2147,Semestre Cero,I.E. San Luis Gonzaga,I. E. SAN LUIS GONZAGA,Santa Fe de Antioquia,Antioquia,Oficial,6.5569,-75.8281,G59,Simulacro 1,S1,11.0,,,151.0,24.0,30,32,34.0,29.0,SI,,151.0
SEC-2036,Semestre Cero,I.E. San Pedro de Uraba,I. E. SAN PEDRO DE URABA,San Pedro de Urabá,Antioquia,Oficial,8.275,-76.369,G57,Simulacro 1,S1,11.0,,,220.0,51.0,34,60,31.0,44.0,SI,,220.0
SEC-2037,Semestre Cero,I.E. San Pedro de Uraba,I. E. SAN PEDRO DE URABA,San Pedro de Urabá,Antioquia,Oficial,8.275,-76.369,G57,Simulacro 1,S1,11.0,,,214.0,61.0,22,52,34.0,49.0,SI,,214.0
SEC-2038,Semestre Cero,I.E. San Pedro de Uraba,I. E. SAN PEDRO DE URABA,San Pedro de Urabá,Antioquia,Oficial,8.275,-76.369,G57,Simulacro 1,S1,11.0,,,209.0,54.0,18,56,38.0,45.0,SI,,209.0
SEC-2039,Semestre Cero,I.E. San Pedro de Uraba,I. E. SAN PEDRO DE URABA,San Pedro de Urabá,Antioquia,Oficial,8.275,-76.369,G57,Simulacro 1,S1,11.0,,,196.0,49.0,16,56,29.0,60.0,SI,,196.0
SEC-2040,Semestre Cero,I.E. San Pedro de Uraba,I. E. SAN PEDRO DE URABA,San Pedro de Urabá,Antioquia,Oficial,8.275,-76.369,G57,Simulacro 1,S1,11.0,,,193.0,39.0,28,52,34.0,42.0,SI,,193.0
SEC-2041,Semestre Cero,I.E. San Pedro de Uraba,I. E. SAN PEDRO DE URABA,San Pedro de Urabá,Antioquia,Oficial,8.275,-76.369,G57,Simulacro 1,S1,11.0,,,193.0,49.0,16,58,28.0,51.0,SI,,193.0
SEC-2042,Semestre Cero,I.E. San Pedro de Uraba,I. E. SAN PEDRO DE URABA,San Pedro de Urabá,Antioquia,Oficial,8.275,-76.369,G57,Simulacro 1,S1,11.0,,,187.0,54.0,26,52,16.0,45.0,SI,,187.0
SEC-2043,Semestre Cero,I.E. San Pedro de Uraba,I. E. SAN PEDRO DE URABA,San Pedro de Urabá,Antioquia,Oficial,8.275,-76.369,G57,Simulacro 1,S1,11.0,,,185.0,41.0,28,44,36.0,33.0,SI,,185.0
SEC-2044,Semestre Cero,I.E. San Pedro de Uraba,I. E. SAN PEDRO DE URABA,San Pedro de Urabá,Antioquia,Oficial,8.275,-76.369,G57,Simulacro 1,S1,11.0,,,182.0,46.0,32,44,24.0,35.0,SI,,182.0
SEC-2045,Semestre Cero,I.E. San Pedro de Uraba,I. E. SAN PEDRO DE URABA,San Pedro de Urabá,Antioquia,Oficial,8.275,-76.369,G57,Simulacro 1,S1,11.0,,,180.0,39.0,30,44,26.0,51.0,SI,,180.0
SEC-2046,Semestre Cero,I.E. San Pedro de Uraba,I. E. SAN PEDRO DE URABA,San Pedro de Urabá,Antioquia,Oficial,8.275,-76.369,G57,Simulacro 1,S1,11.0,,,175.0,41.0,24,44,26.0,49.0,SI,,175.0
SEC-2047,Semestre Cero,I.E. San Pedro de Uraba,I. E. SAN PEDRO DE URABA,San Pedro de Urabá,Antioquia,Oficial,8.275,-76.369,G57,Simulacro 1,S1,11.0,,,166.0,44.0,28,38,22.0,35.0,SI,,166.0
SEC-2048,Semestre Cero,I.E. San Pedro de Uraba,I. E. SAN PEDRO DE URABA,San Pedro de Urabá,Antioquia,Oficial,8.275,-76.369,G57,Simulacro 1,S1,11.0,,,165.0,51.0,18,32,33.0,27.0,SI,,165.0
SEC-2049,Semestre Cero,I.E. San Pedro de Uraba,I. E. SAN PEDRO DE URABA,San Pedro de Urabá,Antioquia,Oficial,8.275,-76.369,G57,Simulacro 1,S1,11.0,,,159.0,41.0,30,28,28.0,33.0,SI,,159.0
SEC-2050,Semestre Cero,I.E. San Pedro de Uraba,I. E. SAN PEDRO DE URABA,San Pedro de Urabá,Antioquia,Oficial,8.275,-76.369,G57,Simulacro 1,S1,11.0,,,159.0,37.0,24,36,29.0,35.0,SI,,159.0
SEC-2051,Semestre Cero,I.E. San Pedro de Uraba,I. E. SAN PEDRO DE URABA,San Pedro de Urabá,Antioquia,Oficial,8.275,-76.369,G57,Simulacro 1,S1,11.0,,,156.0,32.0,22,48,26.0,22.0,SI,,156.0
SEC-2052,Semestre Cero,I.E. San Pedro de Uraba,I. E. SAN PEDRO DE URABA,San Pedro de Urabá,Antioquia,Oficial,8.275,-76.369,G57,Simulacro 1,S1,11.0,,,150.0,34.0,20,34,29.0,36.0,SI,,150.0
SEC-2053,Semestre Cero,I.E. San Pedro de Uraba,I. E. SAN PEDRO DE URABA,San Pedro de Urabá,Antioquia,Oficial,8.275,-76.369,G57,Simulacro 1,S1,11.0,,,144.0,34.0,22,32,28.0,27.0,SI,,144.0
SEC-2054,Semestre Cero,I.E. San Pedro de Uraba,I. E. SAN PEDRO DE URABA,San Pedro de Urabá,Antioquia,Oficial,8.275,-76.369,G57,Simulacro 1,S1,11.0,,,144.0,22.0,18,48,28.0,27.0,SI,,144.0
SEC-2055,Semestre Cero,I.E. San Pedro de Uraba,I. E. SAN PEDRO DE URABA,San Pedro de Urabá,Antioquia,Oficial,8.275,-76.369,G57,Simulacro 1,S1,11.0,,,136.0,32.0,22,30,24.0,31.0,SI,,136.0
SEC-2056,Semestre Cero,I.E. San Pedro de Uraba,I. E. SAN PEDRO DE URABA,San Pedro de Urabá,Antioquia,Oficial,8.275,-76.369,G57,Simulacro 1,S1,11.0,,,130.0,22.0,24,40,17.0,29.0,SI,,130.0
SEC-2057,Semestre Cero,I.E. San Pedro de Uraba,I. E. SAN PEDRO DE URABA,San Pedro de Urabá,Antioquia,Oficial,8.275,-76.369,G57,Simulacro 1,S1,11.0,,,109.0,49.0,12,18,16.0,0.0,SI,,109.0
SEC-0321,Semestre Cero,I.E. Santa Teresa,I. E. SANTA TERESA,Argelia,Antioquia,Oficial,5.7319,-75.1431,G10,Simulacro 1,S1,11.0,,,266.0,56.0,42,58,50.0,73.0,SI,,266.0
SEC-0322,Semestre Cero,I.E. Santa Teresa,I. E. SANTA TERESA,Argelia,Antioquia,Oficial,5.7319,-75.1431,G10,Simulacro 1,S1,11.0,,,261.0,54.0,46,56,45.0,78.0,SI,,261.0
SEC-0323,Semestre Cero,I.E. Santa Teresa,I. E. SANTA TERESA,Argelia,Antioquia,Oficial,5.7319,-75.1431,G10,Simulacro 1,S1,11.0,,,256.0,61.0,38,68,31.0,73.0,SI,,256.0
SEC-0324,Semestre Cero,I.E. Santa Teresa,I. E. SANTA TERESA,Argelia,Antioquia,Oficial,5.7319,-75.1431,G10,Simulacro 1,S1,11.0,,,256.0,51.0,46,54,45.0,76.0,SI,,256.0
SEC-0325,Semestre Cero,I.E. Santa Teresa,I. E. SANTA TERESA,Argelia,Antioquia,Oficial,5.7319,-75.1431,G10,Simulacro 1,S1,11.0,,,249.0,54.0,42,52,43.0,75.0,SI,,249.0
SEC-0326,Semestre Cero,I.E. Santa Teresa,I. E. SANTA TERESA,Argelia,Antioquia,Oficial,5.7319,-75.1431,G10,Simulacro 1,S1,11.0,,,246.0,49.0,38,52,48.0,78.0,SI,,246.0
SEC-0327,Semestre Cero,I.E. Santa Teresa,I. E. SANTA TERESA,Argelia,Antioquia,Oficial,5.7319,-75.1431,G10,Simulacro 1,S1,11.0,,,243.0,63.0,26,56,43.0,65.0,SI,,243.0
SEC-0328,Semestre Cero,I.E. Santa Teresa,I. E. SANTA TERESA,Argelia,Antioquia,Oficial,5.7319,-75.1431,G10,Simulacro 1,S1,11.0,,,242.0,49.0,38,48,47.0,85.0,SI,,242.0
SEC-0329,Semestre Cero,I.E. Santa Teresa,I. E. SANTA TERESA,Argelia,Antioquia,Oficial,5.7319,-75.1431,G10,Simulacro 1,S1,11.0,,,242.0,44.0,38,50,50.0,84.0,SI,,242.0
SEC-0330,Semestre Cero,I.E. Santa Teresa,I. E. SANTA TERESA,Argelia,Antioquia,Oficial,5.7319,-75.1431,G10,Simulacro 1,S1,11.0,,,239.0,46.0,40,48,45.0,84.0,SI,,239.0
SEC-0331,Semestre Cero,I.E. Santa Teresa,I. E. SANTA TERESA,Argelia,Antioquia,Oficial,5.7319,-75.1431,G10,Simulacro 1,S1,11.0,,,238.0,61.0,26,58,36.0,75.0,SI,,238.0
SEC-0332,Semestre Cero,I.E. Santa Teresa,I. E. SANTA TERESA,Argelia,Antioquia,Oficial,5.7319,-75.1431,G10,Simulacro 1,S1,11.0,,,229.0,32.0,44,66,33.0,73.0,SI,,229.0
SEC-0333,Semestre Cero,I.E. Santa Teresa,I. E. SANTA TERESA,Argelia,Antioquia,Oficial,5.7319,-75.1431,G10,Simulacro 1,S1,11.0,,,228.0,34.0,38,50,48.0,82.0,SI,,228.0
SEC-0334,Semestre Cero,I.E. Santa Teresa,I. E. SANTA TERESA,Argelia,Antioquia,Oficial,5.7319,-75.1431,G10,Simulacro 1,S1,11.0,,,228.0,49.0,40,40,43.0,76.0,SI,,228.0
SEC-0335,Semestre Cero,I.E. Santa Teresa,I. E. SANTA TERESA,Argelia,Antioquia,Oficial,5.7319,-75.1431,G10,Simulacro 1,S1,11.0,,,228.0,51.0,34,44,43.0,75.0,SI,,228.0
SEC-0336,Semestre Cero,I.E. Santa Teresa,I. E. SANTA TERESA,Argelia,Antioquia,Oficial,5.7319,-75.1431,G10,Simulacro 1,S1,11.0,,,211.0,49.0,40,56,24.0,42.0,SI,,211.0
SEC-0337,Semestre Cero,I.E. Santa Teresa,I. E. SANTA TERESA,Argelia,Antioquia,Oficial,5.7319,-75.1431,G10,Simulacro 1,S1,11.0,,,210.0,49.0,28,60,21.0,73.0,SI,,210.0
SEC-0338,Semestre Cero,I.E. Santa Teresa,I. E. SANTA TERESA,Argelia,Antioquia,Oficial,5.7319,-75.1431,G10,Simulacro 1,S1,11.0,,,203.0,41.0,40,48,29.0,53.0,SI,,203.0
SEC-0339,Semestre Cero,I.E. Santa Teresa,I. E. SANTA TERESA,Argelia,Antioquia,Oficial,5.7319,-75.1431,G10,Simulacro 1,S1,11.0,,,200.0,39.0,36,60,28.0,33.0,SI,,200.0
SEC-0340,Semestre Cero,I.E. Santa Teresa,I. E. SANTA TERESA,Argelia,Antioquia,Oficial,5.7319,-75.1431,G10,Simulacro 1,S1,11.0,,,197.0,20.0,36,60,34.0,62.0,SI,,197.0
SEC-0341,Semestre Cero,I.E. Santa Teresa,I. E. SANTA TERESA,Argelia,Antioquia,Oficial,5.7319,-75.1431,G10,Simulacro 1,S1,11.0,,,195.0,22.0,38,58,31.0,60.0,SI,,195.0
SEC-0342,Semestre Cero,I.E. Santa Teresa,I. E. SANTA TERESA,Argelia,Antioquia,Oficial,5.7319,-75.1431,G10,Simulacro 1,S1,11.0,,,195.0,37.0,36,56,28.0,38.0,SI,,195.0
SEC-0343,Semestre Cero,I.E. Santa Teresa,I. E. SANTA TERESA,Argelia,Antioquia,Oficial,5.7319,-75.1431,G10,Simulacro 1,S1,11.0,,,194.0,41.0,18,54,38.0,49.0,SI,,194.0
SEC-0344,Semestre Cero,I.E. Santa Teresa,I. E. SANTA TERESA,Argelia,Antioquia,Oficial,5.7319,-75.1431,G10,Simulacro 1,S1,11.0,,,191.0,46.0,18,50,38.0,40.0,SI,,191.0
SEC-0345,Semestre Cero,I.E. Santa Teresa,I. E. SANTA TERESA,Argelia,Antioquia,Oficial,5.7319,-75.1431,G10,Simulacro 1,S1,11.0,,,190.0,34.0,26,44,40.0,62.0,SI,,190.0
SEC-0346,Semestre Cero,I.E. Santa Teresa,I. E. SANTA TERESA,Argelia,Antioquia,Oficial,5.7319,-75.1431,G10,Simulacro 1,S1,11.0,,,185.0,39.0,28,36,31.0,78.0,SI,,185.0
SEC-0347,Semestre Cero,I.E. Santa Teresa,I. E. SANTA TERESA,Argelia,Antioquia,Oficial,5.7319,-75.1431,G10,Simulacro 1,S1,11.0,,,183.0,49.0,26,52,21.0,35.0,SI,,183.0
SEC-0348,Semestre Cero,I.E. Santa Teresa,I. E. SANTA TERESA,Argelia,Antioquia,Oficial,5.7319,-75.1431,G10,Simulacro 1,S1,11.0,,,183.0,32.0,28,44,38.0,51.0,SI,,183.0
SEC-0349,Semestre Cero,I.E. Santa Teresa,I. E. SANTA TERESA,Argelia,Antioquia,Oficial,5.7319,-75.1431,G10,Simulacro 1,S1,11.0,,,180.0,44.0,40,28,31.0,38.0,SI,,180.0
SEC-0350,Semestre Cero,I.E. Santa Teresa,I. E. SANTA TERESA,Argelia,Antioquia,Oficial,5.7319,-75.1431,G10,Simulacro 1,S1,11.0,,,175.0,37.0,26,44,28.0,53.0,SI,,175.0
SEC-0351,Semestre Cero,I.E. Santa Teresa,I. E. SANTA TERESA,Argelia,Antioquia,Oficial,5.7319,-75.1431,G10,Simulacro 1,S1,11.0,,,175.0,41.0,30,32,33.0,45.0,SI,,175.0
SEC-0352,Semestre Cero,I.E. Santa Teresa,I. E. SANTA TERESA,Argelia,Antioquia,Oficial,5.7319,-75.1431,G10,Simulacro 1,S1,11.0,,,175.0,39.0,34,36,24.0,55.0,SI,,175.0
SEC-0353,Semestre Cero,I.E. Santa Teresa,I. E. SANTA TERESA,Argelia,Antioquia,Oficial,5.7319,-75.1431,G10,Simulacro 1,S1,11.0,,,174.0,39.0,16,54,29.0,38.0,SI,,174.0
SEC-0354,Semestre Cero,I.E. Santa Teresa,I. E. SANTA TERESA,Argelia,Antioquia,Oficial,5.7319,-75.1431,G10,Simulacro 1,S1,11.0,,,173.0,39.0,28,36,34.0,38.0,SI,,173.0
SEC-0355,Semestre Cero,I.E. Santa Teresa,I. E. SANTA TERESA,Argelia,Antioquia,Oficial,5.7319,-75.1431,G10,Simulacro 1,S1,11.0,,,171.0,46.0,22,38,31.0,33.0,SI,,171.0
SEC-0356,Semestre Cero,I.E. Santa Teresa,I. E. SANTA TERESA,Argelia,Antioquia,Oficial,5.7319,-75.1431,G10,Simulacro 1,S1,11.0,,,170.0,34.0,38,38,26.0,35.0,SI,,170.0
SEC-0357,Semestre Cero,I.E. Santa Teresa,I. E. SANTA TERESA,Argelia,Antioquia,Oficial,5.7319,-75.1431,G10,Simulacro 1,S1,11.0,,,147.0,29.0,30,32,29.0,20.0,SI,,147.0
SEC-0358,Semestre Cero,I.E. Santa Teresa,I. E. SANTA TERESA,Argelia,Antioquia,Oficial,5.7319,-75.1431,G10,Simulacro 1,S1,11.0,,,141.0,37.0,24,22,26.0,40.0,SI,,141.0
SEC-0359,Semestre Cero,I.E. Santa Teresa,I. E. SANTA TERESA,Argelia,Antioquia,Oficial,5.7319,-75.1431,G10,Simulacro 1,S1,11.0,,,138.0,24.0,20,44,21.0,31.0,SI,,138.0
SEC-0360,Semestre Cero,I.E. Santa Teresa,I. E. SANTA TERESA,Argelia,Antioquia,Oficial,5.7319,-75.1431,G10,Simulacro 1,S1,11.0,,,135.0,20.0,32,36,17.0,36.0,SI,,135.0
SEC-0776,Semestre Cero,I.E. Santo Domingo,I. E. SANTO DOMINGO,Caucasia,Antioquia,Oficial,7.9869,-75.1972,G23,Simulacro 1,S1,11.0,,,217.0,63.0,32,48,31.0,42.0,SI,,217.0
SEC-0777,Semestre Cero,I.E. Santo Domingo,I. E. SANTO DOMINGO,Caucasia,Antioquia,Oficial,7.9869,-75.1972,G23,Simulacro 1,S1,11.0,,,202.0,56.0,20,50,34.0,44.0,SI,,202.0
SEC-0778,Semestre Cero,I.E. Santo Domingo,I. E. SANTO DOMINGO,Caucasia,Antioquia,Oficial,7.9869,-75.1972,G23,Simulacro 1,S1,11.0,,,190.0,54.0,32,38,26.0,45.0,SI,,190.0
SEC-0779,Semestre Cero,I.E. Santo Domingo,I. E. SANTO DOMINGO,Caucasia,Antioquia,Oficial,7.9869,-75.1972,G23,Simulacro 1,S1,11.0,,,184.0,34.0,24,56,34.0,33.0,SI,,184.0
SEC-0780,Semestre Cero,I.E. Santo Domingo,I. E. SANTO DOMINGO,Caucasia,Antioquia,Oficial,7.9869,-75.1972,G23,Simulacro 1,S1,11.0,,,178.0,49.0,26,46,21.0,38.0,SI,,178.0
SEC-0781,Semestre Cero,I.E. Santo Domingo,I. E. SANTO DOMINGO,Caucasia,Antioquia,Oficial,7.9869,-75.1972,G23,Simulacro 1,S1,11.0,,,163.0,32.0,16,42,34.0,51.0,SI,,163.0
SEC-0782,Semestre Cero,I.E. Santo Domingo,I. E. SANTO DOMINGO,Caucasia,Antioquia,Oficial,7.9869,-75.1972,G23,Simulacro 1,S1,11.0,,,159.0,29.0,24,28,47.0,29.0,SI,,159.0
SEC-0783,Semestre Cero,I.E. Santo Domingo,I. E. SANTO DOMINGO,Caucasia,Antioquia,Oficial,7.9869,-75.1972,G23,Simulacro 1,S1,11.0,,,158.0,46.0,24,30,26.0,33.0,SI,,158.0
SEC-0784,Semestre Cero,I.E. Santo Domingo,I. E. SANTO DOMINGO,Caucasia,Antioquia,Oficial,7.9869,-75.1972,G23,Simulacro 1,S1,11.0,,,157.0,37.0,24,32,33.0,33.0,SI,,157.0
SEC-0785,Semestre Cero,I.E. Santo Domingo,I. E. SANTO DOMINGO,Caucasia,Antioquia,Oficial,7.9869,-75.1972,G23,Simulacro 1,S1,11.0,,,157.0,39.0,26,38,22.0,31.0,SI,,157.0
SEC-0786,Semestre Cero,I.E. Santo Domingo,I. E. SANTO DOMINGO,Caucasia,Antioquia,Oficial,7.9869,-75.1972,G23,Simulacro 1,S1,11.0,,,156.0,24.0,28,38,31.0,42.0,SI,,156.0
SEC-0787,Semestre Cero,I.E. Santo Domingo,I. E. SANTO DOMINGO,Caucasia,Antioquia,Oficial,7.9869,-75.1972,G23,Simulacro 1,S1,11.0,,,154.0,37.0,30,30,28.0,29.0,SI,,154.0
SEC-0788,Semestre Cero,I.E. Santo Domingo,I. E. SANTO DOMINGO,Caucasia,Antioquia,Oficial,7.9869,-75.1972,G23,Simulacro 1,S1,11.0,,,153.0,34.0,28,26,34.0,31.0,SI,,153.0
SEC-0789,Semestre Cero,I.E. Santo Domingo,I. E. SANTO DOMINGO,Caucasia,Antioquia,Oficial,7.9869,-75.1972,G23,Simulacro 1,S1,11.0,,,148.0,39.0,22,32,26.0,29.0,SI,,148.0
SEC-0790,Semestre Cero,I.E. Santo Domingo,I. E. SANTO DOMINGO,Caucasia,Antioquia,Oficial,7.9869,-75.1972,G23,Simulacro 1,S1,11.0,,,148.0,37.0,26,30,28.0,24.0,SI,,148.0
SEC-0791,Semestre Cero,I.E. Santo Domingo,I. E. SANTO DOMINGO,Caucasia,Antioquia,Oficial,7.9869,-75.1972,G23,Simulacro 1,S1,11.0,,,145.0,24.0,22,38,33.0,25.0,SI,,145.0
SEC-0792,Semestre Cero,I.E. Santo Domingo,I. E. SANTO DOMINGO,Caucasia,Antioquia,Oficial,7.9869,-75.1972,G23,Simulacro 1,S1,11.0,,,143.0,34.0,24,42,14.0,31.0,SI,,143.0
SEC-0793,Semestre Cero,I.E. Santo Domingo,I. E. SANTO DOMINGO,Caucasia,Antioquia,Oficial,7.9869,-75.1972,G23,Simulacro 1,S1,11.0,,,142.0,27.0,22,28,34.0,35.0,SI,,142.0
SEC-0794,Semestre Cero,I.E. Santo Domingo,I. E. SANTO DOMINGO,Caucasia,Antioquia,Oficial,7.9869,-75.1972,G23,Simulacro 1,S1,11.0,,,138.0,39.0,20,34,17.0,29.0,SI,,138.0
SEC-0795,Semestre Cero,I.E. Santo Domingo,I. E. SANTO DOMINGO,Caucasia,Antioquia,Oficial,7.9869,-75.1972,G23,Simulacro 1,S1,11.0,,,134.0,32.0,22,26,24.0,36.0,SI,,134.0
SEC-0796,Semestre Cero,I.E. Santo Domingo,I. E. SANTO DOMINGO,Caucasia,Antioquia,Oficial,7.9869,-75.1972,G23,Simulacro 1,S1,11.0,,,130.0,24.0,30,18,29.0,33.0,SI,,130.0
SEC-0797,Semestre Cero,I.E. Santo Domingo,I. E. SANTO DOMINGO,Caucasia,Antioquia,Oficial,7.9869,-75.1972,G23,Simulacro 1,S1,11.0,,,129.0,34.0,22,28,21.0,22.0,SI,,129.0
SEC-0798,Semestre Cero,I.E. Santo Domingo,I. E. SANTO DOMINGO,Caucasia,Antioquia,Oficial,7.9869,-75.1972,G23,Simulacro 1,S1,11.0,,,128.0,41.0,26,22,12.0,27.0,SI,,128.0
SEC-0799,Semestre Cero,I.E. Santo Domingo,I. E. SANTO DOMINGO,Caucasia,Antioquia,Oficial,7.9869,-75.1972,G23,Simulacro 1,S1,11.0,,,123.0,32.0,24,22,19.0,31.0,SI,,123.0
SEC-0800,Semestre Cero,I.E. Santo Domingo,I. E. SANTO DOMINGO,Caucasia,Antioquia,Oficial,7.9869,-75.1972,G23,Simulacro 1,S1,11.0,,,123.0,17.0,24,34,22.0,27.0,SI,,123.0
SEC-0801,Semestre Cero,I.E. Santo Domingo,I. E. SANTO DOMINGO,Caucasia,Antioquia,Oficial,7.9869,-75.1972,G23,Simulacro 1,S1,11.0,,,123.0,24.0,34,20,19.0,27.0,SI,,123.0
SEC-0802,Semestre Cero,I.E. Santo Domingo,I. E. SANTO DOMINGO,Caucasia,Antioquia,Oficial,7.9869,-75.1972,G23,Simulacro 1,S1,11.0,,,123.0,32.0,16,38,14.0,20.0,SI,,123.0
SEC-0803,Semestre Cero,I.E. Santo Domingo,I. E. SANTO DOMINGO,Caucasia,Antioquia,Oficial,7.9869,-75.1972,G23,Simulacro 1,S1,11.0,,,122.0,27.0,16,34,19.0,29.0,SI,,122.0
SEC-0804,Semestre Cero,I.E. Santo Domingo,I. E. SANTO DOMINGO,Caucasia,Antioquia,Oficial,7.9869,-75.1972,G23,Simulacro 1,S1,11.0,,,119.0,32.0,22,26,14.0,29.0,SI,,119.0
SEC-0805,Semestre Cero,I.E. Santo Domingo,I. E. SANTO DOMINGO,Caucasia,Antioquia,Oficial,7.9869,-75.1972,G23,Simulacro 1,S1,11.0,,,115.0,12.0,36,16,26.0,29.0,SI,,115.0
SEC-0806,Semestre Cero,I.E. Santo Domingo,I. E. SANTO DOMINGO,Caucasia,Antioquia,Oficial,7.9869,-75.1972,G23,Simulacro 1,S1,11.0,,,77.0,29.0,14,20,3.0,0.0,SI,,77.0
SEC-0944,Semestre Cero,I.E. Urbana San Jose,I. E. URBANA SAN JOSE,Ebéjico,Antioquia,Oficial,6.3267,-75.7686,G28,Simulacro 1,S1,11.0,,,297.0,76.0,36,64,50.0,95.0,SI,,297.0
SEC-0945,Semestre Cero,I.E. Urbana San Jose,I. E. URBANA SAN JOSE,Ebéjico,Antioquia,Oficial,6.3267,-75.7686,G28,Simulacro 1,S1,11.0,,,292.0,56.0,40,70,55.0,95.0,SI,,292.0
SEC-0946,Semestre Cero,I.E. Urbana San Jose,I. E. URBANA SAN JOSE,Ebéjico,Antioquia,Oficial,6.3267,-75.7686,G28,Simulacro 1,S1,11.0,,,274.0,56.0,38,68,57.0,56.0,SI,,274.0
SEC-0947,Semestre Cero,I.E. Urbana San Jose,I. E. URBANA SAN JOSE,Ebéjico,Antioquia,Oficial,6.3267,-75.7686,G28,Simulacro 1,S1,11.0,,,272.0,56.0,38,64,59.0,56.0,SI,,272.0
SEC-0948,Semestre Cero,I.E. Urbana San Jose,I. E. URBANA SAN JOSE,Ebéjico,Antioquia,Oficial,6.3267,-75.7686,G28,Simulacro 1,S1,11.0,,,264.0,78.0,26,56,55.0,40.0,SI,,264.0
SEC-0949,Semestre Cero,I.E. Urbana San Jose,I. E. URBANA SAN JOSE,Ebéjico,Antioquia,Oficial,6.3267,-75.7686,G28,Simulacro 1,S1,11.0,,,261.0,44.0,36,68,55.0,69.0,SI,,261.0
SEC-0950,Semestre Cero,I.E. Urbana San Jose,I. E. URBANA SAN JOSE,Ebéjico,Antioquia,Oficial,6.3267,-75.7686,G28,Simulacro 1,S1,11.0,,,260.0,63.0,38,76,29.0,56.0,SI,,260.0
SEC-0951,Semestre Cero,I.E. Urbana San Jose,I. E. URBANA SAN JOSE,Ebéjico,Antioquia,Oficial,6.3267,-75.7686,G28,Simulacro 1,S1,11.0,,,255.0,56.0,38,52,53.0,65.0,SI,,255.0
SEC-0952,Semestre Cero,I.E. Urbana San Jose,I. E. URBANA SAN JOSE,Ebéjico,Antioquia,Oficial,6.3267,-75.7686,G28,Simulacro 1,S1,11.0,,,250.0,63.0,38,56,38.0,64.0,SI,,250.0
SEC-0953,Semestre Cero,I.E. Urbana San Jose,I. E. URBANA SAN JOSE,Ebéjico,Antioquia,Oficial,6.3267,-75.7686,G28,Simulacro 1,S1,11.0,,,245.0,66.0,26,68,33.0,58.0,SI,,245.0
SEC-0954,Semestre Cero,I.E. Urbana San Jose,I. E. URBANA SAN JOSE,Ebéjico,Antioquia,Oficial,6.3267,-75.7686,G28,Simulacro 1,S1,11.0,,,240.0,59.0,28,66,36.0,58.0,SI,,240.0
SEC-0955,Semestre Cero,I.E. Urbana San Jose,I. E. URBANA SAN JOSE,Ebéjico,Antioquia,Oficial,6.3267,-75.7686,G28,Simulacro 1,S1,11.0,,,240.0,59.0,36,56,40.0,53.0,SI,,240.0
SEC-0956,Semestre Cero,I.E. Urbana San Jose,I. E. URBANA SAN JOSE,Ebéjico,Antioquia,Oficial,6.3267,-75.7686,G28,Simulacro 1,S1,11.0,,,239.0,59.0,26,58,47.0,55.0,SI,,239.0
SEC-0957,Semestre Cero,I.E. Urbana San Jose,I. E. URBANA SAN JOSE,Ebéjico,Antioquia,Oficial,6.3267,-75.7686,G28,Simulacro 1,S1,11.0,,,238.0,63.0,30,52,41.0,58.0,SI,,238.0
SEC-0958,Semestre Cero,I.E. Urbana San Jose,I. E. URBANA SAN JOSE,Ebéjico,Antioquia,Oficial,6.3267,-75.7686,G28,Simulacro 1,S1,11.0,,,237.0,56.0,38,58,38.0,45.0,SI,,237.0
SEC-0959,Semestre Cero,I.E. Urbana San Jose,I. E. URBANA SAN JOSE,Ebéjico,Antioquia,Oficial,6.3267,-75.7686,G28,Simulacro 1,S1,11.0,,,234.0,59.0,24,56,41.0,69.0,SI,,234.0
SEC-0960,Semestre Cero,I.E. Urbana San Jose,I. E. URBANA SAN JOSE,Ebéjico,Antioquia,Oficial,6.3267,-75.7686,G28,Simulacro 1,S1,11.0,,,230.0,56.0,38,46,43.0,47.0,SI,,230.0
SEC-0961,Semestre Cero,I.E. Urbana San Jose,I. E. URBANA SAN JOSE,Ebéjico,Antioquia,Oficial,6.3267,-75.7686,G28,Simulacro 1,S1,11.0,,,226.0,51.0,36,58,41.0,29.0,SI,,226.0
SEC-0962,Semestre Cero,I.E. Urbana San Jose,I. E. URBANA SAN JOSE,Ebéjico,Antioquia,Oficial,6.3267,-75.7686,G28,Simulacro 1,S1,11.0,,,224.0,61.0,22,52,45.0,42.0,SI,,224.0
SEC-0963,Semestre Cero,I.E. Urbana San Jose,I. E. URBANA SAN JOSE,Ebéjico,Antioquia,Oficial,6.3267,-75.7686,G28,Simulacro 1,S1,11.0,,,215.0,49.0,24,64,29.0,60.0,SI,,215.0
SEC-0964,Semestre Cero,I.E. Urbana San Jose,I. E. URBANA SAN JOSE,Ebéjico,Antioquia,Oficial,6.3267,-75.7686,G28,Simulacro 1,S1,11.0,,,209.0,39.0,26,54,43.0,56.0,SI,,209.0
SEC-0965,Semestre Cero,I.E. Urbana San Jose,I. E. URBANA SAN JOSE,Ebéjico,Antioquia,Oficial,6.3267,-75.7686,G28,Simulacro 1,S1,11.0,,,208.0,51.0,34,40,41.0,42.0,SI,,208.0
SEC-0966,Semestre Cero,I.E. Urbana San Jose,I. E. URBANA SAN JOSE,Ebéjico,Antioquia,Oficial,6.3267,-75.7686,G28,Simulacro 1,S1,11.0,,,201.0,46.0,32,44,33.0,58.0,SI,,201.0
SEC-0967,Semestre Cero,I.E. Urbana San Jose,I. E. URBANA SAN JOSE,Ebéjico,Antioquia,Oficial,6.3267,-75.7686,G28,Simulacro 1,S1,11.0,,,196.0,37.0,38,40,38.0,51.0,SI,,196.0
SEC-0968,Semestre Cero,I.E. Urbana San Jose,I. E. URBANA SAN JOSE,Ebéjico,Antioquia,Oficial,6.3267,-75.7686,G28,Simulacro 1,S1,11.0,,,192.0,46.0,26,48,28.0,56.0,SI,,192.0
SEC-0969,Semestre Cero,I.E. Urbana San Jose,I. E. URBANA SAN JOSE,Ebéjico,Antioquia,Oficial,6.3267,-75.7686,G28,Simulacro 1,S1,11.0,,,189.0,46.0,22,42,34.0,58.0,SI,,189.0
SEC-0970,Semestre Cero,I.E. Urbana San Jose,I. E. URBANA SAN JOSE,Ebéjico,Antioquia,Oficial,6.3267,-75.7686,G28,Simulacro 1,S1,11.0,,,184.0,39.0,24,46,38.0,38.0,SI,,184.0
SEC-0971,Semestre Cero,I.E. Urbana San Jose,I. E. URBANA SAN JOSE,Ebéjico,Antioquia,Oficial,6.3267,-75.7686,G28,Simulacro 1,S1,11.0,,,184.0,44.0,26,40,34.0,45.0,SI,,184.0
SEC-0972,Semestre Cero,I.E. Urbana San Jose,I. E. URBANA SAN JOSE,Ebéjico,Antioquia,Oficial,6.3267,-75.7686,G28,Simulacro 1,S1,11.0,,,182.0,34.0,20,58,34.0,33.0,SI,,182.0
SEC-0973,Semestre Cero,I.E. Urbana San Jose,I. E. URBANA SAN JOSE,Ebéjico,Antioquia,Oficial,6.3267,-75.7686,G28,Simulacro 1,S1,11.0,,,180.0,51.0,32,40,28.0,16.0,SI,,180.0
SEC-0974,Semestre Cero,I.E. Urbana San Jose,I. E. URBANA SAN JOSE,Ebéjico,Antioquia,Oficial,6.3267,-75.7686,G28,Simulacro 1,S1,11.0,,,176.0,46.0,36,42,19.0,27.0,SI,,176.0
SEC-0975,Semestre Cero,I.E. Urbana San Jose,I. E. URBANA SAN JOSE,Ebéjico,Antioquia,Oficial,6.3267,-75.7686,G28,Simulacro 1,S1,11.0,,,171.0,41.0,22,42,31.0,36.0,SI,,171.0
SEC-0976,Semestre Cero,I.E. Urbana San Jose,I. E. URBANA SAN JOSE,Ebéjico,Antioquia,Oficial,6.3267,-75.7686,G28,Simulacro 1,S1,11.0,,,133.0,32.0,18,44,16.0,18.0,SI,,133.0
SEC-0977,Semestre Cero,I.E. Urbana San Jose,I. E. URBANA SAN JOSE,Ebéjico,Antioquia,Oficial,6.3267,-75.7686,G28,Simulacro 1,S1,11.0,,,126.0,29.0,22,22,26.0,29.0,SI,,126.0
SEC-0978,Semestre Cero,I.E. Urbana San Jose,I. E. URBANA SAN JOSE,Ebéjico,Antioquia,Oficial,6.3267,-75.7686,G28,Simulacro 1,S1,11.0,,,99.0,37.0,16,16,17.0,0.0,SI,,99.0
SEC-0979,Semestre Cero,I.E. Urbana San Jose,I. E. URBANA SAN JOSE,Ebéjico,Antioquia,Oficial,6.3267,-75.7686,G28,Simulacro 1,S1,11.0,,,85.0,0.0,16,20,16.0,67.0,SI,,85.0
SEC-2367,Semestre Cero,I.E. Vigia del Fuerte,I. E. VIGIA DEL FUERTE,Vigía del Fuerte,Antioquia,Oficial,6.5861,-76.8864,G67,Simulacro 1,S1,11.0,,,212.0,51.0,26,54,40.0,38.0,SI,,212.0
SEC-2368,Semestre Cero,I.E. Vigia del Fuerte,I. E. VIGIA DEL FUERTE,Vigía del Fuerte,Antioquia,Oficial,6.5861,-76.8864,G67,Simulacro 1,S1,11.0,,,193.0,46.0,30,38,36.0,49.0,SI,,193.0
SEC-2369,Semestre Cero,I.E. Vigia del Fuerte,I. E. VIGIA DEL FUERTE,Vigía del Fuerte,Antioquia,Oficial,6.5861,-76.8864,G67,Simulacro 1,S1,11.0,,,185.0,44.0,40,34,29.0,38.0,SI,,185.0
SEC-2370,Semestre Cero,I.E. Vigia del Fuerte,I. E. VIGIA DEL FUERTE,Vigía del Fuerte,Antioquia,Oficial,6.5861,-76.8864,G67,Simulacro 1,S1,11.0,,,179.0,41.0,32,40,31.0,33.0,SI,,179.0
SEC-2371,Semestre Cero,I.E. Vigia del Fuerte,I. E. VIGIA DEL FUERTE,Vigía del Fuerte,Antioquia,Oficial,6.5861,-76.8864,G67,Simulacro 1,S1,11.0,,,175.0,56.0,28,40,17.0,31.0,SI,,175.0
SEC-2372,Semestre Cero,I.E. Vigia del Fuerte,I. E. VIGIA DEL FUERTE,Vigía del Fuerte,Antioquia,Oficial,6.5861,-76.8864,G67,Simulacro 1,S1,11.0,,,169.0,39.0,24,40,28.0,47.0,SI,,169.0
SEC-2373,Semestre Cero,I.E. Vigia del Fuerte,I. E. VIGIA DEL FUERTE,Vigía del Fuerte,Antioquia,Oficial,6.5861,-76.8864,G67,Simulacro 1,S1,11.0,,,169.0,24.0,26,52,28.0,49.0,SI,,169.0
SEC-2374,Semestre Cero,I.E. Vigia del Fuerte,I. E. VIGIA DEL FUERTE,Vigía del Fuerte,Antioquia,Oficial,6.5861,-76.8864,G67,Simulacro 1,S1,11.0,,,161.0,39.0,28,34,28.0,33.0,SI,,161.0
SEC-2375,Semestre Cero,I.E. Vigia del Fuerte,I. E. VIGIA DEL FUERTE,Vigía del Fuerte,Antioquia,Oficial,6.5861,-76.8864,G67,Simulacro 1,S1,11.0,,,160.0,29.0,26,48,22.0,40.0,SI,,160.0
SEC-2376,Semestre Cero,I.E. Vigia del Fuerte,I. E. VIGIA DEL FUERTE,Vigía del Fuerte,Antioquia,Oficial,6.5861,-76.8864,G67,Simulacro 1,S1,11.0,,,154.0,41.0,26,28,29.0,27.0,SI,,154.0
SEC-2377,Semestre Cero,I.E. Vigia del Fuerte,I. E. VIGIA DEL FUERTE,Vigía del Fuerte,Antioquia,Oficial,6.5861,-76.8864,G67,Simulacro 1,S1,11.0,,,148.0,37.0,18,36,28.0,31.0,SI,,148.0
SEC-2378,Semestre Cero,I.E. Vigia del Fuerte,I. E. VIGIA DEL FUERTE,Vigía del Fuerte,Antioquia,Oficial,6.5861,-76.8864,G67,Simulacro 1,S1,11.0,,,147.0,41.0,26,26,19.0,45.0,SI,,147.0
SEC-2379,Semestre Cero,I.E. Vigia del Fuerte,I. E. VIGIA DEL FUERTE,Vigía del Fuerte,Antioquia,Oficial,6.5861,-76.8864,G67,Simulacro 1,S1,11.0,,,142.0,39.0,22,26,22.0,40.0,SI,,142.0
SEC-2380,Semestre Cero,I.E. Vigia del Fuerte,I. E. VIGIA DEL FUERTE,Vigía del Fuerte,Antioquia,Oficial,6.5861,-76.8864,G67,Simulacro 1,S1,11.0,,,141.0,32.0,14,34,36.0,20.0,SI,,141.0
SEC-2381,Semestre Cero,I.E. Vigia del Fuerte,I. E. VIGIA DEL FUERTE,Vigía del Fuerte,Antioquia,Oficial,6.5861,-76.8864,G67,Simulacro 1,S1,11.0,,,141.0,34.0,20,30,24.0,42.0,SI,,141.0
SEC-2382,Semestre Cero,I.E. Vigia del Fuerte,I. E. VIGIA DEL FUERTE,Vigía del Fuerte,Antioquia,Oficial,6.5861,-76.8864,G67,Simulacro 1,S1,11.0,,,141.0,44.0,22,18,24.0,42.0,SI,,141.0
SEC-2383,Semestre Cero,I.E. Vigia del Fuerte,I. E. VIGIA DEL FUERTE,Vigía del Fuerte,Antioquia,Oficial,6.5861,-76.8864,G67,Simulacro 1,S1,11.0,,,138.0,29.0,26,32,26.0,18.0,SI,,138.0
SEC-2384,Semestre Cero,I.E. Vigia del Fuerte,I. E. VIGIA DEL FUERTE,Vigía del Fuerte,Antioquia,Oficial,6.5861,-76.8864,G67,Simulacro 1,S1,11.0,,,137.0,32.0,28,18,31.0,31.0,SI,,137.0
SEC-2385,Semestre Cero,I.E. Vigia del Fuerte,I. E. VIGIA DEL FUERTE,Vigía del Fuerte,Antioquia,Oficial,6.5861,-76.8864,G67,Simulacro 1,S1,11.0,,,133.0,37.0,22,20,24.0,36.0,SI,,133.0
SEC-2386,Semestre Cero,I.E. Vigia del Fuerte,I. E. VIGIA DEL FUERTE,Vigía del Fuerte,Antioquia,Oficial,6.5861,-76.8864,G67,Simulacro 1,S1,11.0,,,132.0,32.0,22,28,22.0,31.0,SI,,132.0
SEC-2387,Semestre Cero,I.E. Vigia del Fuerte,I. E. VIGIA DEL FUERTE,Vigía del Fuerte,Antioquia,Oficial,6.5861,-76.8864,G67,Simulacro 1,S1,11.0,,,131.0,27.0,24,22,26.0,45.0,SI,,131.0
SEC-2388,Semestre Cero,I.E. Vigia del Fuerte,I. E. VIGIA DEL FUERTE,Vigía del Fuerte,Antioquia,Oficial,6.5861,-76.8864,G67,Simulacro 1,S1,11.0,,,131.0,32.0,28,22,21.0,33.0,SI,,131.0
SEC-2389,Semestre Cero,I.E. Vigia del Fuerte,I. E. VIGIA DEL FUERTE,Vigía del Fuerte,Antioquia,Oficial,6.5861,-76.8864,G67,Simulacro 1,S1,11.0,,,130.0,20.0,16,32,34.0,31.0,SI,,130.0
SEC-2390,Semestre Cero,I.E. Vigia del Fuerte,I. E. VIGIA DEL FUERTE,Vigía del Fuerte,Antioquia,Oficial,6.5861,-76.8864,G67,Simulacro 1,S1,11.0,,,129.0,32.0,28,22,12.0,55.0,SI,,129.0
SEC-2391,Semestre Cero,I.E. Vigia del Fuerte,I. E. VIGIA DEL FUERTE,Vigía del Fuerte,Antioquia,Oficial,6.5861,-76.8864,G67,Simulacro 1,S1,11.0,,,126.0,22.0,24,26,21.0,51.0,SI,,126.0
SEC-2392,Semestre Cero,I.E. Vigia del Fuerte,I. E. VIGIA DEL FUERTE,Vigía del Fuerte,Antioquia,Oficial,6.5861,-76.8864,G67,Simulacro 1,S1,11.0,,,121.0,34.0,16,26,19.0,29.0,SI,,121.0
SEC-2393,Semestre Cero,I.E. Vigia del Fuerte,I. E. VIGIA DEL FUERTE,Vigía del Fuerte,Antioquia,Oficial,6.5861,-76.8864,G67,Simulacro 1,S1,11.0,,,120.0,32.0,18,22,22.0,31.0,SI,,120.0
SEC-2394,Semestre Cero,I.E. Vigia del Fuerte,I. E. VIGIA DEL FUERTE,Vigía del Fuerte,Antioquia,Oficial,6.5861,-76.8864,G67,Simulacro 1,S1,11.0,,,120.0,24.0,22,30,21.0,22.0,SI,,120.0
SEC-2395,Semestre Cero,I.E. Vigia del Fuerte,I. E. VIGIA DEL FUERTE,Vigía del Fuerte,Antioquia,Oficial,6.5861,-76.8864,G67,Simulacro 1,S1,11.0,,,120.0,39.0,16,18,12.0,56.0,SI,,120.0
SEC-2396,Semestre Cero,I.E. Vigia del Fuerte,I. E. VIGIA DEL FUERTE,Vigía del Fuerte,Antioquia,Oficial,6.5861,-76.8864,G67,Simulacro 1,S1,11.0,,,117.0,27.0,12,32,16.0,45.0,SI,,117.0
SEC-2397,Semestre Cero,I.E. Vigia del Fuerte,I. E. VIGIA DEL FUERTE,Vigía del Fuerte,Antioquia,Oficial,6.5861,-76.8864,G67,Simulacro 1,S1,11.0,,,113.0,17.0,24,28,21.0,24.0,SI,,113.0
SEC-2398,Semestre Cero,I.E. Vigia del Fuerte,I. E. VIGIA DEL FUERTE,Vigía del Fuerte,Antioquia,Oficial,6.5861,-76.8864,G67,Simulacro 1,S1,11.0,,,107.0,29.0,18,28,9.0,25.0,SI,,107.0
SEC-2399,Semestre Cero,I.E. Vigia del Fuerte,I. E. VIGIA DEL FUERTE,Vigía del Fuerte,Antioquia,Oficial,6.5861,-76.8864,G67,Simulacro 1,S1,11.0,,,97.0,17.0,20,24,16.0,24.0,SI,,97.0
SEC-2400,Semestre Cero,I.E. Vigia del Fuerte,I. E. VIGIA DEL FUERTE,Vigía del Fuerte,Antioquia,Oficial,6.5861,-76.8864,G67,Simulacro 1,S1,11.0,,,69.0,34.0,14,8,3.0,0.0,SI,,69.0
SEC-1606,Semestre Cero,I.E. el Salvador,I. E. EL SALVADOR,Pueblorrico,Antioquia,Oficial,5.7917,-75.8394,G47,Simulacro 1,S1,11.0,,,257.0,51.0,42,68,45.0,51.0,SI,,257.0
SEC-1607,Semestre Cero,I.E. el Salvador,I. E. EL SALVADOR,Pueblorrico,Antioquia,Oficial,5.7917,-75.8394,G47,Simulacro 1,S1,11.0,,,237.0,59.0,36,52,33.0,78.0,SI,,237.0
SEC-1608,Semestre Cero,I.E. el Salvador,I. E. EL SALVADOR,Pueblorrico,Antioquia,Oficial,5.7917,-75.8394,G47,Simulacro 1,S1,11.0,,,226.0,44.0,44,40,40.0,84.0,SI,,226.0
SEC-1609,Semestre Cero,I.E. el Salvador,I. E. EL SALVADOR,Pueblorrico,Antioquia,Oficial,5.7917,-75.8394,G47,Simulacro 1,S1,11.0,,,219.0,41.0,44,46,43.0,45.0,SI,,219.0
SEC-1610,Semestre Cero,I.E. el Salvador,I. E. EL SALVADOR,Pueblorrico,Antioquia,Oficial,5.7917,-75.8394,G47,Simulacro 1,S1,11.0,,,216.0,61.0,36,38,28.0,73.0,SI,,216.0
SEC-1611,Semestre Cero,I.E. el Salvador,I. E. EL SALVADOR,Pueblorrico,Antioquia,Oficial,5.7917,-75.8394,G47,Simulacro 1,S1,11.0,,,211.0,44.0,30,50,38.0,64.0,SI,,211.0
SEC-1612,Semestre Cero,I.E. el Salvador,I. E. EL SALVADOR,Pueblorrico,Antioquia,Oficial,5.7917,-75.8394,G47,Simulacro 1,S1,11.0,,,211.0,56.0,28,46,34.0,55.0,SI,,211.0
SEC-1613,Semestre Cero,I.E. el Salvador,I. E. EL SALVADOR,Pueblorrico,Antioquia,Oficial,5.7917,-75.8394,G47,Simulacro 1,S1,11.0,,,200.0,44.0,36,46,34.0,38.0,SI,,200.0
SEC-1614,Semestre Cero,I.E. el Salvador,I. E. EL SALVADOR,Pueblorrico,Antioquia,Oficial,5.7917,-75.8394,G47,Simulacro 1,S1,11.0,,,194.0,41.0,24,56,29.0,51.0,SI,,194.0
SEC-1615,Semestre Cero,I.E. el Salvador,I. E. EL SALVADOR,Pueblorrico,Antioquia,Oficial,5.7917,-75.8394,G47,Simulacro 1,S1,11.0,,,186.0,51.0,26,34,38.0,36.0,SI,,186.0
SEC-1616,Semestre Cero,I.E. el Salvador,I. E. EL SALVADOR,Pueblorrico,Antioquia,Oficial,5.7917,-75.8394,G47,Simulacro 1,S1,11.0,,,184.0,41.0,24,46,34.0,42.0,SI,,184.0
SEC-1617,Semestre Cero,I.E. el Salvador,I. E. EL SALVADOR,Pueblorrico,Antioquia,Oficial,5.7917,-75.8394,G47,Simulacro 1,S1,11.0,,,182.0,24.0,36,46,33.0,55.0,SI,,182.0
SEC-1618,Semestre Cero,I.E. el Salvador,I. E. EL SALVADOR,Pueblorrico,Antioquia,Oficial,5.7917,-75.8394,G47,Simulacro 1,S1,11.0,,,181.0,56.0,32,30,26.0,40.0,SI,,181.0
SEC-1619,Semestre Cero,I.E. el Salvador,I. E. EL SALVADOR,Pueblorrico,Antioquia,Oficial,5.7917,-75.8394,G47,Simulacro 1,S1,11.0,,,177.0,32.0,28,54,21.0,58.0,SI,,177.0
SEC-1620,Semestre Cero,I.E. el Salvador,I. E. EL SALVADOR,Pueblorrico,Antioquia,Oficial,5.7917,-75.8394,G47,Simulacro 1,S1,11.0,,,176.0,32.0,26,46,33.0,49.0,SI,,176.0
SEC-1621,Semestre Cero,I.E. el Salvador,I. E. EL SALVADOR,Pueblorrico,Antioquia,Oficial,5.7917,-75.8394,G47,Simulacro 1,S1,11.0,,,174.0,34.0,36,40,28.0,40.0,SI,,174.0
SEC-1622,Semestre Cero,I.E. el Salvador,I. E. EL SALVADOR,Pueblorrico,Antioquia,Oficial,5.7917,-75.8394,G47,Simulacro 1,S1,11.0,,,172.0,39.0,24,50,22.0,42.0,SI,,172.0
SEC-1623,Semestre Cero,I.E. el Salvador,I. E. EL SALVADOR,Pueblorrico,Antioquia,Oficial,5.7917,-75.8394,G47,Simulacro 1,S1,11.0,,,172.0,37.0,26,34,40.0,38.0,SI,,172.0
SEC-1624,Semestre Cero,I.E. el Salvador,I. E. EL SALVADOR,Pueblorrico,Antioquia,Oficial,5.7917,-75.8394,G47,Simulacro 1,S1,11.0,,,172.0,32.0,24,50,29.0,42.0,SI,,172.0
SEC-1625,Semestre Cero,I.E. el Salvador,I. E. EL SALVADOR,Pueblorrico,Antioquia,Oficial,5.7917,-75.8394,G47,Simulacro 1,S1,11.0,,,170.0,41.0,24,28,28.0,80.0,SI,,170.0
SEC-1626,Semestre Cero,I.E. el Salvador,I. E. EL SALVADOR,Pueblorrico,Antioquia,Oficial,5.7917,-75.8394,G47,Simulacro 1,S1,11.0,,,167.0,37.0,30,34,31.0,40.0,SI,,167.0
SEC-1627,Semestre Cero,I.E. el Salvador,I. E. EL SALVADOR,Pueblorrico,Antioquia,Oficial,5.7917,-75.8394,G47,Simulacro 1,S1,11.0,,,166.0,41.0,24,46,21.0,35.0,SI,,166.0
SEC-1628,Semestre Cero,I.E. el Salvador,I. E. EL SALVADOR,Pueblorrico,Antioquia,Oficial,5.7917,-75.8394,G47,Simulacro 1,S1,11.0,,,158.0,49.0,16,36,22.0,42.0,SI,,158.0
SEC-1629,Semestre Cero,I.E. el Salvador,I. E. EL SALVADOR,Pueblorrico,Antioquia,Oficial,5.7917,-75.8394,G47,Simulacro 1,S1,11.0,,,156.0,39.0,24,38,24.0,31.0,SI,,156.0
SEC-1630,Semestre Cero,I.E. el Salvador,I. E. EL SALVADOR,Pueblorrico,Antioquia,Oficial,5.7917,-75.8394,G47,Simulacro 1,S1,11.0,,,154.0,32.0,32,36,24.0,29.0,SI,,154.0
SEC-1631,Semestre Cero,I.E. el Salvador,I. E. EL SALVADOR,Pueblorrico,Antioquia,Oficial,5.7917,-75.8394,G47,Simulacro 1,S1,11.0,,,152.0,34.0,24,44,19.0,31.0,SI,,152.0
SEC-1632,Semestre Cero,I.E. el Salvador,I. E. EL SALVADOR,Pueblorrico,Antioquia,Oficial,5.7917,-75.8394,G47,Simulacro 1,S1,11.0,,,148.0,32.0,30,28,31.0,24.0,SI,,148.0
SEC-1633,Semestre Cero,I.E. el Salvador,I. E. EL SALVADOR,Pueblorrico,Antioquia,Oficial,5.7917,-75.8394,G47,Simulacro 1,S1,11.0,,,147.0,41.0,22,34,17.0,38.0,SI,,147.0
SEC-1634,Semestre Cero,I.E. el Salvador,I. E. EL SALVADOR,Pueblorrico,Antioquia,Oficial,5.7917,-75.8394,G47,Simulacro 1,S1,11.0,,,147.0,27.0,26,32,26.0,49.0,SI,,147.0
SEC-1635,Semestre Cero,I.E. el Salvador,I. E. EL SALVADOR,Pueblorrico,Antioquia,Oficial,5.7917,-75.8394,G47,Simulacro 1,S1,11.0,,,141.0,37.0,24,30,19.0,38.0,SI,,141.0
SEC-1636,Semestre Cero,I.E. el Salvador,I. E. EL SALVADOR,Pueblorrico,Antioquia,Oficial,5.7917,-75.8394,G47,Simulacro 1,S1,11.0,,,140.0,29.0,34,20,29.0,27.0,SI,,140.0
SEC-1637,Semestre Cero,I.E. el Salvador,I. E. EL SALVADOR,Pueblorrico,Antioquia,Oficial,5.7917,-75.8394,G47,Simulacro 1,S1,11.0,,,130.0,20.0,28,32,21.0,36.0,SI,,130.0
SEC-0980,Semestre Cero,I.E. la Esmeralda,I. E. LA ESMERALDA,El Bagre,Antioquia,Oficial,7.6017,-74.8083,G29,Simulacro 1,S1,11.0,,,230.0,49.0,32,64,41.0,40.0,SI,,230.0
SEC-0981,Semestre Cero,I.E. la Esmeralda,I. E. LA ESMERALDA,El Bagre,Antioquia,Oficial,7.6017,-74.8083,G29,Simulacro 1,S1,11.0,,,224.0,46.0,32,60,36.0,60.0,SI,,224.0
SEC-0982,Semestre Cero,I.E. la Esmeralda,I. E. LA ESMERALDA,El Bagre,Antioquia,Oficial,7.6017,-74.8083,G29,Simulacro 1,S1,11.0,,,220.0,39.0,28,60,48.0,47.0,SI,,220.0
SEC-0983,Semestre Cero,I.E. la Esmeralda,I. E. LA ESMERALDA,El Bagre,Antioquia,Oficial,7.6017,-74.8083,G29,Simulacro 1,S1,11.0,,,198.0,44.0,34,52,26.0,47.0,SI,,198.0
SEC-0984,Semestre Cero,I.E. la Esmeralda,I. E. LA ESMERALDA,El Bagre,Antioquia,Oficial,7.6017,-74.8083,G29,Simulacro 1,S1,11.0,,,196.0,66.0,26,38,29.0,33.0,SI,,196.0
SEC-0985,Semestre Cero,I.E. la Esmeralda,I. E. LA ESMERALDA,El Bagre,Antioquia,Oficial,7.6017,-74.8083,G29,Simulacro 1,S1,11.0,,,191.0,46.0,28,50,31.0,31.0,SI,,191.0
SEC-0986,Semestre Cero,I.E. la Esmeralda,I. E. LA ESMERALDA,El Bagre,Antioquia,Oficial,7.6017,-74.8083,G29,Simulacro 1,S1,11.0,,,187.0,37.0,24,56,29.0,47.0,SI,,187.0
SEC-0987,Semestre Cero,I.E. la Esmeralda,I. E. LA ESMERALDA,El Bagre,Antioquia,Oficial,7.6017,-74.8083,G29,Simulacro 1,S1,11.0,,,183.0,39.0,24,42,38.0,47.0,SI,,183.0
SEC-0988,Semestre Cero,I.E. la Esmeralda,I. E. LA ESMERALDA,El Bagre,Antioquia,Oficial,7.6017,-74.8083,G29,Simulacro 1,S1,11.0,,,182.0,34.0,42,32,41.0,24.0,SI,,182.0
SEC-0989,Semestre Cero,I.E. la Esmeralda,I. E. LA ESMERALDA,El Bagre,Antioquia,Oficial,7.6017,-74.8083,G29,Simulacro 1,S1,11.0,,,179.0,44.0,32,36,31.0,36.0,SI,,179.0
SEC-0990,Semestre Cero,I.E. la Esmeralda,I. E. LA ESMERALDA,El Bagre,Antioquia,Oficial,7.6017,-74.8083,G29,Simulacro 1,S1,11.0,,,175.0,34.0,24,38,40.0,47.0,SI,,175.0
SEC-0991,Semestre Cero,I.E. la Esmeralda,I. E. LA ESMERALDA,El Bagre,Antioquia,Oficial,7.6017,-74.8083,G29,Simulacro 1,S1,11.0,,,169.0,44.0,28,36,24.0,44.0,SI,,169.0
SEC-0992,Semestre Cero,I.E. la Esmeralda,I. E. LA ESMERALDA,El Bagre,Antioquia,Oficial,7.6017,-74.8083,G29,Simulacro 1,S1,11.0,,,160.0,27.0,30,38,29.0,44.0,SI,,160.0
SEC-0993,Semestre Cero,I.E. la Esmeralda,I. E. LA ESMERALDA,El Bagre,Antioquia,Oficial,7.6017,-74.8083,G29,Simulacro 1,S1,11.0,,,158.0,32.0,30,38,28.0,29.0,SI,,158.0
SEC-0994,Semestre Cero,I.E. la Esmeralda,I. E. LA ESMERALDA,El Bagre,Antioquia,Oficial,7.6017,-74.8083,G29,Simulacro 1,S1,11.0,,,156.0,34.0,26,38,24.0,38.0,SI,,156.0
SEC-0995,Semestre Cero,I.E. la Esmeralda,I. E. LA ESMERALDA,El Bagre,Antioquia,Oficial,7.6017,-74.8083,G29,Simulacro 1,S1,11.0,,,155.0,34.0,22,36,31.0,33.0,SI,,155.0
SEC-0996,Semestre Cero,I.E. la Esmeralda,I. E. LA ESMERALDA,El Bagre,Antioquia,Oficial,7.6017,-74.8083,G29,Simulacro 1,S1,11.0,,,152.0,44.0,28,24,24.0,36.0,SI,,152.0
SEC-0997,Semestre Cero,I.E. la Esmeralda,I. E. LA ESMERALDA,El Bagre,Antioquia,Oficial,7.6017,-74.8083,G29,Simulacro 1,S1,11.0,,,151.0,39.0,20,34,24.0,42.0,SI,,151.0
SEC-0998,Semestre Cero,I.E. la Esmeralda,I. E. LA ESMERALDA,El Bagre,Antioquia,Oficial,7.6017,-74.8083,G29,Simulacro 1,S1,11.0,,,149.0,24.0,32,36,29.0,22.0,SI,,149.0
SEC-0999,Semestre Cero,I.E. la Esmeralda,I. E. LA ESMERALDA,El Bagre,Antioquia,Oficial,7.6017,-74.8083,G29,Simulacro 1,S1,11.0,,,149.0,46.0,28,18,29.0,22.0,SI,,149.0
SEC-1000,Semestre Cero,I.E. la Esmeralda,I. E. LA ESMERALDA,El Bagre,Antioquia,Oficial,7.6017,-74.8083,G29,Simulacro 1,S1,11.0,,,147.0,27.0,38,36,17.0,29.0,SI,,147.0
SEC-1001,Semestre Cero,I.E. la Esmeralda,I. E. LA ESMERALDA,El Bagre,Antioquia,Oficial,7.6017,-74.8083,G29,Simulacro 1,S1,11.0,,,145.0,27.0,22,28,33.0,47.0,SI,,145.0
SEC-1002,Semestre Cero,I.E. la Esmeralda,I. E. LA ESMERALDA,El Bagre,Antioquia,Oficial,7.6017,-74.8083,G29,Simulacro 1,S1,11.0,,,144.0,24.0,24,36,22.0,53.0,SI,,144.0
SEC-1003,Semestre Cero,I.E. la Esmeralda,I. E. LA ESMERALDA,El Bagre,Antioquia,Oficial,7.6017,-74.8083,G29,Simulacro 1,S1,11.0,,,142.0,34.0,14,32,33.0,31.0,SI,,142.0
SEC-1004,Semestre Cero,I.E. la Esmeralda,I. E. LA ESMERALDA,El Bagre,Antioquia,Oficial,7.6017,-74.8083,G29,Simulacro 1,S1,11.0,,,138.0,17.0,26,44,21.0,36.0,SI,,138.0
SEC-1005,Semestre Cero,I.E. la Esmeralda,I. E. LA ESMERALDA,El Bagre,Antioquia,Oficial,7.6017,-74.8083,G29,Simulacro 1,S1,11.0,,,137.0,27.0,18,28,33.0,38.0,SI,,137.0
SEC-1006,Semestre Cero,I.E. la Esmeralda,I. E. LA ESMERALDA,El Bagre,Antioquia,Oficial,7.6017,-74.8083,G29,Simulacro 1,S1,11.0,,,134.0,29.0,20,22,34.0,31.0,SI,,134.0
SEC-1007,Semestre Cero,I.E. la Esmeralda,I. E. LA ESMERALDA,El Bagre,Antioquia,Oficial,7.6017,-74.8083,G29,Simulacro 1,S1,11.0,,,134.0,27.0,14,40,24.0,33.0,SI,,134.0
SEC-1008,Semestre Cero,I.E. la Esmeralda,I. E. LA ESMERALDA,El Bagre,Antioquia,Oficial,7.6017,-74.8083,G29,Simulacro 1,S1,11.0,,,133.0,39.0,28,20,21.0,24.0,SI,,133.0
SEC-1009,Semestre Cero,I.E. la Esmeralda,I. E. LA ESMERALDA,El Bagre,Antioquia,Oficial,7.6017,-74.8083,G29,Simulacro 1,S1,11.0,,,133.0,29.0,20,30,28.0,25.0,SI,,133.0
SEC-1010,Semestre Cero,I.E. la Esmeralda,I. E. LA ESMERALDA,El Bagre,Antioquia,Oficial,7.6017,-74.8083,G29,Simulacro 1,S1,11.0,,,130.0,34.0,22,24,22.0,29.0,SI,,130.0
SEC-1011,Semestre Cero,I.E. la Esmeralda,I. E. LA ESMERALDA,El Bagre,Antioquia,Oficial,7.6017,-74.8083,G29,Simulacro 1,S1,11.0,,,129.0,29.0,16,28,29.0,27.0,SI,,129.0
SEC-1012,Semestre Cero,I.E. la Esmeralda,I. E. LA ESMERALDA,El Bagre,Antioquia,Oficial,7.6017,-74.8083,G29,Simulacro 1,S1,11.0,,,128.0,22.0,22,32,28.0,22.0,SI,,128.0
SEC-1013,Semestre Cero,I.E. la Esmeralda,I. E. LA ESMERALDA,El Bagre,Antioquia,Oficial,7.6017,-74.8083,G29,Simulacro 1,S1,11.0,,,126.0,22.0,24,26,24.0,38.0,SI,,126.0
SEC-1014,Semestre Cero,I.E. la Esmeralda,I. E. LA ESMERALDA,El Bagre,Antioquia,Oficial,7.6017,-74.8083,G29,Simulacro 1,S1,11.0,,,121.0,24.0,8,26,38.0,25.0,SI,,121.0
SEC-1015,Semestre Cero,I.E. la Esmeralda,I. E. LA ESMERALDA,El Bagre,Antioquia,Oficial,7.6017,-74.8083,G29,Simulacro 1,S1,11.0,,,119.0,29.0,18,32,16.0,25.0,SI,,119.0
SEC-1016,Semestre Cero,I.E. la Esmeralda,I. E. LA ESMERALDA,El Bagre,Antioquia,Oficial,7.6017,-74.8083,G29,Simulacro 1,S1,11.0,,,107.0,17.0,30,18,21.0,22.0,SI,,107.0
SEC-1017,Semestre Cero,I.E. la Esmeralda,I. E. LA ESMERALDA,El Bagre,Antioquia,Oficial,7.6017,-74.8083,G29,Simulacro 1,S1,11.0,,,99.0,10.0,20,28,21.0,22.0,SI,,99.0
SEC-1018,Semestre Cero,I.E. la Esmeralda,I. E. LA ESMERALDA,El Bagre,Antioquia,Oficial,7.6017,-74.8083,G29,Simulacro 1,S1,11.0,,,64.0,24.0,12,12,7.0,0.0,SI,,64.0
SEC-1019,Semestre Cero,I.E. la Esmeralda,I. E. LA ESMERALDA,El Bagre,Antioquia,Oficial,7.6017,-74.8083,G29,Simulacro 1,S1,11.0,,,62.0,0.0,12,22,12.0,24.0,SI,,62.0
SEC-1263,Semestre Cero,I.E. la Pintada,I. E. LA PINTADA,La Pintada,Antioquia,Oficial,5.7461,-75.6069,G38,Simulacro 1,S1,11.0,,,258.0,54.0,48,60,43.0,56.0,SI,,258.0
SEC-1264,Semestre Cero,I.E. la Pintada,I. E. LA PINTADA,La Pintada,Antioquia,Oficial,5.7461,-75.6069,G38,Simulacro 1,S1,11.0,,,245.0,71.0,30,42,47.0,69.0,SI,,245.0
SEC-1265,Semestre Cero,I.E. la Pintada,I. E. LA PINTADA,La Pintada,Antioquia,Oficial,5.7461,-75.6069,G38,Simulacro 1,S1,11.0,,,244.0,59.0,26,66,38.0,69.0,SI,,244.0
SEC-1266,Semestre Cero,I.E. la Pintada,I. E. LA PINTADA,La Pintada,Antioquia,Oficial,5.7461,-75.6069,G38,Simulacro 1,S1,11.0,,,235.0,51.0,34,54,38.0,80.0,SI,,235.0
SEC-1267,Semestre Cero,I.E. la Pintada,I. E. LA PINTADA,La Pintada,Antioquia,Oficial,5.7461,-75.6069,G38,Simulacro 1,S1,11.0,,,220.0,51.0,34,50,36.0,58.0,SI,,220.0
SEC-1268,Semestre Cero,I.E. la Pintada,I. E. LA PINTADA,La Pintada,Antioquia,Oficial,5.7461,-75.6069,G38,Simulacro 1,S1,11.0,,,213.0,37.0,40,60,28.0,62.0,SI,,213.0
SEC-1269,Semestre Cero,I.E. la Pintada,I. E. LA PINTADA,La Pintada,Antioquia,Oficial,5.7461,-75.6069,G38,Simulacro 1,S1,11.0,,,211.0,56.0,22,58,26.0,64.0,SI,,211.0
SEC-1270,Semestre Cero,I.E. la Pintada,I. E. LA PINTADA,La Pintada,Antioquia,Oficial,5.7461,-75.6069,G38,Simulacro 1,S1,11.0,,,204.0,56.0,22,58,29.0,35.0,SI,,204.0
SEC-1271,Semestre Cero,I.E. la Pintada,I. E. LA PINTADA,La Pintada,Antioquia,Oficial,5.7461,-75.6069,G38,Simulacro 1,S1,11.0,,,192.0,51.0,28,56,22.0,27.0,SI,,192.0
SEC-1272,Semestre Cero,I.E. la Pintada,I. E. LA PINTADA,La Pintada,Antioquia,Oficial,5.7461,-75.6069,G38,Simulacro 1,S1,11.0,,,184.0,39.0,28,34,38.0,62.0,SI,,184.0
SEC-1273,Semestre Cero,I.E. la Pintada,I. E. LA PINTADA,La Pintada,Antioquia,Oficial,5.7461,-75.6069,G38,Simulacro 1,S1,11.0,,,182.0,39.0,34,40,33.0,36.0,SI,,182.0
SEC-1274,Semestre Cero,I.E. la Pintada,I. E. LA PINTADA,La Pintada,Antioquia,Oficial,5.7461,-75.6069,G38,Simulacro 1,S1,11.0,,,182.0,37.0,20,48,34.0,56.0,SI,,182.0
SEC-1275,Semestre Cero,I.E. la Pintada,I. E. LA PINTADA,La Pintada,Antioquia,Oficial,5.7461,-75.6069,G38,Simulacro 1,S1,11.0,,,179.0,51.0,28,38,28.0,31.0,SI,,179.0
SEC-1276,Semestre Cero,I.E. la Pintada,I. E. LA PINTADA,La Pintada,Antioquia,Oficial,5.7461,-75.6069,G38,Simulacro 1,S1,11.0,,,179.0,51.0,26,44,19.0,44.0,SI,,179.0
SEC-1277,Semestre Cero,I.E. la Pintada,I. E. LA PINTADA,La Pintada,Antioquia,Oficial,5.7461,-75.6069,G38,Simulacro 1,S1,11.0,,,177.0,39.0,32,38,26.0,55.0,SI,,177.0
SEC-1278,Semestre Cero,I.E. la Pintada,I. E. LA PINTADA,La Pintada,Antioquia,Oficial,5.7461,-75.6069,G38,Simulacro 1,S1,11.0,,,172.0,49.0,20,34,33.0,40.0,SI,,172.0
SEC-1279,Semestre Cero,I.E. la Pintada,I. E. LA PINTADA,La Pintada,Antioquia,Oficial,5.7461,-75.6069,G38,Simulacro 1,S1,11.0,,,171.0,34.0,32,40,31.0,33.0,SI,,171.0
SEC-1280,Semestre Cero,I.E. la Pintada,I. E. LA PINTADA,La Pintada,Antioquia,Oficial,5.7461,-75.6069,G38,Simulacro 1,S1,11.0,,,165.0,29.0,20,46,36.0,35.0,SI,,165.0
SEC-1281,Semestre Cero,I.E. la Pintada,I. E. LA PINTADA,La Pintada,Antioquia,Oficial,5.7461,-75.6069,G38,Simulacro 1,S1,11.0,,,162.0,41.0,18,42,26.0,40.0,SI,,162.0
SEC-1282,Semestre Cero,I.E. la Pintada,I. E. LA PINTADA,La Pintada,Antioquia,Oficial,5.7461,-75.6069,G38,Simulacro 1,S1,11.0,,,162.0,51.0,24,38,19.0,24.0,SI,,162.0
SEC-1283,Semestre Cero,I.E. la Pintada,I. E. LA PINTADA,La Pintada,Antioquia,Oficial,5.7461,-75.6069,G38,Simulacro 1,S1,11.0,,,158.0,41.0,14,38,31.0,38.0,SI,,158.0
SEC-1284,Semestre Cero,I.E. la Pintada,I. E. LA PINTADA,La Pintada,Antioquia,Oficial,5.7461,-75.6069,G38,Simulacro 1,S1,11.0,,,154.0,29.0,28,46,19.0,35.0,SI,,154.0
SEC-1285,Semestre Cero,I.E. la Pintada,I. E. LA PINTADA,La Pintada,Antioquia,Oficial,5.7461,-75.6069,G38,Simulacro 1,S1,11.0,,,153.0,27.0,24,36,34.0,35.0,SI,,153.0
SEC-1286,Semestre Cero,I.E. la Pintada,I. E. LA PINTADA,La Pintada,Antioquia,Oficial,5.7461,-75.6069,G38,Simulacro 1,S1,11.0,,,153.0,41.0,22,38,26.0,15.0,SI,,153.0
SEC-1287,Semestre Cero,I.E. la Pintada,I. E. LA PINTADA,La Pintada,Antioquia,Oficial,5.7461,-75.6069,G38,Simulacro 1,S1,11.0,,,149.0,27.0,24,44,24.0,31.0,SI,,149.0
SEC-1288,Semestre Cero,I.E. la Pintada,I. E. LA PINTADA,La Pintada,Antioquia,Oficial,5.7461,-75.6069,G38,Simulacro 1,S1,11.0,,,148.0,29.0,22,30,36.0,33.0,SI,,148.0
SEC-1289,Semestre Cero,I.E. la Pintada,I. E. LA PINTADA,La Pintada,Antioquia,Oficial,5.7461,-75.6069,G38,Simulacro 1,S1,11.0,,,148.0,32.0,20,36,28.0,38.0,SI,,148.0
SEC-1290,Semestre Cero,I.E. la Pintada,I. E. LA PINTADA,La Pintada,Antioquia,Oficial,5.7461,-75.6069,G38,Simulacro 1,S1,11.0,,,148.0,41.0,18,26,31.0,35.0,SI,,148.0
SEC-1291,Semestre Cero,I.E. la Pintada,I. E. LA PINTADA,La Pintada,Antioquia,Oficial,5.7461,-75.6069,G38,Simulacro 1,S1,11.0,,,147.0,29.0,28,26,31.0,40.0,SI,,147.0
SEC-1292,Semestre Cero,I.E. la Pintada,I. E. LA PINTADA,La Pintada,Antioquia,Oficial,5.7461,-75.6069,G38,Simulacro 1,S1,11.0,,,145.0,29.0,24,38,21.0,42.0,SI,,145.0
SEC-1293,Semestre Cero,I.E. la Pintada,I. E. LA PINTADA,La Pintada,Antioquia,Oficial,5.7461,-75.6069,G38,Simulacro 1,S1,11.0,,,144.0,32.0,22,36,26.0,27.0,SI,,144.0
SEC-1294,Semestre Cero,I.E. la Pintada,I. E. LA PINTADA,La Pintada,Antioquia,Oficial,5.7461,-75.6069,G38,Simulacro 1,S1,11.0,,,143.0,34.0,24,26,29.0,33.0,SI,,143.0
SEC-1295,Semestre Cero,I.E. la Pintada,I. E. LA PINTADA,La Pintada,Antioquia,Oficial,5.7461,-75.6069,G38,Simulacro 1,S1,11.0,,,141.0,37.0,18,36,19.0,38.0,SI,,141.0
SEC-1296,Semestre Cero,I.E. la Pintada,I. E. LA PINTADA,La Pintada,Antioquia,Oficial,5.7461,-75.6069,G38,Simulacro 1,S1,11.0,,,138.0,29.0,22,36,24.0,24.0,SI,,138.0
SEC-1297,Semestre Cero,I.E. la Pintada,I. E. LA PINTADA,La Pintada,Antioquia,Oficial,5.7461,-75.6069,G38,Simulacro 1,S1,11.0,,,122.0,29.0,26,16,26.0,25.0,SI,,122.0
SEC-1298,Semestre Cero,I.E. la Pintada,I. E. LA PINTADA,La Pintada,Antioquia,Oficial,5.7461,-75.6069,G38,Simulacro 1,S1,11.0,,,119.0,24.0,20,24,28.0,22.0,SI,,119.0
SEC-1020,Semestre Cero,I.E. las Delicias,I. E. LAS DELICIAS,El Bagre,Antioquia,Oficial,7.6017,-74.8083,G30,Simulacro 1,S1,11.0,,,228.0,63.0,16,50,45.0,69.0,SI,,228.0
SEC-1021,Semestre Cero,I.E. las Delicias,I. E. LAS DELICIAS,El Bagre,Antioquia,Oficial,7.6017,-74.8083,G30,Simulacro 1,S1,11.0,,,199.0,44.0,32,56,28.0,38.0,SI,,199.0
SEC-1022,Semestre Cero,I.E. las Delicias,I. E. LAS DELICIAS,El Bagre,Antioquia,Oficial,7.6017,-74.8083,G30,Simulacro 1,S1,11.0,,,194.0,54.0,34,36,29.0,45.0,SI,,194.0
SEC-1023,Semestre Cero,I.E. las Delicias,I. E. LAS DELICIAS,El Bagre,Antioquia,Oficial,7.6017,-74.8083,G30,Simulacro 1,S1,11.0,,,193.0,46.0,26,42,26.0,82.0,SI,,193.0
SEC-1024,Semestre Cero,I.E. las Delicias,I. E. LAS DELICIAS,El Bagre,Antioquia,Oficial,7.6017,-74.8083,G30,Simulacro 1,S1,11.0,,,182.0,41.0,24,56,19.0,51.0,SI,,182.0
SEC-1025,Semestre Cero,I.E. las Delicias,I. E. LAS DELICIAS,El Bagre,Antioquia,Oficial,7.6017,-74.8083,G30,Simulacro 1,S1,11.0,,,178.0,41.0,20,40,36.0,49.0,SI,,178.0
SEC-1026,Semestre Cero,I.E. las Delicias,I. E. LAS DELICIAS,El Bagre,Antioquia,Oficial,7.6017,-74.8083,G30,Simulacro 1,S1,11.0,,,175.0,37.0,30,48,24.0,40.0,SI,,175.0
SEC-1027,Semestre Cero,I.E. las Delicias,I. E. LAS DELICIAS,El Bagre,Antioquia,Oficial,7.6017,-74.8083,G30,Simulacro 1,S1,11.0,,,170.0,54.0,28,20,34.0,35.0,SI,,170.0
SEC-1028,Semestre Cero,I.E. las Delicias,I. E. LAS DELICIAS,El Bagre,Antioquia,Oficial,7.6017,-74.8083,G30,Simulacro 1,S1,11.0,,,170.0,37.0,32,42,21.0,49.0,SI,,170.0
SEC-1029,Semestre Cero,I.E. las Delicias,I. E. LAS DELICIAS,El Bagre,Antioquia,Oficial,7.6017,-74.8083,G30,Simulacro 1,S1,11.0,,,169.0,49.0,30,32,21.0,45.0,SI,,169.0
SEC-1030,Semestre Cero,I.E. las Delicias,I. E. LAS DELICIAS,El Bagre,Antioquia,Oficial,7.6017,-74.8083,G30,Simulacro 1,S1,11.0,,,169.0,54.0,36,26,19.0,35.0,SI,,169.0
SEC-1031,Semestre Cero,I.E. las Delicias,I. E. LAS DELICIAS,El Bagre,Antioquia,Oficial,7.6017,-74.8083,G30,Simulacro 1,S1,11.0,,,168.0,59.0,28,26,24.0,27.0,SI,,168.0
SEC-1032,Semestre Cero,I.E. las Delicias,I. E. LAS DELICIAS,El Bagre,Antioquia,Oficial,7.6017,-74.8083,G30,Simulacro 1,S1,11.0,,,165.0,44.0,28,40,22.0,27.0,SI,,165.0
SEC-1033,Semestre Cero,I.E. las Delicias,I. E. LAS DELICIAS,El Bagre,Antioquia,Oficial,7.6017,-74.8083,G30,Simulacro 1,S1,11.0,,,165.0,37.0,36,34,26.0,31.0,SI,,165.0
SEC-1034,Semestre Cero,I.E. las Delicias,I. E. LAS DELICIAS,El Bagre,Antioquia,Oficial,7.6017,-74.8083,G30,Simulacro 1,S1,11.0,,,159.0,34.0,18,38,36.0,35.0,SI,,159.0
SEC-1035,Semestre Cero,I.E. las Delicias,I. E. LAS DELICIAS,El Bagre,Antioquia,Oficial,7.6017,-74.8083,G30,Simulacro 1,S1,11.0,,,159.0,34.0,30,40,21.0,38.0,SI,,159.0
SEC-1036,Semestre Cero,I.E. las Delicias,I. E. LAS DELICIAS,El Bagre,Antioquia,Oficial,7.6017,-74.8083,G30,Simulacro 1,S1,11.0,,,154.0,27.0,26,52,17.0,35.0,SI,,154.0
SEC-1037,Semestre Cero,I.E. las Delicias,I. E. LAS DELICIAS,El Bagre,Antioquia,Oficial,7.6017,-74.8083,G30,Simulacro 1,S1,11.0,,,150.0,39.0,26,30,21.0,44.0,SI,,150.0
SEC-1038,Semestre Cero,I.E. las Delicias,I. E. LAS DELICIAS,El Bagre,Antioquia,Oficial,7.6017,-74.8083,G30,Simulacro 1,S1,11.0,,,148.0,46.0,24,32,19.0,22.0,SI,,148.0
SEC-1039,Semestre Cero,I.E. las Delicias,I. E. LAS DELICIAS,El Bagre,Antioquia,Oficial,7.6017,-74.8083,G30,Simulacro 1,S1,11.0,,,148.0,34.0,30,22,29.0,38.0,SI,,148.0
SEC-1040,Semestre Cero,I.E. las Delicias,I. E. LAS DELICIAS,El Bagre,Antioquia,Oficial,7.6017,-74.8083,G30,Simulacro 1,S1,11.0,,,147.0,34.0,26,36,21.0,31.0,SI,,147.0
SEC-1041,Semestre Cero,I.E. las Delicias,I. E. LAS DELICIAS,El Bagre,Antioquia,Oficial,7.6017,-74.8083,G30,Simulacro 1,S1,11.0,,,145.0,41.0,20,34,19.0,33.0,SI,,145.0
SEC-1042,Semestre Cero,I.E. las Delicias,I. E. LAS DELICIAS,El Bagre,Antioquia,Oficial,7.6017,-74.8083,G30,Simulacro 1,S1,11.0,,,144.0,29.0,16,36,36.0,22.0,SI,,144.0
SEC-1043,Semestre Cero,I.E. las Delicias,I. E. LAS DELICIAS,El Bagre,Antioquia,Oficial,7.6017,-74.8083,G30,Simulacro 1,S1,11.0,,,140.0,29.0,32,16,33.0,33.0,SI,,140.0
SEC-1044,Semestre Cero,I.E. las Delicias,I. E. LAS DELICIAS,El Bagre,Antioquia,Oficial,7.6017,-74.8083,G30,Simulacro 1,S1,11.0,,,138.0,34.0,28,24,24.0,27.0,SI,,138.0
SEC-1045,Semestre Cero,I.E. las Delicias,I. E. LAS DELICIAS,El Bagre,Antioquia,Oficial,7.6017,-74.8083,G30,Simulacro 1,S1,11.0,,,134.0,27.0,18,40,19.0,36.0,SI,,134.0
SEC-1046,Semestre Cero,I.E. las Delicias,I. E. LAS DELICIAS,El Bagre,Antioquia,Oficial,7.6017,-74.8083,G30,Simulacro 1,S1,11.0,,,128.0,27.0,30,16,28.0,31.0,SI,,128.0
SEC-1047,Semestre Cero,I.E. las Delicias,I. E. LAS DELICIAS,El Bagre,Antioquia,Oficial,7.6017,-74.8083,G30,Simulacro 1,S1,11.0,,,126.0,24.0,24,30,19.0,36.0,SI,,126.0
SEC-1048,Semestre Cero,I.E. las Delicias,I. E. LAS DELICIAS,El Bagre,Antioquia,Oficial,7.6017,-74.8083,G30,Simulacro 1,S1,11.0,,,124.0,27.0,22,28,21.0,31.0,SI,,124.0
SEC-1049,Semestre Cero,I.E. las Delicias,I. E. LAS DELICIAS,El Bagre,Antioquia,Oficial,7.6017,-74.8083,G30,Simulacro 1,S1,11.0,,,121.0,24.0,26,22,21.0,35.0,SI,,121.0
SEC-1050,Semestre Cero,I.E. las Delicias,I. E. LAS DELICIAS,El Bagre,Antioquia,Oficial,7.6017,-74.8083,G30,Simulacro 1,S1,11.0,,,116.0,24.0,20,24,24.0,24.0,SI,,116.0
SEC-1051,Semestre Cero,I.E. las Delicias,I. E. LAS DELICIAS,El Bagre,Antioquia,Oficial,7.6017,-74.8083,G30,Simulacro 1,S1,11.0,,,112.0,20.0,20,24,24.0,27.0,SI,,112.0
SEC-1052,Semestre Cero,I.E. las Delicias,I. E. LAS DELICIAS,El Bagre,Antioquia,Oficial,7.6017,-74.8083,G30,Simulacro 1,S1,11.0,,,111.0,29.0,28,6,24.0,25.0,SI,,111.0
SEC-1053,Semestre Cero,I.E. las Delicias,I. E. LAS DELICIAS,El Bagre,Antioquia,Oficial,7.6017,-74.8083,G30,Simulacro 1,S1,11.0,,,92.0,32.0,18,16,14.0,0.0,SI,,92.0
SEC-1155,Semestre Cero,I.E. las Mercedes,I. E. LAS MERCEDES,Frontino,Antioquia,Oficial,6.7806,-76.1308,G34,Simulacro 1,S1,11.0,,,235.0,41.0,42,72,33.0,47.0,SI,,235.0
SEC-1156,Semestre Cero,I.E. las Mercedes,I. E. LAS MERCEDES,Frontino,Antioquia,Oficial,6.7806,-76.1308,G34,Simulacro 1,S1,11.0,,,223.0,41.0,42,62,29.0,55.0,SI,,223.0
SEC-1157,Semestre Cero,I.E. las Mercedes,I. E. LAS MERCEDES,Frontino,Antioquia,Oficial,6.7806,-76.1308,G34,Simulacro 1,S1,11.0,,,211.0,41.0,38,56,29.0,55.0,SI,,211.0
SEC-1158,Semestre Cero,I.E. las Mercedes,I. E. LAS MERCEDES,Frontino,Antioquia,Oficial,6.7806,-76.1308,G34,Simulacro 1,S1,11.0,,,209.0,39.0,38,64,29.0,33.0,SI,,209.0
SEC-1159,Semestre Cero,I.E. las Mercedes,I. E. LAS MERCEDES,Frontino,Antioquia,Oficial,6.7806,-76.1308,G34,Simulacro 1,S1,11.0,,,207.0,51.0,36,50,33.0,29.0,SI,,207.0
SEC-1160,Semestre Cero,I.E. las Mercedes,I. E. LAS MERCEDES,Frontino,Antioquia,Oficial,6.7806,-76.1308,G34,Simulacro 1,S1,11.0,,,204.0,71.0,42,34,17.0,38.0,SI,,204.0
SEC-1161,Semestre Cero,I.E. las Mercedes,I. E. LAS MERCEDES,Frontino,Antioquia,Oficial,6.7806,-76.1308,G34,Simulacro 1,S1,11.0,,,186.0,41.0,30,44,38.0,24.0,SI,,186.0
SEC-1162,Semestre Cero,I.E. las Mercedes,I. E. LAS MERCEDES,Frontino,Antioquia,Oficial,6.7806,-76.1308,G34,Simulacro 1,S1,11.0,,,186.0,46.0,36,46,24.0,25.0,SI,,186.0
SEC-1163,Semestre Cero,I.E. las Mercedes,I. E. LAS MERCEDES,Frontino,Antioquia,Oficial,6.7806,-76.1308,G34,Simulacro 1,S1,11.0,,,185.0,46.0,32,36,34.0,35.0,SI,,185.0
SEC-1164,Semestre Cero,I.E. las Mercedes,I. E. LAS MERCEDES,Frontino,Antioquia,Oficial,6.7806,-76.1308,G34,Simulacro 1,S1,11.0,,,179.0,39.0,32,36,33.0,47.0,SI,,179.0
SEC-1165,Semestre Cero,I.E. las Mercedes,I. E. LAS MERCEDES,Frontino,Antioquia,Oficial,6.7806,-76.1308,G34,Simulacro 1,S1,11.0,,,179.0,54.0,30,38,24.0,29.0,SI,,179.0
SEC-1166,Semestre Cero,I.E. las Mercedes,I. E. LAS MERCEDES,Frontino,Antioquia,Oficial,6.7806,-76.1308,G34,Simulacro 1,S1,11.0,,,158.0,46.0,32,20,29.0,27.0,SI,,158.0
SEC-1167,Semestre Cero,I.E. las Mercedes,I. E. LAS MERCEDES,Frontino,Antioquia,Oficial,6.7806,-76.1308,G34,Simulacro 1,S1,11.0,,,150.0,22.0,20,38,34.0,47.0,SI,,150.0
SEC-1168,Semestre Cero,I.E. las Mercedes,I. E. LAS MERCEDES,Frontino,Antioquia,Oficial,6.7806,-76.1308,G34,Simulacro 1,S1,11.0,,,145.0,39.0,16,32,29.0,27.0,SI,,145.0
SEC-1169,Semestre Cero,I.E. las Mercedes,I. E. LAS MERCEDES,Frontino,Antioquia,Oficial,6.7806,-76.1308,G34,Simulacro 1,S1,11.0,,,139.0,17.0,22,38,34.0,25.0,SI,,139.0
SEC-1170,Semestre Cero,I.E. las Mercedes,I. E. LAS MERCEDES,Frontino,Antioquia,Oficial,6.7806,-76.1308,G34,Simulacro 1,S1,11.0,,,134.0,39.0,32,26,14.0,16.0,SI,,134.0
SEC-1171,Semestre Cero,I.E. las Mercedes,I. E. LAS MERCEDES,Frontino,Antioquia,Oficial,6.7806,-76.1308,G34,Simulacro 1,S1,11.0,,,132.0,34.0,24,24,22.0,29.0,SI,,132.0
SEC-1172,Semestre Cero,I.E. las Mercedes,I. E. LAS MERCEDES,Frontino,Antioquia,Oficial,6.7806,-76.1308,G34,Simulacro 1,S1,11.0,,,132.0,29.0,20,38,19.0,24.0,SI,,132.0
SEC-1173,Semestre Cero,I.E. las Mercedes,I. E. LAS MERCEDES,Frontino,Antioquia,Oficial,6.7806,-76.1308,G34,Simulacro 1,S1,11.0,,,129.0,39.0,20,24,19.0,29.0,SI,,129.0
SEC-1174,Semestre Cero,I.E. las Mercedes,I. E. LAS MERCEDES,Frontino,Antioquia,Oficial,6.7806,-76.1308,G34,Simulacro 1,S1,11.0,,,117.0,29.0,22,18,22.0,29.0,SI,,117.0
SEC-0465,Semestre Cero,I.E.R. Adolfo Moreno Usuga,I. E. R. ADOLFO MORENO USUGA,Buriticá,Antioquia,Oficial,6.7119,-75.9086,G13,Simulacro 1,S1,11.0,,,269.0,76.0,32,64,43.0,56.0,SI,,269.0
SEC-0466,Semestre Cero,I.E.R. Adolfo Moreno Usuga,I. E. R. ADOLFO MORENO USUGA,Buriticá,Antioquia,Oficial,6.7119,-75.9086,G13,Simulacro 1,S1,11.0,,,266.0,61.0,56,60,36.0,53.0,SI,,266.0
SEC-0467,Semestre Cero,I.E.R. Adolfo Moreno Usuga,I. E. R. ADOLFO MORENO USUGA,Buriticá,Antioquia,Oficial,6.7119,-75.9086,G13,Simulacro 1,S1,11.0,,,252.0,59.0,42,58,40.0,60.0,SI,,252.0
SEC-0468,Semestre Cero,I.E.R. Adolfo Moreno Usuga,I. E. R. ADOLFO MORENO USUGA,Buriticá,Antioquia,Oficial,6.7119,-75.9086,G13,Simulacro 1,S1,11.0,,,237.0,54.0,38,64,29.0,60.0,SI,,237.0
SEC-0469,Semestre Cero,I.E.R. Adolfo Moreno Usuga,I. E. R. ADOLFO MORENO USUGA,Buriticá,Antioquia,Oficial,6.7119,-75.9086,G13,Simulacro 1,S1,11.0,,,222.0,59.0,28,54,36.0,47.0,SI,,222.0
SEC-0470,Semestre Cero,I.E.R. Adolfo Moreno Usuga,I. E. R. ADOLFO MORENO USUGA,Buriticá,Antioquia,Oficial,6.7119,-75.9086,G13,Simulacro 1,S1,11.0,,,218.0,44.0,36,60,29.0,60.0,SI,,218.0
SEC-0471,Semestre Cero,I.E.R. Adolfo Moreno Usuga,I. E. R. ADOLFO MORENO USUGA,Buriticá,Antioquia,Oficial,6.7119,-75.9086,G13,Simulacro 1,S1,11.0,,,209.0,61.0,24,58,22.0,47.0,SI,,209.0
SEC-0472,Semestre Cero,I.E.R. Adolfo Moreno Usuga,I. E. R. ADOLFO MORENO USUGA,Buriticá,Antioquia,Oficial,6.7119,-75.9086,G13,Simulacro 1,S1,11.0,,,194.0,51.0,30,48,24.0,45.0,SI,,194.0
SEC-0473,Semestre Cero,I.E.R. Adolfo Moreno Usuga,I. E. R. ADOLFO MORENO USUGA,Buriticá,Antioquia,Oficial,6.7119,-75.9086,G13,Simulacro 1,S1,11.0,,,194.0,37.0,38,42,36.0,45.0,SI,,194.0
SEC-0474,Semestre Cero,I.E.R. Adolfo Moreno Usuga,I. E. R. ADOLFO MORENO USUGA,Buriticá,Antioquia,Oficial,6.7119,-75.9086,G13,Simulacro 1,S1,11.0,,,193.0,39.0,30,50,33.0,45.0,SI,,193.0
SEC-0475,Semestre Cero,I.E.R. Adolfo Moreno Usuga,I. E. R. ADOLFO MORENO USUGA,Buriticá,Antioquia,Oficial,6.7119,-75.9086,G13,Simulacro 1,S1,11.0,,,191.0,44.0,16,64,28.0,42.0,SI,,191.0
SEC-0476,Semestre Cero,I.E.R. Adolfo Moreno Usuga,I. E. R. ADOLFO MORENO USUGA,Buriticá,Antioquia,Oficial,6.7119,-75.9086,G13,Simulacro 1,S1,11.0,,,187.0,41.0,28,46,31.0,47.0,SI,,187.0
SEC-0477,Semestre Cero,I.E.R. Adolfo Moreno Usuga,I. E. R. ADOLFO MORENO USUGA,Buriticá,Antioquia,Oficial,6.7119,-75.9086,G13,Simulacro 1,S1,11.0,,,186.0,41.0,28,44,36.0,35.0,SI,,186.0
SEC-0478,Semestre Cero,I.E.R. Adolfo Moreno Usuga,I. E. R. ADOLFO MORENO USUGA,Buriticá,Antioquia,Oficial,6.7119,-75.9086,G13,Simulacro 1,S1,11.0,,,185.0,34.0,40,44,26.0,49.0,SI,,185.0
SEC-0479,Semestre Cero,I.E.R. Adolfo Moreno Usuga,I. E. R. ADOLFO MORENO USUGA,Buriticá,Antioquia,Oficial,6.7119,-75.9086,G13,Simulacro 1,S1,11.0,,,177.0,37.0,28,54,22.0,38.0,SI,,177.0
SEC-0480,Semestre Cero,I.E.R. Adolfo Moreno Usuga,I. E. R. ADOLFO MORENO USUGA,Buriticá,Antioquia,Oficial,6.7119,-75.9086,G13,Simulacro 1,S1,11.0,,,170.0,34.0,24,48,29.0,36.0,SI,,170.0
SEC-0481,Semestre Cero,I.E.R. Adolfo Moreno Usuga,I. E. R. ADOLFO MORENO USUGA,Buriticá,Antioquia,Oficial,6.7119,-75.9086,G13,Simulacro 1,S1,11.0,,,168.0,37.0,32,42,22.0,38.0,SI,,168.0
SEC-0482,Semestre Cero,I.E.R. Adolfo Moreno Usuga,I. E. R. ADOLFO MORENO USUGA,Buriticá,Antioquia,Oficial,6.7119,-75.9086,G13,Simulacro 1,S1,11.0,,,152.0,41.0,22,30,26.0,38.0,SI,,152.0
SEC-0483,Semestre Cero,I.E.R. Adolfo Moreno Usuga,I. E. R. ADOLFO MORENO USUGA,Buriticá,Antioquia,Oficial,6.7119,-75.9086,G13,Simulacro 1,S1,11.0,,,149.0,29.0,16,46,22.0,45.0,SI,,149.0
SEC-0484,Semestre Cero,I.E.R. Adolfo Moreno Usuga,I. E. R. ADOLFO MORENO USUGA,Buriticá,Antioquia,Oficial,6.7119,-75.9086,G13,Simulacro 1,S1,11.0,,,144.0,39.0,28,28,17.0,38.0,SI,,144.0
SEC-0485,Semestre Cero,I.E.R. Adolfo Moreno Usuga,I. E. R. ADOLFO MORENO USUGA,Buriticá,Antioquia,Oficial,6.7119,-75.9086,G13,Simulacro 1,S1,11.0,,,134.0,34.0,28,26,16.0,38.0,SI,,134.0
SEC-0737,Semestre Cero,I.E.R. Caceri,I. E. R. CACERI,Caucasia,Antioquia,Oficial,7.9869,-75.1972,G22,Simulacro 1,S1,11.0,,,250.0,56.0,40,64,41.0,45.0,SI,,250.0
SEC-0738,Semestre Cero,I.E.R. Caceri,I. E. R. CACERI,Caucasia,Antioquia,Oficial,7.9869,-75.1972,G22,Simulacro 1,S1,11.0,,,230.0,56.0,26,58,48.0,33.0,SI,,230.0
SEC-0739,Semestre Cero,I.E.R. Caceri,I. E. R. CACERI,Caucasia,Antioquia,Oficial,7.9869,-75.1972,G22,Simulacro 1,S1,11.0,,,201.0,54.0,36,52,19.0,42.0,SI,,201.0
SEC-0740,Semestre Cero,I.E.R. Caceri,I. E. R. CACERI,Caucasia,Antioquia,Oficial,7.9869,-75.1972,G22,Simulacro 1,S1,11.0,,,192.0,59.0,28,42,26.0,36.0,SI,,192.0
SEC-0741,Semestre Cero,I.E.R. Caceri,I. E. R. CACERI,Caucasia,Antioquia,Oficial,7.9869,-75.1972,G22,Simulacro 1,S1,11.0,,,190.0,49.0,32,44,28.0,38.0,SI,,190.0
SEC-0742,Semestre Cero,I.E.R. Caceri,I. E. R. CACERI,Caucasia,Antioquia,Oficial,7.9869,-75.1972,G22,Simulacro 1,S1,11.0,,,189.0,51.0,30,44,29.0,29.0,SI,,189.0
SEC-0743,Semestre Cero,I.E.R. Caceri,I. E. R. CACERI,Caucasia,Antioquia,Oficial,7.9869,-75.1972,G22,Simulacro 1,S1,11.0,,,189.0,54.0,24,40,33.0,40.0,SI,,189.0
SEC-0744,Semestre Cero,I.E.R. Caceri,I. E. R. CACERI,Caucasia,Antioquia,Oficial,7.9869,-75.1972,G22,Simulacro 1,S1,11.0,,,189.0,44.0,36,52,21.0,33.0,SI,,189.0
SEC-0745,Semestre Cero,I.E.R. Caceri,I. E. R. CACERI,Caucasia,Antioquia,Oficial,7.9869,-75.1972,G22,Simulacro 1,S1,11.0,,,184.0,41.0,22,46,43.0,22.0,SI,,184.0
SEC-0746,Semestre Cero,I.E.R. Caceri,I. E. R. CACERI,Caucasia,Antioquia,Oficial,7.9869,-75.1972,G22,Simulacro 1,S1,11.0,,,182.0,29.0,28,50,36.0,42.0,SI,,182.0
SEC-0747,Semestre Cero,I.E.R. Caceri,I. E. R. CACERI,Caucasia,Antioquia,Oficial,7.9869,-75.1972,G22,Simulacro 1,S1,11.0,,,180.0,41.0,38,38,29.0,27.0,SI,,180.0
SEC-0748,Semestre Cero,I.E.R. Caceri,I. E. R. CACERI,Caucasia,Antioquia,Oficial,7.9869,-75.1972,G22,Simulacro 1,S1,11.0,,,167.0,37.0,30,46,26.0,20.0,SI,,167.0
SEC-0749,Semestre Cero,I.E.R. Caceri,I. E. R. CACERI,Caucasia,Antioquia,Oficial,7.9869,-75.1972,G22,Simulacro 1,S1,11.0,,,166.0,32.0,26,44,33.0,27.0,SI,,166.0
SEC-0750,Semestre Cero,I.E.R. Caceri,I. E. R. CACERI,Caucasia,Antioquia,Oficial,7.9869,-75.1972,G22,Simulacro 1,S1,11.0,,,165.0,39.0,16,46,34.0,24.0,SI,,165.0
SEC-0751,Semestre Cero,I.E.R. Caceri,I. E. R. CACERI,Caucasia,Antioquia,Oficial,7.9869,-75.1972,G22,Simulacro 1,S1,11.0,,,165.0,32.0,34,38,31.0,25.0,SI,,165.0
SEC-0752,Semestre Cero,I.E.R. Caceri,I. E. R. CACERI,Caucasia,Antioquia,Oficial,7.9869,-75.1972,G22,Simulacro 1,S1,11.0,,,163.0,37.0,28,36,29.0,35.0,SI,,163.0
SEC-0753,Semestre Cero,I.E.R. Caceri,I. E. R. CACERI,Caucasia,Antioquia,Oficial,7.9869,-75.1972,G22,Simulacro 1,S1,11.0,,,158.0,39.0,34,30,28.0,20.0,SI,,158.0
SEC-0754,Semestre Cero,I.E.R. Caceri,I. E. R. CACERI,Caucasia,Antioquia,Oficial,7.9869,-75.1972,G22,Simulacro 1,S1,11.0,,,157.0,29.0,24,36,40.0,22.0,SI,,157.0
SEC-0755,Semestre Cero,I.E.R. Caceri,I. E. R. CACERI,Caucasia,Antioquia,Oficial,7.9869,-75.1972,G22,Simulacro 1,S1,11.0,,,152.0,34.0,26,34,28.0,31.0,SI,,152.0
SEC-0756,Semestre Cero,I.E.R. Caceri,I. E. R. CACERI,Caucasia,Antioquia,Oficial,7.9869,-75.1972,G22,Simulacro 1,S1,11.0,,,150.0,27.0,24,36,29.0,42.0,SI,,150.0
SEC-0757,Semestre Cero,I.E.R. Caceri,I. E. R. CACERI,Caucasia,Antioquia,Oficial,7.9869,-75.1972,G22,Simulacro 1,S1,11.0,,,146.0,37.0,28,26,26.0,31.0,SI,,146.0
SEC-0758,Semestre Cero,I.E.R. Caceri,I. E. R. CACERI,Caucasia,Antioquia,Oficial,7.9869,-75.1972,G22,Simulacro 1,S1,11.0,,,146.0,27.0,30,34,24.0,35.0,SI,,146.0
SEC-0759,Semestre Cero,I.E.R. Caceri,I. E. R. CACERI,Caucasia,Antioquia,Oficial,7.9869,-75.1972,G22,Simulacro 1,S1,11.0,,,144.0,34.0,26,30,22.0,36.0,SI,,144.0
SEC-0760,Semestre Cero,I.E.R. Caceri,I. E. R. CACERI,Caucasia,Antioquia,Oficial,7.9869,-75.1972,G22,Simulacro 1,S1,11.0,,,144.0,46.0,22,24,22.0,29.0,SI,,144.0
SEC-0761,Semestre Cero,I.E.R. Caceri,I. E. R. CACERI,Caucasia,Antioquia,Oficial,7.9869,-75.1972,G22,Simulacro 1,S1,11.0,,,143.0,24.0,28,32,31.0,25.0,SI,,143.0
SEC-0762,Semestre Cero,I.E.R. Caceri,I. E. R. CACERI,Caucasia,Antioquia,Oficial,7.9869,-75.1972,G22,Simulacro 1,S1,11.0,,,139.0,32.0,24,30,24.0,31.0,SI,,139.0
SEC-0763,Semestre Cero,I.E.R. Caceri,I. E. R. CACERI,Caucasia,Antioquia,Oficial,7.9869,-75.1972,G22,Simulacro 1,S1,11.0,,,138.0,41.0,28,28,14.0,25.0,SI,,138.0
SEC-0764,Semestre Cero,I.E.R. Caceri,I. E. R. CACERI,Caucasia,Antioquia,Oficial,7.9869,-75.1972,G22,Simulacro 1,S1,11.0,,,138.0,34.0,20,20,34.0,33.0,SI,,138.0
SEC-0765,Semestre Cero,I.E.R. Caceri,I. E. R. CACERI,Caucasia,Antioquia,Oficial,7.9869,-75.1972,G22,Simulacro 1,S1,11.0,,,136.0,41.0,14,30,22.0,31.0,SI,,136.0
SEC-0766,Semestre Cero,I.E.R. Caceri,I. E. R. CACERI,Caucasia,Antioquia,Oficial,7.9869,-75.1972,G22,Simulacro 1,S1,11.0,,,133.0,41.0,24,26,16.0,24.0,SI,,133.0
SEC-0767,Semestre Cero,I.E.R. Caceri,I. E. R. CACERI,Caucasia,Antioquia,Oficial,7.9869,-75.1972,G22,Simulacro 1,S1,11.0,,,129.0,29.0,30,22,21.0,29.0,SI,,129.0
SEC-0768,Semestre Cero,I.E.R. Caceri,I. E. R. CACERI,Caucasia,Antioquia,Oficial,7.9869,-75.1972,G22,Simulacro 1,S1,11.0,,,128.0,22.0,24,30,22.0,38.0,SI,,128.0
SEC-0769,Semestre Cero,I.E.R. Caceri,I. E. R. CACERI,Caucasia,Antioquia,Oficial,7.9869,-75.1972,G22,Simulacro 1,S1,11.0,,,128.0,29.0,22,24,24.0,35.0,SI,,128.0
SEC-0770,Semestre Cero,I.E.R. Caceri,I. E. R. CACERI,Caucasia,Antioquia,Oficial,7.9869,-75.1972,G22,Simulacro 1,S1,11.0,,,126.0,37.0,12,24,29.0,22.0,SI,,126.0
SEC-0771,Semestre Cero,I.E.R. Caceri,I. E. R. CACERI,Caucasia,Antioquia,Oficial,7.9869,-75.1972,G22,Simulacro 1,S1,11.0,,,123.0,29.0,22,26,17.0,36.0,SI,,123.0
SEC-0772,Semestre Cero,I.E.R. Caceri,I. E. R. CACERI,Caucasia,Antioquia,Oficial,7.9869,-75.1972,G22,Simulacro 1,S1,11.0,,,108.0,20.0,16,32,14.0,36.0,SI,,108.0
SEC-0773,Semestre Cero,I.E.R. Caceri,I. E. R. CACERI,Caucasia,Antioquia,Oficial,7.9869,-75.1972,G22,Simulacro 1,S1,11.0,,,106.0,22.0,28,24,12.0,16.0,SI,,106.0
SEC-0774,Semestre Cero,I.E.R. Caceri,I. E. R. CACERI,Caucasia,Antioquia,Oficial,7.9869,-75.1972,G22,Simulacro 1,S1,11.0,,,99.0,27.0,6,22,17.0,42.0,SI,,99.0
SEC-0775,Semestre Cero,I.E.R. Caceri,I. E. R. CACERI,Caucasia,Antioquia,Oficial,7.9869,-75.1972,G22,Simulacro 1,S1,11.0,,,91.0,17.0,16,22,14.0,31.0,SI,,91.0
SEC-2486,Semestre Cero,I.E.R. Guillermo Aguilar,I. E. R. GUILLERMO AGUILAR,Yolombó,Antioquia,Oficial,6.5986,-75.0119,G71,Simulacro 1,S1,11.0,,,231.0,61.0,28,58,40.0,40.0,SI,,231.0
SEC-2487,Semestre Cero,I.E.R. Guillermo Aguilar,I. E. R. GUILLERMO AGUILAR,Yolombó,Antioquia,Oficial,6.5986,-75.0119,G71,Simulacro 1,S1,11.0,,,202.0,46.0,24,58,36.0,31.0,SI,,202.0
SEC-2488,Semestre Cero,I.E.R. Guillermo Aguilar,I. E. R. GUILLERMO AGUILAR,Yolombó,Antioquia,Oficial,6.5986,-75.0119,G71,Simulacro 1,S1,11.0,,,192.0,41.0,34,50,34.0,20.0,SI,,192.0
SEC-2489,Semestre Cero,I.E.R. Guillermo Aguilar,I. E. R. GUILLERMO AGUILAR,Yolombó,Antioquia,Oficial,6.5986,-75.0119,G71,Simulacro 1,S1,11.0,,,183.0,51.0,22,38,31.0,49.0,SI,,183.0
SEC-2490,Semestre Cero,I.E.R. Guillermo Aguilar,I. E. R. GUILLERMO AGUILAR,Yolombó,Antioquia,Oficial,6.5986,-75.0119,G71,Simulacro 1,S1,11.0,,,182.0,49.0,30,30,36.0,38.0,SI,,182.0
SEC-2491,Semestre Cero,I.E.R. Guillermo Aguilar,I. E. R. GUILLERMO AGUILAR,Yolombó,Antioquia,Oficial,6.5986,-75.0119,G71,Simulacro 1,S1,11.0,,,177.0,34.0,32,48,22.0,51.0,SI,,177.0
SEC-2492,Semestre Cero,I.E.R. Guillermo Aguilar,I. E. R. GUILLERMO AGUILAR,Yolombó,Antioquia,Oficial,6.5986,-75.0119,G71,Simulacro 1,S1,11.0,,,170.0,44.0,18,50,22.0,38.0,SI,,170.0
SEC-2493,Semestre Cero,I.E.R. Guillermo Aguilar,I. E. R. GUILLERMO AGUILAR,Yolombó,Antioquia,Oficial,6.5986,-75.0119,G71,Simulacro 1,S1,11.0,,,168.0,39.0,16,52,28.0,33.0,SI,,168.0
SEC-2494,Semestre Cero,I.E.R. Guillermo Aguilar,I. E. R. GUILLERMO AGUILAR,Yolombó,Antioquia,Oficial,6.5986,-75.0119,G71,Simulacro 1,S1,11.0,,,167.0,44.0,16,54,19.0,36.0,SI,,167.0
SEC-2495,Semestre Cero,I.E.R. Guillermo Aguilar,I. E. R. GUILLERMO AGUILAR,Yolombó,Antioquia,Oficial,6.5986,-75.0119,G71,Simulacro 1,S1,11.0,,,165.0,41.0,32,36,22.0,33.0,SI,,165.0
SEC-2496,Semestre Cero,I.E.R. Guillermo Aguilar,I. E. R. GUILLERMO AGUILAR,Yolombó,Antioquia,Oficial,6.5986,-75.0119,G71,Simulacro 1,S1,11.0,,,163.0,37.0,28,32,33.0,35.0,SI,,163.0
SEC-2497,Semestre Cero,I.E.R. Guillermo Aguilar,I. E. R. GUILLERMO AGUILAR,Yolombó,Antioquia,Oficial,6.5986,-75.0119,G71,Simulacro 1,S1,11.0,,,160.0,32.0,24,44,31.0,24.0,SI,,160.0
SEC-2498,Semestre Cero,I.E.R. Guillermo Aguilar,I. E. R. GUILLERMO AGUILAR,Yolombó,Antioquia,Oficial,6.5986,-75.0119,G71,Simulacro 1,S1,11.0,,,153.0,39.0,28,24,33.0,27.0,SI,,153.0
SEC-2499,Semestre Cero,I.E.R. Guillermo Aguilar,I. E. R. GUILLERMO AGUILAR,Yolombó,Antioquia,Oficial,6.5986,-75.0119,G71,Simulacro 1,S1,11.0,,,152.0,32.0,30,26,34.0,29.0,SI,,152.0
SEC-2500,Semestre Cero,I.E.R. Guillermo Aguilar,I. E. R. GUILLERMO AGUILAR,Yolombó,Antioquia,Oficial,6.5986,-75.0119,G71,Simulacro 1,S1,11.0,,,148.0,37.0,24,36,26.0,18.0,SI,,148.0
SEC-2501,Semestre Cero,I.E.R. Guillermo Aguilar,I. E. R. GUILLERMO AGUILAR,Yolombó,Antioquia,Oficial,6.5986,-75.0119,G71,Simulacro 1,S1,11.0,,,146.0,29.0,22,46,21.0,25.0,SI,,146.0
SEC-2502,Semestre Cero,I.E.R. Guillermo Aguilar,I. E. R. GUILLERMO AGUILAR,Yolombó,Antioquia,Oficial,6.5986,-75.0119,G71,Simulacro 1,S1,11.0,,,139.0,49.0,18,18,28.0,25.0,SI,,139.0
SEC-2503,Semestre Cero,I.E.R. Guillermo Aguilar,I. E. R. GUILLERMO AGUILAR,Yolombó,Antioquia,Oficial,6.5986,-75.0119,G71,Simulacro 1,S1,11.0,,,133.0,34.0,14,32,26.0,27.0,SI,,133.0
SEC-2504,Semestre Cero,I.E.R. Guillermo Aguilar,I. E. R. GUILLERMO AGUILAR,Yolombó,Antioquia,Oficial,6.5986,-75.0119,G71,Simulacro 1,S1,11.0,,,128.0,27.0,20,30,24.0,29.0,SI,,128.0
SEC-2505,Semestre Cero,I.E.R. Guillermo Aguilar,I. E. R. GUILLERMO AGUILAR,Yolombó,Antioquia,Oficial,6.5986,-75.0119,G71,Simulacro 1,S1,11.0,,,115.0,44.0,18,20,7.0,33.0,SI,,115.0
SEC-1175,Semestre Cero,I.E.R. Hojas Anchas,I.E.R. HOJAS ANCHAS,Guarne,Antioquia,Oficial,6.28,-75.4428,G35,Simulacro 1,S1,11.0,,,262.0,51.0,58,72,33.0,38.0,SI,,262.0
SEC-1176,Semestre Cero,I.E.R. Hojas Anchas,I.E.R. HOJAS ANCHAS,Guarne,Antioquia,Oficial,6.28,-75.4428,G35,Simulacro 1,S1,11.0,,,241.0,54.0,28,68,41.0,53.0,SI,,241.0
SEC-1177,Semestre Cero,I.E.R. Hojas Anchas,I.E.R. HOJAS ANCHAS,Guarne,Antioquia,Oficial,6.28,-75.4428,G35,Simulacro 1,S1,11.0,,,225.0,66.0,26,54,24.0,75.0,SI,,225.0
SEC-1178,Semestre Cero,I.E.R. Hojas Anchas,I.E.R. HOJAS ANCHAS,Guarne,Antioquia,Oficial,6.28,-75.4428,G35,Simulacro 1,S1,11.0,,,217.0,51.0,26,54,33.0,73.0,SI,,217.0
SEC-1179,Semestre Cero,I.E.R. Hojas Anchas,I.E.R. HOJAS ANCHAS,Guarne,Antioquia,Oficial,6.28,-75.4428,G35,Simulacro 1,S1,11.0,,,209.0,44.0,36,48,40.0,42.0,SI,,209.0
SEC-1180,Semestre Cero,I.E.R. Hojas Anchas,I.E.R. HOJAS ANCHAS,Guarne,Antioquia,Oficial,6.28,-75.4428,G35,Simulacro 1,S1,11.0,,,202.0,41.0,48,36,31.0,55.0,SI,,202.0
SEC-1181,Semestre Cero,I.E.R. Hojas Anchas,I.E.R. HOJAS ANCHAS,Guarne,Antioquia,Oficial,6.28,-75.4428,G35,Simulacro 1,S1,11.0,,,192.0,39.0,28,46,36.0,53.0,SI,,192.0
SEC-1182,Semestre Cero,I.E.R. Hojas Anchas,I.E.R. HOJAS ANCHAS,Guarne,Antioquia,Oficial,6.28,-75.4428,G35,Simulacro 1,S1,11.0,,,192.0,49.0,32,36,40.0,31.0,SI,,192.0
SEC-1183,Semestre Cero,I.E.R. Hojas Anchas,I.E.R. HOJAS ANCHAS,Guarne,Antioquia,Oficial,6.28,-75.4428,G35,Simulacro 1,S1,11.0,,,185.0,49.0,20,46,24.0,65.0,SI,,185.0
SEC-1184,Semestre Cero,I.E.R. Hojas Anchas,I.E.R. HOJAS ANCHAS,Guarne,Antioquia,Oficial,6.28,-75.4428,G35,Simulacro 1,S1,11.0,,,183.0,56.0,24,40,26.0,38.0,SI,,183.0
SEC-1185,Semestre Cero,I.E.R. Hojas Anchas,I.E.R. HOJAS ANCHAS,Guarne,Antioquia,Oficial,6.28,-75.4428,G35,Simulacro 1,S1,11.0,,,182.0,44.0,24,46,28.0,49.0,SI,,182.0
SEC-1186,Semestre Cero,I.E.R. Hojas Anchas,I.E.R. HOJAS ANCHAS,Guarne,Antioquia,Oficial,6.28,-75.4428,G35,Simulacro 1,S1,11.0,,,180.0,54.0,32,36,24.0,31.0,SI,,180.0
SEC-1187,Semestre Cero,I.E.R. Hojas Anchas,I.E.R. HOJAS ANCHAS,Guarne,Antioquia,Oficial,6.28,-75.4428,G35,Simulacro 1,S1,11.0,,,176.0,44.0,38,32,22.0,49.0,SI,,176.0
SEC-1188,Semestre Cero,I.E.R. Hojas Anchas,I.E.R. HOJAS ANCHAS,Guarne,Antioquia,Oficial,6.28,-75.4428,G35,Simulacro 1,S1,11.0,,,175.0,37.0,32,48,22.0,38.0,SI,,175.0
SEC-1189,Semestre Cero,I.E.R. Hojas Anchas,I.E.R. HOJAS ANCHAS,Guarne,Antioquia,Oficial,6.28,-75.4428,G35,Simulacro 1,S1,11.0,,,172.0,63.0,30,18,29.0,25.0,SI,,172.0
SEC-1190,Semestre Cero,I.E.R. Hojas Anchas,I.E.R. HOJAS ANCHAS,Guarne,Antioquia,Oficial,6.28,-75.4428,G35,Simulacro 1,S1,11.0,,,170.0,39.0,22,30,36.0,60.0,SI,,170.0
SEC-1191,Semestre Cero,I.E.R. Hojas Anchas,I.E.R. HOJAS ANCHAS,Guarne,Antioquia,Oficial,6.28,-75.4428,G35,Simulacro 1,S1,11.0,,,164.0,46.0,30,28,24.0,42.0,SI,,164.0
SEC-1192,Semestre Cero,I.E.R. Hojas Anchas,I.E.R. HOJAS ANCHAS,Guarne,Antioquia,Oficial,6.28,-75.4428,G35,Simulacro 1,S1,11.0,,,164.0,29.0,26,26,36.0,73.0,SI,,164.0
SEC-1193,Semestre Cero,I.E.R. Hojas Anchas,I.E.R. HOJAS ANCHAS,Guarne,Antioquia,Oficial,6.28,-75.4428,G35,Simulacro 1,S1,11.0,,,163.0,29.0,26,36,34.0,47.0,SI,,163.0
SEC-1194,Semestre Cero,I.E.R. Hojas Anchas,I.E.R. HOJAS ANCHAS,Guarne,Antioquia,Oficial,6.28,-75.4428,G35,Simulacro 1,S1,11.0,,,162.0,37.0,32,34,26.0,36.0,SI,,162.0
SEC-1195,Semestre Cero,I.E.R. Hojas Anchas,I.E.R. HOJAS ANCHAS,Guarne,Antioquia,Oficial,6.28,-75.4428,G35,Simulacro 1,S1,11.0,,,162.0,44.0,28,32,22.0,42.0,SI,,162.0
SEC-1196,Semestre Cero,I.E.R. Hojas Anchas,I.E.R. HOJAS ANCHAS,Guarne,Antioquia,Oficial,6.28,-75.4428,G35,Simulacro 1,S1,11.0,,,160.0,39.0,26,32,33.0,25.0,SI,,160.0
SEC-1197,Semestre Cero,I.E.R. Hojas Anchas,I.E.R. HOJAS ANCHAS,Guarne,Antioquia,Oficial,6.28,-75.4428,G35,Simulacro 1,S1,11.0,,,159.0,41.0,36,22,31.0,22.0,SI,,159.0
SEC-1198,Semestre Cero,I.E.R. Hojas Anchas,I.E.R. HOJAS ANCHAS,Guarne,Antioquia,Oficial,6.28,-75.4428,G35,Simulacro 1,S1,11.0,,,155.0,37.0,26,30,28.0,44.0,SI,,155.0
SEC-1199,Semestre Cero,I.E.R. Hojas Anchas,I.E.R. HOJAS ANCHAS,Guarne,Antioquia,Oficial,6.28,-75.4428,G35,Simulacro 1,S1,11.0,,,150.0,41.0,32,22,28.0,22.0,SI,,150.0
SEC-1200,Semestre Cero,I.E.R. Hojas Anchas,I.E.R. HOJAS ANCHAS,Guarne,Antioquia,Oficial,6.28,-75.4428,G35,Simulacro 1,S1,11.0,,,150.0,39.0,26,34,22.0,25.0,SI,,150.0
SEC-1201,Semestre Cero,I.E.R. Hojas Anchas,I.E.R. HOJAS ANCHAS,Guarne,Antioquia,Oficial,6.28,-75.4428,G35,Simulacro 1,S1,11.0,,,149.0,37.0,22,38,21.0,35.0,SI,,149.0
SEC-1202,Semestre Cero,I.E.R. Hojas Anchas,I.E.R. HOJAS ANCHAS,Guarne,Antioquia,Oficial,6.28,-75.4428,G35,Simulacro 1,S1,11.0,,,146.0,37.0,26,28,26.0,31.0,SI,,146.0
SEC-1203,Semestre Cero,I.E.R. Hojas Anchas,I.E.R. HOJAS ANCHAS,Guarne,Antioquia,Oficial,6.28,-75.4428,G35,Simulacro 1,S1,11.0,,,141.0,37.0,26,32,16.0,36.0,SI,,141.0
SEC-1204,Semestre Cero,I.E.R. Hojas Anchas,I.E.R. HOJAS ANCHAS,Guarne,Antioquia,Oficial,6.28,-75.4428,G35,Simulacro 1,S1,11.0,,,139.0,24.0,28,24,29.0,44.0,SI,,139.0
SEC-1205,Semestre Cero,I.E.R. Hojas Anchas,I.E.R. HOJAS ANCHAS,Guarne,Antioquia,Oficial,6.28,-75.4428,G35,Simulacro 1,S1,11.0,,,127.0,34.0,18,20,31.0,22.0,SI,,127.0
SEC-1206,Semestre Cero,I.E.R. Hojas Anchas,I.E.R. HOJAS ANCHAS,Guarne,Antioquia,Oficial,6.28,-75.4428,G35,Simulacro 1,S1,11.0,,,120.0,34.0,26,16,19.0,27.0,SI,,120.0
SEC-1207,Semestre Cero,I.E.R. Hojas Anchas,I.E.R. HOJAS ANCHAS,Guarne,Antioquia,Oficial,6.28,-75.4428,G35,Simulacro 1,S1,11.0,,,93.0,24.0,22,14,10.0,29.0,SI,,93.0
SEC-2228,Semestre Cero,I.E.R. Jaipera,I. E. R. JAIPERA,Urrao,Antioquia,Oficial,6.315,-76.1336,G63,Simulacro 1,S1,11.0,,,278.0,76.0,42,52,47.0,75.0,SI,,278.0
SEC-2229,Semestre Cero,I.E.R. Jaipera,I. E. R. JAIPERA,Urrao,Antioquia,Oficial,6.315,-76.1336,G63,Simulacro 1,S1,11.0,,,278.0,63.0,54,64,33.0,80.0,SI,,278.0
SEC-2230,Semestre Cero,I.E.R. Jaipera,I. E. R. JAIPERA,Urrao,Antioquia,Oficial,6.315,-76.1336,G63,Simulacro 1,S1,11.0,,,271.0,76.0,28,62,48.0,64.0,SI,,271.0
SEC-2231,Semestre Cero,I.E.R. Jaipera,I. E. R. JAIPERA,Urrao,Antioquia,Oficial,6.315,-76.1336,G63,Simulacro 1,S1,11.0,,,268.0,63.0,36,66,34.0,96.0,SI,,268.0
SEC-2232,Semestre Cero,I.E.R. Jaipera,I. E. R. JAIPERA,Urrao,Antioquia,Oficial,6.315,-76.1336,G63,Simulacro 1,S1,11.0,,,232.0,49.0,50,42,36.0,73.0,SI,,232.0
SEC-2233,Semestre Cero,I.E.R. Jaipera,I. E. R. JAIPERA,Urrao,Antioquia,Oficial,6.315,-76.1336,G63,Simulacro 1,S1,11.0,,,230.0,56.0,30,60,31.0,65.0,SI,,230.0
SEC-2234,Semestre Cero,I.E.R. Jaipera,I. E. R. JAIPERA,Urrao,Antioquia,Oficial,6.315,-76.1336,G63,Simulacro 1,S1,11.0,,,220.0,61.0,34,48,26.0,65.0,SI,,220.0
SEC-2235,Semestre Cero,I.E.R. Jaipera,I. E. R. JAIPERA,Urrao,Antioquia,Oficial,6.315,-76.1336,G63,Simulacro 1,S1,11.0,,,216.0,44.0,52,40,26.0,76.0,SI,,216.0
SEC-2236,Semestre Cero,I.E.R. Jaipera,I. E. R. JAIPERA,Urrao,Antioquia,Oficial,6.315,-76.1336,G63,Simulacro 1,S1,11.0,,,214.0,54.0,36,48,33.0,45.0,SI,,214.0
SEC-2237,Semestre Cero,I.E.R. Jaipera,I. E. R. JAIPERA,Urrao,Antioquia,Oficial,6.315,-76.1336,G63,Simulacro 1,S1,11.0,,,210.0,66.0,22,54,26.0,44.0,SI,,210.0
SEC-2238,Semestre Cero,I.E.R. Jaipera,I. E. R. JAIPERA,Urrao,Antioquia,Oficial,6.315,-76.1336,G63,Simulacro 1,S1,11.0,,,209.0,44.0,34,54,34.0,45.0,SI,,209.0
SEC-2239,Semestre Cero,I.E.R. Jaipera,I. E. R. JAIPERA,Urrao,Antioquia,Oficial,6.315,-76.1336,G63,Simulacro 1,S1,11.0,,,207.0,51.0,30,54,29.0,44.0,SI,,207.0
SEC-2240,Semestre Cero,I.E.R. Jaipera,I. E. R. JAIPERA,Urrao,Antioquia,Oficial,6.315,-76.1336,G63,Simulacro 1,S1,11.0,,,206.0,56.0,18,54,33.0,53.0,SI,,206.0
SEC-2241,Semestre Cero,I.E.R. Jaipera,I. E. R. JAIPERA,Urrao,Antioquia,Oficial,6.315,-76.1336,G63,Simulacro 1,S1,11.0,,,204.0,56.0,14,54,33.0,60.0,SI,,204.0
SEC-2242,Semestre Cero,I.E.R. Jaipera,I. E. R. JAIPERA,Urrao,Antioquia,Oficial,6.315,-76.1336,G63,Simulacro 1,S1,11.0,,,202.0,49.0,30,50,29.0,51.0,SI,,202.0
SEC-2243,Semestre Cero,I.E.R. Jaipera,I. E. R. JAIPERA,Urrao,Antioquia,Oficial,6.315,-76.1336,G63,Simulacro 1,S1,11.0,,,199.0,51.0,32,48,26.0,45.0,SI,,199.0
SEC-2244,Semestre Cero,I.E.R. Jaipera,I. E. R. JAIPERA,Urrao,Antioquia,Oficial,6.315,-76.1336,G63,Simulacro 1,S1,11.0,,,197.0,44.0,36,48,29.0,40.0,SI,,197.0
SEC-2245,Semestre Cero,I.E.R. Jaipera,I. E. R. JAIPERA,Urrao,Antioquia,Oficial,6.315,-76.1336,G63,Simulacro 1,S1,11.0,,,196.0,44.0,16,58,36.0,47.0,SI,,196.0
SEC-2246,Semestre Cero,I.E.R. Jaipera,I. E. R. JAIPERA,Urrao,Antioquia,Oficial,6.315,-76.1336,G63,Simulacro 1,S1,11.0,,,195.0,54.0,24,48,24.0,56.0,SI,,195.0
SEC-2247,Semestre Cero,I.E.R. Jaipera,I. E. R. JAIPERA,Urrao,Antioquia,Oficial,6.315,-76.1336,G63,Simulacro 1,S1,11.0,,,191.0,27.0,26,56,34.0,67.0,SI,,191.0
SEC-2248,Semestre Cero,I.E.R. Jaipera,I. E. R. JAIPERA,Urrao,Antioquia,Oficial,6.315,-76.1336,G63,Simulacro 1,S1,11.0,,,190.0,34.0,30,46,36.0,55.0,SI,,190.0
SEC-2249,Semestre Cero,I.E.R. Jaipera,I. E. R. JAIPERA,Urrao,Antioquia,Oficial,6.315,-76.1336,G63,Simulacro 1,S1,11.0,,,184.0,32.0,42,46,26.0,42.0,SI,,184.0
SEC-2250,Semestre Cero,I.E.R. Jaipera,I. E. R. JAIPERA,Urrao,Antioquia,Oficial,6.315,-76.1336,G63,Simulacro 1,S1,11.0,,,184.0,49.0,20,50,22.0,55.0,SI,,184.0
SEC-2251,Semestre Cero,I.E.R. Jaipera,I. E. R. JAIPERA,Urrao,Antioquia,Oficial,6.315,-76.1336,G63,Simulacro 1,S1,11.0,,,181.0,34.0,26,56,29.0,35.0,SI,,181.0
SEC-2252,Semestre Cero,I.E.R. Jaipera,I. E. R. JAIPERA,Urrao,Antioquia,Oficial,6.315,-76.1336,G63,Simulacro 1,S1,11.0,,,181.0,29.0,34,34,43.0,49.0,SI,,181.0
SEC-2253,Semestre Cero,I.E.R. Jaipera,I. E. R. JAIPERA,Urrao,Antioquia,Oficial,6.315,-76.1336,G63,Simulacro 1,S1,11.0,,,179.0,39.0,36,38,26.0,49.0,SI,,179.0
SEC-2254,Semestre Cero,I.E.R. Jaipera,I. E. R. JAIPERA,Urrao,Antioquia,Oficial,6.315,-76.1336,G63,Simulacro 1,S1,11.0,,,174.0,29.0,24,44,38.0,47.0,SI,,174.0
SEC-2255,Semestre Cero,I.E.R. Jaipera,I. E. R. JAIPERA,Urrao,Antioquia,Oficial,6.315,-76.1336,G63,Simulacro 1,S1,11.0,,,164.0,46.0,20,36,28.0,36.0,SI,,164.0
SEC-2256,Semestre Cero,I.E.R. Jaipera,I. E. R. JAIPERA,Urrao,Antioquia,Oficial,6.315,-76.1336,G63,Simulacro 1,S1,11.0,,,164.0,56.0,24,36,14.0,36.0,SI,,164.0
SEC-2257,Semestre Cero,I.E.R. Jaipera,I. E. R. JAIPERA,Urrao,Antioquia,Oficial,6.315,-76.1336,G63,Simulacro 1,S1,11.0,,,163.0,44.0,24,36,24.0,40.0,SI,,163.0
SEC-2258,Semestre Cero,I.E.R. Jaipera,I. E. R. JAIPERA,Urrao,Antioquia,Oficial,6.315,-76.1336,G63,Simulacro 1,S1,11.0,,,157.0,44.0,30,26,29.0,22.0,SI,,157.0
SEC-2259,Semestre Cero,I.E.R. Jaipera,I. E. R. JAIPERA,Urrao,Antioquia,Oficial,6.315,-76.1336,G63,Simulacro 1,S1,11.0,,,156.0,27.0,32,34,26.0,49.0,SI,,156.0
SEC-2260,Semestre Cero,I.E.R. Jaipera,I. E. R. JAIPERA,Urrao,Antioquia,Oficial,6.315,-76.1336,G63,Simulacro 1,S1,11.0,,,154.0,37.0,20,36,26.0,45.0,SI,,154.0
SEC-2261,Semestre Cero,I.E.R. Jaipera,I. E. R. JAIPERA,Urrao,Antioquia,Oficial,6.315,-76.1336,G63,Simulacro 1,S1,11.0,,,154.0,39.0,26,24,31.0,40.0,SI,,154.0
SEC-2262,Semestre Cero,I.E.R. Jaipera,I. E. R. JAIPERA,Urrao,Antioquia,Oficial,6.315,-76.1336,G63,Simulacro 1,S1,11.0,,,147.0,41.0,20,34,19.0,38.0,SI,,147.0
SEC-2263,Semestre Cero,I.E.R. Jaipera,I. E. R. JAIPERA,Urrao,Antioquia,Oficial,6.315,-76.1336,G63,Simulacro 1,S1,11.0,,,146.0,37.0,24,28,28.0,31.0,SI,,146.0
SEC-2264,Semestre Cero,I.E.R. Jaipera,I. E. R. JAIPERA,Urrao,Antioquia,Oficial,6.315,-76.1336,G63,Simulacro 1,S1,11.0,,,146.0,32.0,14,38,29.0,40.0,SI,,146.0
SEC-2265,Semestre Cero,I.E.R. Jaipera,I. E. R. JAIPERA,Urrao,Antioquia,Oficial,6.315,-76.1336,G63,Simulacro 1,S1,11.0,,,145.0,24.0,26,30,29.0,47.0,SI,,145.0
SEC-2266,Semestre Cero,I.E.R. Jaipera,I. E. R. JAIPERA,Urrao,Antioquia,Oficial,6.315,-76.1336,G63,Simulacro 1,S1,11.0,,,144.0,41.0,14,26,31.0,36.0,SI,,144.0
SEC-2267,Semestre Cero,I.E.R. Jaipera,I. E. R. JAIPERA,Urrao,Antioquia,Oficial,6.315,-76.1336,G63,Simulacro 1,S1,11.0,,,143.0,32.0,20,38,24.0,31.0,SI,,143.0
SEC-2268,Semestre Cero,I.E.R. Jaipera,I. E. R. JAIPERA,Urrao,Antioquia,Oficial,6.315,-76.1336,G63,Simulacro 1,S1,11.0,,,143.0,37.0,14,36,24.0,40.0,SI,,143.0
SEC-2269,Semestre Cero,I.E.R. Jaipera,I. E. R. JAIPERA,Urrao,Antioquia,Oficial,6.315,-76.1336,G63,Simulacro 1,S1,11.0,,,132.0,27.0,22,22,33.0,33.0,SI,,132.0
SEC-2270,Semestre Cero,I.E.R. Jaipera,I. E. R. JAIPERA,Urrao,Antioquia,Oficial,6.315,-76.1336,G63,Simulacro 1,S1,11.0,,,129.0,22.0,24,30,26.0,29.0,SI,,129.0
SEC-2271,Semestre Cero,I.E.R. Jaipera,I. E. R. JAIPERA,Urrao,Antioquia,Oficial,6.315,-76.1336,G63,Simulacro 1,S1,11.0,,,128.0,37.0,26,20,19.0,29.0,SI,,128.0
SEC-2272,Semestre Cero,I.E.R. Jaipera,I. E. R. JAIPERA,Urrao,Antioquia,Oficial,6.315,-76.1336,G63,Simulacro 1,S1,11.0,,,128.0,24.0,26,24,26.0,33.0,SI,,128.0
SEC-2273,Semestre Cero,I.E.R. Jaipera,I. E. R. JAIPERA,Urrao,Antioquia,Oficial,6.315,-76.1336,G63,Simulacro 1,S1,11.0,,,127.0,29.0,30,16,22.0,36.0,SI,,127.0
SEC-2274,Semestre Cero,I.E.R. Jaipera,I. E. R. JAIPERA,Urrao,Antioquia,Oficial,6.315,-76.1336,G63,Simulacro 1,S1,11.0,,,120.0,39.0,24,22,19.0,0.0,SI,,120.0
SEC-2275,Semestre Cero,I.E.R. Marco A Rojo,I. E. R. MARCO A ROJO,Valdivia,Antioquia,Oficial,7.1811,-75.4419,G64,Simulacro 1,S1,11.0,,,248.0,39.0,54,58,47.0,53.0,SI,,248.0
SEC-2276,Semestre Cero,I.E.R. Marco A Rojo,I. E. R. MARCO A ROJO,Valdivia,Antioquia,Oficial,7.1811,-75.4419,G64,Simulacro 1,S1,11.0,,,225.0,61.0,36,48,33.0,53.0,SI,,225.0
SEC-2277,Semestre Cero,I.E.R. Marco A Rojo,I. E. R. MARCO A ROJO,Valdivia,Antioquia,Oficial,7.1811,-75.4419,G64,Simulacro 1,S1,11.0,,,225.0,59.0,30,54,31.0,64.0,SI,,225.0
SEC-2278,Semestre Cero,I.E.R. Marco A Rojo,I. E. R. MARCO A ROJO,Valdivia,Antioquia,Oficial,7.1811,-75.4419,G64,Simulacro 1,S1,11.0,,,215.0,54.0,30,50,40.0,40.0,SI,,215.0
SEC-2279,Semestre Cero,I.E.R. Marco A Rojo,I. E. R. MARCO A ROJO,Valdivia,Antioquia,Oficial,7.1811,-75.4419,G64,Simulacro 1,S1,11.0,,,211.0,56.0,32,42,40.0,40.0,SI,,211.0
SEC-2280,Semestre Cero,I.E.R. Marco A Rojo,I. E. R. MARCO A ROJO,Valdivia,Antioquia,Oficial,7.1811,-75.4419,G64,Simulacro 1,S1,11.0,,,210.0,51.0,36,56,26.0,38.0,SI,,210.0
SEC-2281,Semestre Cero,I.E.R. Marco A Rojo,I. E. R. MARCO A ROJO,Valdivia,Antioquia,Oficial,7.1811,-75.4419,G64,Simulacro 1,S1,11.0,,,206.0,46.0,30,50,38.0,42.0,SI,,206.0
SEC-2282,Semestre Cero,I.E.R. Marco A Rojo,I. E. R. MARCO A ROJO,Valdivia,Antioquia,Oficial,7.1811,-75.4419,G64,Simulacro 1,S1,11.0,,,197.0,51.0,26,46,34.0,38.0,SI,,197.0
SEC-2283,Semestre Cero,I.E.R. Marco A Rojo,I. E. R. MARCO A ROJO,Valdivia,Antioquia,Oficial,7.1811,-75.4419,G64,Simulacro 1,S1,11.0,,,188.0,44.0,26,54,34.0,15.0,SI,,188.0
SEC-2284,Semestre Cero,I.E.R. Marco A Rojo,I. E. R. MARCO A ROJO,Valdivia,Antioquia,Oficial,7.1811,-75.4419,G64,Simulacro 1,S1,11.0,,,188.0,39.0,30,52,26.0,47.0,SI,,188.0
SEC-2285,Semestre Cero,I.E.R. Marco A Rojo,I. E. R. MARCO A ROJO,Valdivia,Antioquia,Oficial,7.1811,-75.4419,G64,Simulacro 1,S1,11.0,,,175.0,34.0,20,36,47.0,45.0,SI,,175.0
SEC-2286,Semestre Cero,I.E.R. Marco A Rojo,I. E. R. MARCO A ROJO,Valdivia,Antioquia,Oficial,7.1811,-75.4419,G64,Simulacro 1,S1,11.0,,,171.0,27.0,32,54,26.0,27.0,SI,,171.0
SEC-2287,Semestre Cero,I.E.R. Marco A Rojo,I. E. R. MARCO A ROJO,Valdivia,Antioquia,Oficial,7.1811,-75.4419,G64,Simulacro 1,S1,11.0,,,168.0,39.0,22,36,38.0,33.0,SI,,168.0
SEC-2288,Semestre Cero,I.E.R. Marco A Rojo,I. E. R. MARCO A ROJO,Valdivia,Antioquia,Oficial,7.1811,-75.4419,G64,Simulacro 1,S1,11.0,,,167.0,20.0,38,42,31.0,44.0,SI,,167.0
SEC-2289,Semestre Cero,I.E.R. Marco A Rojo,I. E. R. MARCO A ROJO,Valdivia,Antioquia,Oficial,7.1811,-75.4419,G64,Simulacro 1,S1,11.0,,,167.0,32.0,24,50,22.0,49.0,SI,,167.0
SEC-2290,Semestre Cero,I.E.R. Marco A Rojo,I. E. R. MARCO A ROJO,Valdivia,Antioquia,Oficial,7.1811,-75.4419,G64,Simulacro 1,S1,11.0,,,163.0,44.0,22,32,31.0,38.0,SI,,163.0
SEC-2291,Semestre Cero,I.E.R. Marco A Rojo,I. E. R. MARCO A ROJO,Valdivia,Antioquia,Oficial,7.1811,-75.4419,G64,Simulacro 1,S1,11.0,,,158.0,29.0,26,44,26.0,35.0,SI,,158.0
SEC-2292,Semestre Cero,I.E.R. Marco A Rojo,I. E. R. MARCO A ROJO,Valdivia,Antioquia,Oficial,7.1811,-75.4419,G64,Simulacro 1,S1,11.0,,,156.0,39.0,28,28,24.0,47.0,SI,,156.0
SEC-2293,Semestre Cero,I.E.R. Marco A Rojo,I. E. R. MARCO A ROJO,Valdivia,Antioquia,Oficial,7.1811,-75.4419,G64,Simulacro 1,S1,11.0,,,155.0,37.0,32,30,26.0,31.0,SI,,155.0
SEC-2294,Semestre Cero,I.E.R. Marco A Rojo,I. E. R. MARCO A ROJO,Valdivia,Antioquia,Oficial,7.1811,-75.4419,G64,Simulacro 1,S1,11.0,,,155.0,29.0,34,36,28.0,24.0,SI,,155.0
SEC-2295,Semestre Cero,I.E.R. Marco A Rojo,I. E. R. MARCO A ROJO,Valdivia,Antioquia,Oficial,7.1811,-75.4419,G64,Simulacro 1,S1,11.0,,,155.0,37.0,24,36,28.0,31.0,SI,,155.0
SEC-2296,Semestre Cero,I.E.R. Marco A Rojo,I. E. R. MARCO A ROJO,Valdivia,Antioquia,Oficial,7.1811,-75.4419,G64,Simulacro 1,S1,11.0,,,154.0,32.0,26,38,22.0,45.0,SI,,154.0
SEC-2297,Semestre Cero,I.E.R. Marco A Rojo,I. E. R. MARCO A ROJO,Valdivia,Antioquia,Oficial,7.1811,-75.4419,G64,Simulacro 1,S1,11.0,,,153.0,34.0,24,36,31.0,22.0,SI,,153.0
SEC-2298,Semestre Cero,I.E.R. Marco A Rojo,I. E. R. MARCO A ROJO,Valdivia,Antioquia,Oficial,7.1811,-75.4419,G64,Simulacro 1,S1,11.0,,,153.0,24.0,28,36,26.0,55.0,SI,,153.0
SEC-2299,Semestre Cero,I.E.R. Marco A Rojo,I. E. R. MARCO A ROJO,Valdivia,Antioquia,Oficial,7.1811,-75.4419,G64,Simulacro 1,S1,11.0,,,150.0,46.0,22,42,5.0,44.0,SI,,150.0
SEC-2300,Semestre Cero,I.E.R. Marco A Rojo,I. E. R. MARCO A ROJO,Valdivia,Antioquia,Oficial,7.1811,-75.4419,G64,Simulacro 1,S1,11.0,,,148.0,24.0,32,40,19.0,38.0,SI,,148.0
SEC-2301,Semestre Cero,I.E.R. Marco A Rojo,I. E. R. MARCO A ROJO,Valdivia,Antioquia,Oficial,7.1811,-75.4419,G64,Simulacro 1,S1,11.0,,,145.0,32.0,20,40,22.0,35.0,SI,,145.0
SEC-2302,Semestre Cero,I.E.R. Marco A Rojo,I. E. R. MARCO A ROJO,Valdivia,Antioquia,Oficial,7.1811,-75.4419,G64,Simulacro 1,S1,11.0,,,145.0,17.0,28,38,31.0,35.0,SI,,145.0
SEC-2303,Semestre Cero,I.E.R. Marco A Rojo,I. E. R. MARCO A ROJO,Valdivia,Antioquia,Oficial,7.1811,-75.4419,G64,Simulacro 1,S1,11.0,,,145.0,24.0,30,30,28.0,40.0,SI,,145.0
SEC-2304,Semestre Cero,I.E.R. Marco A Rojo,I. E. R. MARCO A ROJO,Valdivia,Antioquia,Oficial,7.1811,-75.4419,G64,Simulacro 1,S1,11.0,,,143.0,34.0,22,28,19.0,64.0,SI,,143.0
SEC-2305,Semestre Cero,I.E.R. Marco A Rojo,I. E. R. MARCO A ROJO,Valdivia,Antioquia,Oficial,7.1811,-75.4419,G64,Simulacro 1,S1,11.0,,,143.0,37.0,12,36,28.0,35.0,SI,,143.0
SEC-2306,Semestre Cero,I.E.R. Marco A Rojo,I. E. R. MARCO A ROJO,Valdivia,Antioquia,Oficial,7.1811,-75.4419,G64,Simulacro 1,S1,11.0,,,142.0,15.0,24,44,19.0,64.0,SI,,142.0
SEC-2307,Semestre Cero,I.E.R. Marco A Rojo,I. E. R. MARCO A ROJO,Valdivia,Antioquia,Oficial,7.1811,-75.4419,G64,Simulacro 1,S1,11.0,,,139.0,32.0,14,42,22.0,31.0,SI,,139.0
SEC-2308,Semestre Cero,I.E.R. Marco A Rojo,I. E. R. MARCO A ROJO,Valdivia,Antioquia,Oficial,7.1811,-75.4419,G64,Simulacro 1,S1,11.0,,,134.0,24.0,36,30,17.0,25.0,SI,,134.0
SEC-2309,Semestre Cero,I.E.R. Marco A Rojo,I. E. R. MARCO A ROJO,Valdivia,Antioquia,Oficial,7.1811,-75.4419,G64,Simulacro 1,S1,11.0,,,132.0,32.0,12,36,19.0,47.0,SI,,132.0
SEC-2310,Semestre Cero,I.E.R. Marco A Rojo,I. E. R. MARCO A ROJO,Valdivia,Antioquia,Oficial,7.1811,-75.4419,G64,Simulacro 1,S1,11.0,,,128.0,22.0,22,30,28.0,29.0,SI,,128.0
SEC-2311,Semestre Cero,I.E.R. Marco A Rojo,I. E. R. MARCO A ROJO,Valdivia,Antioquia,Oficial,7.1811,-75.4419,G64,Simulacro 1,S1,11.0,,,128.0,24.0,10,44,21.0,35.0,SI,,128.0
SEC-2312,Semestre Cero,I.E.R. Marco A Rojo,I. E. R. MARCO A ROJO,Valdivia,Antioquia,Oficial,7.1811,-75.4419,G64,Simulacro 1,S1,11.0,,,123.0,22.0,22,34,17.0,35.0,SI,,123.0
SEC-2313,Semestre Cero,I.E.R. Marco A Rojo,I. E. R. MARCO A ROJO,Valdivia,Antioquia,Oficial,7.1811,-75.4419,G64,Simulacro 1,S1,11.0,,,117.0,37.0,18,28,19.0,0.0,SI,,117.0
SEC-1563,Semestre Cero,I.E.R. Mellito,I. E. R. MELLITO,Necoclí,Antioquia,Oficial,8.4286,-76.7861,G46,Simulacro 1,S1,11.0,,,191.0,34.0,44,42,29.0,49.0,SI,,191.0
SEC-1564,Semestre Cero,I.E.R. Mellito,I. E. R. MELLITO,Necoclí,Antioquia,Oficial,8.4286,-76.7861,G46,Simulacro 1,S1,11.0,,,191.0,39.0,34,46,36.0,31.0,SI,,191.0
SEC-1565,Semestre Cero,I.E.R. Mellito,I. E. R. MELLITO,Necoclí,Antioquia,Oficial,8.4286,-76.7861,G46,Simulacro 1,S1,11.0,,,189.0,49.0,22,54,24.0,44.0,SI,,189.0
SEC-1566,Semestre Cero,I.E.R. Mellito,I. E. R. MELLITO,Necoclí,Antioquia,Oficial,8.4286,-76.7861,G46,Simulacro 1,S1,11.0,,,182.0,41.0,26,42,33.0,45.0,SI,,182.0
SEC-1567,Semestre Cero,I.E.R. Mellito,I. E. R. MELLITO,Necoclí,Antioquia,Oficial,8.4286,-76.7861,G46,Simulacro 1,S1,11.0,,,180.0,34.0,28,50,31.0,38.0,SI,,180.0
SEC-1568,Semestre Cero,I.E.R. Mellito,I. E. R. MELLITO,Necoclí,Antioquia,Oficial,8.4286,-76.7861,G46,Simulacro 1,S1,11.0,,,179.0,39.0,16,52,34.0,40.0,SI,,179.0
SEC-1569,Semestre Cero,I.E.R. Mellito,I. E. R. MELLITO,Necoclí,Antioquia,Oficial,8.4286,-76.7861,G46,Simulacro 1,S1,11.0,,,176.0,49.0,20,40,31.0,38.0,SI,,176.0
SEC-1570,Semestre Cero,I.E.R. Mellito,I. E. R. MELLITO,Necoclí,Antioquia,Oficial,8.4286,-76.7861,G46,Simulacro 1,S1,11.0,,,172.0,32.0,26,44,36.0,35.0,SI,,172.0
SEC-1571,Semestre Cero,I.E.R. Mellito,I. E. R. MELLITO,Necoclí,Antioquia,Oficial,8.4286,-76.7861,G46,Simulacro 1,S1,11.0,,,172.0,37.0,16,50,36.0,31.0,SI,,172.0
SEC-1572,Semestre Cero,I.E.R. Mellito,I. E. R. MELLITO,Necoclí,Antioquia,Oficial,8.4286,-76.7861,G46,Simulacro 1,S1,11.0,,,167.0,34.0,18,48,34.0,31.0,SI,,167.0
SEC-1573,Semestre Cero,I.E.R. Mellito,I. E. R. MELLITO,Necoclí,Antioquia,Oficial,8.4286,-76.7861,G46,Simulacro 1,S1,11.0,,,167.0,46.0,22,38,28.0,33.0,SI,,167.0
SEC-1574,Semestre Cero,I.E.R. Mellito,I. E. R. MELLITO,Necoclí,Antioquia,Oficial,8.4286,-76.7861,G46,Simulacro 1,S1,11.0,,,163.0,29.0,32,42,29.0,27.0,SI,,163.0
SEC-1575,Semestre Cero,I.E.R. Mellito,I. E. R. MELLITO,Necoclí,Antioquia,Oficial,8.4286,-76.7861,G46,Simulacro 1,S1,11.0,,,161.0,32.0,34,20,38.0,47.0,SI,,161.0
SEC-1576,Semestre Cero,I.E.R. Mellito,I. E. R. MELLITO,Necoclí,Antioquia,Oficial,8.4286,-76.7861,G46,Simulacro 1,S1,11.0,,,160.0,27.0,20,46,33.0,40.0,SI,,160.0
SEC-1577,Semestre Cero,I.E.R. Mellito,I. E. R. MELLITO,Necoclí,Antioquia,Oficial,8.4286,-76.7861,G46,Simulacro 1,S1,11.0,,,158.0,29.0,42,34,24.0,24.0,SI,,158.0
SEC-1578,Semestre Cero,I.E.R. Mellito,I. E. R. MELLITO,Necoclí,Antioquia,Oficial,8.4286,-76.7861,G46,Simulacro 1,S1,11.0,,,158.0,41.0,22,34,28.0,36.0,SI,,158.0
SEC-1579,Semestre Cero,I.E.R. Mellito,I. E. R. MELLITO,Necoclí,Antioquia,Oficial,8.4286,-76.7861,G46,Simulacro 1,S1,11.0,,,153.0,34.0,24,28,38.0,25.0,SI,,153.0
SEC-1580,Semestre Cero,I.E.R. Mellito,I. E. R. MELLITO,Necoclí,Antioquia,Oficial,8.4286,-76.7861,G46,Simulacro 1,S1,11.0,,,150.0,32.0,24,30,36.0,24.0,SI,,150.0
SEC-1581,Semestre Cero,I.E.R. Mellito,I. E. R. MELLITO,Necoclí,Antioquia,Oficial,8.4286,-76.7861,G46,Simulacro 1,S1,11.0,,,149.0,37.0,20,32,29.0,35.0,SI,,149.0
SEC-1582,Semestre Cero,I.E.R. Mellito,I. E. R. MELLITO,Necoclí,Antioquia,Oficial,8.4286,-76.7861,G46,Simulacro 1,S1,11.0,,,149.0,29.0,38,28,22.0,35.0,SI,,149.0
SEC-1583,Semestre Cero,I.E.R. Mellito,I. E. R. MELLITO,Necoclí,Antioquia,Oficial,8.4286,-76.7861,G46,Simulacro 1,S1,11.0,,,149.0,37.0,22,30,26.0,44.0,SI,,149.0
SEC-1584,Semestre Cero,I.E.R. Mellito,I. E. R. MELLITO,Necoclí,Antioquia,Oficial,8.4286,-76.7861,G46,Simulacro 1,S1,11.0,,,147.0,34.0,24,30,29.0,29.0,SI,,147.0
SEC-1585,Semestre Cero,I.E.R. Mellito,I. E. R. MELLITO,Necoclí,Antioquia,Oficial,8.4286,-76.7861,G46,Simulacro 1,S1,11.0,,,144.0,27.0,24,42,21.0,33.0,SI,,144.0
SEC-1586,Semestre Cero,I.E.R. Mellito,I. E. R. MELLITO,Necoclí,Antioquia,Oficial,8.4286,-76.7861,G46,Simulacro 1,S1,11.0,,,140.0,32.0,34,28,21.0,22.0,SI,,140.0
SEC-1587,Semestre Cero,I.E.R. Mellito,I. E. R. MELLITO,Necoclí,Antioquia,Oficial,8.4286,-76.7861,G46,Simulacro 1,S1,11.0,,,139.0,37.0,18,38,16.0,38.0,SI,,139.0
SEC-1588,Semestre Cero,I.E.R. Mellito,I. E. R. MELLITO,Necoclí,Antioquia,Oficial,8.4286,-76.7861,G46,Simulacro 1,S1,11.0,,,137.0,32.0,24,30,22.0,31.0,SI,,137.0
SEC-1589,Semestre Cero,I.E.R. Mellito,I. E. R. MELLITO,Necoclí,Antioquia,Oficial,8.4286,-76.7861,G46,Simulacro 1,S1,11.0,,,135.0,20.0,20,32,28.0,55.0,SI,,135.0
SEC-1590,Semestre Cero,I.E.R. Mellito,I. E. R. MELLITO,Necoclí,Antioquia,Oficial,8.4286,-76.7861,G46,Simulacro 1,S1,11.0,,,134.0,41.0,18,32,17.0,22.0,SI,,134.0
SEC-1591,Semestre Cero,I.E.R. Mellito,I. E. R. MELLITO,Necoclí,Antioquia,Oficial,8.4286,-76.7861,G46,Simulacro 1,S1,11.0,,,134.0,24.0,36,28,17.0,31.0,SI,,134.0
SEC-1592,Semestre Cero,I.E.R. Mellito,I. E. R. MELLITO,Necoclí,Antioquia,Oficial,8.4286,-76.7861,G46,Simulacro 1,S1,11.0,,,133.0,22.0,24,32,28.0,29.0,SI,,133.0
SEC-1593,Semestre Cero,I.E.R. Mellito,I. E. R. MELLITO,Necoclí,Antioquia,Oficial,8.4286,-76.7861,G46,Simulacro 1,S1,11.0,,,131.0,22.0,20,34,28.0,31.0,SI,,131.0
SEC-1594,Semestre Cero,I.E.R. Mellito,I. E. R. MELLITO,Necoclí,Antioquia,Oficial,8.4286,-76.7861,G46,Simulacro 1,S1,11.0,,,130.0,17.0,36,32,17.0,31.0,SI,,130.0
SEC-1595,Semestre Cero,I.E.R. Mellito,I. E. R. MELLITO,Necoclí,Antioquia,Oficial,8.4286,-76.7861,G46,Simulacro 1,S1,11.0,,,129.0,27.0,20,20,36.0,27.0,SI,,129.0
SEC-1596,Semestre Cero,I.E.R. Mellito,I. E. R. MELLITO,Necoclí,Antioquia,Oficial,8.4286,-76.7861,G46,Simulacro 1,S1,11.0,,,121.0,32.0,30,22,14.0,22.0,SI,,121.0
SEC-1597,Semestre Cero,I.E.R. Mellito,I. E. R. MELLITO,Necoclí,Antioquia,Oficial,8.4286,-76.7861,G46,Simulacro 1,S1,11.0,,,120.0,27.0,30,20,19.0,25.0,SI,,120.0
SEC-1598,Semestre Cero,I.E.R. Mellito,I. E. R. MELLITO,Necoclí,Antioquia,Oficial,8.4286,-76.7861,G46,Simulacro 1,S1,11.0,,,118.0,17.0,18,28,28.0,35.0,SI,,118.0
SEC-1599,Semestre Cero,I.E.R. Mellito,I. E. R. MELLITO,Necoclí,Antioquia,Oficial,8.4286,-76.7861,G46,Simulacro 1,S1,11.0,,,118.0,27.0,24,12,26.0,40.0,SI,,118.0
SEC-1600,Semestre Cero,I.E.R. Mellito,I. E. R. MELLITO,Necoclí,Antioquia,Oficial,8.4286,-76.7861,G46,Simulacro 1,S1,11.0,,,115.0,32.0,14,24,22.0,24.0,SI,,115.0
SEC-1601,Semestre Cero,I.E.R. Mellito,I. E. R. MELLITO,Necoclí,Antioquia,Oficial,8.4286,-76.7861,G46,Simulacro 1,S1,11.0,,,114.0,20.0,22,28,17.0,36.0,SI,,114.0
SEC-1602,Semestre Cero,I.E.R. Mellito,I. E. R. MELLITO,Necoclí,Antioquia,Oficial,8.4286,-76.7861,G46,Simulacro 1,S1,11.0,,,114.0,27.0,28,28,9.0,22.0,SI,,114.0
SEC-1603,Semestre Cero,I.E.R. Mellito,I. E. R. MELLITO,Necoclí,Antioquia,Oficial,8.4286,-76.7861,G46,Simulacro 1,S1,11.0,,,108.0,24.0,22,22,12.0,38.0,SI,,108.0
SEC-1604,Semestre Cero,I.E.R. Mellito,I. E. R. MELLITO,Necoclí,Antioquia,Oficial,8.4286,-76.7861,G46,Simulacro 1,S1,11.0,,,89.0,37.0,10,24,7.0,0.0,SI,,89.0
SEC-1605,Semestre Cero,I.E.R. Mellito,I. E. R. MELLITO,Necoclí,Antioquia,Oficial,8.4286,-76.7861,G46,Simulacro 1,S1,11.0,,,66.0,24.0,12,14,7.0,0.0,SI,,66.0
SEC-2148,Semestre Cero,I.E.R. Porcesito,I. E. R. PORCESITO,Santo Domingo,Antioquia,Oficial,6.4719,-75.1669,G60,Simulacro 1,S1,11.0,,,262.0,61.0,34,74,47.0,35.0,SI,,262.0
SEC-2149,Semestre Cero,I.E.R. Porcesito,I. E. R. PORCESITO,Santo Domingo,Antioquia,Oficial,6.4719,-75.1669,G60,Simulacro 1,S1,11.0,,,225.0,54.0,30,58,40.0,42.0,SI,,225.0
SEC-2150,Semestre Cero,I.E.R. Porcesito,I. E. R. PORCESITO,Santo Domingo,Antioquia,Oficial,6.4719,-75.1669,G60,Simulacro 1,S1,11.0,,,218.0,56.0,40,46,31.0,47.0,SI,,218.0
SEC-2151,Semestre Cero,I.E.R. Porcesito,I. E. R. PORCESITO,Santo Domingo,Antioquia,Oficial,6.4719,-75.1669,G60,Simulacro 1,S1,11.0,,,213.0,66.0,40,34,31.0,42.0,SI,,213.0
SEC-2152,Semestre Cero,I.E.R. Porcesito,I. E. R. PORCESITO,Santo Domingo,Antioquia,Oficial,6.4719,-75.1669,G60,Simulacro 1,S1,11.0,,,210.0,54.0,28,50,33.0,53.0,SI,,210.0
SEC-2153,Semestre Cero,I.E.R. Porcesito,I. E. R. PORCESITO,Santo Domingo,Antioquia,Oficial,6.4719,-75.1669,G60,Simulacro 1,S1,11.0,,,192.0,44.0,34,50,24.0,42.0,SI,,192.0
SEC-2154,Semestre Cero,I.E.R. Porcesito,I. E. R. PORCESITO,Santo Domingo,Antioquia,Oficial,6.4719,-75.1669,G60,Simulacro 1,S1,11.0,,,190.0,34.0,40,48,34.0,24.0,SI,,190.0
SEC-2155,Semestre Cero,I.E.R. Porcesito,I. E. R. PORCESITO,Santo Domingo,Antioquia,Oficial,6.4719,-75.1669,G60,Simulacro 1,S1,11.0,,,190.0,46.0,34,42,29.0,38.0,SI,,190.0
SEC-2156,Semestre Cero,I.E.R. Porcesito,I. E. R. PORCESITO,Santo Domingo,Antioquia,Oficial,6.4719,-75.1669,G60,Simulacro 1,S1,11.0,,,180.0,29.0,26,48,38.0,44.0,SI,,180.0
SEC-2157,Semestre Cero,I.E.R. Porcesito,I. E. R. PORCESITO,Santo Domingo,Antioquia,Oficial,6.4719,-75.1669,G60,Simulacro 1,S1,11.0,,,179.0,44.0,20,40,38.0,40.0,SI,,179.0
SEC-2158,Semestre Cero,I.E.R. Porcesito,I. E. R. PORCESITO,Santo Domingo,Antioquia,Oficial,6.4719,-75.1669,G60,Simulacro 1,S1,11.0,,,167.0,32.0,28,44,34.0,20.0,SI,,167.0
SEC-2159,Semestre Cero,I.E.R. Porcesito,I. E. R. PORCESITO,Santo Domingo,Antioquia,Oficial,6.4719,-75.1669,G60,Simulacro 1,S1,11.0,,,158.0,39.0,22,40,28.0,25.0,SI,,158.0
SEC-2160,Semestre Cero,I.E.R. Porcesito,I. E. R. PORCESITO,Santo Domingo,Antioquia,Oficial,6.4719,-75.1669,G60,Simulacro 1,S1,11.0,,,157.0,34.0,16,54,21.0,33.0,SI,,157.0
SEC-2161,Semestre Cero,I.E.R. Porcesito,I. E. R. PORCESITO,Santo Domingo,Antioquia,Oficial,6.4719,-75.1669,G60,Simulacro 1,S1,11.0,,,150.0,34.0,26,32,28.0,31.0,SI,,150.0
SEC-2162,Semestre Cero,I.E.R. Porcesito,I. E. R. PORCESITO,Santo Domingo,Antioquia,Oficial,6.4719,-75.1669,G60,Simulacro 1,S1,11.0,,,144.0,24.0,32,36,22.0,29.0,SI,,144.0
SEC-2163,Semestre Cero,I.E.R. Porcesito,I. E. R. PORCESITO,Santo Domingo,Antioquia,Oficial,6.4719,-75.1669,G60,Simulacro 1,S1,11.0,,,136.0,32.0,16,28,34.0,22.0,SI,,136.0
SEC-2164,Semestre Cero,I.E.R. Porcesito,I. E. R. PORCESITO,Santo Domingo,Antioquia,Oficial,6.4719,-75.1669,G60,Simulacro 1,S1,11.0,,,131.0,24.0,24,26,29.0,29.0,SI,,131.0
SEC-2165,Semestre Cero,I.E.R. Porcesito,I. E. R. PORCESITO,Santo Domingo,Antioquia,Oficial,6.4719,-75.1669,G60,Simulacro 1,S1,11.0,,,129.0,39.0,30,18,17.0,24.0,SI,,129.0
SEC-2166,Semestre Cero,I.E.R. Porcesito,I. E. R. PORCESITO,Santo Domingo,Antioquia,Oficial,6.4719,-75.1669,G60,Simulacro 1,S1,11.0,,,120.0,27.0,26,22,19.0,31.0,SI,,120.0
SEC-2167,Semestre Cero,I.E.R. Porcesito,I. E. R. PORCESITO,Santo Domingo,Antioquia,Oficial,6.4719,-75.1669,G60,Simulacro 1,S1,11.0,,,117.0,39.0,16,22,24.0,0.0,SI,,117.0
SEC-2168,Semestre Cero,I.E.R. Porcesito,I. E. R. PORCESITO,Santo Domingo,Antioquia,Oficial,6.4719,-75.1669,G60,Simulacro 1,S1,11.0,,,63.0,0.0,12,18,12.0,38.0,SI,,63.0
SEC-1232,Semestre Cero,I.E.R. San Francisco de Asis,I. E. R. SAN FRANCISCO DE ASIS,Jericó,Antioquia,Oficial,5.7925,-75.7869,G37,Simulacro 1,S1,11.0,,,243.0,46.0,32,50,55.0,80.0,SI,,243.0
SEC-1233,Semestre Cero,I.E.R. San Francisco de Asis,I. E. R. SAN FRANCISCO DE ASIS,Jericó,Antioquia,Oficial,5.7925,-75.7869,G37,Simulacro 1,S1,11.0,,,238.0,63.0,32,60,38.0,40.0,SI,,238.0
SEC-1234,Semestre Cero,I.E.R. San Francisco de Asis,I. E. R. SAN FRANCISCO DE ASIS,Jericó,Antioquia,Oficial,5.7925,-75.7869,G37,Simulacro 1,S1,11.0,,,227.0,61.0,30,54,34.0,53.0,SI,,227.0
SEC-1235,Semestre Cero,I.E.R. San Francisco de Asis,I. E. R. SAN FRANCISCO DE ASIS,Jericó,Antioquia,Oficial,5.7925,-75.7869,G37,Simulacro 1,S1,11.0,,,224.0,56.0,38,50,36.0,42.0,SI,,224.0
SEC-1236,Semestre Cero,I.E.R. San Francisco de Asis,I. E. R. SAN FRANCISCO DE ASIS,Jericó,Antioquia,Oficial,5.7925,-75.7869,G37,Simulacro 1,S1,11.0,,,221.0,54.0,40,46,36.0,47.0,SI,,221.0
SEC-1237,Semestre Cero,I.E.R. San Francisco de Asis,I. E. R. SAN FRANCISCO DE ASIS,Jericó,Antioquia,Oficial,5.7925,-75.7869,G37,Simulacro 1,S1,11.0,,,208.0,39.0,28,52,40.0,65.0,SI,,208.0
SEC-1238,Semestre Cero,I.E.R. San Francisco de Asis,I. E. R. SAN FRANCISCO DE ASIS,Jericó,Antioquia,Oficial,5.7925,-75.7869,G37,Simulacro 1,S1,11.0,,,202.0,66.0,28,36,31.0,44.0,SI,,202.0
SEC-1239,Semestre Cero,I.E.R. San Francisco de Asis,I. E. R. SAN FRANCISCO DE ASIS,Jericó,Antioquia,Oficial,5.7925,-75.7869,G37,Simulacro 1,S1,11.0,,,200.0,59.0,24,46,29.0,47.0,SI,,200.0
SEC-1240,Semestre Cero,I.E.R. San Francisco de Asis,I. E. R. SAN FRANCISCO DE ASIS,Jericó,Antioquia,Oficial,5.7925,-75.7869,G37,Simulacro 1,S1,11.0,,,198.0,51.0,30,50,26.0,44.0,SI,,198.0
SEC-1241,Semestre Cero,I.E.R. San Francisco de Asis,I. E. R. SAN FRANCISCO DE ASIS,Jericó,Antioquia,Oficial,5.7925,-75.7869,G37,Simulacro 1,S1,11.0,,,181.0,51.0,18,50,26.0,36.0,SI,,181.0
SEC-1242,Semestre Cero,I.E.R. San Francisco de Asis,I. E. R. SAN FRANCISCO DE ASIS,Jericó,Antioquia,Oficial,5.7925,-75.7869,G37,Simulacro 1,S1,11.0,,,180.0,49.0,24,46,28.0,29.0,SI,,180.0
SEC-1243,Semestre Cero,I.E.R. San Francisco de Asis,I. E. R. SAN FRANCISCO DE ASIS,Jericó,Antioquia,Oficial,5.7925,-75.7869,G37,Simulacro 1,S1,11.0,,,172.0,34.0,30,52,26.0,22.0,SI,,172.0
SEC-1244,Semestre Cero,I.E.R. San Francisco de Asis,I. E. R. SAN FRANCISCO DE ASIS,Jericó,Antioquia,Oficial,5.7925,-75.7869,G37,Simulacro 1,S1,11.0,,,162.0,37.0,30,36,28.0,31.0,SI,,162.0
SEC-1245,Semestre Cero,I.E.R. San Francisco de Asis,I. E. R. SAN FRANCISCO DE ASIS,Jericó,Antioquia,Oficial,5.7925,-75.7869,G37,Simulacro 1,S1,11.0,,,157.0,39.0,12,50,28.0,22.0,SI,,157.0
SEC-1246,Semestre Cero,I.E.R. San Francisco de Asis,I. E. R. SAN FRANCISCO DE ASIS,Jericó,Antioquia,Oficial,5.7925,-75.7869,G37,Simulacro 1,S1,11.0,,,155.0,27.0,24,46,26.0,35.0,SI,,155.0
SEC-1247,Semestre Cero,I.E.R. San Francisco de Asis,I. E. R. SAN FRANCISCO DE ASIS,Jericó,Antioquia,Oficial,5.7925,-75.7869,G37,Simulacro 1,S1,11.0,,,150.0,34.0,36,28,22.0,29.0,SI,,150.0
SEC-1248,Semestre Cero,I.E.R. San Francisco de Asis,I. E. R. SAN FRANCISCO DE ASIS,Jericó,Antioquia,Oficial,5.7925,-75.7869,G37,Simulacro 1,S1,11.0,,,150.0,46.0,24,26,24.0,27.0,SI,,150.0
SEC-1249,Semestre Cero,I.E.R. San Francisco de Asis,I. E. R. SAN FRANCISCO DE ASIS,Jericó,Antioquia,Oficial,5.7925,-75.7869,G37,Simulacro 1,S1,11.0,,,147.0,41.0,26,24,26.0,31.0,SI,,147.0
SEC-1250,Semestre Cero,I.E.R. San Francisco de Asis,I. E. R. SAN FRANCISCO DE ASIS,Jericó,Antioquia,Oficial,5.7925,-75.7869,G37,Simulacro 1,S1,11.0,,,147.0,39.0,28,22,29.0,27.0,SI,,147.0
SEC-1251,Semestre Cero,I.E.R. San Francisco de Asis,I. E. R. SAN FRANCISCO DE ASIS,Jericó,Antioquia,Oficial,5.7925,-75.7869,G37,Simulacro 1,S1,11.0,,,143.0,34.0,26,32,22.0,29.0,SI,,143.0
SEC-1252,Semestre Cero,I.E.R. San Francisco de Asis,I. E. R. SAN FRANCISCO DE ASIS,Jericó,Antioquia,Oficial,5.7925,-75.7869,G37,Simulacro 1,S1,11.0,,,142.0,32.0,26,34,21.0,33.0,SI,,142.0
SEC-1253,Semestre Cero,I.E.R. San Francisco de Asis,I. E. R. SAN FRANCISCO DE ASIS,Jericó,Antioquia,Oficial,5.7925,-75.7869,G37,Simulacro 1,S1,11.0,,,141.0,24.0,26,30,31.0,33.0,SI,,141.0
SEC-1254,Semestre Cero,I.E.R. San Francisco de Asis,I. E. R. SAN FRANCISCO DE ASIS,Jericó,Antioquia,Oficial,5.7925,-75.7869,G37,Simulacro 1,S1,11.0,,,140.0,29.0,28,30,29.0,15.0,SI,,140.0
SEC-1255,Semestre Cero,I.E.R. San Francisco de Asis,I. E. R. SAN FRANCISCO DE ASIS,Jericó,Antioquia,Oficial,5.7925,-75.7869,G37,Simulacro 1,S1,11.0,,,135.0,17.0,32,28,29.0,33.0,SI,,135.0
SEC-1256,Semestre Cero,I.E.R. San Francisco de Asis,I. E. R. SAN FRANCISCO DE ASIS,Jericó,Antioquia,Oficial,5.7925,-75.7869,G37,Simulacro 1,S1,11.0,,,134.0,49.0,22,30,16.0,0.0,SI,,134.0
SEC-1257,Semestre Cero,I.E.R. San Francisco de Asis,I. E. R. SAN FRANCISCO DE ASIS,Jericó,Antioquia,Oficial,5.7925,-75.7869,G37,Simulacro 1,S1,11.0,,,128.0,34.0,18,24,28.0,22.0,SI,,128.0
SEC-1258,Semestre Cero,I.E.R. San Francisco de Asis,I. E. R. SAN FRANCISCO DE ASIS,Jericó,Antioquia,Oficial,5.7925,-75.7869,G37,Simulacro 1,S1,11.0,,,123.0,34.0,32,12,19.0,27.0,SI,,123.0
SEC-1259,Semestre Cero,I.E.R. San Francisco de Asis,I. E. R. SAN FRANCISCO DE ASIS,Jericó,Antioquia,Oficial,5.7925,-75.7869,G37,Simulacro 1,S1,11.0,,,121.0,32.0,20,30,14.0,27.0,SI,,121.0
SEC-1260,Semestre Cero,I.E.R. San Francisco de Asis,I. E. R. SAN FRANCISCO DE ASIS,Jericó,Antioquia,Oficial,5.7925,-75.7869,G37,Simulacro 1,S1,11.0,,,112.0,20.0,26,18,26.0,22.0,SI,,112.0
SEC-1261,Semestre Cero,I.E.R. San Francisco de Asis,I. E. R. SAN FRANCISCO DE ASIS,Jericó,Antioquia,Oficial,5.7925,-75.7869,G37,Simulacro 1,S1,11.0,,,86.0,32.0,18,16,9.0,0.0,SI,,86.0
SEC-1262,Semestre Cero,I.E.R. San Francisco de Asis,I. E. R. SAN FRANCISCO DE ASIS,Jericó,Antioquia,Oficial,5.7925,-75.7869,G37,Simulacro 1,S1,11.0,,,53.0,46.0,0,0,0.0,0.0,SI,,53.0
SEC-0708,Semestre Cero,I.E.R. Zungo Embarcadero,I. E. R. ZUNGO EMBARCADERO,Carepa,Antioquia,Oficial,7.7578,-76.6547,G21,Simulacro 1,S1,11.0,,,227.0,59.0,20,74,31.0,40.0,SI,,227.0
SEC-0709,Semestre Cero,I.E.R. Zungo Embarcadero,I. E. R. ZUNGO EMBARCADERO,Carepa,Antioquia,Oficial,7.7578,-76.6547,G21,Simulacro 1,S1,11.0,,,220.0,54.0,24,60,34.0,55.0,SI,,220.0
SEC-0710,Semestre Cero,I.E.R. Zungo Embarcadero,I. E. R. ZUNGO EMBARCADERO,Carepa,Antioquia,Oficial,7.7578,-76.6547,G21,Simulacro 1,S1,11.0,,,219.0,51.0,30,62,29.0,53.0,SI,,219.0
SEC-0711,Semestre Cero,I.E.R. Zungo Embarcadero,I. E. R. ZUNGO EMBARCADERO,Carepa,Antioquia,Oficial,7.7578,-76.6547,G21,Simulacro 1,S1,11.0,,,210.0,46.0,26,50,43.0,51.0,SI,,210.0
SEC-0712,Semestre Cero,I.E.R. Zungo Embarcadero,I. E. R. ZUNGO EMBARCADERO,Carepa,Antioquia,Oficial,7.7578,-76.6547,G21,Simulacro 1,S1,11.0,,,208.0,56.0,42,42,22.0,53.0,SI,,208.0
SEC-0713,Semestre Cero,I.E.R. Zungo Embarcadero,I. E. R. ZUNGO EMBARCADERO,Carepa,Antioquia,Oficial,7.7578,-76.6547,G21,Simulacro 1,S1,11.0,,,203.0,49.0,36,40,24.0,80.0,SI,,203.0
SEC-0714,Semestre Cero,I.E.R. Zungo Embarcadero,I. E. R. ZUNGO EMBARCADERO,Carepa,Antioquia,Oficial,7.7578,-76.6547,G21,Simulacro 1,S1,11.0,,,187.0,51.0,22,50,26.0,40.0,SI,,187.0
SEC-0715,Semestre Cero,I.E.R. Zungo Embarcadero,I. E. R. ZUNGO EMBARCADERO,Carepa,Antioquia,Oficial,7.7578,-76.6547,G21,Simulacro 1,S1,11.0,,,186.0,39.0,32,54,28.0,25.0,SI,,186.0
SEC-0716,Semestre Cero,I.E.R. Zungo Embarcadero,I. E. R. ZUNGO EMBARCADERO,Carepa,Antioquia,Oficial,7.7578,-76.6547,G21,Simulacro 1,S1,11.0,,,170.0,44.0,26,34,31.0,38.0,SI,,170.0
SEC-0717,Semestre Cero,I.E.R. Zungo Embarcadero,I. E. R. ZUNGO EMBARCADERO,Carepa,Antioquia,Oficial,7.7578,-76.6547,G21,Simulacro 1,S1,11.0,,,169.0,44.0,22,36,34.0,31.0,SI,,169.0
SEC-0718,Semestre Cero,I.E.R. Zungo Embarcadero,I. E. R. ZUNGO EMBARCADERO,Carepa,Antioquia,Oficial,7.7578,-76.6547,G21,Simulacro 1,S1,11.0,,,168.0,39.0,28,46,22.0,31.0,SI,,168.0
SEC-0719,Semestre Cero,I.E.R. Zungo Embarcadero,I. E. R. ZUNGO EMBARCADERO,Carepa,Antioquia,Oficial,7.7578,-76.6547,G21,Simulacro 1,S1,11.0,,,167.0,37.0,38,36,22.0,36.0,SI,,167.0
SEC-0720,Semestre Cero,I.E.R. Zungo Embarcadero,I. E. R. ZUNGO EMBARCADERO,Carepa,Antioquia,Oficial,7.7578,-76.6547,G21,Simulacro 1,S1,11.0,,,167.0,37.0,24,50,26.0,25.0,SI,,167.0
SEC-0721,Semestre Cero,I.E.R. Zungo Embarcadero,I. E. R. ZUNGO EMBARCADERO,Carepa,Antioquia,Oficial,7.7578,-76.6547,G21,Simulacro 1,S1,11.0,,,159.0,44.0,24,38,24.0,24.0,SI,,159.0
SEC-0722,Semestre Cero,I.E.R. Zungo Embarcadero,I. E. R. ZUNGO EMBARCADERO,Carepa,Antioquia,Oficial,7.7578,-76.6547,G21,Simulacro 1,S1,11.0,,,158.0,29.0,22,38,36.0,35.0,SI,,158.0
SEC-0723,Semestre Cero,I.E.R. Zungo Embarcadero,I. E. R. ZUNGO EMBARCADERO,Carepa,Antioquia,Oficial,7.7578,-76.6547,G21,Simulacro 1,S1,11.0,,,155.0,39.0,18,42,24.0,33.0,SI,,155.0
SEC-0724,Semestre Cero,I.E.R. Zungo Embarcadero,I. E. R. ZUNGO EMBARCADERO,Carepa,Antioquia,Oficial,7.7578,-76.6547,G21,Simulacro 1,S1,11.0,,,153.0,34.0,16,44,31.0,22.0,SI,,153.0
SEC-0725,Semestre Cero,I.E.R. Zungo Embarcadero,I. E. R. ZUNGO EMBARCADERO,Carepa,Antioquia,Oficial,7.7578,-76.6547,G21,Simulacro 1,S1,11.0,,,148.0,49.0,26,32,12.0,29.0,SI,,148.0
SEC-0726,Semestre Cero,I.E.R. Zungo Embarcadero,I. E. R. ZUNGO EMBARCADERO,Carepa,Antioquia,Oficial,7.7578,-76.6547,G21,Simulacro 1,S1,11.0,,,147.0,51.0,26,30,12.0,25.0,SI,,147.0
SEC-0727,Semestre Cero,I.E.R. Zungo Embarcadero,I. E. R. ZUNGO EMBARCADERO,Carepa,Antioquia,Oficial,7.7578,-76.6547,G21,Simulacro 1,S1,11.0,,,146.0,22.0,34,34,24.0,38.0,SI,,146.0
SEC-0728,Semestre Cero,I.E.R. Zungo Embarcadero,I. E. R. ZUNGO EMBARCADERO,Carepa,Antioquia,Oficial,7.7578,-76.6547,G21,Simulacro 1,S1,11.0,,,137.0,37.0,26,22,24.0,31.0,SI,,137.0
SEC-0729,Semestre Cero,I.E.R. Zungo Embarcadero,I. E. R. ZUNGO EMBARCADERO,Carepa,Antioquia,Oficial,7.7578,-76.6547,G21,Simulacro 1,S1,11.0,,,134.0,32.0,20,32,21.0,35.0,SI,,134.0
SEC-0730,Semestre Cero,I.E.R. Zungo Embarcadero,I. E. R. ZUNGO EMBARCADERO,Carepa,Antioquia,Oficial,7.7578,-76.6547,G21,Simulacro 1,S1,11.0,,,133.0,32.0,20,26,29.0,24.0,SI,,133.0
SEC-0731,Semestre Cero,I.E.R. Zungo Embarcadero,I. E. R. ZUNGO EMBARCADERO,Carepa,Antioquia,Oficial,7.7578,-76.6547,G21,Simulacro 1,S1,11.0,,,131.0,34.0,16,34,22.0,22.0,SI,,131.0
SEC-0732,Semestre Cero,I.E.R. Zungo Embarcadero,I. E. R. ZUNGO EMBARCADERO,Carepa,Antioquia,Oficial,7.7578,-76.6547,G21,Simulacro 1,S1,11.0,,,129.0,29.0,14,32,28.0,27.0,SI,,129.0
SEC-0733,Semestre Cero,I.E.R. Zungo Embarcadero,I. E. R. ZUNGO EMBARCADERO,Carepa,Antioquia,Oficial,7.7578,-76.6547,G21,Simulacro 1,S1,11.0,,,129.0,29.0,18,32,22.0,29.0,SI,,129.0
SEC-0734,Semestre Cero,I.E.R. Zungo Embarcadero,I. E. R. ZUNGO EMBARCADERO,Carepa,Antioquia,Oficial,7.7578,-76.6547,G21,Simulacro 1,S1,11.0,,,118.0,24.0,22,24,22.0,27.0,SI,,118.0
SEC-0735,Semestre Cero,I.E.R. Zungo Embarcadero,I. E. R. ZUNGO EMBARCADERO,Carepa,Antioquia,Oficial,7.7578,-76.6547,G21,Simulacro 1,S1,11.0,,,113.0,34.0,14,20,21.0,27.0,SI,,113.0
SEC-0736,Semestre Cero,I.E.R. Zungo Embarcadero,I. E. R. ZUNGO EMBARCADERO,Carepa,Antioquia,Oficial,7.7578,-76.6547,G21,Simulacro 1,S1,11.0,,,106.0,32.0,26,24,5.0,15.0,SI,,106.0
SEC-1531,Semestre Cero,I.E.R. el Totumo,I. E. R. EL TOTUMO,Necoclí,Antioquia,Oficial,8.4286,-76.7861,G45,Simulacro 1,S1,11.0,,,300.0,66.0,52,70,48.0,73.0,SI,,300.0
SEC-1532,Semestre Cero,I.E.R. el Totumo,I. E. R. EL TOTUMO,Necoclí,Antioquia,Oficial,8.4286,-76.7861,G45,Simulacro 1,S1,11.0,,,237.0,63.0,44,64,19.0,45.0,SI,,237.0
SEC-1533,Semestre Cero,I.E.R. el Totumo,I. E. R. EL TOTUMO,Necoclí,Antioquia,Oficial,8.4286,-76.7861,G45,Simulacro 1,S1,11.0,,,219.0,56.0,46,42,31.0,44.0,SI,,219.0
SEC-1534,Semestre Cero,I.E.R. el Totumo,I. E. R. EL TOTUMO,Necoclí,Antioquia,Oficial,8.4286,-76.7861,G45,Simulacro 1,S1,11.0,,,215.0,34.0,34,56,45.0,51.0,SI,,215.0
SEC-1535,Semestre Cero,I.E.R. el Totumo,I. E. R. EL TOTUMO,Necoclí,Antioquia,Oficial,8.4286,-76.7861,G45,Simulacro 1,S1,11.0,,,204.0,51.0,38,52,21.0,45.0,SI,,204.0
SEC-1536,Semestre Cero,I.E.R. el Totumo,I. E. R. EL TOTUMO,Necoclí,Antioquia,Oficial,8.4286,-76.7861,G45,Simulacro 1,S1,11.0,,,203.0,59.0,24,46,33.0,44.0,SI,,203.0
SEC-1537,Semestre Cero,I.E.R. el Totumo,I. E. R. EL TOTUMO,Necoclí,Antioquia,Oficial,8.4286,-76.7861,G45,Simulacro 1,S1,11.0,,,190.0,41.0,34,52,22.0,45.0,SI,,190.0
SEC-1538,Semestre Cero,I.E.R. el Totumo,I. E. R. EL TOTUMO,Necoclí,Antioquia,Oficial,8.4286,-76.7861,G45,Simulacro 1,S1,11.0,,,188.0,39.0,22,60,28.0,44.0,SI,,188.0
SEC-1539,Semestre Cero,I.E.R. el Totumo,I. E. R. EL TOTUMO,Necoclí,Antioquia,Oficial,8.4286,-76.7861,G45,Simulacro 1,S1,11.0,,,187.0,34.0,36,48,31.0,38.0,SI,,187.0
SEC-1540,Semestre Cero,I.E.R. el Totumo,I. E. R. EL TOTUMO,Necoclí,Antioquia,Oficial,8.4286,-76.7861,G45,Simulacro 1,S1,11.0,,,187.0,41.0,22,50,34.0,42.0,SI,,187.0
SEC-1541,Semestre Cero,I.E.R. el Totumo,I. E. R. EL TOTUMO,Necoclí,Antioquia,Oficial,8.4286,-76.7861,G45,Simulacro 1,S1,11.0,,,184.0,41.0,36,50,21.0,33.0,SI,,184.0
SEC-1542,Semestre Cero,I.E.R. el Totumo,I. E. R. EL TOTUMO,Necoclí,Antioquia,Oficial,8.4286,-76.7861,G45,Simulacro 1,S1,11.0,,,182.0,44.0,24,44,29.0,49.0,SI,,182.0
SEC-1543,Semestre Cero,I.E.R. el Totumo,I. E. R. EL TOTUMO,Necoclí,Antioquia,Oficial,8.4286,-76.7861,G45,Simulacro 1,S1,11.0,,,182.0,41.0,22,60,21.0,40.0,SI,,182.0
SEC-1544,Semestre Cero,I.E.R. el Totumo,I. E. R. EL TOTUMO,Necoclí,Antioquia,Oficial,8.4286,-76.7861,G45,Simulacro 1,S1,11.0,,,181.0,54.0,22,46,19.0,49.0,SI,,181.0
SEC-1545,Semestre Cero,I.E.R. el Totumo,I. E. R. EL TOTUMO,Necoclí,Antioquia,Oficial,8.4286,-76.7861,G45,Simulacro 1,S1,11.0,,,178.0,61.0,32,38,16.0,24.0,SI,,178.0
SEC-1546,Semestre Cero,I.E.R. el Totumo,I. E. R. EL TOTUMO,Necoclí,Antioquia,Oficial,8.4286,-76.7861,G45,Simulacro 1,S1,11.0,,,176.0,39.0,26,46,28.0,42.0,SI,,176.0
SEC-1547,Semestre Cero,I.E.R. el Totumo,I. E. R. EL TOTUMO,Necoclí,Antioquia,Oficial,8.4286,-76.7861,G45,Simulacro 1,S1,11.0,,,174.0,37.0,20,52,29.0,40.0,SI,,174.0
SEC-1548,Semestre Cero,I.E.R. el Totumo,I. E. R. EL TOTUMO,Necoclí,Antioquia,Oficial,8.4286,-76.7861,G45,Simulacro 1,S1,11.0,,,163.0,41.0,26,28,34.0,33.0,SI,,163.0
SEC-1549,Semestre Cero,I.E.R. el Totumo,I. E. R. EL TOTUMO,Necoclí,Antioquia,Oficial,8.4286,-76.7861,G45,Simulacro 1,S1,11.0,,,162.0,39.0,28,32,28.0,42.0,SI,,162.0
SEC-1550,Semestre Cero,I.E.R. el Totumo,I. E. R. EL TOTUMO,Necoclí,Antioquia,Oficial,8.4286,-76.7861,G45,Simulacro 1,S1,11.0,,,152.0,27.0,34,28,29.0,40.0,SI,,152.0
SEC-1551,Semestre Cero,I.E.R. el Totumo,I. E. R. EL TOTUMO,Necoclí,Antioquia,Oficial,8.4286,-76.7861,G45,Simulacro 1,S1,11.0,,,150.0,32.0,28,28,33.0,29.0,SI,,150.0
SEC-1552,Semestre Cero,I.E.R. el Totumo,I. E. R. EL TOTUMO,Necoclí,Antioquia,Oficial,8.4286,-76.7861,G45,Simulacro 1,S1,11.0,,,147.0,32.0,20,30,38.0,24.0,SI,,147.0
SEC-1553,Semestre Cero,I.E.R. el Totumo,I. E. R. EL TOTUMO,Necoclí,Antioquia,Oficial,8.4286,-76.7861,G45,Simulacro 1,S1,11.0,,,147.0,46.0,24,30,16.0,35.0,SI,,147.0
SEC-1554,Semestre Cero,I.E.R. el Totumo,I. E. R. EL TOTUMO,Necoclí,Antioquia,Oficial,8.4286,-76.7861,G45,Simulacro 1,S1,11.0,,,147.0,32.0,30,26,29.0,31.0,SI,,147.0
SEC-1555,Semestre Cero,I.E.R. el Totumo,I. E. R. EL TOTUMO,Necoclí,Antioquia,Oficial,8.4286,-76.7861,G45,Simulacro 1,S1,11.0,,,146.0,27.0,26,40,24.0,29.0,SI,,146.0
SEC-1556,Semestre Cero,I.E.R. el Totumo,I. E. R. EL TOTUMO,Necoclí,Antioquia,Oficial,8.4286,-76.7861,G45,Simulacro 1,S1,11.0,,,145.0,27.0,18,46,22.0,36.0,SI,,145.0
SEC-1557,Semestre Cero,I.E.R. el Totumo,I. E. R. EL TOTUMO,Necoclí,Antioquia,Oficial,8.4286,-76.7861,G45,Simulacro 1,S1,11.0,,,134.0,29.0,22,28,29.0,22.0,SI,,134.0
SEC-1558,Semestre Cero,I.E.R. el Totumo,I. E. R. EL TOTUMO,Necoclí,Antioquia,Oficial,8.4286,-76.7861,G45,Simulacro 1,S1,11.0,,,131.0,41.0,10,32,22.0,22.0,SI,,131.0
SEC-1559,Semestre Cero,I.E.R. el Totumo,I. E. R. EL TOTUMO,Necoclí,Antioquia,Oficial,8.4286,-76.7861,G45,Simulacro 1,S1,11.0,,,126.0,34.0,26,18,22.0,25.0,SI,,126.0
SEC-1560,Semestre Cero,I.E.R. el Totumo,I. E. R. EL TOTUMO,Necoclí,Antioquia,Oficial,8.4286,-76.7861,G45,Simulacro 1,S1,11.0,,,125.0,20.0,34,38,12.0,15.0,SI,,125.0
SEC-1561,Semestre Cero,I.E.R. el Totumo,I. E. R. EL TOTUMO,Necoclí,Antioquia,Oficial,8.4286,-76.7861,G45,Simulacro 1,S1,11.0,,,81.0,17.0,16,16,16.0,16.0,SI,,81.0
SEC-1562,Semestre Cero,I.E.R. el Totumo,I. E. R. EL TOTUMO,Necoclí,Antioquia,Oficial,8.4286,-76.7861,G45,Simulacro 1,S1,11.0,,,47.0,0.0,12,12,10.0,20.0,SI,,47.0
SEC-1754,Semestre Cero,I.E.R. la Cruzada,I. E. R. LA CRUZADA,Remedios,Antioquia,Oficial,7.0269,-74.6975,G52,Simulacro 1,S1,11.0,,,218.0,63.0,20,44,36.0,76.0,SI,,218.0
SEC-1755,Semestre Cero,I.E.R. la Cruzada,I. E. R. LA CRUZADA,Remedios,Antioquia,Oficial,7.0269,-74.6975,G52,Simulacro 1,S1,11.0,,,216.0,59.0,38,44,29.0,53.0,SI,,216.0
SEC-1756,Semestre Cero,I.E.R. la Cruzada,I. E. R. LA CRUZADA,Remedios,Antioquia,Oficial,7.0269,-74.6975,G52,Simulacro 1,S1,11.0,,,207.0,61.0,30,42,31.0,45.0,SI,,207.0
SEC-1757,Semestre Cero,I.E.R. la Cruzada,I. E. R. LA CRUZADA,Remedios,Antioquia,Oficial,7.0269,-74.6975,G52,Simulacro 1,S1,11.0,,,194.0,56.0,22,38,36.0,47.0,SI,,194.0
SEC-1758,Semestre Cero,I.E.R. la Cruzada,I. E. R. LA CRUZADA,Remedios,Antioquia,Oficial,7.0269,-74.6975,G52,Simulacro 1,S1,11.0,,,187.0,39.0,28,40,33.0,67.0,SI,,187.0
SEC-1759,Semestre Cero,I.E.R. la Cruzada,I. E. R. LA CRUZADA,Remedios,Antioquia,Oficial,7.0269,-74.6975,G52,Simulacro 1,S1,11.0,,,176.0,46.0,26,42,26.0,36.0,SI,,176.0
SEC-1760,Semestre Cero,I.E.R. la Cruzada,I. E. R. LA CRUZADA,Remedios,Antioquia,Oficial,7.0269,-74.6975,G52,Simulacro 1,S1,11.0,,,168.0,49.0,32,34,17.0,42.0,SI,,168.0
SEC-1761,Semestre Cero,I.E.R. la Cruzada,I. E. R. LA CRUZADA,Remedios,Antioquia,Oficial,7.0269,-74.6975,G52,Simulacro 1,S1,11.0,,,165.0,44.0,32,30,17.0,60.0,SI,,165.0
SEC-1762,Semestre Cero,I.E.R. la Cruzada,I. E. R. LA CRUZADA,Remedios,Antioquia,Oficial,7.0269,-74.6975,G52,Simulacro 1,S1,11.0,,,164.0,54.0,20,26,26.0,51.0,SI,,164.0
SEC-1763,Semestre Cero,I.E.R. la Cruzada,I. E. R. LA CRUZADA,Remedios,Antioquia,Oficial,7.0269,-74.6975,G52,Simulacro 1,S1,11.0,,,161.0,29.0,30,46,24.0,31.0,SI,,161.0
SEC-1764,Semestre Cero,I.E.R. la Cruzada,I. E. R. LA CRUZADA,Remedios,Antioquia,Oficial,7.0269,-74.6975,G52,Simulacro 1,S1,11.0,,,160.0,46.0,28,32,17.0,45.0,SI,,160.0
SEC-1765,Semestre Cero,I.E.R. la Cruzada,I. E. R. LA CRUZADA,Remedios,Antioquia,Oficial,7.0269,-74.6975,G52,Simulacro 1,S1,11.0,,,160.0,46.0,12,42,22.0,47.0,SI,,160.0
SEC-1766,Semestre Cero,I.E.R. la Cruzada,I. E. R. LA CRUZADA,Remedios,Antioquia,Oficial,7.0269,-74.6975,G52,Simulacro 1,S1,11.0,,,160.0,49.0,28,32,22.0,22.0,SI,,160.0
SEC-1767,Semestre Cero,I.E.R. la Cruzada,I. E. R. LA CRUZADA,Remedios,Antioquia,Oficial,7.0269,-74.6975,G52,Simulacro 1,S1,11.0,,,160.0,37.0,40,34,14.0,42.0,SI,,160.0
SEC-1768,Semestre Cero,I.E.R. la Cruzada,I. E. R. LA CRUZADA,Remedios,Antioquia,Oficial,7.0269,-74.6975,G52,Simulacro 1,S1,11.0,,,159.0,34.0,36,30,29.0,25.0,SI,,159.0
SEC-1769,Semestre Cero,I.E.R. la Cruzada,I. E. R. LA CRUZADA,Remedios,Antioquia,Oficial,7.0269,-74.6975,G52,Simulacro 1,S1,11.0,,,159.0,32.0,30,42,16.0,55.0,SI,,159.0
SEC-1770,Semestre Cero,I.E.R. la Cruzada,I. E. R. LA CRUZADA,Remedios,Antioquia,Oficial,7.0269,-74.6975,G52,Simulacro 1,S1,11.0,,,154.0,41.0,32,26,22.0,35.0,SI,,154.0
SEC-1771,Semestre Cero,I.E.R. la Cruzada,I. E. R. LA CRUZADA,Remedios,Antioquia,Oficial,7.0269,-74.6975,G52,Simulacro 1,S1,11.0,,,154.0,32.0,32,32,26.0,35.0,SI,,154.0
SEC-1772,Semestre Cero,I.E.R. la Cruzada,I. E. R. LA CRUZADA,Remedios,Antioquia,Oficial,7.0269,-74.6975,G52,Simulacro 1,S1,11.0,,,153.0,37.0,24,40,17.0,44.0,SI,,153.0
SEC-1773,Semestre Cero,I.E.R. la Cruzada,I. E. R. LA CRUZADA,Remedios,Antioquia,Oficial,7.0269,-74.6975,G52,Simulacro 1,S1,11.0,,,153.0,46.0,20,26,24.0,47.0,SI,,153.0
SEC-1774,Semestre Cero,I.E.R. la Cruzada,I. E. R. LA CRUZADA,Remedios,Antioquia,Oficial,7.0269,-74.6975,G52,Simulacro 1,S1,11.0,,,152.0,39.0,28,34,22.0,25.0,SI,,152.0
SEC-1775,Semestre Cero,I.E.R. la Cruzada,I. E. R. LA CRUZADA,Remedios,Antioquia,Oficial,7.0269,-74.6975,G52,Simulacro 1,S1,11.0,,,149.0,29.0,24,34,28.0,42.0,SI,,149.0
SEC-1776,Semestre Cero,I.E.R. la Cruzada,I. E. R. LA CRUZADA,Remedios,Antioquia,Oficial,7.0269,-74.6975,G52,Simulacro 1,S1,11.0,,,146.0,34.0,24,30,24.0,44.0,SI,,146.0
SEC-1777,Semestre Cero,I.E.R. la Cruzada,I. E. R. LA CRUZADA,Remedios,Antioquia,Oficial,7.0269,-74.6975,G52,Simulacro 1,S1,11.0,,,145.0,37.0,24,32,21.0,38.0,SI,,145.0
SEC-1778,Semestre Cero,I.E.R. la Cruzada,I. E. R. LA CRUZADA,Remedios,Antioquia,Oficial,7.0269,-74.6975,G52,Simulacro 1,S1,11.0,,,145.0,29.0,26,28,29.0,38.0,SI,,145.0
SEC-1779,Semestre Cero,I.E.R. la Cruzada,I. E. R. LA CRUZADA,Remedios,Antioquia,Oficial,7.0269,-74.6975,G52,Simulacro 1,S1,11.0,,,143.0,27.0,24,22,38.0,40.0,SI,,143.0
SEC-1780,Semestre Cero,I.E.R. la Cruzada,I. E. R. LA CRUZADA,Remedios,Antioquia,Oficial,7.0269,-74.6975,G52,Simulacro 1,S1,11.0,,,143.0,44.0,20,32,21.0,22.0,SI,,143.0
SEC-1781,Semestre Cero,I.E.R. la Cruzada,I. E. R. LA CRUZADA,Remedios,Antioquia,Oficial,7.0269,-74.6975,G52,Simulacro 1,S1,11.0,,,143.0,41.0,20,26,22.0,42.0,SI,,143.0
SEC-1782,Semestre Cero,I.E.R. la Cruzada,I. E. R. LA CRUZADA,Remedios,Antioquia,Oficial,7.0269,-74.6975,G52,Simulacro 1,S1,11.0,,,142.0,49.0,18,22,21.0,42.0,SI,,142.0
SEC-1783,Semestre Cero,I.E.R. la Cruzada,I. E. R. LA CRUZADA,Remedios,Antioquia,Oficial,7.0269,-74.6975,G52,Simulacro 1,S1,11.0,,,142.0,34.0,30,24,26.0,27.0,SI,,142.0
SEC-1784,Semestre Cero,I.E.R. la Cruzada,I. E. R. LA CRUZADA,Remedios,Antioquia,Oficial,7.0269,-74.6975,G52,Simulacro 1,S1,11.0,,,141.0,51.0,22,26,17.0,16.0,SI,,141.0
SEC-1785,Semestre Cero,I.E.R. la Cruzada,I. E. R. LA CRUZADA,Remedios,Antioquia,Oficial,7.0269,-74.6975,G52,Simulacro 1,S1,11.0,,,139.0,24.0,36,30,19.0,33.0,SI,,139.0
SEC-1786,Semestre Cero,I.E.R. la Cruzada,I. E. R. LA CRUZADA,Remedios,Antioquia,Oficial,7.0269,-74.6975,G52,Simulacro 1,S1,11.0,,,138.0,24.0,18,40,26.0,35.0,SI,,138.0
SEC-1787,Semestre Cero,I.E.R. la Cruzada,I. E. R. LA CRUZADA,Remedios,Antioquia,Oficial,7.0269,-74.6975,G52,Simulacro 1,S1,11.0,,,135.0,17.0,40,26,28.0,20.0,SI,,135.0
SEC-1788,Semestre Cero,I.E.R. la Cruzada,I. E. R. LA CRUZADA,Remedios,Antioquia,Oficial,7.0269,-74.6975,G52,Simulacro 1,S1,11.0,,,135.0,27.0,24,30,22.0,42.0,SI,,135.0
SEC-1789,Semestre Cero,I.E.R. la Cruzada,I. E. R. LA CRUZADA,Remedios,Antioquia,Oficial,7.0269,-74.6975,G52,Simulacro 1,S1,11.0,,,134.0,32.0,18,30,28.0,27.0,SI,,134.0
SEC-1790,Semestre Cero,I.E.R. la Cruzada,I. E. R. LA CRUZADA,Remedios,Antioquia,Oficial,7.0269,-74.6975,G52,Simulacro 1,S1,11.0,,,134.0,39.0,20,18,24.0,45.0,SI,,134.0
SEC-1791,Semestre Cero,I.E.R. la Cruzada,I. E. R. LA CRUZADA,Remedios,Antioquia,Oficial,7.0269,-74.6975,G52,Simulacro 1,S1,11.0,,,132.0,29.0,26,24,26.0,29.0,SI,,132.0
SEC-1792,Semestre Cero,I.E.R. la Cruzada,I. E. R. LA CRUZADA,Remedios,Antioquia,Oficial,7.0269,-74.6975,G52,Simulacro 1,S1,11.0,,,132.0,37.0,16,28,22.0,35.0,SI,,132.0
SEC-1793,Semestre Cero,I.E.R. la Cruzada,I. E. R. LA CRUZADA,Remedios,Antioquia,Oficial,7.0269,-74.6975,G52,Simulacro 1,S1,11.0,,,130.0,37.0,22,14,26.0,44.0,SI,,130.0
SEC-1794,Semestre Cero,I.E.R. la Cruzada,I. E. R. LA CRUZADA,Remedios,Antioquia,Oficial,7.0269,-74.6975,G52,Simulacro 1,S1,11.0,,,130.0,29.0,24,28,22.0,27.0,SI,,130.0
SEC-1795,Semestre Cero,I.E.R. la Cruzada,I. E. R. LA CRUZADA,Remedios,Antioquia,Oficial,7.0269,-74.6975,G52,Simulacro 1,S1,11.0,,,129.0,20.0,26,28,31.0,22.0,SI,,129.0
SEC-1796,Semestre Cero,I.E.R. la Cruzada,I. E. R. LA CRUZADA,Remedios,Antioquia,Oficial,7.0269,-74.6975,G52,Simulacro 1,S1,11.0,,,129.0,37.0,14,28,26.0,22.0,SI,,129.0
SEC-1797,Semestre Cero,I.E.R. la Cruzada,I. E. R. LA CRUZADA,Remedios,Antioquia,Oficial,7.0269,-74.6975,G52,Simulacro 1,S1,11.0,,,127.0,24.0,28,24,22.0,35.0,SI,,127.0
SEC-1798,Semestre Cero,I.E.R. la Cruzada,I. E. R. LA CRUZADA,Remedios,Antioquia,Oficial,7.0269,-74.6975,G52,Simulacro 1,S1,11.0,,,127.0,17.0,22,24,31.0,47.0,SI,,127.0
SEC-1799,Semestre Cero,I.E.R. la Cruzada,I. E. R. LA CRUZADA,Remedios,Antioquia,Oficial,7.0269,-74.6975,G52,Simulacro 1,S1,11.0,,,126.0,32.0,24,32,14.0,24.0,SI,,126.0
SEC-1800,Semestre Cero,I.E.R. la Cruzada,I. E. R. LA CRUZADA,Remedios,Antioquia,Oficial,7.0269,-74.6975,G52,Simulacro 1,S1,11.0,,,126.0,20.0,30,22,24.0,40.0,SI,,126.0
SEC-1801,Semestre Cero,I.E.R. la Cruzada,I. E. R. LA CRUZADA,Remedios,Antioquia,Oficial,7.0269,-74.6975,G52,Simulacro 1,S1,11.0,,,125.0,22.0,22,32,26.0,20.0,SI,,125.0
SEC-1802,Semestre Cero,I.E.R. la Cruzada,I. E. R. LA CRUZADA,Remedios,Antioquia,Oficial,7.0269,-74.6975,G52,Simulacro 1,S1,11.0,,,125.0,29.0,22,18,31.0,24.0,SI,,125.0
SEC-1803,Semestre Cero,I.E.R. la Cruzada,I. E. R. LA CRUZADA,Remedios,Antioquia,Oficial,7.0269,-74.6975,G52,Simulacro 1,S1,11.0,,,120.0,24.0,26,28,14.0,35.0,SI,,120.0
SEC-1804,Semestre Cero,I.E.R. la Cruzada,I. E. R. LA CRUZADA,Remedios,Antioquia,Oficial,7.0269,-74.6975,G52,Simulacro 1,S1,11.0,,,119.0,24.0,20,30,21.0,24.0,SI,,119.0
SEC-1805,Semestre Cero,I.E.R. la Cruzada,I. E. R. LA CRUZADA,Remedios,Antioquia,Oficial,7.0269,-74.6975,G52,Simulacro 1,S1,11.0,,,118.0,27.0,26,12,29.0,25.0,SI,,118.0
SEC-1806,Semestre Cero,I.E.R. la Cruzada,I. E. R. LA CRUZADA,Remedios,Antioquia,Oficial,7.0269,-74.6975,G52,Simulacro 1,S1,11.0,,,118.0,29.0,18,20,21.0,44.0,SI,,118.0
SEC-1807,Semestre Cero,I.E.R. la Cruzada,I. E. R. LA CRUZADA,Remedios,Antioquia,Oficial,7.0269,-74.6975,G52,Simulacro 1,S1,11.0,,,117.0,27.0,26,18,19.0,35.0,SI,,117.0
SEC-1808,Semestre Cero,I.E.R. la Cruzada,I. E. R. LA CRUZADA,Remedios,Antioquia,Oficial,7.0269,-74.6975,G52,Simulacro 1,S1,11.0,,,116.0,27.0,18,24,22.0,29.0,SI,,116.0
SEC-1809,Semestre Cero,I.E.R. la Cruzada,I. E. R. LA CRUZADA,Remedios,Antioquia,Oficial,7.0269,-74.6975,G52,Simulacro 1,S1,11.0,,,115.0,27.0,16,32,21.0,13.0,SI,,115.0
SEC-1810,Semestre Cero,I.E.R. la Cruzada,I. E. R. LA CRUZADA,Remedios,Antioquia,Oficial,7.0269,-74.6975,G52,Simulacro 1,S1,11.0,,,114.0,12.0,30,28,21.0,24.0,SI,,114.0
SEC-1811,Semestre Cero,I.E.R. la Cruzada,I. E. R. LA CRUZADA,Remedios,Antioquia,Oficial,7.0269,-74.6975,G52,Simulacro 1,S1,11.0,,,108.0,20.0,20,18,22.0,42.0,SI,,108.0
SEC-1812,Semestre Cero,I.E.R. la Cruzada,I. E. R. LA CRUZADA,Remedios,Antioquia,Oficial,7.0269,-74.6975,G52,Simulacro 1,S1,11.0,,,99.0,12.0,34,10,21.0,25.0,SI,,99.0
SEC-1472,Semestre Cero,I.E.R. la Inmaculada Caucheras,I. E. R. LA INMACULADA CAUCHERAS,Mutatá,Antioquia,Oficial,7.2433,-76.4361,G43,Simulacro 1,S1,11.0,,,242.0,54.0,32,60,47.0,53.0,SI,,242.0
SEC-1473,Semestre Cero,I.E.R. la Inmaculada Caucheras,I. E. R. LA INMACULADA CAUCHERAS,Mutatá,Antioquia,Oficial,7.2433,-76.4361,G43,Simulacro 1,S1,11.0,,,241.0,61.0,30,62,40.0,49.0,SI,,241.0
SEC-1474,Semestre Cero,I.E.R. la Inmaculada Caucheras,I. E. R. LA INMACULADA CAUCHERAS,Mutatá,Antioquia,Oficial,7.2433,-76.4361,G43,Simulacro 1,S1,11.0,,,238.0,56.0,38,50,41.0,64.0,SI,,238.0
SEC-1475,Semestre Cero,I.E.R. la Inmaculada Caucheras,I. E. R. LA INMACULADA CAUCHERAS,Mutatá,Antioquia,Oficial,7.2433,-76.4361,G43,Simulacro 1,S1,11.0,,,235.0,59.0,30,54,43.0,55.0,SI,,235.0
SEC-1476,Semestre Cero,I.E.R. la Inmaculada Caucheras,I. E. R. LA INMACULADA CAUCHERAS,Mutatá,Antioquia,Oficial,7.2433,-76.4361,G43,Simulacro 1,S1,11.0,,,220.0,63.0,24,48,38.0,51.0,SI,,220.0
SEC-1477,Semestre Cero,I.E.R. la Inmaculada Caucheras,I. E. R. LA INMACULADA CAUCHERAS,Mutatá,Antioquia,Oficial,7.2433,-76.4361,G43,Simulacro 1,S1,11.0,,,216.0,46.0,34,64,29.0,42.0,SI,,216.0
SEC-1478,Semestre Cero,I.E.R. la Inmaculada Caucheras,I. E. R. LA INMACULADA CAUCHERAS,Mutatá,Antioquia,Oficial,7.2433,-76.4361,G43,Simulacro 1,S1,11.0,,,214.0,41.0,28,62,36.0,53.0,SI,,214.0
SEC-1479,Semestre Cero,I.E.R. la Inmaculada Caucheras,I. E. R. LA INMACULADA CAUCHERAS,Mutatá,Antioquia,Oficial,7.2433,-76.4361,G43,Simulacro 1,S1,11.0,,,212.0,46.0,32,56,31.0,55.0,SI,,212.0
SEC-1480,Semestre Cero,I.E.R. la Inmaculada Caucheras,I. E. R. LA INMACULADA CAUCHERAS,Mutatá,Antioquia,Oficial,7.2433,-76.4361,G43,Simulacro 1,S1,11.0,,,211.0,54.0,24,50,36.0,56.0,SI,,211.0
SEC-1481,Semestre Cero,I.E.R. la Inmaculada Caucheras,I. E. R. LA INMACULADA CAUCHERAS,Mutatá,Antioquia,Oficial,7.2433,-76.4361,G43,Simulacro 1,S1,11.0,,,208.0,46.0,22,58,36.0,53.0,SI,,208.0
SEC-1482,Semestre Cero,I.E.R. la Inmaculada Caucheras,I. E. R. LA INMACULADA CAUCHERAS,Mutatá,Antioquia,Oficial,7.2433,-76.4361,G43,Simulacro 1,S1,11.0,,,202.0,51.0,26,56,28.0,44.0,SI,,202.0
SEC-1483,Semestre Cero,I.E.R. la Inmaculada Caucheras,I. E. R. LA INMACULADA CAUCHERAS,Mutatá,Antioquia,Oficial,7.2433,-76.4361,G43,Simulacro 1,S1,11.0,,,195.0,34.0,34,52,34.0,44.0,SI,,195.0
SEC-1484,Semestre Cero,I.E.R. la Inmaculada Caucheras,I. E. R. LA INMACULADA CAUCHERAS,Mutatá,Antioquia,Oficial,7.2433,-76.4361,G43,Simulacro 1,S1,11.0,,,195.0,49.0,26,52,33.0,27.0,SI,,195.0
SEC-1485,Semestre Cero,I.E.R. la Inmaculada Caucheras,I. E. R. LA INMACULADA CAUCHERAS,Mutatá,Antioquia,Oficial,7.2433,-76.4361,G43,Simulacro 1,S1,11.0,,,191.0,49.0,24,46,33.0,42.0,SI,,191.0
SEC-1486,Semestre Cero,I.E.R. la Inmaculada Caucheras,I. E. R. LA INMACULADA CAUCHERAS,Mutatá,Antioquia,Oficial,7.2433,-76.4361,G43,Simulacro 1,S1,11.0,,,186.0,37.0,38,46,26.0,45.0,SI,,186.0
SEC-1487,Semestre Cero,I.E.R. la Inmaculada Caucheras,I. E. R. LA INMACULADA CAUCHERAS,Mutatá,Antioquia,Oficial,7.2433,-76.4361,G43,Simulacro 1,S1,11.0,,,182.0,49.0,20,50,24.0,44.0,SI,,182.0
SEC-1488,Semestre Cero,I.E.R. la Inmaculada Caucheras,I. E. R. LA INMACULADA CAUCHERAS,Mutatá,Antioquia,Oficial,7.2433,-76.4361,G43,Simulacro 1,S1,11.0,,,179.0,41.0,30,44,22.0,51.0,SI,,179.0
SEC-1489,Semestre Cero,I.E.R. la Inmaculada Caucheras,I. E. R. LA INMACULADA CAUCHERAS,Mutatá,Antioquia,Oficial,7.2433,-76.4361,G43,Simulacro 1,S1,11.0,,,170.0,39.0,14,48,34.0,36.0,SI,,170.0
SEC-1490,Semestre Cero,I.E.R. la Inmaculada Caucheras,I. E. R. LA INMACULADA CAUCHERAS,Mutatá,Antioquia,Oficial,7.2433,-76.4361,G43,Simulacro 1,S1,11.0,,,159.0,34.0,24,40,24.0,47.0,SI,,159.0
SEC-1491,Semestre Cero,I.E.R. la Inmaculada Caucheras,I. E. R. LA INMACULADA CAUCHERAS,Mutatá,Antioquia,Oficial,7.2433,-76.4361,G43,Simulacro 1,S1,11.0,,,146.0,29.0,22,28,29.0,53.0,SI,,146.0
SEC-1492,Semestre Cero,I.E.R. la Inmaculada Caucheras,I. E. R. LA INMACULADA CAUCHERAS,Mutatá,Antioquia,Oficial,7.2433,-76.4361,G43,Simulacro 1,S1,11.0,,,133.0,15.0,24,32,33.0,36.0,SI,,133.0
SEC-1493,Semestre Cero,I.E.R. la Inmaculada Caucheras,I. E. R. LA INMACULADA CAUCHERAS,Mutatá,Antioquia,Oficial,7.2433,-76.4361,G43,Simulacro 1,S1,11.0,,,118.0,22.0,26,26,21.0,24.0,SI,,118.0
SEC-1494,Semestre Cero,I.E.R. la Inmaculada Caucheras,I. E. R. LA INMACULADA CAUCHERAS,Mutatá,Antioquia,Oficial,7.2433,-76.4361,G43,Simulacro 1,S1,11.0,,,117.0,27.0,16,26,22.0,31.0,SI,,117.0
SEC-1495,Semestre Cero,I.E.R. la Inmaculada Caucheras,I. E. R. LA INMACULADA CAUCHERAS,Mutatá,Antioquia,Oficial,7.2433,-76.4361,G43,Simulacro 1,S1,11.0,,,108.0,29.0,12,32,21.0,0.0,SI,,108.0
SEC-1672,Semestre Cero,I.E.R. la Sierra,I. E. R. LA SIERRA,Puerto Nare,Antioquia,Oficial,6.1883,-74.45847,G49,Simulacro 1,S1,11.0,,,226.0,54.0,34,60,33.0,45.0,SI,,226.0
SEC-1673,Semestre Cero,I.E.R. la Sierra,I. E. R. LA SIERRA,Puerto Nare,Antioquia,Oficial,6.1883,-74.45847,G49,Simulacro 1,S1,11.0,,,220.0,44.0,36,52,43.0,47.0,SI,,220.0
SEC-1674,Semestre Cero,I.E.R. la Sierra,I. E. R. LA SIERRA,Puerto Nare,Antioquia,Oficial,6.1883,-74.45847,G49,Simulacro 1,S1,11.0,,,214.0,56.0,38,40,33.0,56.0,SI,,214.0
SEC-1675,Semestre Cero,I.E.R. la Sierra,I. E. R. LA SIERRA,Puerto Nare,Antioquia,Oficial,6.1883,-74.45847,G49,Simulacro 1,S1,11.0,,,211.0,63.0,26,46,31.0,49.0,SI,,211.0
SEC-1676,Semestre Cero,I.E.R. la Sierra,I. E. R. LA SIERRA,Puerto Nare,Antioquia,Oficial,6.1883,-74.45847,G49,Simulacro 1,S1,11.0,,,210.0,54.0,30,54,29.0,45.0,SI,,210.0
SEC-1677,Semestre Cero,I.E.R. la Sierra,I. E. R. LA SIERRA,Puerto Nare,Antioquia,Oficial,6.1883,-74.45847,G49,Simulacro 1,S1,11.0,,,201.0,51.0,34,44,29.0,47.0,SI,,201.0
SEC-1678,Semestre Cero,I.E.R. la Sierra,I. E. R. LA SIERRA,Puerto Nare,Antioquia,Oficial,6.1883,-74.45847,G49,Simulacro 1,S1,11.0,,,195.0,39.0,36,54,31.0,27.0,SI,,195.0
SEC-1679,Semestre Cero,I.E.R. la Sierra,I. E. R. LA SIERRA,Puerto Nare,Antioquia,Oficial,6.1883,-74.45847,G49,Simulacro 1,S1,11.0,,,194.0,44.0,28,48,33.0,47.0,SI,,194.0
SEC-1680,Semestre Cero,I.E.R. la Sierra,I. E. R. LA SIERRA,Puerto Nare,Antioquia,Oficial,6.1883,-74.45847,G49,Simulacro 1,S1,11.0,,,189.0,44.0,24,48,40.0,25.0,SI,,189.0
SEC-1681,Semestre Cero,I.E.R. la Sierra,I. E. R. LA SIERRA,Puerto Nare,Antioquia,Oficial,6.1883,-74.45847,G49,Simulacro 1,S1,11.0,,,186.0,39.0,40,48,24.0,29.0,SI,,186.0
SEC-1682,Semestre Cero,I.E.R. la Sierra,I. E. R. LA SIERRA,Puerto Nare,Antioquia,Oficial,6.1883,-74.45847,G49,Simulacro 1,S1,11.0,,,178.0,22.0,30,52,34.0,47.0,SI,,178.0
SEC-1683,Semestre Cero,I.E.R. la Sierra,I. E. R. LA SIERRA,Puerto Nare,Antioquia,Oficial,6.1883,-74.45847,G49,Simulacro 1,S1,11.0,,,176.0,34.0,26,40,33.0,58.0,SI,,176.0
SEC-1684,Semestre Cero,I.E.R. la Sierra,I. E. R. LA SIERRA,Puerto Nare,Antioquia,Oficial,6.1883,-74.45847,G49,Simulacro 1,S1,11.0,,,175.0,51.0,26,48,14.0,38.0,SI,,175.0
SEC-1685,Semestre Cero,I.E.R. la Sierra,I. E. R. LA SIERRA,Puerto Nare,Antioquia,Oficial,6.1883,-74.45847,G49,Simulacro 1,S1,11.0,,,173.0,49.0,24,34,28.0,47.0,SI,,173.0
SEC-1686,Semestre Cero,I.E.R. la Sierra,I. E. R. LA SIERRA,Puerto Nare,Antioquia,Oficial,6.1883,-74.45847,G49,Simulacro 1,S1,11.0,,,172.0,32.0,26,46,31.0,44.0,SI,,172.0
SEC-1687,Semestre Cero,I.E.R. la Sierra,I. E. R. LA SIERRA,Puerto Nare,Antioquia,Oficial,6.1883,-74.45847,G49,Simulacro 1,S1,11.0,,,169.0,46.0,28,30,28.0,44.0,SI,,169.0
SEC-1688,Semestre Cero,I.E.R. la Sierra,I. E. R. LA SIERRA,Puerto Nare,Antioquia,Oficial,6.1883,-74.45847,G49,Simulacro 1,S1,11.0,,,164.0,44.0,28,28,26.0,49.0,SI,,164.0
SEC-1689,Semestre Cero,I.E.R. la Sierra,I. E. R. LA SIERRA,Puerto Nare,Antioquia,Oficial,6.1883,-74.45847,G49,Simulacro 1,S1,11.0,,,163.0,49.0,18,30,34.0,31.0,SI,,163.0
SEC-1690,Semestre Cero,I.E.R. la Sierra,I. E. R. LA SIERRA,Puerto Nare,Antioquia,Oficial,6.1883,-74.45847,G49,Simulacro 1,S1,11.0,,,162.0,39.0,28,30,34.0,25.0,SI,,162.0
SEC-1691,Semestre Cero,I.E.R. la Sierra,I. E. R. LA SIERRA,Puerto Nare,Antioquia,Oficial,6.1883,-74.45847,G49,Simulacro 1,S1,11.0,,,157.0,39.0,14,40,29.0,40.0,SI,,157.0
SEC-1692,Semestre Cero,I.E.R. la Sierra,I. E. R. LA SIERRA,Puerto Nare,Antioquia,Oficial,6.1883,-74.45847,G49,Simulacro 1,S1,11.0,,,155.0,41.0,24,28,29.0,35.0,SI,,155.0
SEC-1693,Semestre Cero,I.E.R. la Sierra,I. E. R. LA SIERRA,Puerto Nare,Antioquia,Oficial,6.1883,-74.45847,G49,Simulacro 1,S1,11.0,,,155.0,49.0,14,34,26.0,35.0,SI,,155.0
SEC-1694,Semestre Cero,I.E.R. la Sierra,I. E. R. LA SIERRA,Puerto Nare,Antioquia,Oficial,6.1883,-74.45847,G49,Simulacro 1,S1,11.0,,,153.0,44.0,26,28,22.0,36.0,SI,,153.0
SEC-1695,Semestre Cero,I.E.R. la Sierra,I. E. R. LA SIERRA,Puerto Nare,Antioquia,Oficial,6.1883,-74.45847,G49,Simulacro 1,S1,11.0,,,152.0,41.0,16,28,29.0,51.0,SI,,152.0
SEC-1696,Semestre Cero,I.E.R. la Sierra,I. E. R. LA SIERRA,Puerto Nare,Antioquia,Oficial,6.1883,-74.45847,G49,Simulacro 1,S1,11.0,,,146.0,32.0,26,34,21.0,44.0,SI,,146.0
SEC-1697,Semestre Cero,I.E.R. la Sierra,I. E. R. LA SIERRA,Puerto Nare,Antioquia,Oficial,6.1883,-74.45847,G49,Simulacro 1,S1,11.0,,,144.0,22.0,26,42,21.0,42.0,SI,,144.0
SEC-1698,Semestre Cero,I.E.R. la Sierra,I. E. R. LA SIERRA,Puerto Nare,Antioquia,Oficial,6.1883,-74.45847,G49,Simulacro 1,S1,11.0,,,138.0,39.0,26,22,21.0,35.0,SI,,138.0
SEC-1699,Semestre Cero,I.E.R. la Sierra,I. E. R. LA SIERRA,Puerto Nare,Antioquia,Oficial,6.1883,-74.45847,G49,Simulacro 1,S1,11.0,,,133.0,27.0,24,20,34.0,29.0,SI,,133.0
SEC-1700,Semestre Cero,I.E.R. la Sierra,I. E. R. LA SIERRA,Puerto Nare,Antioquia,Oficial,6.1883,-74.45847,G49,Simulacro 1,S1,11.0,,,130.0,24.0,30,24,22.0,35.0,SI,,130.0
SEC-1701,Semestre Cero,I.E.R. la Sierra,I. E. R. LA SIERRA,Puerto Nare,Antioquia,Oficial,6.1883,-74.45847,G49,Simulacro 1,S1,11.0,,,128.0,27.0,24,28,22.0,29.0,SI,,128.0
SEC-1702,Semestre Cero,I.E.R. la Sierra,I. E. R. LA SIERRA,Puerto Nare,Antioquia,Oficial,6.1883,-74.45847,G49,Simulacro 1,S1,11.0,,,124.0,27.0,26,22,21.0,35.0,SI,,124.0
SEC-1703,Semestre Cero,I.E.R. la Union,I. E. R. LA UNION,Puerto Nare,Antioquia,Oficial,6.1883,-74.45847,G50,Simulacro 1,S1,11.0,,,223.0,51.0,38,38,41.0,73.0,SI,,223.0
SEC-1704,Semestre Cero,I.E.R. la Union,I. E. R. LA UNION,Puerto Nare,Antioquia,Oficial,6.1883,-74.45847,G50,Simulacro 1,S1,11.0,,,214.0,56.0,30,50,33.0,49.0,SI,,214.0
SEC-1705,Semestre Cero,I.E.R. la Union,I. E. R. LA UNION,Puerto Nare,Antioquia,Oficial,6.1883,-74.45847,G50,Simulacro 1,S1,11.0,,,202.0,44.0,28,54,36.0,40.0,SI,,202.0
SEC-1706,Semestre Cero,I.E.R. la Union,I. E. R. LA UNION,Puerto Nare,Antioquia,Oficial,6.1883,-74.45847,G50,Simulacro 1,S1,11.0,,,186.0,46.0,24,52,28.0,35.0,SI,,186.0
SEC-1707,Semestre Cero,I.E.R. la Union,I. E. R. LA UNION,Puerto Nare,Antioquia,Oficial,6.1883,-74.45847,G50,Simulacro 1,S1,11.0,,,167.0,49.0,18,40,26.0,36.0,SI,,167.0
SEC-1708,Semestre Cero,I.E.R. la Union,I. E. R. LA UNION,Puerto Nare,Antioquia,Oficial,6.1883,-74.45847,G50,Simulacro 1,S1,11.0,,,165.0,22.0,48,26,36.0,33.0,SI,,165.0
SEC-1709,Semestre Cero,I.E.R. la Union,I. E. R. LA UNION,Puerto Nare,Antioquia,Oficial,6.1883,-74.45847,G50,Simulacro 1,S1,11.0,,,158.0,37.0,38,38,12.0,36.0,SI,,158.0
SEC-1710,Semestre Cero,I.E.R. la Union,I. E. R. LA UNION,Puerto Nare,Antioquia,Oficial,6.1883,-74.45847,G50,Simulacro 1,S1,11.0,,,157.0,41.0,24,28,33.0,29.0,SI,,157.0
SEC-1711,Semestre Cero,I.E.R. la Union,I. E. R. LA UNION,Puerto Nare,Antioquia,Oficial,6.1883,-74.45847,G50,Simulacro 1,S1,11.0,,,155.0,49.0,32,28,26.0,0.0,SI,,155.0
SEC-1712,Semestre Cero,I.E.R. la Union,I. E. R. LA UNION,Puerto Nare,Antioquia,Oficial,6.1883,-74.45847,G50,Simulacro 1,S1,11.0,,,154.0,29.0,36,36,24.0,25.0,SI,,154.0
SEC-1713,Semestre Cero,I.E.R. la Union,I. E. R. LA UNION,Puerto Nare,Antioquia,Oficial,6.1883,-74.45847,G50,Simulacro 1,S1,11.0,,,154.0,44.0,32,16,34.0,20.0,SI,,154.0
SEC-1714,Semestre Cero,I.E.R. la Union,I. E. R. LA UNION,Puerto Nare,Antioquia,Oficial,6.1883,-74.45847,G50,Simulacro 1,S1,11.0,,,149.0,29.0,20,38,33.0,27.0,SI,,149.0
SEC-1715,Semestre Cero,I.E.R. la Union,I. E. R. LA UNION,Puerto Nare,Antioquia,Oficial,6.1883,-74.45847,G50,Simulacro 1,S1,11.0,,,148.0,29.0,28,30,33.0,25.0,SI,,148.0
SEC-1716,Semestre Cero,I.E.R. la Union,I. E. R. LA UNION,Puerto Nare,Antioquia,Oficial,6.1883,-74.45847,G50,Simulacro 1,S1,11.0,,,148.0,29.0,28,28,33.0,31.0,SI,,148.0
SEC-1717,Semestre Cero,I.E.R. la Union,I. E. R. LA UNION,Puerto Nare,Antioquia,Oficial,6.1883,-74.45847,G50,Simulacro 1,S1,11.0,,,148.0,49.0,20,24,22.0,38.0,SI,,148.0
SEC-1718,Semestre Cero,I.E.R. la Union,I. E. R. LA UNION,Puerto Nare,Antioquia,Oficial,6.1883,-74.45847,G50,Simulacro 1,S1,11.0,,,148.0,39.0,28,26,28.0,22.0,SI,,148.0
SEC-1719,Semestre Cero,I.E.R. la Union,I. E. R. LA UNION,Puerto Nare,Antioquia,Oficial,6.1883,-74.45847,G50,Simulacro 1,S1,11.0,,,144.0,44.0,22,30,21.0,25.0,SI,,144.0
SEC-1720,Semestre Cero,I.E.R. la Union,I. E. R. LA UNION,Puerto Nare,Antioquia,Oficial,6.1883,-74.45847,G50,Simulacro 1,S1,11.0,,,144.0,24.0,28,30,33.0,29.0,SI,,144.0
SEC-1721,Semestre Cero,I.E.R. la Union,I. E. R. LA UNION,Puerto Nare,Antioquia,Oficial,6.1883,-74.45847,G50,Simulacro 1,S1,11.0,,,144.0,29.0,32,26,28.0,29.0,SI,,144.0
SEC-1722,Semestre Cero,I.E.R. la Union,I. E. R. LA UNION,Puerto Nare,Antioquia,Oficial,6.1883,-74.45847,G50,Simulacro 1,S1,11.0,,,144.0,39.0,16,36,21.0,38.0,SI,,144.0
SEC-1723,Semestre Cero,I.E.R. la Union,I. E. R. LA UNION,Puerto Nare,Antioquia,Oficial,6.1883,-74.45847,G50,Simulacro 1,S1,11.0,,,144.0,41.0,30,18,26.0,27.0,SI,,144.0
SEC-1724,Semestre Cero,I.E.R. la Union,I. E. R. LA UNION,Puerto Nare,Antioquia,Oficial,6.1883,-74.45847,G50,Simulacro 1,S1,11.0,,,133.0,27.0,18,30,28.0,38.0,SI,,133.0
SEC-1725,Semestre Cero,I.E.R. la Union,I. E. R. LA UNION,Puerto Nare,Antioquia,Oficial,6.1883,-74.45847,G50,Simulacro 1,S1,11.0,,,121.0,24.0,30,20,21.0,29.0,SI,,121.0
SEC-1726,Semestre Cero,I.E.R. la Union,I. E. R. LA UNION,Puerto Nare,Antioquia,Oficial,6.1883,-74.45847,G50,Simulacro 1,S1,11.0,,,118.0,27.0,18,30,19.0,25.0,SI,,118.0
SEC-1086,Semestre Cero,Palmira,PALMIRA,El Peñol,Antioquia,Oficial,6.2186,-75.2417,G32,Simulacro 1,S1,11.0,,,206.0,59.0,24,46,22.0,82.0,SI,,206.0
SEC-1087,Semestre Cero,Palmira,PALMIRA,El Peñol,Antioquia,Oficial,6.2186,-75.2417,G32,Simulacro 1,S1,11.0,,,204.0,51.0,24,50,36.0,47.0,SI,,204.0
SEC-1088,Semestre Cero,Palmira,PALMIRA,El Peñol,Antioquia,Oficial,6.2186,-75.2417,G32,Simulacro 1,S1,11.0,,,204.0,49.0,28,42,41.0,51.0,SI,,204.0
SEC-1089,Semestre Cero,Palmira,PALMIRA,El Peñol,Antioquia,Oficial,6.2186,-75.2417,G32,Simulacro 1,S1,11.0,,,203.0,49.0,22,60,31.0,42.0,SI,,203.0
SEC-1090,Semestre Cero,Palmira,PALMIRA,El Peñol,Antioquia,Oficial,6.2186,-75.2417,G32,Simulacro 1,S1,11.0,,,201.0,56.0,10,50,38.0,60.0,SI,,201.0
SEC-1091,Semestre Cero,Palmira,PALMIRA,El Peñol,Antioquia,Oficial,6.2186,-75.2417,G32,Simulacro 1,S1,11.0,,,197.0,41.0,26,58,28.0,53.0,SI,,197.0
SEC-1092,Semestre Cero,Palmira,PALMIRA,El Peñol,Antioquia,Oficial,6.2186,-75.2417,G32,Simulacro 1,S1,11.0,,,183.0,44.0,26,54,24.0,33.0,SI,,183.0
SEC-1093,Semestre Cero,Palmira,PALMIRA,El Peñol,Antioquia,Oficial,6.2186,-75.2417,G32,Simulacro 1,S1,11.0,,,169.0,41.0,28,44,24.0,25.0,SI,,169.0
SEC-1094,Semestre Cero,Palmira,PALMIRA,El Peñol,Antioquia,Oficial,6.2186,-75.2417,G32,Simulacro 1,S1,11.0,,,164.0,39.0,16,50,24.0,40.0,SI,,164.0
SEC-1095,Semestre Cero,Palmira,PALMIRA,El Peñol,Antioquia,Oficial,6.2186,-75.2417,G32,Simulacro 1,S1,11.0,,,160.0,41.0,34,28,28.0,24.0,SI,,160.0
SEC-1096,Semestre Cero,Palmira,PALMIRA,El Peñol,Antioquia,Oficial,6.2186,-75.2417,G32,Simulacro 1,S1,11.0,,,160.0,34.0,24,38,31.0,35.0,SI,,160.0
SEC-1097,Semestre Cero,Palmira,PALMIRA,El Peñol,Antioquia,Oficial,6.2186,-75.2417,G32,Simulacro 1,S1,11.0,,,159.0,32.0,22,38,29.0,49.0,SI,,159.0
SEC-1098,Semestre Cero,Palmira,PALMIRA,El Peñol,Antioquia,Oficial,6.2186,-75.2417,G32,Simulacro 1,S1,11.0,,,158.0,44.0,28,34,17.0,42.0,SI,,158.0
SEC-1099,Semestre Cero,Palmira,PALMIRA,El Peñol,Antioquia,Oficial,6.2186,-75.2417,G32,Simulacro 1,S1,11.0,,,154.0,29.0,34,40,21.0,29.0,SI,,154.0
SEC-1100,Semestre Cero,Palmira,PALMIRA,El Peñol,Antioquia,Oficial,6.2186,-75.2417,G32,Simulacro 1,S1,11.0,,,152.0,44.0,20,28,28.0,36.0,SI,,152.0
SEC-1101,Semestre Cero,Palmira,PALMIRA,El Peñol,Antioquia,Oficial,6.2186,-75.2417,G32,Simulacro 1,S1,11.0,,,152.0,37.0,16,38,31.0,29.0,SI,,152.0
SEC-1102,Semestre Cero,Palmira,PALMIRA,El Peñol,Antioquia,Oficial,6.2186,-75.2417,G32,Simulacro 1,S1,11.0,,,148.0,29.0,22,36,28.0,40.0,SI,,148.0
SEC-1103,Semestre Cero,Palmira,PALMIRA,El Peñol,Antioquia,Oficial,6.2186,-75.2417,G32,Simulacro 1,S1,11.0,,,145.0,29.0,28,32,26.0,31.0,SI,,145.0
SEC-1104,Semestre Cero,Palmira,PALMIRA,El Peñol,Antioquia,Oficial,6.2186,-75.2417,G32,Simulacro 1,S1,11.0,,,138.0,27.0,20,36,26.0,33.0,SI,,138.0
SEC-1105,Semestre Cero,Palmira,PALMIRA,El Peñol,Antioquia,Oficial,6.2186,-75.2417,G32,Simulacro 1,S1,11.0,,,137.0,37.0,14,34,22.0,36.0,SI,,137.0
SEC-1106,Semestre Cero,Palmira,PALMIRA,El Peñol,Antioquia,Oficial,6.2186,-75.2417,G32,Simulacro 1,S1,11.0,,,134.0,39.0,24,28,21.0,15.0,SI,,134.0
SEC-1107,Semestre Cero,Palmira,PALMIRA,El Peñol,Antioquia,Oficial,6.2186,-75.2417,G32,Simulacro 1,S1,11.0,,,133.0,39.0,16,18,26.0,49.0,SI,,133.0
SEC-1108,Semestre Cero,Palmira,PALMIRA,El Peñol,Antioquia,Oficial,6.2186,-75.2417,G32,Simulacro 1,S1,11.0,,,132.0,34.0,24,28,24.0,13.0,SI,,132.0
