id_anon;fuente;institucion;municipio;departamento;sector;latitud;longitud;grupo;sesion;grado;correctas;total_preguntas;puntaje_global;lectura_critica;matematicas;sociales;ciencias_naturales;ingles
SEC-0001;Semetre cero;I. E. PASCUAL CORREA FLOREZ;Amaga;Antioquia;Oficial;6,0329;-75,708;G1;S1;11;;;265;56;40;66;45;69
SEC-0002;Semetre cero;I. E. PASCUAL CORREA FLOREZ;Amaga;Antioquia;Oficial;6,0329;-75,708;G1;S1;11;;;259;68;32;72;34;53
SEC-0003;Semetre cero;I. E. PASCUAL CORREA FLOREZ;Amaga;Antioquia;Oficial;6,0329;-75,708;G1;S1;11;;;244;63;30;54;47;53
SEC-0004;Semetre cero;I. E. PASCUAL CORREA FLOREZ;Amaga;Antioquia;Oficial;6,0329;-75,708;G1;S1;11;;;221;59;32;56;28;53
SEC-0005;Semetre cero;I. E. PASCUAL CORREA FLOREZ;Amaga;Antioquia;Oficial;6,0329;-75,708;G1;S1;11;;;220;54;30;60;31;49
SEC-0006;Semetre cero;I. E. PASCUAL CORREA FLOREZ;Amaga;Antioquia;Oficial;6,0329;-75,708;G1;S1;11;;;219;54;22;58;34;65
SEC-0007;Semetre cero;I. E. PASCUAL CORREA FLOREZ;Amaga;Antioquia;Oficial;6,0329;-75,708;G1;S1;11;;;206;46;32;50;31;56
SEC-0008;Semetre cero;I. E. PASCUAL CORREA FLOREZ;Amaga;Antioquia;Oficial;6,0329;-75,708;G1;S1;11;;;194;61;26;46;24;33
SEC-0009;Semetre cero;I. E. PASCUAL CORREA FLOREZ;Amaga;Antioquia;Oficial;6,0329;-75,708;G1;S1;11;;;190;41;16;60;31;49
SEC-0010;Semetre cero;I. E. PASCUAL CORREA FLOREZ;Amaga;Antioquia;Oficial;6,0329;-75,708;G1;S1;11;;;187;56;16;44;31;44
SEC-0011;Semetre cero;I. E. PASCUAL CORREA FLOREZ;Amaga;Antioquia;Oficial;6,0329;-75,708;G1;S1;11;;;182;44;22;54;24;42
SEC-0012;Semetre cero;I. E. PASCUAL CORREA FLOREZ;Amaga;Antioquia;Oficial;6,0329;-75,708;G1;S1;11;;;177;41;22;42;31;51
SEC-0013;Semetre cero;I. E. PASCUAL CORREA FLOREZ;Amaga;Antioquia;Oficial;6,0329;-75,708;G1;S1;11;;;173;44;20;42;31;40
SEC-0014;Semetre cero;I. E. PASCUAL CORREA FLOREZ;Amaga;Antioquia;Oficial;6,0329;-75,708;G1;S1;11;;;173;46;30;46;17;31
SEC-0015;Semetre cero;I. E. PASCUAL CORREA FLOREZ;Amaga;Antioquia;Oficial;6,0329;-75,708;G1;S1;11;;;165;24;38;38;29;40
SEC-0016;Semetre cero;I. E. PASCUAL CORREA FLOREZ;Amaga;Antioquia;Oficial;6,0329;-75,708;G1;S1;11;;;163;34;28;38;31;31
SEC-0017;Semetre cero;I. E. PASCUAL CORREA FLOREZ;Amaga;Antioquia;Oficial;6,0329;-75,708;G1;S1;11;;;160;29;26;38;34;33
SEC-0018;Semetre cero;I. E. PASCUAL CORREA FLOREZ;Amaga;Antioquia;Oficial;6,0329;-75,708;G1;S1;11;;;159;46;20;32;28;35
SEC-0019;Semetre cero;I. E. PASCUAL CORREA FLOREZ;Amaga;Antioquia;Oficial;6,0329;-75,708;G1;S1;11;;;157;32;28;40;26;31
SEC-0020;Semetre cero;I. E. PASCUAL CORREA FLOREZ;Amaga;Antioquia;Oficial;6,0329;-75,708;G1;S1;11;;;156;37;24;40;22;36
SEC-0021;Semetre cero;I. E. PASCUAL CORREA FLOREZ;Amaga;Antioquia;Oficial;6,0329;-75,708;G1;S1;11;;;155;39;22;34;29;29
SEC-0022;Semetre cero;I. E. PASCUAL CORREA FLOREZ;Amaga;Antioquia;Oficial;6,0329;-75,708;G1;S1;11;;;150;34;26;44;19;22
SEC-0023;Semetre cero;I. E. PASCUAL CORREA FLOREZ;Amaga;Antioquia;Oficial;6,0329;-75,708;G1;S1;11;;;149;34;26;32;26;33
SEC-0024;Semetre cero;I. E. PASCUAL CORREA FLOREZ;Amaga;Antioquia;Oficial;6,0329;-75,708;G1;S1;11;;;149;22;20;36;36;44
SEC-0025;Semetre cero;I. E. PASCUAL CORREA FLOREZ;Amaga;Antioquia;Oficial;6,0329;-75,708;G1;S1;11;;;147;46;14;40;17;29
SEC-0026;Semetre cero;I. E. PASCUAL CORREA FLOREZ;Amaga;Antioquia;Oficial;6,0329;-75,708;G1;S1;11;;;144;27;40;20;26;36
SEC-0027;Semetre cero;I. E. PASCUAL CORREA FLOREZ;Amaga;Antioquia;Oficial;6,0329;-75,708;G1;S1;11;;;139;44;22;24;22;24
SEC-0028;Semetre cero;I. E. PASCUAL CORREA FLOREZ;Amaga;Antioquia;Oficial;6,0329;-75,708;G1;S1;11;;;134;17;30;26;33;31
SEC-0029;Semetre cero;I. E. PASCUAL CORREA FLOREZ;Amaga;Antioquia;Oficial;6,0329;-75,708;G1;S1;11;;;130;34;20;36;14;25
SEC-0030;Semetre cero;I. E. PASCUAL CORREA FLOREZ;Amaga;Antioquia;Oficial;6,0329;-75,708;G1;S1;11;;;116;24;20;16;22;53
SEC-0031;Semetre cero;I. E. PASCUAL CORREA FLOREZ;Amaga;Antioquia;Oficial;6,0329;-75,708;G1;S1;11;;;110;27;20;22;19;22
SEC-0032;Semetre cero;I. E. PASCUAL CORREA FLOREZ;Amaga;Antioquia;Oficial;6,0329;-75,708;G1;S1;11;;;62;0;6;22;12;42
SEC-0033;Semetre cero;I. E. PRESBITERO GERARDO MONTOYA;Amalfi;Antioquia;Oficial;6,9778;-74,9812;G2;S1;11;;;266;59;46;58;38;89
SEC-0034;Semetre cero;I. E. PRESBITERO GERARDO MONTOYA;Amalfi;Antioquia;Oficial;6,9778;-74,9812;G2;S1;11;;;263;78;30;58;38;71
SEC-0035;Semetre cero;I. E. PRESBITERO GERARDO MONTOYA;Amalfi;Antioquia;Oficial;6,9778;-74,9812;G2;S1;11;;;242;68;40;34;48;56
SEC-0036;Semetre cero;I. E. PRESBITERO GERARDO MONTOYA;Amalfi;Antioquia;Oficial;6,9778;-74,9812;G2;S1;11;;;241;54;44;46;41;73
SEC-0037;Semetre cero;I. E. PRESBITERO GERARDO MONTOYA;Amalfi;Antioquia;Oficial;6,9778;-74,9812;G2;S1;11;;;238;63;26;56;45;49
SEC-0038;Semetre cero;I. E. PRESBITERO GERARDO MONTOYA;Amalfi;Antioquia;Oficial;6,9778;-74,9812;G2;S1;11;;;231;61;28;60;31;62
SEC-0039;Semetre cero;I. E. PRESBITERO GERARDO MONTOYA;Amalfi;Antioquia;Oficial;6,9778;-74,9812;G2;S1;11;;;228;61;46;44;22;73
SEC-0040;Semetre cero;I. E. PRESBITERO GERARDO MONTOYA;Amalfi;Antioquia;Oficial;6,9778;-74,9812;G2;S1;11;;;226;54;26;68;34;42
SEC-0041;Semetre cero;I. E. PRESBITERO GERARDO MONTOYA;Amalfi;Antioquia;Oficial;6,9778;-74,9812;G2;S1;11;;;220;49;34;58;31;56
SEC-0042;Semetre cero;I. E. PRESBITERO GERARDO MONTOYA;Amalfi;Antioquia;Oficial;6,9778;-74,9812;G2;S1;11;;;220;56;26;58;31;58
SEC-0043;Semetre cero;I. E. PRESBITERO GERARDO MONTOYA;Amalfi;Antioquia;Oficial;6,9778;-74,9812;G2;S1;11;;;219;34;36;66;31;69
SEC-0044;Semetre cero;I. E. PRESBITERO GERARDO MONTOYA;Amalfi;Antioquia;Oficial;6,9778;-74,9812;G2;S1;11;;;219;49;36;42;43;60
SEC-0045;Semetre cero;I. E. PRESBITERO GERARDO MONTOYA;Amalfi;Antioquia;Oficial;6,9778;-74,9812;G2;S1;11;;;217;37;46;50;33;67
SEC-0046;Semetre cero;I. E. PRESBITERO GERARDO MONTOYA;Amalfi;Antioquia;Oficial;6,9778;-74,9812;G2;S1;11;;;216;51;28;48;38;67
SEC-0047;Semetre cero;I. E. PRESBITERO GERARDO MONTOYA;Amalfi;Antioquia;Oficial;6,9778;-74,9812;G2;S1;11;;;216;41;40;50;38;53
SEC-0048;Semetre cero;I. E. PRESBITERO GERARDO MONTOYA;Amalfi;Antioquia;Oficial;6,9778;-74,9812;G2;S1;11;;;215;41;46;52;29;53
SEC-0049;Semetre cero;I. E. PRESBITERO GERARDO MONTOYA;Amalfi;Antioquia;Oficial;6,9778;-74,9812;G2;S1;11;;;214;56;32;52;29;47
SEC-0050;Semetre cero;I. E. PRESBITERO GERARDO MONTOYA;Amalfi;Antioquia;Oficial;6,9778;-74,9812;G2;S1;11;;;213;44;38;54;33;49
SEC-0051;Semetre cero;I. E. PRESBITERO GERARDO MONTOYA;Amalfi;Antioquia;Oficial;6,9778;-74,9812;G2;S1;11;;;212;46;36;42;43;49
SEC-0052;Semetre cero;I. E. PRESBITERO GERARDO MONTOYA;Amalfi;Antioquia;Oficial;6,9778;-74,9812;G2;S1;11;;;212;39;42;50;34;55
SEC-0053;Semetre cero;I. E. PRESBITERO GERARDO MONTOYA;Amalfi;Antioquia;Oficial;6,9778;-74,9812;G2;S1;11;;;206;41;38;40;36;69
SEC-0054;Semetre cero;I. E. PRESBITERO GERARDO MONTOYA;Amalfi;Antioquia;Oficial;6,9778;-74,9812;G2;S1;11;;;205;51;32;36;33;76
SEC-0055;Semetre cero;I. E. PRESBITERO GERARDO MONTOYA;Amalfi;Antioquia;Oficial;6,9778;-74,9812;G2;S1;11;;;204;46;28;50;31;64
SEC-0056;Semetre cero;I. E. PRESBITERO GERARDO MONTOYA;Amalfi;Antioquia;Oficial;6,9778;-74,9812;G2;S1;11;;;201;37;32;50;41;44
SEC-0057;Semetre cero;I. E. PRESBITERO GERARDO MONTOYA;Amalfi;Antioquia;Oficial;6,9778;-74,9812;G2;S1;11;;;201;46;38;38;36;47
SEC-0058;Semetre cero;I. E. PRESBITERO GERARDO MONTOYA;Amalfi;Antioquia;Oficial;6,9778;-74,9812;G2;S1;11;;;201;37;30;56;34;51
SEC-0059;Semetre cero;I. E. PRESBITERO GERARDO MONTOYA;Amalfi;Antioquia;Oficial;6,9778;-74,9812;G2;S1;11;;;200;46;22;48;40;51
SEC-0060;Semetre cero;I. E. PRESBITERO GERARDO MONTOYA;Amalfi;Antioquia;Oficial;6,9778;-74,9812;G2;S1;11;;;199;49;42;20;41;60
SEC-0061;Semetre cero;I. E. PRESBITERO GERARDO MONTOYA;Amalfi;Antioquia;Oficial;6,9778;-74,9812;G2;S1;11;;;194;44;38;38;36;36
SEC-0062;Semetre cero;I. E. PRESBITERO GERARDO MONTOYA;Amalfi;Antioquia;Oficial;6,9778;-74,9812;G2;S1;11;;;190;39;40;32;34;58
SEC-0063;Semetre cero;I. E. PRESBITERO GERARDO MONTOYA;Amalfi;Antioquia;Oficial;6,9778;-74,9812;G2;S1;11;;;189;39;34;40;34;49
SEC-0064;Semetre cero;I. E. PRESBITERO GERARDO MONTOYA;Amalfi;Antioquia;Oficial;6,9778;-74,9812;G2;S1;11;;;189;44;32;32;36;58
SEC-0065;Semetre cero;I. E. PRESBITERO GERARDO MONTOYA;Amalfi;Antioquia;Oficial;6,9778;-74,9812;G2;S1;11;;;188;51;22;50;28;36
SEC-0066;Semetre cero;I. E. PRESBITERO GERARDO MONTOYA;Amalfi;Antioquia;Oficial;6,9778;-74,9812;G2;S1;11;;;185;51;26;46;22;44
SEC-0067;Semetre cero;I. E. PRESBITERO GERARDO MONTOYA;Amalfi;Antioquia;Oficial;6,9778;-74,9812;G2;S1;11;;;184;34;38;52;24;35
SEC-0068;Semetre cero;I. E. PRESBITERO GERARDO MONTOYA;Amalfi;Antioquia;Oficial;6,9778;-74,9812;G2;S1;11;;;183;44;30;40;31;40
SEC-0069;Semetre cero;I. E. PRESBITERO GERARDO MONTOYA;Amalfi;Antioquia;Oficial;6,9778;-74,9812;G2;S1;11;;;182;32;32;42;33;58
SEC-0070;Semetre cero;I. E. PRESBITERO GERARDO MONTOYA;Amalfi;Antioquia;Oficial;6,9778;-74,9812;G2;S1;11;;;181;32;34;52;24;45
SEC-0071;Semetre cero;I. E. PRESBITERO GERARDO MONTOYA;Amalfi;Antioquia;Oficial;6,9778;-74,9812;G2;S1;11;;;176;34;30;40;29;58
SEC-0072;Semetre cero;I. E. PRESBITERO GERARDO MONTOYA;Amalfi;Antioquia;Oficial;6,9778;-74,9812;G2;S1;11;;;176;49;18;40;31;44
SEC-0073;Semetre cero;I. E. PRESBITERO GERARDO MONTOYA;Amalfi;Antioquia;Oficial;6,9778;-74,9812;G2;S1;11;;;175;29;36;32;29;76
SEC-0074;Semetre cero;I. E. PRESBITERO GERARDO MONTOYA;Amalfi;Antioquia;Oficial;6,9778;-74,9812;G2;S1;11;;;175;41;26;42;29;38
SEC-0075;Semetre cero;I. E. PRESBITERO GERARDO MONTOYA;Amalfi;Antioquia;Oficial;6,9778;-74,9812;G2;S1;11;;;174;49;12;48;22;60
SEC-0076;Semetre cero;I. E. PRESBITERO GERARDO MONTOYA;Amalfi;Antioquia;Oficial;6,9778;-74,9812;G2;S1;11;;;174;20;34;42;31;73
SEC-0077;Semetre cero;I. E. PRESBITERO GERARDO MONTOYA;Amalfi;Antioquia;Oficial;6,9778;-74,9812;G2;S1;11;;;173;54;26;30;24;47
SEC-0078;Semetre cero;I. E. PRESBITERO GERARDO MONTOYA;Amalfi;Antioquia;Oficial;6,9778;-74,9812;G2;S1;11;;;170;37;28;40;31;35
SEC-0079;Semetre cero;I. E. PRESBITERO GERARDO MONTOYA;Amalfi;Antioquia;Oficial;6,9778;-74,9812;G2;S1;11;;;167;44;28;40;22;31
SEC-0080;Semetre cero;I. E. PRESBITERO GERARDO MONTOYA;Amalfi;Antioquia;Oficial;6,9778;-74,9812;G2;S1;11;;;165;22;28;38;34;62
SEC-0081;Semetre cero;I. E. PRESBITERO GERARDO MONTOYA;Amalfi;Antioquia;Oficial;6,9778;-74,9812;G2;S1;11;;;165;44;30;36;28;16
SEC-0082;Semetre cero;I. E. PRESBITERO GERARDO MONTOYA;Amalfi;Antioquia;Oficial;6,9778;-74,9812;G2;S1;11;;;164;41;20;40;28;38
SEC-0083;Semetre cero;I. E. PRESBITERO GERARDO MONTOYA;Amalfi;Antioquia;Oficial;6,9778;-74,9812;G2;S1;11;;;163;39;18;46;26;38
SEC-0084;Semetre cero;I. E. PRESBITERO GERARDO MONTOYA;Amalfi;Antioquia;Oficial;6,9778;-74,9812;G2;S1;11;;;162;22;28;36;31;69
SEC-0085;Semetre cero;I. E. PRESBITERO GERARDO MONTOYA;Amalfi;Antioquia;Oficial;6,9778;-74,9812;G2;S1;11;;;159;49;22;30;28;29
SEC-0086;Semetre cero;I. E. PRESBITERO GERARDO MONTOYA;Amalfi;Antioquia;Oficial;6,9778;-74,9812;G2;S1;11;;;145;29;20;44;19;40
SEC-0087;Semetre cero;I. E. PRESBITERO GERARDO MONTOYA;Amalfi;Antioquia;Oficial;6,9778;-74,9812;G2;S1;11;;;135;32;26;22;24;38
SEC-0088;Semetre cero;I. E. PRESBITERO GERARDO MONTOYA;Amalfi;Antioquia;Oficial;6,9778;-74,9812;G2;S1;11;;;130;56;18;20;19;0
SEC-0089;Semetre cero;I. E. PRESBITERO GERARDO MONTOYA;Amalfi;Antioquia;Oficial;6,9778;-74,9812;G2;S1;11;;;104;20;18;18;31;11
SEC-0090;Semetre cero;I. E. PUEBLO NUEVO;Amalfi;Antioquia;Oficial;6,9778;-74,9812;G3;S1;11;;;230;61;24;60;36;55
SEC-0091;Semetre cero;I. E. PUEBLO NUEVO;Amalfi;Antioquia;Oficial;6,9778;-74,9812;G3;S1;11;;;214;34;36;60;40;47
SEC-0092;Semetre cero;I. E. PUEBLO NUEVO;Amalfi;Antioquia;Oficial;6,9778;-74,9812;G3;S1;11;;;206;46;26;60;33;40
SEC-0093;Semetre cero;I. E. PUEBLO NUEVO;Amalfi;Antioquia;Oficial;6,9778;-74,9812;G3;S1;11;;;200;41;28;50;29;73
SEC-0094;Semetre cero;I. E. PUEBLO NUEVO;Amalfi;Antioquia;Oficial;6,9778;-74,9812;G3;S1;11;;;199;51;28;32;43;55
SEC-0095;Semetre cero;I. E. PUEBLO NUEVO;Amalfi;Antioquia;Oficial;6,9778;-74,9812;G3;S1;11;;;196;51;34;42;28;45
SEC-0096;Semetre cero;I. E. PUEBLO NUEVO;Amalfi;Antioquia;Oficial;6,9778;-74,9812;G3;S1;11;;;194;41;32;50;33;36
SEC-0097;Semetre cero;I. E. PUEBLO NUEVO;Amalfi;Antioquia;Oficial;6,9778;-74,9812;G3;S1;11;;;190;44;24;52;31;42
SEC-0098;Semetre cero;I. E. PUEBLO NUEVO;Amalfi;Antioquia;Oficial;6,9778;-74,9812;G3;S1;11;;;183;46;30;44;28;33
SEC-0099;Semetre cero;I. E. PUEBLO NUEVO;Amalfi;Antioquia;Oficial;6,9778;-74,9812;G3;S1;11;;;182;39;34;46;26;38
SEC-0100;Semetre cero;I. E. PUEBLO NUEVO;Amalfi;Antioquia;Oficial;6,9778;-74,9812;G3;S1;11;;;182;44;22;50;26;47
SEC-0101;Semetre cero;I. E. PUEBLO NUEVO;Amalfi;Antioquia;Oficial;6,9778;-74,9812;G3;S1;11;;;182;54;32;36;22;40
SEC-0102;Semetre cero;I. E. PUEBLO NUEVO;Amalfi;Antioquia;Oficial;6,9778;-74,9812;G3;S1;11;;;180;54;12;48;31;35
SEC-0103;Semetre cero;I. E. PUEBLO NUEVO;Amalfi;Antioquia;Oficial;6,9778;-74,9812;G3;S1;11;;;179;44;34;48;12;53
SEC-0104;Semetre cero;I. E. PUEBLO NUEVO;Amalfi;Antioquia;Oficial;6,9778;-74,9812;G3;S1;11;;;178;46;28;32;28;60
SEC-0105;Semetre cero;I. E. PUEBLO NUEVO;Amalfi;Antioquia;Oficial;6,9778;-74,9812;G3;S1;11;;;174;34;36;38;24;55
SEC-0106;Semetre cero;I. E. PUEBLO NUEVO;Amalfi;Antioquia;Oficial;6,9778;-74,9812;G3;S1;11;;;171;34;20;40;36;53
SEC-0107;Semetre cero;I. E. PUEBLO NUEVO;Amalfi;Antioquia;Oficial;6,9778;-74,9812;G3;S1;11;;;170;37;30;34;34;36
SEC-0108;Semetre cero;I. E. PUEBLO NUEVO;Amalfi;Antioquia;Oficial;6,9778;-74,9812;G3;S1;11;;;166;20;26;52;33;42
SEC-0109;Semetre cero;I. E. PUEBLO NUEVO;Amalfi;Antioquia;Oficial;6,9778;-74,9812;G3;S1;11;;;165;29;28;44;28;44
SEC-0110;Semetre cero;I. E. PUEBLO NUEVO;Amalfi;Antioquia;Oficial;6,9778;-74,9812;G3;S1;11;;;165;37;28;40;28;33
SEC-0111;Semetre cero;I. E. PUEBLO NUEVO;Amalfi;Antioquia;Oficial;6,9778;-74,9812;G3;S1;11;;;159;41;18;36;31;35
SEC-0112;Semetre cero;I. E. PUEBLO NUEVO;Amalfi;Antioquia;Oficial;6,9778;-74,9812;G3;S1;11;;;159;46;18;32;26;47
SEC-0113;Semetre cero;I. E. PUEBLO NUEVO;Amalfi;Antioquia;Oficial;6,9778;-74,9812;G3;S1;11;;;159;39;28;26;34;31
SEC-0114;Semetre cero;I. E. PUEBLO NUEVO;Amalfi;Antioquia;Oficial;6,9778;-74,9812;G3;S1;11;;;159;44;18;38;24;40
SEC-0115;Semetre cero;I. E. PUEBLO NUEVO;Amalfi;Antioquia;Oficial;6,9778;-74,9812;G3;S1;11;;;158;32;28;38;22;51
SEC-0116;Semetre cero;I. E. PUEBLO NUEVO;Amalfi;Antioquia;Oficial;6,9778;-74,9812;G3;S1;11;;;157;29;28;32;38;27
SEC-0117;Semetre cero;I. E. PUEBLO NUEVO;Amalfi;Antioquia;Oficial;6,9778;-74,9812;G3;S1;11;;;156;37;24;36;22;49
SEC-0118;Semetre cero;I. E. PUEBLO NUEVO;Amalfi;Antioquia;Oficial;6,9778;-74,9812;G3;S1;11;;;153;44;24;28;28;27
SEC-0119;Semetre cero;I. E. PUEBLO NUEVO;Amalfi;Antioquia;Oficial;6,9778;-74,9812;G3;S1;11;;;144;22;28;40;21;44
SEC-0120;Semetre cero;I. E. PUEBLO NUEVO;Amalfi;Antioquia;Oficial;6,9778;-74,9812;G3;S1;11;;;144;27;20;38;26;42
SEC-0121;Semetre cero;I. E. PUEBLO NUEVO;Amalfi;Antioquia;Oficial;6,9778;-74,9812;G3;S1;11;;;143;32;30;32;22;24
SEC-0122;Semetre cero;I. E. PUEBLO NUEVO;Amalfi;Antioquia;Oficial;6,9778;-74,9812;G3;S1;11;;;143;27;20;32;31;42
SEC-0123;Semetre cero;I. E. PUEBLO NUEVO;Amalfi;Antioquia;Oficial;6,9778;-74,9812;G3;S1;11;;;141;37;12;34;26;40
SEC-0124;Semetre cero;I. E. PUEBLO NUEVO;Amalfi;Antioquia;Oficial;6,9778;-74,9812;G3;S1;11;;;140;27;24;38;22;29
SEC-0125;Semetre cero;I. E. PUEBLO NUEVO;Amalfi;Antioquia;Oficial;6,9778;-74,9812;G3;S1;11;;;137;34;24;34;17;27
SEC-0126;Semetre cero;I. E. PUEBLO NUEVO;Amalfi;Antioquia;Oficial;6,9778;-74,9812;G3;S1;11;;;128;39;20;22;24;18
SEC-0127;Semetre cero;I. E. PUEBLO NUEVO;Amalfi;Antioquia;Oficial;6,9778;-74,9812;G3;S1;11;;;125;17;28;36;17;29
SEC-0128;Semetre cero;I. E. PUEBLO NUEVO;Amalfi;Antioquia;Oficial;6,9778;-74,9812;G3;S1;11;;;121;54;24;12;16;0
SEC-0129;Semetre cero;I. E. JUAN DE DIOS URIBE;Andes;Antioquia;Oficial;5,605;-75,9413;G4;S1;11;;;242;41;48;58;40;67
SEC-0130;Semetre cero;I. E. JUAN DE DIOS URIBE;Andes;Antioquia;Oficial;5,605;-75,9413;G4;S1;11;;;197;41;36;44;36;38
SEC-0131;Semetre cero;I. E. JUAN DE DIOS URIBE;Andes;Antioquia;Oficial;5,605;-75,9413;G4;S1;11;;;186;46;32;40;34;25
SEC-0132;Semetre cero;I. E. JUAN DE DIOS URIBE;Andes;Antioquia;Oficial;5,605;-75,9413;G4;S1;11;;;183;41;26;42;38;35
SEC-0133;Semetre cero;I. E. JUAN DE DIOS URIBE;Andes;Antioquia;Oficial;5,605;-75,9413;G4;S1;11;;;182;46;22;54;22;40
SEC-0134;Semetre cero;I. E. JUAN DE DIOS URIBE;Andes;Antioquia;Oficial;5,605;-75,9413;G4;S1;11;;;179;41;26;42;36;29
SEC-0135;Semetre cero;I. E. JUAN DE DIOS URIBE;Andes;Antioquia;Oficial;5,605;-75,9413;G4;S1;11;;;173;37;22;40;41;31
SEC-0136;Semetre cero;I. E. JUAN DE DIOS URIBE;Andes;Antioquia;Oficial;5,605;-75,9413;G4;S1;11;;;172;46;24;36;34;25
SEC-0137;Semetre cero;I. E. JUAN DE DIOS URIBE;Andes;Antioquia;Oficial;5,605;-75,9413;G4;S1;11;;;170;22;22;52;38;40
SEC-0138;Semetre cero;I. E. JUAN DE DIOS URIBE;Andes;Antioquia;Oficial;5,605;-75,9413;G4;S1;11;;;169;32;32;44;28;35
SEC-0139;Semetre cero;I. E. JUAN DE DIOS URIBE;Andes;Antioquia;Oficial;5,605;-75,9413;G4;S1;11;;;164;39;22;46;24;33
SEC-0140;Semetre cero;I. E. JUAN DE DIOS URIBE;Andes;Antioquia;Oficial;5,605;-75,9413;G4;S1;11;;;164;41;12;50;29;27
SEC-0141;Semetre cero;I. E. JUAN DE DIOS URIBE;Andes;Antioquia;Oficial;5,605;-75,9413;G4;S1;11;;;160;37;22;32;36;36
SEC-0142;Semetre cero;I. E. JUAN DE DIOS URIBE;Andes;Antioquia;Oficial;5,605;-75,9413;G4;S1;11;;;159;41;14;48;17;51
SEC-0143;Semetre cero;I. E. JUAN DE DIOS URIBE;Andes;Antioquia;Oficial;5,605;-75,9413;G4;S1;11;;;154;34;18;42;26;40
SEC-0144;Semetre cero;I. E. JUAN DE DIOS URIBE;Andes;Antioquia;Oficial;5,605;-75,9413;G4;S1;11;;;151;32;16;54;17;35
SEC-0145;Semetre cero;I. E. JUAN DE DIOS URIBE;Andes;Antioquia;Oficial;5,605;-75,9413;G4;S1;11;;;149;32;18;38;33;25
SEC-0146;Semetre cero;I. E. JUAN DE DIOS URIBE;Andes;Antioquia;Oficial;5,605;-75,9413;G4;S1;11;;;136;24;16;30;38;29
SEC-0147;Semetre cero;I. E. JUAN DE DIOS URIBE;Andes;Antioquia;Oficial;5,605;-75,9413;G4;S1;11;;;131;29;22;38;16;27
SEC-0148;Semetre cero;I. E. JUAN DE DIOS URIBE;Andes;Antioquia;Oficial;5,605;-75,9413;G4;S1;11;;;112;24;14;18;31;29
SEC-0149;Semetre cero;I. E. JUAN DE DIOS URIBE;Andes;Antioquia;Oficial;5,605;-75,9413;G4;S1;11;;;78;0;16;22;17;38
SEC-0150;Semetre cero;I. E. SAN JOSE;Angelopolis;Antioquia;Oficial;6,1214;-75,7159;G5;S1;11;;;195;29;36;58;26;60
SEC-0151;Semetre cero;I. E. SAN JOSE;Angelopolis;Antioquia;Oficial;6,1214;-75,7159;G5;S1;11;;;190;49;26;44;31;44
SEC-0152;Semetre cero;I. E. SAN JOSE;Angelopolis;Antioquia;Oficial;6,1214;-75,7159;G5;S1;11;;;184;54;28;40;21;51
SEC-0153;Semetre cero;I. E. SAN JOSE;Angelopolis;Antioquia;Oficial;6,1214;-75,7159;G5;S1;11;;;182;46;28;46;21;49
SEC-0154;Semetre cero;I. E. SAN JOSE;Angelopolis;Antioquia;Oficial;6,1214;-75,7159;G5;S1;11;;;174;51;32;42;12;42
SEC-0155;Semetre cero;I. E. SAN JOSE;Angelopolis;Antioquia;Oficial;6,1214;-75,7159;G5;S1;11;;;173;41;28;40;28;38
SEC-0156;Semetre cero;I. E. SAN JOSE;Angelopolis;Antioquia;Oficial;6,1214;-75,7159;G5;S1;11;;;173;51;24;40;24;31
SEC-0157;Semetre cero;I. E. SAN JOSE;Angelopolis;Antioquia;Oficial;6,1214;-75,7159;G5;S1;11;;;172;51;24;30;34;29
SEC-0158;Semetre cero;I. E. SAN JOSE;Angelopolis;Antioquia;Oficial;6,1214;-75,7159;G5;S1;11;;;172;39;24;36;34;47
SEC-0159;Semetre cero;I. E. SAN JOSE;Angelopolis;Antioquia;Oficial;6,1214;-75,7159;G5;S1;11;;;154;34;20;34;31;44
SEC-0160;Semetre cero;I. E. SAN JOSE;Angelopolis;Antioquia;Oficial;6,1214;-75,7159;G5;S1;11;;;144;39;14;34;26;35
SEC-0161;Semetre cero;I. E. SAN JOSE;Angelopolis;Antioquia;Oficial;6,1214;-75,7159;G5;S1;11;;;136;29;18;36;28;22
SEC-0162;Semetre cero;I. E. SAN JOSE;Angelopolis;Antioquia;Oficial;6,1214;-75,7159;G5;S1;11;;;132;27;24;30;22;33
SEC-0163;Semetre cero;I. E. SAN JOSE;Angelopolis;Antioquia;Oficial;6,1214;-75,7159;G5;S1;11;;;123;22;20;32;22;31
SEC-0164;Semetre cero;I. E. SAN JOSE;Angelopolis;Antioquia;Oficial;6,1214;-75,7159;G5;S1;11;;;123;22;20;34;22;24
SEC-0165;Semetre cero;I. E. SAN JOSE;Angelopolis;Antioquia;Oficial;6,1214;-75,7159;G5;S1;11;;;120;22;16;40;19;22
SEC-0166;Semetre cero;I. E. SAN JOSE;Angelopolis;Antioquia;Oficial;6,1214;-75,7159;G5;S1;11;;;115;29;18;16;22;42
SEC-0167;Semetre cero;I. E. SAN JOSE;Angelopolis;Antioquia;Oficial;6,1214;-75,7159;G5;S1;11;;;108;22;8;26;29;25
SEC-0168;Semetre cero;I. E. ANORI;Anori;Antioquia;Oficial;7,0736;-75,1481;G6;S1;11;;;246;56;36;68;24;87
SEC-0169;Semetre cero;I. E. ANORI;Anori;Antioquia;Oficial;7,0736;-75,1481;G6;S1;11;;;229;59;38;60;28;44
SEC-0170;Semetre cero;I. E. ANORI;Anori;Antioquia;Oficial;7,0736;-75,1481;G6;S1;11;;;207;66;18;52;28;47
SEC-0171;Semetre cero;I. E. ANORI;Anori;Antioquia;Oficial;7,0736;-75,1481;G6;S1;11;;;199;46;22;60;29;45
SEC-0172;Semetre cero;I. E. ANORI;Anori;Antioquia;Oficial;7,0736;-75,1481;G6;S1;11;;;199;34;34;44;34;76
SEC-0173;Semetre cero;I. E. ANORI;Anori;Antioquia;Oficial;7,0736;-75,1481;G6;S1;11;;;197;37;30;46;38;60
SEC-0174;Semetre cero;I. E. ANORI;Anori;Antioquia;Oficial;7,0736;-75,1481;G6;S1;11;;;191;54;36;32;26;55
SEC-0175;Semetre cero;I. E. ANORI;Anori;Antioquia;Oficial;7,0736;-75,1481;G6;S1;11;;;188;39;34;54;21;45
SEC-0176;Semetre cero;I. E. ANORI;Anori;Antioquia;Oficial;7,0736;-75,1481;G6;S1;11;;;187;44;28;48;31;35
SEC-0177;Semetre cero;I. E. ANORI;Anori;Antioquia;Oficial;7,0736;-75,1481;G6;S1;11;;;187;37;34;50;33;27
SEC-0178;Semetre cero;I. E. ANORI;Anori;Antioquia;Oficial;7,0736;-75,1481;G6;S1;11;;;187;34;28;44;34;64
SEC-0179;Semetre cero;I. E. ANORI;Anori;Antioquia;Oficial;7,0736;-75,1481;G6;S1;11;;;185;39;28;46;26;65
SEC-0180;Semetre cero;I. E. ANORI;Anori;Antioquia;Oficial;7,0736;-75,1481;G6;S1;11;;;185;37;34;38;29;67
SEC-0181;Semetre cero;I. E. ANORI;Anori;Antioquia;Oficial;7,0736;-75,1481;G6;S1;11;;;181;51;16;36;36;53
SEC-0182;Semetre cero;I. E. ANORI;Anori;Antioquia;Oficial;7,0736;-75,1481;G6;S1;11;;;181;49;30;44;22;35
SEC-0183;Semetre cero;I. E. ANORI;Anori;Antioquia;Oficial;7,0736;-75,1481;G6;S1;11;;;179;41;32;42;24;45
SEC-0184;Semetre cero;I. E. ANORI;Anori;Antioquia;Oficial;7,0736;-75,1481;G6;S1;11;;;178;39;28;38;36;40
SEC-0185;Semetre cero;I. E. ANORI;Anori;Antioquia;Oficial;7,0736;-75,1481;G6;S1;11;;;177;29;22;44;40;55
SEC-0186;Semetre cero;I. E. ANORI;Anori;Antioquia;Oficial;7,0736;-75,1481;G6;S1;11;;;176;34;24;48;29;51
SEC-0187;Semetre cero;I. E. ANORI;Anori;Antioquia;Oficial;7,0736;-75,1481;G6;S1;11;;;171;29;24;52;29;40
SEC-0188;Semetre cero;I. E. ANORI;Anori;Antioquia;Oficial;7,0736;-75,1481;G6;S1;11;;;166;41;30;36;26;33
SEC-0189;Semetre cero;I. E. ANORI;Anori;Antioquia;Oficial;7,0736;-75,1481;G6;S1;11;;;163;44;28;32;21;49
SEC-0190;Semetre cero;I. E. ANORI;Anori;Antioquia;Oficial;7,0736;-75,1481;G6;S1;11;;;162;29;26;42;33;31
SEC-0191;Semetre cero;I. E. ANORI;Anori;Antioquia;Oficial;7,0736;-75,1481;G6;S1;11;;;151;37;26;26;29;40
SEC-0192;Semetre cero;I. E. ANORI;Anori;Antioquia;Oficial;7,0736;-75,1481;G6;S1;11;;;148;37;24;22;33;38
SEC-0193;Semetre cero;I. E. ANORI;Anori;Antioquia;Oficial;7,0736;-75,1481;G6;S1;11;;;147;32;18;34;28;49
SEC-0194;Semetre cero;I. E. ANORI;Anori;Antioquia;Oficial;7,0736;-75,1481;G6;S1;11;;;146;39;20;26;29;36
SEC-0195;Semetre cero;I. E. ANORI;Anori;Antioquia;Oficial;7,0736;-75,1481;G6;S1;11;;;133;24;24;30;24;38
SEC-0196;Semetre cero;I. E. ANZA;Anza;Antioquia;Oficial;6,3458;-75,8569;G7;S1;11;;;232;41;44;58;33;75
SEC-0197;Semetre cero;I. E. ANZA;Anza;Antioquia;Oficial;6,3458;-75,8569;G7;S1;11;;;224;63;34;46;33;53
SEC-0198;Semetre cero;I. E. ANZA;Anza;Antioquia;Oficial;6,3458;-75,8569;G7;S1;11;;;206;41;26;58;22;91
SEC-0199;Semetre cero;I. E. ANZA;Anza;Antioquia;Oficial;6,3458;-75,8569;G7;S1;11;;;185;39;26;48;29;53
SEC-0200;Semetre cero;I. E. ANZA;Anza;Antioquia;Oficial;6,3458;-75,8569;G7;S1;11;;;183;46;20;48;28;51
SEC-0201;Semetre cero;I. E. ANZA;Anza;Antioquia;Oficial;6,3458;-75,8569;G7;S1;11;;;180;32;26;46;26;80
SEC-0202;Semetre cero;I. E. ANZA;Anza;Antioquia;Oficial;6,3458;-75,8569;G7;S1;11;;;177;37;22;48;38;27
SEC-0203;Semetre cero;I. E. ANZA;Anza;Antioquia;Oficial;6,3458;-75,8569;G7;S1;11;;;175;46;30;32;31;36
SEC-0204;Semetre cero;I. E. ANZA;Anza;Antioquia;Oficial;6,3458;-75,8569;G7;S1;11;;;170;44;22;36;29;47
SEC-0205;Semetre cero;I. E. ANZA;Anza;Antioquia;Oficial;6,3458;-75,8569;G7;S1;11;;;167;34;26;42;29;40
SEC-0206;Semetre cero;I. E. ANZA;Anza;Antioquia;Oficial;6,3458;-75,8569;G7;S1;11;;;159;32;22;42;26;49
SEC-0207;Semetre cero;I. E. ANZA;Anza;Antioquia;Oficial;6,3458;-75,8569;G7;S1;11;;;157;44;32;24;21;47
SEC-0208;Semetre cero;I. E. ANZA;Anza;Antioquia;Oficial;6,3458;-75,8569;G7;S1;11;;;157;44;20;36;22;42
SEC-0209;Semetre cero;I. E. ANZA;Anza;Antioquia;Oficial;6,3458;-75,8569;G7;S1;11;;;156;41;22;36;26;31
SEC-0210;Semetre cero;I. E. ANZA;Anza;Antioquia;Oficial;6,3458;-75,8569;G7;S1;11;;;153;34;28;38;26;20
SEC-0211;Semetre cero;I. E. ANZA;Anza;Antioquia;Oficial;6,3458;-75,8569;G7;S1;11;;;151;37;26;40;21;22
SEC-0212;Semetre cero;I. E. ANZA;Anza;Antioquia;Oficial;6,3458;-75,8569;G7;S1;11;;;150;37;28;30;24;33
SEC-0213;Semetre cero;I. E. ANZA;Anza;Antioquia;Oficial;6,3458;-75,8569;G7;S1;11;;;149;29;16;38;29;51
SEC-0214;Semetre cero;I. E. ANZA;Anza;Antioquia;Oficial;6,3458;-75,8569;G7;S1;11;;;149;32;24;34;28;36
SEC-0215;Semetre cero;I. E. ANZA;Anza;Antioquia;Oficial;6,3458;-75,8569;G7;S1;11;;;146;32;28;30;21;49
SEC-0216;Semetre cero;I. E. ANZA;Anza;Antioquia;Oficial;6,3458;-75,8569;G7;S1;11;;;145;27;26;34;29;29
SEC-0217;Semetre cero;I. E. ANZA;Anza;Antioquia;Oficial;6,3458;-75,8569;G7;S1;11;;;144;34;20;38;19;42
SEC-0218;Semetre cero;I. E. ANZA;Anza;Antioquia;Oficial;6,3458;-75,8569;G7;S1;11;;;142;49;16;26;22;31
SEC-0219;Semetre cero;I. E. ANZA;Anza;Antioquia;Oficial;6,3458;-75,8569;G7;S1;11;;;140;20;28;42;19;38
SEC-0220;Semetre cero;I. E. ANZA;Anza;Antioquia;Oficial;6,3458;-75,8569;G7;S1;11;;;139;39;28;16;24;40
SEC-0221;Semetre cero;I. E. ANZA;Anza;Antioquia;Oficial;6,3458;-75,8569;G7;S1;11;;;139;34;12;32;31;33
SEC-0222;Semetre cero;I. E. ANZA;Anza;Antioquia;Oficial;6,3458;-75,8569;G7;S1;11;;;138;24;32;22;28;40
SEC-0223;Semetre cero;I. E. ANZA;Anza;Antioquia;Oficial;6,3458;-75,8569;G7;S1;11;;;134;24;26;26;24;47
SEC-0224;Semetre cero;I. E. ANZA;Anza;Antioquia;Oficial;6,3458;-75,8569;G7;S1;11;;;122;22;24;28;21;35
SEC-0225;Semetre cero;I. E. ANZA;Anza;Antioquia;Oficial;6,3458;-75,8569;G7;S1;11;;;94;41;12;16;12;0
SEC-0226;Semetre cero;I. E. ANZA;Anza;Antioquia;Oficial;6,3458;-75,8569;G7;S1;11;;;69;22;14;12;12;0
SEC-0227;Semetre cero;I. E. JOSE MANUEL RESTREPO;Arboletes;Antioquia;Oficial;8,8508;-76,4267;G8;S1;11;;;267;66;34;64;45;67
SEC-0228;Semetre cero;I. E. JOSE MANUEL RESTREPO;Arboletes;Antioquia;Oficial;8,8508;-76,4267;G8;S1;11;;;266;56;42;50;52;91
SEC-0229;Semetre cero;I. E. JOSE MANUEL RESTREPO;Arboletes;Antioquia;Oficial;8,8508;-76,4267;G8;S1;11;;;257;59;34;64;40;80
SEC-0230;Semetre cero;I. E. JOSE MANUEL RESTREPO;Arboletes;Antioquia;Oficial;8,8508;-76,4267;G8;S1;11;;;244;73;36;54;28;62
SEC-0231;Semetre cero;I. E. JOSE MANUEL RESTREPO;Arboletes;Antioquia;Oficial;8,8508;-76,4267;G8;S1;11;;;217;44;36;50;40;56
SEC-0232;Semetre cero;I. E. JOSE MANUEL RESTREPO;Arboletes;Antioquia;Oficial;8,8508;-76,4267;G8;S1;11;;;217;68;30;36;33;62
SEC-0233;Semetre cero;I. E. JOSE MANUEL RESTREPO;Arboletes;Antioquia;Oficial;8,8508;-76,4267;G8;S1;11;;;207;32;60;50;28;29
SEC-0234;Semetre cero;I. E. JOSE MANUEL RESTREPO;Arboletes;Antioquia;Oficial;8,8508;-76,4267;G8;S1;11;;;205;37;38;42;31;91
SEC-0235;Semetre cero;I. E. JOSE MANUEL RESTREPO;Arboletes;Antioquia;Oficial;8,8508;-76,4267;G8;S1;11;;;204;54;24;50;38;33
SEC-0236;Semetre cero;I. E. JOSE MANUEL RESTREPO;Arboletes;Antioquia;Oficial;8,8508;-76,4267;G8;S1;11;;;193;49;40;46;22;31
SEC-0237;Semetre cero;I. E. JOSE MANUEL RESTREPO;Arboletes;Antioquia;Oficial;8,8508;-76,4267;G8;S1;11;;;193;49;30;46;26;49
SEC-0238;Semetre cero;I. E. JOSE MANUEL RESTREPO;Arboletes;Antioquia;Oficial;8,8508;-76,4267;G8;S1;11;;;192;49;34;46;21;51
SEC-0239;Semetre cero;I. E. JOSE MANUEL RESTREPO;Arboletes;Antioquia;Oficial;8,8508;-76,4267;G8;S1;11;;;187;44;38;36;28;51
SEC-0240;Semetre cero;I. E. JOSE MANUEL RESTREPO;Arboletes;Antioquia;Oficial;8,8508;-76,4267;G8;S1;11;;;184;37;46;36;31;29
SEC-0241;Semetre cero;I. E. JOSE MANUEL RESTREPO;Arboletes;Antioquia;Oficial;8,8508;-76,4267;G8;S1;11;;;182;49;30;36;28;47
SEC-0242;Semetre cero;I. E. JOSE MANUEL RESTREPO;Arboletes;Antioquia;Oficial;8,8508;-76,4267;G8;S1;11;;;179;46;22;46;21;60
SEC-0243;Semetre cero;I. E. JOSE MANUEL RESTREPO;Arboletes;Antioquia;Oficial;8,8508;-76,4267;G8;S1;11;;;175;41;38;34;22;47
SEC-0244;Semetre cero;I. E. JOSE MANUEL RESTREPO;Arboletes;Antioquia;Oficial;8,8508;-76,4267;G8;S1;11;;;172;32;36;32;34;44
SEC-0245;Semetre cero;I. E. JOSE MANUEL RESTREPO;Arboletes;Antioquia;Oficial;8,8508;-76,4267;G8;S1;11;;;170;44;34;36;22;33
SEC-0246;Semetre cero;I. E. JOSE MANUEL RESTREPO;Arboletes;Antioquia;Oficial;8,8508;-76,4267;G8;S1;11;;;169;41;36;26;28;45
SEC-0247;Semetre cero;I. E. JOSE MANUEL RESTREPO;Arboletes;Antioquia;Oficial;8,8508;-76,4267;G8;S1;11;;;168;44;24;38;26;42
SEC-0248;Semetre cero;I. E. JOSE MANUEL RESTREPO;Arboletes;Antioquia;Oficial;8,8508;-76,4267;G8;S1;11;;;166;46;26;32;26;40
SEC-0249;Semetre cero;I. E. JOSE MANUEL RESTREPO;Arboletes;Antioquia;Oficial;8,8508;-76,4267;G8;S1;11;;;163;37;30;34;24;51
SEC-0250;Semetre cero;I. E. JOSE MANUEL RESTREPO;Arboletes;Antioquia;Oficial;8,8508;-76,4267;G8;S1;11;;;163;32;30;32;31;49
SEC-0251;Semetre cero;I. E. JOSE MANUEL RESTREPO;Arboletes;Antioquia;Oficial;8,8508;-76,4267;G8;S1;11;;;162;49;24;38;22;22
SEC-0252;Semetre cero;I. E. JOSE MANUEL RESTREPO;Arboletes;Antioquia;Oficial;8,8508;-76,4267;G8;S1;11;;;160;29;14;44;34;51
SEC-0253;Semetre cero;I. E. JOSE MANUEL RESTREPO;Arboletes;Antioquia;Oficial;8,8508;-76,4267;G8;S1;11;;;159;41;26;30;31;27
SEC-0254;Semetre cero;I. E. JOSE MANUEL RESTREPO;Arboletes;Antioquia;Oficial;8,8508;-76,4267;G8;S1;11;;;156;37;30;34;21;42
SEC-0255;Semetre cero;I. E. JOSE MANUEL RESTREPO;Arboletes;Antioquia;Oficial;8,8508;-76,4267;G8;S1;11;;;155;32;26;32;31;40
SEC-0256;Semetre cero;I. E. JOSE MANUEL RESTREPO;Arboletes;Antioquia;Oficial;8,8508;-76,4267;G8;S1;11;;;154;37;26;28;24;56
SEC-0257;Semetre cero;I. E. JOSE MANUEL RESTREPO;Arboletes;Antioquia;Oficial;8,8508;-76,4267;G8;S1;11;;;153;37;24;28;31;40
SEC-0258;Semetre cero;I. E. JOSE MANUEL RESTREPO;Arboletes;Antioquia;Oficial;8,8508;-76,4267;G8;S1;11;;;153;39;36;28;22;22
SEC-0259;Semetre cero;I. E. JOSE MANUEL RESTREPO;Arboletes;Antioquia;Oficial;8,8508;-76,4267;G8;S1;11;;;152;39;42;28;12;33
SEC-0260;Semetre cero;I. E. JOSE MANUEL RESTREPO;Arboletes;Antioquia;Oficial;8,8508;-76,4267;G8;S1;11;;;150;37;32;28;24;29
SEC-0261;Semetre cero;I. E. JOSE MANUEL RESTREPO;Arboletes;Antioquia;Oficial;8,8508;-76,4267;G8;S1;11;;;150;27;28;30;33;36
SEC-0262;Semetre cero;I. E. JOSE MANUEL RESTREPO;Arboletes;Antioquia;Oficial;8,8508;-76,4267;G8;S1;11;;;149;41;38;14;28;25
SEC-0263;Semetre cero;I. E. JOSE MANUEL RESTREPO;Arboletes;Antioquia;Oficial;8,8508;-76,4267;G8;S1;11;;;146;44;16;30;28;27
SEC-0264;Semetre cero;I. E. JOSE MANUEL RESTREPO;Arboletes;Antioquia;Oficial;8,8508;-76,4267;G8;S1;11;;;144;29;26;40;22;22
SEC-0265;Semetre cero;I. E. JOSE MANUEL RESTREPO;Arboletes;Antioquia;Oficial;8,8508;-76,4267;G8;S1;11;;;144;41;16;30;24;40
SEC-0266;Semetre cero;I. E. JOSE MANUEL RESTREPO;Arboletes;Antioquia;Oficial;8,8508;-76,4267;G8;S1;11;;;144;37;28;26;28;20
SEC-0267;Semetre cero;I. E. JOSE MANUEL RESTREPO;Arboletes;Antioquia;Oficial;8,8508;-76,4267;G8;S1;11;;;144;39;20;30;22;40
SEC-0268;Semetre cero;I. E. JOSE MANUEL RESTREPO;Arboletes;Antioquia;Oficial;8,8508;-76,4267;G8;S1;11;;;144;39;24;22;29;31
SEC-0269;Semetre cero;I. E. JOSE MANUEL RESTREPO;Arboletes;Antioquia;Oficial;8,8508;-76,4267;G8;S1;11;;;143;34;26;22;31;33
SEC-0270;Semetre cero;I. E. JOSE MANUEL RESTREPO;Arboletes;Antioquia;Oficial;8,8508;-76,4267;G8;S1;11;;;141;27;32;34;17;36
SEC-0271;Semetre cero;I. E. JOSE MANUEL RESTREPO;Arboletes;Antioquia;Oficial;8,8508;-76,4267;G8;S1;11;;;140;32;18;32;26;42
SEC-0272;Semetre cero;I. E. JOSE MANUEL RESTREPO;Arboletes;Antioquia;Oficial;8,8508;-76,4267;G8;S1;11;;;139;37;24;28;21;35
SEC-0273;Semetre cero;I. E. JOSE MANUEL RESTREPO;Arboletes;Antioquia;Oficial;8,8508;-76,4267;G8;S1;11;;;137;27;26;26;19;62
SEC-0274;Semetre cero;I. E. JOSE MANUEL RESTREPO;Arboletes;Antioquia;Oficial;8,8508;-76,4267;G8;S1;11;;;135;32;26;34;14;35
SEC-0275;Semetre cero;I. E. JOSE MANUEL RESTREPO;Arboletes;Antioquia;Oficial;8,8508;-76,4267;G8;S1;11;;;135;44;20;22;21;31
SEC-0276;Semetre cero;I. E. JOSE MANUEL RESTREPO;Arboletes;Antioquia;Oficial;8,8508;-76,4267;G8;S1;11;;;130;27;14;26;33;40
SEC-0277;Semetre cero;I. E. JOSE MANUEL RESTREPO;Arboletes;Antioquia;Oficial;8,8508;-76,4267;G8;S1;11;;;126;27;18;24;29;33
SEC-0278;Semetre cero;I. E. JOSE MANUEL RESTREPO;Arboletes;Antioquia;Oficial;8,8508;-76,4267;G8;S1;11;;;116;32;18;20;22;25
SEC-0279;Semetre cero;I. E. JOSE MANUEL RESTREPO;Arboletes;Antioquia;Oficial;8,8508;-76,4267;G8;S1;11;;;114;15;26;24;21;40
SEC-0280;Semetre cero;I. E. JOSE MANUEL RESTREPO;Arboletes;Antioquia;Oficial;8,8508;-76,4267;G8;S1;11;;;61;0;12;16;16;29
SEC-0281;Semetre cero;I. E. MIGUEL VICENTE GARRIDO ORTIZ;Arboletes;Antioquia;Oficial;8,8508;-76,4267;G9;S1;11;;;251;63;42;56;34;64
SEC-0282;Semetre cero;I. E. MIGUEL VICENTE GARRIDO ORTIZ;Arboletes;Antioquia;Oficial;8,8508;-76,4267;G9;S1;11;;;249;56;54;60;28;55
SEC-0283;Semetre cero;I. E. MIGUEL VICENTE GARRIDO ORTIZ;Arboletes;Antioquia;Oficial;8,8508;-76,4267;G9;S1;11;;;243;63;44;52;31;60
SEC-0284;Semetre cero;I. E. MIGUEL VICENTE GARRIDO ORTIZ;Arboletes;Antioquia;Oficial;8,8508;-76,4267;G9;S1;11;;;241;51;40;48;41;84
SEC-0285;Semetre cero;I. E. MIGUEL VICENTE GARRIDO ORTIZ;Arboletes;Antioquia;Oficial;8,8508;-76,4267;G9;S1;11;;;238;66;28;60;31;64
SEC-0286;Semetre cero;I. E. MIGUEL VICENTE GARRIDO ORTIZ;Arboletes;Antioquia;Oficial;8,8508;-76,4267;G9;S1;11;;;236;66;32;54;36;49
SEC-0287;Semetre cero;I. E. MIGUEL VICENTE GARRIDO ORTIZ;Arboletes;Antioquia;Oficial;8,8508;-76,4267;G9;S1;11;;;235;61;30;56;36;62
SEC-0288;Semetre cero;I. E. MIGUEL VICENTE GARRIDO ORTIZ;Arboletes;Antioquia;Oficial;8,8508;-76,4267;G9;S1;11;;;231;63;34;52;40;35
SEC-0289;Semetre cero;I. E. MIGUEL VICENTE GARRIDO ORTIZ;Arboletes;Antioquia;Oficial;8,8508;-76,4267;G9;S1;11;;;224;51;30;54;40;58
SEC-0290;Semetre cero;I. E. MIGUEL VICENTE GARRIDO ORTIZ;Arboletes;Antioquia;Oficial;8,8508;-76,4267;G9;S1;11;;;224;49;44;50;33;55
SEC-0291;Semetre cero;I. E. MIGUEL VICENTE GARRIDO ORTIZ;Arboletes;Antioquia;Oficial;8,8508;-76,4267;G9;S1;11;;;220;49;28;64;36;42
SEC-0292;Semetre cero;I. E. MIGUEL VICENTE GARRIDO ORTIZ;Arboletes;Antioquia;Oficial;8,8508;-76,4267;G9;S1;11;;;219;51;24;56;41;51
SEC-0293;Semetre cero;I. E. MIGUEL VICENTE GARRIDO ORTIZ;Arboletes;Antioquia;Oficial;8,8508;-76,4267;G9;S1;11;;;218;49;34;54;36;47
SEC-0294;Semetre cero;I. E. MIGUEL VICENTE GARRIDO ORTIZ;Arboletes;Antioquia;Oficial;8,8508;-76,4267;G9;S1;11;;;217;56;30;64;21;51
SEC-0295;Semetre cero;I. E. MIGUEL VICENTE GARRIDO ORTIZ;Arboletes;Antioquia;Oficial;8,8508;-76,4267;G9;S1;11;;;211;49;22;50;47;45
SEC-0296;Semetre cero;I. E. MIGUEL VICENTE GARRIDO ORTIZ;Arboletes;Antioquia;Oficial;8,8508;-76,4267;G9;S1;11;;;210;61;22;46;36;51
SEC-0297;Semetre cero;I. E. MIGUEL VICENTE GARRIDO ORTIZ;Arboletes;Antioquia;Oficial;8,8508;-76,4267;G9;S1;11;;;208;46;22;64;29;56
SEC-0298;Semetre cero;I. E. MIGUEL VICENTE GARRIDO ORTIZ;Arboletes;Antioquia;Oficial;8,8508;-76,4267;G9;S1;11;;;208;56;18;58;33;45
SEC-0299;Semetre cero;I. E. MIGUEL VICENTE GARRIDO ORTIZ;Arboletes;Antioquia;Oficial;8,8508;-76,4267;G9;S1;11;;;207;46;20;64;28;64
SEC-0300;Semetre cero;I. E. MIGUEL VICENTE GARRIDO ORTIZ;Arboletes;Antioquia;Oficial;8,8508;-76,4267;G9;S1;11;;;205;32;46;52;36;35
SEC-0301;Semetre cero;I. E. MIGUEL VICENTE GARRIDO ORTIZ;Arboletes;Antioquia;Oficial;8,8508;-76,4267;G9;S1;11;;;204;66;18;52;28;40
SEC-0302;Semetre cero;I. E. MIGUEL VICENTE GARRIDO ORTIZ;Arboletes;Antioquia;Oficial;8,8508;-76,4267;G9;S1;11;;;201;49;28;44;38;47
SEC-0303;Semetre cero;I. E. MIGUEL VICENTE GARRIDO ORTIZ;Arboletes;Antioquia;Oficial;8,8508;-76,4267;G9;S1;11;;;196;51;30;42;33;42
SEC-0304;Semetre cero;I. E. MIGUEL VICENTE GARRIDO ORTIZ;Arboletes;Antioquia;Oficial;8,8508;-76,4267;G9;S1;11;;;195;49;36;42;26;49
SEC-0305;Semetre cero;I. E. MIGUEL VICENTE GARRIDO ORTIZ;Arboletes;Antioquia;Oficial;8,8508;-76,4267;G9;S1;11;;;195;46;30;44;31;53
SEC-0306;Semetre cero;I. E. MIGUEL VICENTE GARRIDO ORTIZ;Arboletes;Antioquia;Oficial;8,8508;-76,4267;G9;S1;11;;;193;49;32;44;29;40
SEC-0307;Semetre cero;I. E. MIGUEL VICENTE GARRIDO ORTIZ;Arboletes;Antioquia;Oficial;8,8508;-76,4267;G9;S1;11;;;191;51;20;46;38;31
SEC-0308;Semetre cero;I. E. MIGUEL VICENTE GARRIDO ORTIZ;Arboletes;Antioquia;Oficial;8,8508;-76,4267;G9;S1;11;;;188;49;24;46;34;29
SEC-0309;Semetre cero;I. E. MIGUEL VICENTE GARRIDO ORTIZ;Arboletes;Antioquia;Oficial;8,8508;-76,4267;G9;S1;11;;;186;41;40;44;24;35
SEC-0310;Semetre cero;I. E. MIGUEL VICENTE GARRIDO ORTIZ;Arboletes;Antioquia;Oficial;8,8508;-76,4267;G9;S1;11;;;185;39;22;58;28;42
SEC-0311;Semetre cero;I. E. MIGUEL VICENTE GARRIDO ORTIZ;Arboletes;Antioquia;Oficial;8,8508;-76,4267;G9;S1;11;;;185;46;28;48;24;42
SEC-0312;Semetre cero;I. E. MIGUEL VICENTE GARRIDO ORTIZ;Arboletes;Antioquia;Oficial;8,8508;-76,4267;G9;S1;11;;;180;51;18;46;22;55
SEC-0313;Semetre cero;I. E. MIGUEL VICENTE GARRIDO ORTIZ;Arboletes;Antioquia;Oficial;8,8508;-76,4267;G9;S1;11;;;172;29;26;52;28;44
SEC-0314;Semetre cero;I. E. MIGUEL VICENTE GARRIDO ORTIZ;Arboletes;Antioquia;Oficial;8,8508;-76,4267;G9;S1;11;;;170;29;40;48;21;29
SEC-0315;Semetre cero;I. E. MIGUEL VICENTE GARRIDO ORTIZ;Arboletes;Antioquia;Oficial;8,8508;-76,4267;G9;S1;11;;;169;37;30;36;28;49
SEC-0316;Semetre cero;I. E. MIGUEL VICENTE GARRIDO ORTIZ;Arboletes;Antioquia;Oficial;8,8508;-76,4267;G9;S1;11;;;168;41;18;46;26;44
SEC-0317;Semetre cero;I. E. MIGUEL VICENTE GARRIDO ORTIZ;Arboletes;Antioquia;Oficial;8,8508;-76,4267;G9;S1;11;;;168;44;26;34;24;53
SEC-0318;Semetre cero;I. E. MIGUEL VICENTE GARRIDO ORTIZ;Arboletes;Antioquia;Oficial;8,8508;-76,4267;G9;S1;11;;;167;24;34;44;29;40
SEC-0319;Semetre cero;I. E. MIGUEL VICENTE GARRIDO ORTIZ;Arboletes;Antioquia;Oficial;8,8508;-76,4267;G9;S1;11;;;163;41;24;42;21;40
SEC-0320;Semetre cero;I. E. MIGUEL VICENTE GARRIDO ORTIZ;Arboletes;Antioquia;Oficial;8,8508;-76,4267;G9;S1;11;;;161;39;28;38;22;36
SEC-0321;Semetre cero;I. E. SANTA TERESA;Argelia;Antioquia;Oficial;5,7319;-75,1431;G10;S1;11;;;266;56;42;58;50;73
SEC-0322;Semetre cero;I. E. SANTA TERESA;Argelia;Antioquia;Oficial;5,7319;-75,1431;G10;S1;11;;;261;54;46;56;45;78
SEC-0323;Semetre cero;I. E. SANTA TERESA;Argelia;Antioquia;Oficial;5,7319;-75,1431;G10;S1;11;;;256;61;38;68;31;73
SEC-0324;Semetre cero;I. E. SANTA TERESA;Argelia;Antioquia;Oficial;5,7319;-75,1431;G10;S1;11;;;256;51;46;54;45;76
SEC-0325;Semetre cero;I. E. SANTA TERESA;Argelia;Antioquia;Oficial;5,7319;-75,1431;G10;S1;11;;;249;54;42;52;43;75
SEC-0326;Semetre cero;I. E. SANTA TERESA;Argelia;Antioquia;Oficial;5,7319;-75,1431;G10;S1;11;;;246;49;38;52;48;78
SEC-0327;Semetre cero;I. E. SANTA TERESA;Argelia;Antioquia;Oficial;5,7319;-75,1431;G10;S1;11;;;243;63;26;56;43;65
SEC-0328;Semetre cero;I. E. SANTA TERESA;Argelia;Antioquia;Oficial;5,7319;-75,1431;G10;S1;11;;;242;49;38;48;47;85
SEC-0329;Semetre cero;I. E. SANTA TERESA;Argelia;Antioquia;Oficial;5,7319;-75,1431;G10;S1;11;;;242;44;38;50;50;84
SEC-0330;Semetre cero;I. E. SANTA TERESA;Argelia;Antioquia;Oficial;5,7319;-75,1431;G10;S1;11;;;239;46;40;48;45;84
SEC-0331;Semetre cero;I. E. SANTA TERESA;Argelia;Antioquia;Oficial;5,7319;-75,1431;G10;S1;11;;;238;61;26;58;36;75
SEC-0332;Semetre cero;I. E. SANTA TERESA;Argelia;Antioquia;Oficial;5,7319;-75,1431;G10;S1;11;;;229;32;44;66;33;73
SEC-0333;Semetre cero;I. E. SANTA TERESA;Argelia;Antioquia;Oficial;5,7319;-75,1431;G10;S1;11;;;228;34;38;50;48;82
SEC-0334;Semetre cero;I. E. SANTA TERESA;Argelia;Antioquia;Oficial;5,7319;-75,1431;G10;S1;11;;;228;49;40;40;43;76
SEC-0335;Semetre cero;I. E. SANTA TERESA;Argelia;Antioquia;Oficial;5,7319;-75,1431;G10;S1;11;;;228;51;34;44;43;75
SEC-0336;Semetre cero;I. E. SANTA TERESA;Argelia;Antioquia;Oficial;5,7319;-75,1431;G10;S1;11;;;211;49;40;56;24;42
SEC-0337;Semetre cero;I. E. SANTA TERESA;Argelia;Antioquia;Oficial;5,7319;-75,1431;G10;S1;11;;;210;49;28;60;21;73
SEC-0338;Semetre cero;I. E. SANTA TERESA;Argelia;Antioquia;Oficial;5,7319;-75,1431;G10;S1;11;;;203;41;40;48;29;53
SEC-0339;Semetre cero;I. E. SANTA TERESA;Argelia;Antioquia;Oficial;5,7319;-75,1431;G10;S1;11;;;200;39;36;60;28;33
SEC-0340;Semetre cero;I. E. SANTA TERESA;Argelia;Antioquia;Oficial;5,7319;-75,1431;G10;S1;11;;;197;20;36;60;34;62
SEC-0341;Semetre cero;I. E. SANTA TERESA;Argelia;Antioquia;Oficial;5,7319;-75,1431;G10;S1;11;;;195;22;38;58;31;60
SEC-0342;Semetre cero;I. E. SANTA TERESA;Argelia;Antioquia;Oficial;5,7319;-75,1431;G10;S1;11;;;195;37;36;56;28;38
SEC-0343;Semetre cero;I. E. SANTA TERESA;Argelia;Antioquia;Oficial;5,7319;-75,1431;G10;S1;11;;;194;41;18;54;38;49
SEC-0344;Semetre cero;I. E. SANTA TERESA;Argelia;Antioquia;Oficial;5,7319;-75,1431;G10;S1;11;;;191;46;18;50;38;40
SEC-0345;Semetre cero;I. E. SANTA TERESA;Argelia;Antioquia;Oficial;5,7319;-75,1431;G10;S1;11;;;190;34;26;44;40;62
SEC-0346;Semetre cero;I. E. SANTA TERESA;Argelia;Antioquia;Oficial;5,7319;-75,1431;G10;S1;11;;;185;39;28;36;31;78
SEC-0347;Semetre cero;I. E. SANTA TERESA;Argelia;Antioquia;Oficial;5,7319;-75,1431;G10;S1;11;;;183;49;26;52;21;35
SEC-0348;Semetre cero;I. E. SANTA TERESA;Argelia;Antioquia;Oficial;5,7319;-75,1431;G10;S1;11;;;183;32;28;44;38;51
SEC-0349;Semetre cero;I. E. SANTA TERESA;Argelia;Antioquia;Oficial;5,7319;-75,1431;G10;S1;11;;;180;44;40;28;31;38
SEC-0350;Semetre cero;I. E. SANTA TERESA;Argelia;Antioquia;Oficial;5,7319;-75,1431;G10;S1;11;;;175;37;26;44;28;53
SEC-0351;Semetre cero;I. E. SANTA TERESA;Argelia;Antioquia;Oficial;5,7319;-75,1431;G10;S1;11;;;175;41;30;32;33;45
SEC-0352;Semetre cero;I. E. SANTA TERESA;Argelia;Antioquia;Oficial;5,7319;-75,1431;G10;S1;11;;;175;39;34;36;24;55
SEC-0353;Semetre cero;I. E. SANTA TERESA;Argelia;Antioquia;Oficial;5,7319;-75,1431;G10;S1;11;;;174;39;16;54;29;38
SEC-0354;Semetre cero;I. E. SANTA TERESA;Argelia;Antioquia;Oficial;5,7319;-75,1431;G10;S1;11;;;173;39;28;36;34;38
SEC-0355;Semetre cero;I. E. SANTA TERESA;Argelia;Antioquia;Oficial;5,7319;-75,1431;G10;S1;11;;;171;46;22;38;31;33
SEC-0356;Semetre cero;I. E. SANTA TERESA;Argelia;Antioquia;Oficial;5,7319;-75,1431;G10;S1;11;;;170;34;38;38;26;35
SEC-0357;Semetre cero;I. E. SANTA TERESA;Argelia;Antioquia;Oficial;5,7319;-75,1431;G10;S1;11;;;147;29;30;32;29;20
SEC-0358;Semetre cero;I. E. SANTA TERESA;Argelia;Antioquia;Oficial;5,7319;-75,1431;G10;S1;11;;;141;37;24;22;26;40
SEC-0359;Semetre cero;I. E. SANTA TERESA;Argelia;Antioquia;Oficial;5,7319;-75,1431;G10;S1;11;;;138;24;20;44;21;31
SEC-0360;Semetre cero;I. E. SANTA TERESA;Argelia;Antioquia;Oficial;5,7319;-75,1431;G10;S1;11;;;135;20;32;36;17;36
SEC-0361;Semetre cero;I.E. PBRO. RICARDO LUIS GUTIERREZ TOBON;Belmira;Antioquia;Oficial;6,6047;-75,6664;G11;S1;11;;;256;54;38;68;45;51
SEC-0362;Semetre cero;I.E. PBRO. RICARDO LUIS GUTIERREZ TOBON;Belmira;Antioquia;Oficial;6,6047;-75,6664;G11;S1;11;;;228;54;30;54;41;56
SEC-0363;Semetre cero;I.E. PBRO. RICARDO LUIS GUTIERREZ TOBON;Belmira;Antioquia;Oficial;6,6047;-75,6664;G11;S1;11;;;228;63;28;54;28;73
SEC-0364;Semetre cero;I.E. PBRO. RICARDO LUIS GUTIERREZ TOBON;Belmira;Antioquia;Oficial;6,6047;-75,6664;G11;S1;11;;;222;66;26;52;36;36
SEC-0365;Semetre cero;I.E. PBRO. RICARDO LUIS GUTIERREZ TOBON;Belmira;Antioquia;Oficial;6,6047;-75,6664;G11;S1;11;;;213;61;26;54;29;42
SEC-0366;Semetre cero;I.E. PBRO. RICARDO LUIS GUTIERREZ TOBON;Belmira;Antioquia;Oficial;6,6047;-75,6664;G11;S1;11;;;211;49;30;56;33;45
SEC-0367;Semetre cero;I.E. PBRO. RICARDO LUIS GUTIERREZ TOBON;Belmira;Antioquia;Oficial;6,6047;-75,6664;G11;S1;11;;;209;46;32;54;33;49
SEC-0368;Semetre cero;I.E. PBRO. RICARDO LUIS GUTIERREZ TOBON;Belmira;Antioquia;Oficial;6,6047;-75,6664;G11;S1;11;;;208;51;28;50;34;51
SEC-0369;Semetre cero;I.E. PBRO. RICARDO LUIS GUTIERREZ TOBON;Belmira;Antioquia;Oficial;6,6047;-75,6664;G11;S1;11;;;201;44;26;48;36;60
SEC-0370;Semetre cero;I.E. PBRO. RICARDO LUIS GUTIERREZ TOBON;Belmira;Antioquia;Oficial;6,6047;-75,6664;G11;S1;11;;;201;46;18;56;38;47
SEC-0371;Semetre cero;I.E. PBRO. RICARDO LUIS GUTIERREZ TOBON;Belmira;Antioquia;Oficial;6,6047;-75,6664;G11;S1;11;;;196;41;30;56;28;44
SEC-0372;Semetre cero;I.E. PBRO. RICARDO LUIS GUTIERREZ TOBON;Belmira;Antioquia;Oficial;6,6047;-75,6664;G11;S1;11;;;187;49;26;48;24;45
SEC-0373;Semetre cero;I.E. PBRO. RICARDO LUIS GUTIERREZ TOBON;Belmira;Antioquia;Oficial;6,6047;-75,6664;G11;S1;11;;;183;37;18;50;36;55
SEC-0374;Semetre cero;I.E. PBRO. RICARDO LUIS GUTIERREZ TOBON;Belmira;Antioquia;Oficial;6,6047;-75,6664;G11;S1;11;;;183;39;22;48;33;51
SEC-0375;Semetre cero;I.E. PBRO. RICARDO LUIS GUTIERREZ TOBON;Belmira;Antioquia;Oficial;6,6047;-75,6664;G11;S1;11;;;181;49;22;36;34;47
SEC-0376;Semetre cero;I.E. PBRO. RICARDO LUIS GUTIERREZ TOBON;Belmira;Antioquia;Oficial;6,6047;-75,6664;G11;S1;11;;;181;41;26;42;34;38
SEC-0377;Semetre cero;I.E. PBRO. RICARDO LUIS GUTIERREZ TOBON;Belmira;Antioquia;Oficial;6,6047;-75,6664;G11;S1;11;;;180;41;22;54;28;33
SEC-0378;Semetre cero;I.E. PBRO. RICARDO LUIS GUTIERREZ TOBON;Belmira;Antioquia;Oficial;6,6047;-75,6664;G11;S1;11;;;179;51;18;46;29;31
SEC-0379;Semetre cero;I.E. PBRO. RICARDO LUIS GUTIERREZ TOBON;Belmira;Antioquia;Oficial;6,6047;-75,6664;G11;S1;11;;;178;41;24;50;24;44
SEC-0380;Semetre cero;I.E. PBRO. RICARDO LUIS GUTIERREZ TOBON;Belmira;Antioquia;Oficial;6,6047;-75,6664;G11;S1;11;;;173;37;36;34;29;42
SEC-0381;Semetre cero;I.E. PBRO. RICARDO LUIS GUTIERREZ TOBON;Belmira;Antioquia;Oficial;6,6047;-75,6664;G11;S1;11;;;172;24;42;44;28;33
SEC-0382;Semetre cero;I.E. PBRO. RICARDO LUIS GUTIERREZ TOBON;Belmira;Antioquia;Oficial;6,6047;-75,6664;G11;S1;11;;;167;49;24;44;21;22
SEC-0383;Semetre cero;I.E. PBRO. RICARDO LUIS GUTIERREZ TOBON;Belmira;Antioquia;Oficial;6,6047;-75,6664;G11;S1;11;;;164;29;26;38;36;38
SEC-0384;Semetre cero;I.E. PBRO. RICARDO LUIS GUTIERREZ TOBON;Belmira;Antioquia;Oficial;6,6047;-75,6664;G11;S1;11;;;158;37;20;42;24;42
SEC-0385;Semetre cero;I.E. PBRO. RICARDO LUIS GUTIERREZ TOBON;Belmira;Antioquia;Oficial;6,6047;-75,6664;G11;S1;11;;;157;39;24;26;31;47
SEC-0386;Semetre cero;I.E. PBRO. RICARDO LUIS GUTIERREZ TOBON;Belmira;Antioquia;Oficial;6,6047;-75,6664;G11;S1;11;;;153;32;26;36;24;44
SEC-0387;Semetre cero;I.E. PBRO. RICARDO LUIS GUTIERREZ TOBON;Belmira;Antioquia;Oficial;6,6047;-75,6664;G11;S1;11;;;137;39;22;28;17;36
SEC-0388;Semetre cero;I.E. PBRO. RICARDO LUIS GUTIERREZ TOBON;Belmira;Antioquia;Oficial;6,6047;-75,6664;G11;S1;11;;;130;32;22;26;22;33
SEC-0389;Semetre cero;I. E. SAN JOSE;Betulia;Antioquia;Oficial;6,1131;-75,9819;G5;S1;11;;;230;68;20;62;28;65
SEC-0390;Semetre cero;I. E. SAN JOSE;Betulia;Antioquia;Oficial;6,1131;-75,9819;G5;S1;11;;;219;56;28;52;31;67
SEC-0391;Semetre cero;I. E. SAN JOSE;Betulia;Antioquia;Oficial;6,1131;-75,9819;G5;S1;11;;;207;46;32;58;26;51
SEC-0392;Semetre cero;I. E. SAN JOSE;Betulia;Antioquia;Oficial;6,1131;-75,9819;G5;S1;11;;;199;46;34;44;36;36
SEC-0393;Semetre cero;I. E. SAN JOSE;Betulia;Antioquia;Oficial;6,1131;-75,9819;G5;S1;11;;;192;49;26;46;34;35
SEC-0394;Semetre cero;I. E. SAN JOSE;Betulia;Antioquia;Oficial;6,1131;-75,9819;G5;S1;11;;;191;44;32;42;34;38
SEC-0395;Semetre cero;I. E. SAN JOSE;Betulia;Antioquia;Oficial;6,1131;-75,9819;G5;S1;11;;;190;41;26;48;36;40
SEC-0396;Semetre cero;I. E. SAN JOSE;Betulia;Antioquia;Oficial;6,1131;-75,9819;G5;S1;11;;;185;41;24;52;29;40
SEC-0397;Semetre cero;I. E. SAN JOSE;Betulia;Antioquia;Oficial;6,1131;-75,9819;G5;S1;11;;;184;51;32;32;34;29
SEC-0398;Semetre cero;I. E. SAN JOSE;Betulia;Antioquia;Oficial;6,1131;-75,9819;G5;S1;11;;;173;56;28;26;31;25
SEC-0399;Semetre cero;I. E. SAN JOSE;Betulia;Antioquia;Oficial;6,1131;-75,9819;G5;S1;11;;;172;44;20;38;29;53
SEC-0400;Semetre cero;I. E. SAN JOSE;Betulia;Antioquia;Oficial;6,1131;-75,9819;G5;S1;11;;;171;51;18;46;24;27
SEC-0401;Semetre cero;I. E. SAN JOSE;Betulia;Antioquia;Oficial;6,1131;-75,9819;G5;S1;11;;;171;34;30;30;36;53
SEC-0402;Semetre cero;I. E. SAN JOSE;Betulia;Antioquia;Oficial;6,1131;-75,9819;G5;S1;11;;;169;46;18;48;22;36
SEC-0403;Semetre cero;I. E. SAN JOSE;Betulia;Antioquia;Oficial;6,1131;-75,9819;G5;S1;11;;;168;37;26;40;28;47
SEC-0404;Semetre cero;I. E. SAN JOSE;Betulia;Antioquia;Oficial;6,1131;-75,9819;G5;S1;11;;;168;41;24;52;17;33
SEC-0405;Semetre cero;I. E. SAN JOSE;Betulia;Antioquia;Oficial;6,1131;-75,9819;G5;S1;11;;;168;54;16;44;21;33
SEC-0406;Semetre cero;I. E. SAN JOSE;Betulia;Antioquia;Oficial;6,1131;-75,9819;G5;S1;11;;;167;34;28;40;24;56
SEC-0407;Semetre cero;I. E. SAN JOSE;Betulia;Antioquia;Oficial;6,1131;-75,9819;G5;S1;11;;;165;39;18;40;31;45
SEC-0408;Semetre cero;I. E. SAN JOSE;Betulia;Antioquia;Oficial;6,1131;-75,9819;G5;S1;11;;;165;32;28;38;28;53
SEC-0409;Semetre cero;I. E. SAN JOSE;Betulia;Antioquia;Oficial;6,1131;-75,9819;G5;S1;11;;;165;34;14;54;22;55
SEC-0410;Semetre cero;I. E. SAN JOSE;Betulia;Antioquia;Oficial;6,1131;-75,9819;G5;S1;11;;;164;41;28;28;28;51
SEC-0411;Semetre cero;I. E. SAN JOSE;Betulia;Antioquia;Oficial;6,1131;-75,9819;G5;S1;11;;;162;34;12;50;26;55
SEC-0412;Semetre cero;I. E. SAN JOSE;Betulia;Antioquia;Oficial;6,1131;-75,9819;G5;S1;11;;;160;37;22;40;31;27
SEC-0413;Semetre cero;I. E. SAN JOSE;Betulia;Antioquia;Oficial;6,1131;-75,9819;G5;S1;11;;;159;39;20;34;31;40
SEC-0414;Semetre cero;I. E. SAN JOSE;Betulia;Antioquia;Oficial;6,1131;-75,9819;G5;S1;11;;;157;49;16;32;29;29
SEC-0415;Semetre cero;I. E. SAN JOSE;Betulia;Antioquia;Oficial;6,1131;-75,9819;G5;S1;11;;;155;51;18;24;28;40
SEC-0416;Semetre cero;I. E. SAN JOSE;Betulia;Antioquia;Oficial;6,1131;-75,9819;G5;S1;11;;;153;27;24;32;36;40
SEC-0417;Semetre cero;I. E. SAN JOSE;Betulia;Antioquia;Oficial;6,1131;-75,9819;G5;S1;11;;;152;51;14;36;19;35
SEC-0418;Semetre cero;I. E. SAN JOSE;Betulia;Antioquia;Oficial;6,1131;-75,9819;G5;S1;11;;;152;32;20;36;33;33
SEC-0419;Semetre cero;I. E. SAN JOSE;Betulia;Antioquia;Oficial;6,1131;-75,9819;G5;S1;11;;;147;32;22;28;38;24
SEC-0420;Semetre cero;I. E. SAN JOSE;Betulia;Antioquia;Oficial;6,1131;-75,9819;G5;S1;11;;;146;37;18;36;28;25
SEC-0421;Semetre cero;I. E. SAN JOSE;Betulia;Antioquia;Oficial;6,1131;-75,9819;G5;S1;11;;;134;32;20;34;19;35
SEC-0422;Semetre cero;I. E. SAN JOSE;Betulia;Antioquia;Oficial;6,1131;-75,9819;G5;S1;11;;;127;17;24;32;26;35
SEC-0423;Semetre cero;I. E. SAN JOSE;Betulia;Antioquia;Oficial;6,1131;-75,9819;G5;S1;11;;;123;20;22;26;33;20
SEC-0424;Semetre cero;I. E. SAN JOSE;Betulia;Antioquia;Oficial;6,1131;-75,9819;G5;S1;11;;;121;27;30;16;22;29
SEC-0425;Semetre cero;I. E. SAN JOSE;Betulia;Antioquia;Oficial;6,1131;-75,9819;G5;S1;11;;;117;27;10;28;22;42
SEC-0426;Semetre cero;I. E. SAN JOSE;Betulia;Antioquia;Oficial;6,1131;-75,9819;G5;S1;11;;;114;27;16;24;19;38
SEC-0427;Semetre cero;I. E. SAN JOSE;Betulia;Antioquia;Oficial;6,1131;-75,9819;G5;S1;11;;;100;44;20;16;7;0
SEC-0428;Semetre cero;I. E. SAN JOSE;Betulia;Antioquia;Oficial;6,1131;-75,9819;G5;S1;11;;;95;15;20;20;19;25
SEC-0429;Semetre cero;I. E. SAN JOSE;Betulia;Antioquia;Oficial;6,1131;-75,9819;G5;S1;11;;;94;39;18;14;10;0
SEC-0430;Semetre cero;I. E. SAN JOSE;Betulia;Antioquia;Oficial;6,1131;-75,9819;G5;S1;11;;;92;24;12;14;17;36
SEC-0431;Semetre cero;I. E. SAN JOSE;Betulia;Antioquia;Oficial;6,1131;-75,9819;G5;S1;11;;;70;22;12;20;7;0
SEC-0432;Semetre cero;I. E. ANTONIO ROLDAN BETANCUR;Briceño;Antioquia;Oficial;7,1108;-75,5511;G12;S1;11;;;242;59;34;56;43;55
SEC-0433;Semetre cero;I. E. ANTONIO ROLDAN BETANCUR;Briceño;Antioquia;Oficial;7,1108;-75,5511;G12;S1;11;;;229;49;38;60;36;47
SEC-0434;Semetre cero;I. E. ANTONIO ROLDAN BETANCUR;Briceño;Antioquia;Oficial;7,1108;-75,5511;G12;S1;11;;;206;51;32;48;34;38
SEC-0435;Semetre cero;I. E. ANTONIO ROLDAN BETANCUR;Briceño;Antioquia;Oficial;7,1108;-75,5511;G12;S1;11;;;185;37;38;50;24;35
SEC-0436;Semetre cero;I. E. ANTONIO ROLDAN BETANCUR;Briceño;Antioquia;Oficial;7,1108;-75,5511;G12;S1;11;;;184;34;28;58;31;25
SEC-0437;Semetre cero;I. E. ANTONIO ROLDAN BETANCUR;Briceño;Antioquia;Oficial;7,1108;-75,5511;G12;S1;11;;;183;41;22;44;36;44
SEC-0438;Semetre cero;I. E. ANTONIO ROLDAN BETANCUR;Briceño;Antioquia;Oficial;7,1108;-75,5511;G12;S1;11;;;183;44;28;40;29;51
SEC-0439;Semetre cero;I. E. ANTONIO ROLDAN BETANCUR;Briceño;Antioquia;Oficial;7,1108;-75,5511;G12;S1;11;;;180;44;28;44;29;33
SEC-0440;Semetre cero;I. E. ANTONIO ROLDAN BETANCUR;Briceño;Antioquia;Oficial;7,1108;-75,5511;G12;S1;11;;;178;39;34;34;38;27
SEC-0441;Semetre cero;I. E. ANTONIO ROLDAN BETANCUR;Briceño;Antioquia;Oficial;7,1108;-75,5511;G12;S1;11;;;175;39;26;38;38;33
SEC-0442;Semetre cero;I. E. ANTONIO ROLDAN BETANCUR;Briceño;Antioquia;Oficial;7,1108;-75,5511;G12;S1;11;;;174;41;20;42;38;29
SEC-0443;Semetre cero;I. E. ANTONIO ROLDAN BETANCUR;Briceño;Antioquia;Oficial;7,1108;-75,5511;G12;S1;11;;;173;44;22;44;26;42
SEC-0444;Semetre cero;I. E. ANTONIO ROLDAN BETANCUR;Briceño;Antioquia;Oficial;7,1108;-75,5511;G12;S1;11;;;171;41;32;34;29;35
SEC-0445;Semetre cero;I. E. ANTONIO ROLDAN BETANCUR;Briceño;Antioquia;Oficial;7,1108;-75,5511;G12;S1;11;;;170;34;22;52;29;31
SEC-0446;Semetre cero;I. E. ANTONIO ROLDAN BETANCUR;Briceño;Antioquia;Oficial;7,1108;-75,5511;G12;S1;11;;;169;22;34;36;40;45
SEC-0447;Semetre cero;I. E. ANTONIO ROLDAN BETANCUR;Briceño;Antioquia;Oficial;7,1108;-75,5511;G12;S1;11;;;169;39;28;38;29;36
SEC-0448;Semetre cero;I. E. ANTONIO ROLDAN BETANCUR;Briceño;Antioquia;Oficial;7,1108;-75,5511;G12;S1;11;;;169;39;26;40;31;31
SEC-0449;Semetre cero;I. E. ANTONIO ROLDAN BETANCUR;Briceño;Antioquia;Oficial;7,1108;-75,5511;G12;S1;11;;;168;34;22;42;36;33
SEC-0450;Semetre cero;I. E. ANTONIO ROLDAN BETANCUR;Briceño;Antioquia;Oficial;7,1108;-75,5511;G12;S1;11;;;166;46;22;40;26;29
SEC-0451;Semetre cero;I. E. ANTONIO ROLDAN BETANCUR;Briceño;Antioquia;Oficial;7,1108;-75,5511;G12;S1;11;;;153;41;22;36;26;22
SEC-0452;Semetre cero;I. E. ANTONIO ROLDAN BETANCUR;Briceño;Antioquia;Oficial;7,1108;-75,5511;G12;S1;11;;;153;34;30;36;21;35
SEC-0453;Semetre cero;I. E. ANTONIO ROLDAN BETANCUR;Briceño;Antioquia;Oficial;7,1108;-75,5511;G12;S1;11;;;152;34;20;40;28;29
SEC-0454;Semetre cero;I. E. ANTONIO ROLDAN BETANCUR;Briceño;Antioquia;Oficial;7,1108;-75,5511;G12;S1;11;;;150;37;22;36;22;40
SEC-0455;Semetre cero;I. E. ANTONIO ROLDAN BETANCUR;Briceño;Antioquia;Oficial;7,1108;-75,5511;G12;S1;11;;;149;29;20;40;29;33
SEC-0456;Semetre cero;I. E. ANTONIO ROLDAN BETANCUR;Briceño;Antioquia;Oficial;7,1108;-75,5511;G12;S1;11;;;146;27;34;34;19;38
SEC-0457;Semetre cero;I. E. ANTONIO ROLDAN BETANCUR;Briceño;Antioquia;Oficial;7,1108;-75,5511;G12;S1;11;;;145;29;24;30;29;38
SEC-0458;Semetre cero;I. E. ANTONIO ROLDAN BETANCUR;Briceño;Antioquia;Oficial;7,1108;-75,5511;G12;S1;11;;;143;32;24;28;33;24
SEC-0459;Semetre cero;I. E. ANTONIO ROLDAN BETANCUR;Briceño;Antioquia;Oficial;7,1108;-75,5511;G12;S1;11;;;142;32;18;32;29;36
SEC-0460;Semetre cero;I. E. ANTONIO ROLDAN BETANCUR;Briceño;Antioquia;Oficial;7,1108;-75,5511;G12;S1;11;;;141;39;14;24;31;44
SEC-0461;Semetre cero;I. E. ANTONIO ROLDAN BETANCUR;Briceño;Antioquia;Oficial;7,1108;-75,5511;G12;S1;11;;;138;29;24;24;28;45
SEC-0462;Semetre cero;I. E. ANTONIO ROLDAN BETANCUR;Briceño;Antioquia;Oficial;7,1108;-75,5511;G12;S1;11;;;138;39;14;30;26;31
SEC-0463;Semetre cero;I. E. ANTONIO ROLDAN BETANCUR;Briceño;Antioquia;Oficial;7,1108;-75,5511;G12;S1;11;;;138;46;22;24;19;24
SEC-0464;Semetre cero;I. E. ANTONIO ROLDAN BETANCUR;Briceño;Antioquia;Oficial;7,1108;-75,5511;G12;S1;11;;;136;39;20;30;19;31
SEC-0465;Semetre cero;I. E. R. ADOLFO MORENO USUGA;Buritica;Antioquia;Oficial;6,7119;-75,9086;G13;S1;11;;;269;76;32;64;43;56
SEC-0466;Semetre cero;I. E. R. ADOLFO MORENO USUGA;Buritica;Antioquia;Oficial;6,7119;-75,9086;G13;S1;11;;;266;61;56;60;36;53
SEC-0467;Semetre cero;I. E. R. ADOLFO MORENO USUGA;Buritica;Antioquia;Oficial;6,7119;-75,9086;G13;S1;11;;;252;59;42;58;40;60
SEC-0468;Semetre cero;I. E. R. ADOLFO MORENO USUGA;Buritica;Antioquia;Oficial;6,7119;-75,9086;G13;S1;11;;;237;54;38;64;29;60
SEC-0469;Semetre cero;I. E. R. ADOLFO MORENO USUGA;Buritica;Antioquia;Oficial;6,7119;-75,9086;G13;S1;11;;;222;59;28;54;36;47
SEC-0470;Semetre cero;I. E. R. ADOLFO MORENO USUGA;Buritica;Antioquia;Oficial;6,7119;-75,9086;G13;S1;11;;;218;44;36;60;29;60
SEC-0471;Semetre cero;I. E. R. ADOLFO MORENO USUGA;Buritica;Antioquia;Oficial;6,7119;-75,9086;G13;S1;11;;;209;61;24;58;22;47
SEC-0472;Semetre cero;I. E. R. ADOLFO MORENO USUGA;Buritica;Antioquia;Oficial;6,7119;-75,9086;G13;S1;11;;;194;51;30;48;24;45
SEC-0473;Semetre cero;I. E. R. ADOLFO MORENO USUGA;Buritica;Antioquia;Oficial;6,7119;-75,9086;G13;S1;11;;;194;37;38;42;36;45
SEC-0474;Semetre cero;I. E. R. ADOLFO MORENO USUGA;Buritica;Antioquia;Oficial;6,7119;-75,9086;G13;S1;11;;;193;39;30;50;33;45
SEC-0475;Semetre cero;I. E. R. ADOLFO MORENO USUGA;Buritica;Antioquia;Oficial;6,7119;-75,9086;G13;S1;11;;;191;44;16;64;28;42
SEC-0476;Semetre cero;I. E. R. ADOLFO MORENO USUGA;Buritica;Antioquia;Oficial;6,7119;-75,9086;G13;S1;11;;;187;41;28;46;31;47
SEC-0477;Semetre cero;I. E. R. ADOLFO MORENO USUGA;Buritica;Antioquia;Oficial;6,7119;-75,9086;G13;S1;11;;;186;41;28;44;36;35
SEC-0478;Semetre cero;I. E. R. ADOLFO MORENO USUGA;Buritica;Antioquia;Oficial;6,7119;-75,9086;G13;S1;11;;;185;34;40;44;26;49
SEC-0479;Semetre cero;I. E. R. ADOLFO MORENO USUGA;Buritica;Antioquia;Oficial;6,7119;-75,9086;G13;S1;11;;;177;37;28;54;22;38
SEC-0480;Semetre cero;I. E. R. ADOLFO MORENO USUGA;Buritica;Antioquia;Oficial;6,7119;-75,9086;G13;S1;11;;;170;34;24;48;29;36
SEC-0481;Semetre cero;I. E. R. ADOLFO MORENO USUGA;Buritica;Antioquia;Oficial;6,7119;-75,9086;G13;S1;11;;;168;37;32;42;22;38
SEC-0482;Semetre cero;I. E. R. ADOLFO MORENO USUGA;Buritica;Antioquia;Oficial;6,7119;-75,9086;G13;S1;11;;;152;41;22;30;26;38
SEC-0483;Semetre cero;I. E. R. ADOLFO MORENO USUGA;Buritica;Antioquia;Oficial;6,7119;-75,9086;G13;S1;11;;;149;29;16;46;22;45
SEC-0484;Semetre cero;I. E. R. ADOLFO MORENO USUGA;Buritica;Antioquia;Oficial;6,7119;-75,9086;G13;S1;11;;;144;39;28;28;17;38
SEC-0485;Semetre cero;I. E. R. ADOLFO MORENO USUGA;Buritica;Antioquia;Oficial;6,7119;-75,9086;G13;S1;11;;;134;34;28;26;16;38
SEC-0486;Semetre cero;I. E. GUARUMO;Caceres;Antioquia;Oficial;7,5758;-75,3486;G14;S1;11;;;232;59;34;54;41;38
SEC-0487;Semetre cero;I. E. GUARUMO;Caceres;Antioquia;Oficial;7,5758;-75,3486;G14;S1;11;;;222;54;34;60;29;45
SEC-0488;Semetre cero;I. E. GUARUMO;Caceres;Antioquia;Oficial;7,5758;-75,3486;G14;S1;11;;;217;56;22;64;31;44
SEC-0489;Semetre cero;I. E. GUARUMO;Caceres;Antioquia;Oficial;7,5758;-75,3486;G14;S1;11;;;209;59;34;34;36;56
SEC-0490;Semetre cero;I. E. GUARUMO;Caceres;Antioquia;Oficial;7,5758;-75,3486;G14;S1;11;;;207;56;38;48;24;40
SEC-0491;Semetre cero;I. E. GUARUMO;Caceres;Antioquia;Oficial;7,5758;-75,3486;G14;S1;11;;;201;54;20;56;31;42
SEC-0492;Semetre cero;I. E. GUARUMO;Caceres;Antioquia;Oficial;7,5758;-75,3486;G14;S1;11;;;199;46;32;48;33;40
SEC-0493;Semetre cero;I. E. GUARUMO;Caceres;Antioquia;Oficial;7,5758;-75,3486;G14;S1;11;;;199;44;40;36;40;38
SEC-0494;Semetre cero;I. E. GUARUMO;Caceres;Antioquia;Oficial;7,5758;-75,3486;G14;S1;11;;;198;59;28;52;19;42
SEC-0495;Semetre cero;I. E. GUARUMO;Caceres;Antioquia;Oficial;7,5758;-75,3486;G14;S1;11;;;193;49;28;48;26;51
SEC-0496;Semetre cero;I. E. GUARUMO;Caceres;Antioquia;Oficial;7,5758;-75,3486;G14;S1;11;;;186;49;22;48;26;51
SEC-0497;Semetre cero;I. E. GUARUMO;Caceres;Antioquia;Oficial;7,5758;-75,3486;G14;S1;11;;;185;54;38;40;22;20
SEC-0498;Semetre cero;I. E. GUARUMO;Caceres;Antioquia;Oficial;7,5758;-75,3486;G14;S1;11;;;182;46;30;46;22;38
SEC-0499;Semetre cero;I. E. GUARUMO;Caceres;Antioquia;Oficial;7,5758;-75,3486;G14;S1;11;;;180;46;22;44;29;42
SEC-0500;Semetre cero;I. E. GUARUMO;Caceres;Antioquia;Oficial;7,5758;-75,3486;G14;S1;11;;;175;44;14;42;36;47
SEC-0501;Semetre cero;I. E. GUARUMO;Caceres;Antioquia;Oficial;7,5758;-75,3486;G14;S1;11;;;174;34;24;50;31;35
SEC-0502;Semetre cero;I. E. GUARUMO;Caceres;Antioquia;Oficial;7,5758;-75,3486;G14;S1;11;;;173;39;22;50;28;35
SEC-0503;Semetre cero;I. E. GUARUMO;Caceres;Antioquia;Oficial;7,5758;-75,3486;G14;S1;11;;;172;29;32;50;26;36
SEC-0504;Semetre cero;I. E. GUARUMO;Caceres;Antioquia;Oficial;7,5758;-75,3486;G14;S1;11;;;170;44;30;38;24;35
SEC-0505;Semetre cero;I. E. GUARUMO;Caceres;Antioquia;Oficial;7,5758;-75,3486;G14;S1;11;;;170;39;26;40;28;44
SEC-0506;Semetre cero;I. E. GUARUMO;Caceres;Antioquia;Oficial;7,5758;-75,3486;G14;S1;11;;;170;37;24;38;36;36
SEC-0507;Semetre cero;I. E. GUARUMO;Caceres;Antioquia;Oficial;7,5758;-75,3486;G14;S1;11;;;168;32;26;48;29;33
SEC-0508;Semetre cero;I. E. GUARUMO;Caceres;Antioquia;Oficial;7,5758;-75,3486;G14;S1;11;;;168;34;24;52;26;29
SEC-0509;Semetre cero;I. E. GUARUMO;Caceres;Antioquia;Oficial;7,5758;-75,3486;G14;S1;11;;;167;41;20;40;31;36
SEC-0510;Semetre cero;I. E. GUARUMO;Caceres;Antioquia;Oficial;7,5758;-75,3486;G14;S1;11;;;166;32;28;38;36;31
SEC-0511;Semetre cero;I. E. GUARUMO;Caceres;Antioquia;Oficial;7,5758;-75,3486;G14;S1;11;;;166;39;24;36;34;31
SEC-0512;Semetre cero;I. E. GUARUMO;Caceres;Antioquia;Oficial;7,5758;-75,3486;G14;S1;11;;;165;41;26;36;29;31
SEC-0513;Semetre cero;I. E. GUARUMO;Caceres;Antioquia;Oficial;7,5758;-75,3486;G14;S1;11;;;161;37;28;42;24;25
SEC-0514;Semetre cero;I. E. GUARUMO;Caceres;Antioquia;Oficial;7,5758;-75,3486;G14;S1;11;;;160;39;24;34;31;31
SEC-0515;Semetre cero;I. E. GUARUMO;Caceres;Antioquia;Oficial;7,5758;-75,3486;G14;S1;11;;;159;32;20;42;29;44
SEC-0516;Semetre cero;I. E. GUARUMO;Caceres;Antioquia;Oficial;7,5758;-75,3486;G14;S1;11;;;157;41;24;24;34;36
SEC-0517;Semetre cero;I. E. GUARUMO;Caceres;Antioquia;Oficial;7,5758;-75,3486;G14;S1;11;;;156;37;28;46;14;33
SEC-0518;Semetre cero;I. E. GUARUMO;Caceres;Antioquia;Oficial;7,5758;-75,3486;G14;S1;11;;;154;27;26;40;29;35
SEC-0519;Semetre cero;I. E. GUARUMO;Caceres;Antioquia;Oficial;7,5758;-75,3486;G14;S1;11;;;153;32;34;34;24;27
SEC-0520;Semetre cero;I. E. GUARUMO;Caceres;Antioquia;Oficial;7,5758;-75,3486;G14;S1;11;;;150;41;28;18;28;44
SEC-0521;Semetre cero;I. E. GUARUMO;Caceres;Antioquia;Oficial;7,5758;-75,3486;G14;S1;11;;;149;34;12;48;26;27
SEC-0522;Semetre cero;I. E. GUARUMO;Caceres;Antioquia;Oficial;7,5758;-75,3486;G14;S1;11;;;149;24;30;38;29;22
SEC-0523;Semetre cero;I. E. GUARUMO;Caceres;Antioquia;Oficial;7,5758;-75,3486;G14;S1;11;;;147;32;28;24;34;27
SEC-0524;Semetre cero;I. E. GUARUMO;Caceres;Antioquia;Oficial;7,5758;-75,3486;G14;S1;11;;;146;37;18;24;36;36
SEC-0525;Semetre cero;I. E. GUARUMO;Caceres;Antioquia;Oficial;7,5758;-75,3486;G14;S1;11;;;142;44;24;26;21;25
SEC-0526;Semetre cero;I. E. GUARUMO;Caceres;Antioquia;Oficial;7,5758;-75,3486;G14;S1;11;;;141;34;16;30;26;49
SEC-0527;Semetre cero;I. E. GUARUMO;Caceres;Antioquia;Oficial;7,5758;-75,3486;G14;S1;11;;;141;39;32;32;12;22
SEC-0528;Semetre cero;I. E. GUARUMO;Caceres;Antioquia;Oficial;7,5758;-75,3486;G14;S1;11;;;140;34;22;32;21;36
SEC-0529;Semetre cero;I. E. GUARUMO;Caceres;Antioquia;Oficial;7,5758;-75,3486;G14;S1;11;;;139;22;24;32;36;20
SEC-0530;Semetre cero;I. E. GUARUMO;Caceres;Antioquia;Oficial;7,5758;-75,3486;G14;S1;11;;;138;29;28;32;22;24
SEC-0531;Semetre cero;I. E. GUARUMO;Caceres;Antioquia;Oficial;7,5758;-75,3486;G14;S1;11;;;138;34;18;30;26;35
SEC-0532;Semetre cero;I. E. GUARUMO;Caceres;Antioquia;Oficial;7,5758;-75,3486;G14;S1;11;;;138;32;28;22;19;56
SEC-0533;Semetre cero;I. E. GUARUMO;Caceres;Antioquia;Oficial;7,5758;-75,3486;G14;S1;11;;;136;37;22;32;19;25
SEC-0534;Semetre cero;I. E. GUARUMO;Caceres;Antioquia;Oficial;7,5758;-75,3486;G14;S1;11;;;132;24;28;26;24;35
SEC-0535;Semetre cero;I. E. GUARUMO;Caceres;Antioquia;Oficial;7,5758;-75,3486;G14;S1;11;;;128;32;26;26;17;31
SEC-0536;Semetre cero;I. E. GUARUMO;Caceres;Antioquia;Oficial;7,5758;-75,3486;G14;S1;11;;;127;15;34;30;22;27
SEC-0537;Semetre cero;I. E. GUARUMO;Caceres;Antioquia;Oficial;7,5758;-75,3486;G14;S1;11;;;126;27;26;24;24;25
SEC-0538;Semetre cero;I. E. GUARUMO;Caceres;Antioquia;Oficial;7,5758;-75,3486;G14;S1;11;;;124;27;12;36;22;31
SEC-0539;Semetre cero;I. E. GUARUMO;Caceres;Antioquia;Oficial;7,5758;-75,3486;G14;S1;11;;;121;37;16;28;16;27
SEC-0540;Semetre cero;I. E. GUARUMO;Caceres;Antioquia;Oficial;7,5758;-75,3486;G14;S1;11;;;120;27;18;28;22;27
SEC-0541;Semetre cero;I. E. GUARUMO;Caceres;Antioquia;Oficial;7,5758;-75,3486;G14;S1;11;;;119;29;32;14;17;31
SEC-0542;Semetre cero;I. E. GUARUMO;Caceres;Antioquia;Oficial;7,5758;-75,3486;G14;S1;11;;;103;17;18;20;24;31
SEC-0543;Semetre cero;I. E. PIAMONTE;Caceres;Antioquia;Oficial;7,5758;-75,3486;G15;S1;11;;;194;56;22;46;33;33
SEC-0544;Semetre cero;I. E. PIAMONTE;Caceres;Antioquia;Oficial;7,5758;-75,3486;G15;S1;11;;;185;39;36;44;33;25
SEC-0545;Semetre cero;I. E. PIAMONTE;Caceres;Antioquia;Oficial;7,5758;-75,3486;G15;S1;11;;;181;49;14;42;38;42
SEC-0546;Semetre cero;I. E. PIAMONTE;Caceres;Antioquia;Oficial;7,5758;-75,3486;G15;S1;11;;;177;46;24;42;26;45
SEC-0547;Semetre cero;I. E. PIAMONTE;Caceres;Antioquia;Oficial;7,5758;-75,3486;G15;S1;11;;;174;41;24;38;38;29
SEC-0548;Semetre cero;I. E. PIAMONTE;Caceres;Antioquia;Oficial;7,5758;-75,3486;G15;S1;11;;;174;34;30;42;33;35
SEC-0549;Semetre cero;I. E. PIAMONTE;Caceres;Antioquia;Oficial;7,5758;-75,3486;G15;S1;11;;;169;44;16;50;26;33
SEC-0550;Semetre cero;I. E. PIAMONTE;Caceres;Antioquia;Oficial;7,5758;-75,3486;G15;S1;11;;;169;39;32;34;31;31
SEC-0551;Semetre cero;I. E. PIAMONTE;Caceres;Antioquia;Oficial;7,5758;-75,3486;G15;S1;11;;;162;34;20;48;24;44
SEC-0552;Semetre cero;I. E. PIAMONTE;Caceres;Antioquia;Oficial;7,5758;-75,3486;G15;S1;11;;;156;39;24;36;22;42
SEC-0553;Semetre cero;I. E. PIAMONTE;Caceres;Antioquia;Oficial;7,5758;-75,3486;G15;S1;11;;;148;34;24;30;28;38
SEC-0554;Semetre cero;I. E. PIAMONTE;Caceres;Antioquia;Oficial;7,5758;-75,3486;G15;S1;11;;;148;37;24;34;22;33
SEC-0555;Semetre cero;I. E. PIAMONTE;Caceres;Antioquia;Oficial;7,5758;-75,3486;G15;S1;11;;;146;29;24;38;24;35
SEC-0556;Semetre cero;I. E. PIAMONTE;Caceres;Antioquia;Oficial;7,5758;-75,3486;G15;S1;11;;;141;34;32;32;19;16
SEC-0557;Semetre cero;I. E. PIAMONTE;Caceres;Antioquia;Oficial;7,5758;-75,3486;G15;S1;11;;;136;34;24;18;31;31
SEC-0558;Semetre cero;I. E. PIAMONTE;Caceres;Antioquia;Oficial;7,5758;-75,3486;G15;S1;11;;;125;29;26;24;17;35
SEC-0559;Semetre cero;I. E. PIAMONTE;Caceres;Antioquia;Oficial;7,5758;-75,3486;G15;S1;11;;;119;22;14;24;36;20
SEC-0560;Semetre cero;I. E. PIAMONTE;Caceres;Antioquia;Oficial;7,5758;-75,3486;G15;S1;11;;;118;27;20;22;22;33
SEC-0561;Semetre cero;I. E. PIAMONTE;Caceres;Antioquia;Oficial;7,5758;-75,3486;G15;S1;11;;;114;20;26;26;21;20
SEC-0562;Semetre cero;I. E. PIAMONTE;Caceres;Antioquia;Oficial;7,5758;-75,3486;G15;S1;11;;;110;22;24;24;16;29
SEC-0563;Semetre cero;I. E. SAN JUAN BOSCO;Caicedo;Antioquia;Oficial;6,4086;-75,9828;G16;S1;11;;;256;59;26;66;57;44
SEC-0564;Semetre cero;I. E. SAN JUAN BOSCO;Caicedo;Antioquia;Oficial;6,4086;-75,9828;G16;S1;11;;;251;59;38;64;38;56
SEC-0565;Semetre cero;I. E. SAN JUAN BOSCO;Caicedo;Antioquia;Oficial;6,4086;-75,9828;G16;S1;11;;;236;56;24;60;47;55
SEC-0566;Semetre cero;I. E. SAN JUAN BOSCO;Caicedo;Antioquia;Oficial;6,4086;-75,9828;G16;S1;11;;;228;49;36;54;40;58
SEC-0567;Semetre cero;I. E. SAN JUAN BOSCO;Caicedo;Antioquia;Oficial;6,4086;-75,9828;G16;S1;11;;;223;49;24;72;28;62
SEC-0568;Semetre cero;I. E. SAN JUAN BOSCO;Caicedo;Antioquia;Oficial;6,4086;-75,9828;G16;S1;11;;;223;61;24;54;33;64
SEC-0569;Semetre cero;I. E. SAN JUAN BOSCO;Caicedo;Antioquia;Oficial;6,4086;-75,9828;G16;S1;11;;;214;56;32;58;28;35
SEC-0570;Semetre cero;I. E. SAN JUAN BOSCO;Caicedo;Antioquia;Oficial;6,4086;-75,9828;G16;S1;11;;;210;63;26;46;34;36
SEC-0571;Semetre cero;I. E. SAN JUAN BOSCO;Caicedo;Antioquia;Oficial;6,4086;-75,9828;G16;S1;11;;;206;54;18;48;40;56
SEC-0572;Semetre cero;I. E. SAN JUAN BOSCO;Caicedo;Antioquia;Oficial;6,4086;-75,9828;G16;S1;11;;;204;49;26;62;24;47
SEC-0573;Semetre cero;I. E. SAN JUAN BOSCO;Caicedo;Antioquia;Oficial;6,4086;-75,9828;G16;S1;11;;;199;54;32;46;26;45
SEC-0574;Semetre cero;I. E. SAN JUAN BOSCO;Caicedo;Antioquia;Oficial;6,4086;-75,9828;G16;S1;11;;;196;49;20;50;38;38
SEC-0575;Semetre cero;I. E. SAN JUAN BOSCO;Caicedo;Antioquia;Oficial;6,4086;-75,9828;G16;S1;11;;;193;54;22;48;29;44
SEC-0576;Semetre cero;I. E. SAN JUAN BOSCO;Caicedo;Antioquia;Oficial;6,4086;-75,9828;G16;S1;11;;;193;44;42;48;22;33
SEC-0577;Semetre cero;I. E. SAN JUAN BOSCO;Caicedo;Antioquia;Oficial;6,4086;-75,9828;G16;S1;11;;;191;51;30;46;28;33
SEC-0578;Semetre cero;I. E. SAN JUAN BOSCO;Caicedo;Antioquia;Oficial;6,4086;-75,9828;G16;S1;11;;;184;46;20;42;38;40
SEC-0579;Semetre cero;I. E. SAN JUAN BOSCO;Caicedo;Antioquia;Oficial;6,4086;-75,9828;G16;S1;11;;;182;44;24;40;36;42
SEC-0580;Semetre cero;I. E. SAN JUAN BOSCO;Caicedo;Antioquia;Oficial;6,4086;-75,9828;G16;S1;11;;;179;44;30;44;28;29
SEC-0581;Semetre cero;I. E. SAN JUAN BOSCO;Caicedo;Antioquia;Oficial;6,4086;-75,9828;G16;S1;11;;;175;41;28;34;33;47
SEC-0582;Semetre cero;I. E. SAN JUAN BOSCO;Caicedo;Antioquia;Oficial;6,4086;-75,9828;G16;S1;11;;;152;34;28;40;19;31
SEC-0583;Semetre cero;I. E. SAN JUAN BOSCO;Caicedo;Antioquia;Oficial;6,4086;-75,9828;G16;S1;11;;;145;27;30;30;31;24
SEC-0584;Semetre cero;I. E. SAN JUAN BOSCO;Caicedo;Antioquia;Oficial;6,4086;-75,9828;G16;S1;11;;;132;34;20;24;29;20
SEC-0585;Semetre cero;I. E. SAN JUAN BOSCO;Caicedo;Antioquia;Oficial;6,4086;-75,9828;G16;S1;11;;;130;29;20;26;24;40
SEC-0586;Semetre cero;I. E. NUESTRA SEÑORA DEL ROSARIO;Campamento;Antioquia;Oficial;6,9786;-75,2961;G17;S1;11;;;262;66;34;60;38;87
SEC-0587;Semetre cero;I. E. NUESTRA SEÑORA DEL ROSARIO;Campamento;Antioquia;Oficial;6,9786;-75,2961;G17;S1;11;;;220;61;28;52;31;56
SEC-0588;Semetre cero;I. E. NUESTRA SEÑORA DEL ROSARIO;Campamento;Antioquia;Oficial;6,9786;-75,2961;G17;S1;11;;;211;49;26;60;28;62
SEC-0589;Semetre cero;I. E. NUESTRA SEÑORA DEL ROSARIO;Campamento;Antioquia;Oficial;6,9786;-75,2961;G17;S1;11;;;200;46;28;56;29;42
SEC-0590;Semetre cero;I. E. NUESTRA SEÑORA DEL ROSARIO;Campamento;Antioquia;Oficial;6,9786;-75,2961;G17;S1;11;;;200;51;30;52;28;38
SEC-0591;Semetre cero;I. E. NUESTRA SEÑORA DEL ROSARIO;Campamento;Antioquia;Oficial;6,9786;-75,2961;G17;S1;11;;;197;41;26;60;24;58
SEC-0592;Semetre cero;I. E. NUESTRA SEÑORA DEL ROSARIO;Campamento;Antioquia;Oficial;6,9786;-75,2961;G17;S1;11;;;193;46;32;44;33;36
SEC-0593;Semetre cero;I. E. NUESTRA SEÑORA DEL ROSARIO;Campamento;Antioquia;Oficial;6,9786;-75,2961;G17;S1;11;;;192;39;22;60;24;64
SEC-0594;Semetre cero;I. E. NUESTRA SEÑORA DEL ROSARIO;Campamento;Antioquia;Oficial;6,9786;-75,2961;G17;S1;11;;;186;44;20;56;24;53
SEC-0595;Semetre cero;I. E. NUESTRA SEÑORA DEL ROSARIO;Campamento;Antioquia;Oficial;6,9786;-75,2961;G17;S1;11;;;186;54;18;42;24;71
SEC-0596;Semetre cero;I. E. NUESTRA SEÑORA DEL ROSARIO;Campamento;Antioquia;Oficial;6,9786;-75,2961;G17;S1;11;;;181;49;24;28;41;44
SEC-0597;Semetre cero;I. E. NUESTRA SEÑORA DEL ROSARIO;Campamento;Antioquia;Oficial;6,9786;-75,2961;G17;S1;11;;;179;41;30;44;28;36
SEC-0598;Semetre cero;I. E. NUESTRA SEÑORA DEL ROSARIO;Campamento;Antioquia;Oficial;6,9786;-75,2961;G17;S1;11;;;177;49;26;42;22;44
SEC-0599;Semetre cero;I. E. NUESTRA SEÑORA DEL ROSARIO;Campamento;Antioquia;Oficial;6,9786;-75,2961;G17;S1;11;;;175;34;24;38;33;67
SEC-0600;Semetre cero;I. E. NUESTRA SEÑORA DEL ROSARIO;Campamento;Antioquia;Oficial;6,9786;-75,2961;G17;S1;11;;;169;46;16;54;10;60
SEC-0601;Semetre cero;I. E. NUESTRA SEÑORA DEL ROSARIO;Campamento;Antioquia;Oficial;6,9786;-75,2961;G17;S1;11;;;166;37;28;40;28;36
SEC-0602;Semetre cero;I. E. NUESTRA SEÑORA DEL ROSARIO;Campamento;Antioquia;Oficial;6,9786;-75,2961;G17;S1;11;;;166;41;20;38;28;51
SEC-0603;Semetre cero;I. E. NUESTRA SEÑORA DEL ROSARIO;Campamento;Antioquia;Oficial;6,9786;-75,2961;G17;S1;11;;;166;34;24;52;22;33
SEC-0604;Semetre cero;I. E. NUESTRA SEÑORA DEL ROSARIO;Campamento;Antioquia;Oficial;6,9786;-75,2961;G17;S1;11;;;160;34;16;42;29;51
SEC-0605;Semetre cero;I. E. NUESTRA SEÑORA DEL ROSARIO;Campamento;Antioquia;Oficial;6,9786;-75,2961;G17;S1;11;;;146;34;20;36;22;42
SEC-0606;Semetre cero;I. E. NUESTRA SEÑORA DEL ROSARIO;Campamento;Antioquia;Oficial;6,9786;-75,2961;G17;S1;11;;;145;39;24;26;29;22
SEC-0607;Semetre cero;I. E. NUESTRA SEÑORA DEL ROSARIO;Campamento;Antioquia;Oficial;6,9786;-75,2961;G17;S1;11;;;141;39;22;28;24;27
SEC-0608;Semetre cero;I. E. NUESTRA SEÑORA DEL ROSARIO;Campamento;Antioquia;Oficial;6,9786;-75,2961;G17;S1;11;;;140;41;20;38;14;25
SEC-0609;Semetre cero;I. E. NUESTRA SEÑORA DEL ROSARIO;Campamento;Antioquia;Oficial;6,9786;-75,2961;G17;S1;11;;;127;39;18;28;17;24
SEC-0610;Semetre cero;I. E. NUESTRA SEÑORA DEL ROSARIO;Campamento;Antioquia;Oficial;6,9786;-75,2961;G17;S1;11;;;121;29;12;30;21;38
SEC-0611;Semetre cero;I. E. NUESTRA SEÑORA DEL ROSARIO;Campamento;Antioquia;Oficial;6,9786;-75,2961;G17;S1;11;;;87;20;8;34;14;0
SEC-0612;Semetre cero;I. E. GABRIEL CORREA VELEZ;Caracoli;Antioquia;Oficial;6,4864;-74,76;G18;S1;11;;;304;73;46;60;64;62
SEC-0613;Semetre cero;I. E. GABRIEL CORREA VELEZ;Caracoli;Antioquia;Oficial;6,4864;-74,76;G18;S1;11;;;292;68;42;64;60;55
SEC-0614;Semetre cero;I. E. GABRIEL CORREA VELEZ;Caracoli;Antioquia;Oficial;6,4864;-74,76;G18;S1;11;;;286;63;42;64;60;55
SEC-0615;Semetre cero;I. E. GABRIEL CORREA VELEZ;Caracoli;Antioquia;Oficial;6,4864;-74,76;G18;S1;11;;;283;63;42;64;60;45
SEC-0616;Semetre cero;I. E. GABRIEL CORREA VELEZ;Caracoli;Antioquia;Oficial;6,4864;-74,76;G18;S1;11;;;275;56;46;64;48;73
SEC-0617;Semetre cero;I. E. GABRIEL CORREA VELEZ;Caracoli;Antioquia;Oficial;6,4864;-74,76;G18;S1;11;;;263;63;28;62;59;47
SEC-0618;Semetre cero;I. E. GABRIEL CORREA VELEZ;Caracoli;Antioquia;Oficial;6,4864;-74,76;G18;S1;11;;;261;59;50;54;40;71
SEC-0619;Semetre cero;I. E. GABRIEL CORREA VELEZ;Caracoli;Antioquia;Oficial;6,4864;-74,76;G18;S1;11;;;256;49;44;64;45;62
SEC-0620;Semetre cero;I. E. GABRIEL CORREA VELEZ;Caracoli;Antioquia;Oficial;6,4864;-74,76;G18;S1;11;;;256;61;40;48;53;58
SEC-0621;Semetre cero;I. E. GABRIEL CORREA VELEZ;Caracoli;Antioquia;Oficial;6,4864;-74,76;G18;S1;11;;;254;61;44;62;36;51
SEC-0622;Semetre cero;I. E. GABRIEL CORREA VELEZ;Caracoli;Antioquia;Oficial;6,4864;-74,76;G18;S1;11;;;252;63;34;70;34;49
SEC-0623;Semetre cero;I. E. GABRIEL CORREA VELEZ;Caracoli;Antioquia;Oficial;6,4864;-74,76;G18;S1;11;;;249;49;46;50;52;58
SEC-0624;Semetre cero;I. E. GABRIEL CORREA VELEZ;Caracoli;Antioquia;Oficial;6,4864;-74,76;G18;S1;11;;;248;63;36;44;52;58
SEC-0625;Semetre cero;I. E. GABRIEL CORREA VELEZ;Caracoli;Antioquia;Oficial;6,4864;-74,76;G18;S1;11;;;244;61;48;56;28;56
SEC-0626;Semetre cero;I. E. GABRIEL CORREA VELEZ;Caracoli;Antioquia;Oficial;6,4864;-74,76;G18;S1;11;;;240;44;32;62;52;56
SEC-0627;Semetre cero;I. E. GABRIEL CORREA VELEZ;Caracoli;Antioquia;Oficial;6,4864;-74,76;G18;S1;11;;;236;63;32;56;41;36
SEC-0628;Semetre cero;I. E. GABRIEL CORREA VELEZ;Caracoli;Antioquia;Oficial;6,4864;-74,76;G18;S1;11;;;232;51;38;40;55;49
SEC-0629;Semetre cero;I. E. GABRIEL CORREA VELEZ;Caracoli;Antioquia;Oficial;6,4864;-74,76;G18;S1;11;;;217;41;26;52;52;51
SEC-0630;Semetre cero;I. E. GABRIEL CORREA VELEZ;Caracoli;Antioquia;Oficial;6,4864;-74,76;G18;S1;11;;;217;34;48;54;36;47
SEC-0631;Semetre cero;I. E. GABRIEL CORREA VELEZ;Caracoli;Antioquia;Oficial;6,4864;-74,76;G18;S1;11;;;209;46;36;56;31;35
SEC-0632;Semetre cero;I. E. GABRIEL CORREA VELEZ;Caracoli;Antioquia;Oficial;6,4864;-74,76;G18;S1;11;;;170;61;16;32;38;0
SEC-0633;Semetre cero;I. E. GABRIEL CORREA VELEZ;Caracoli;Antioquia;Oficial;6,4864;-74,76;G18;S1;11;;;166;61;22;32;29;0
SEC-0634;Semetre cero;I. E. GABRIEL CORREA VELEZ;Caracoli;Antioquia;Oficial;6,4864;-74,76;G18;S1;11;;;107;41;14;22;16;0
SEC-0635;Semetre cero;I. E. GABRIEL CORREA VELEZ;Caracoli;Antioquia;Oficial;6,4864;-74,76;G18;S1;11;;;98;0;22;32;17;40
SEC-0636;Semetre cero;I. E. GABRIEL CORREA VELEZ;Caracoli;Antioquia;Oficial;6,4864;-74,76;G18;S1;11;;;84;0;8;32;19;42
SEC-0637;Semetre cero;I. E. GABRIEL CORREA VELEZ;Caracoli;Antioquia;Oficial;6,4864;-74,76;G18;S1;11;;;71;0;2;34;16;31
SEC-0638;Semetre cero;I. E. JUAN PABLO GOMEZ OCHOA;Caramanta;Antioquia;Oficial;5,5469;-75,6425;G19;S1;11;;;241;59;40;56;40;44
SEC-0639;Semetre cero;I. E. JUAN PABLO GOMEZ OCHOA;Caramanta;Antioquia;Oficial;5,5469;-75,6425;G19;S1;11;;;227;54;42;48;41;35
SEC-0640;Semetre cero;I. E. JUAN PABLO GOMEZ OCHOA;Caramanta;Antioquia;Oficial;5,5469;-75,6425;G19;S1;11;;;205;46;28;52;34;51
SEC-0641;Semetre cero;I. E. JUAN PABLO GOMEZ OCHOA;Caramanta;Antioquia;Oficial;5,5469;-75,6425;G19;S1;11;;;201;49;32;42;31;62
SEC-0642;Semetre cero;I. E. JUAN PABLO GOMEZ OCHOA;Caramanta;Antioquia;Oficial;5,5469;-75,6425;G19;S1;11;;;199;63;36;34;22;51
SEC-0643;Semetre cero;I. E. JUAN PABLO GOMEZ OCHOA;Caramanta;Antioquia;Oficial;5,5469;-75,6425;G19;S1;11;;;199;46;38;48;28;38
SEC-0644;Semetre cero;I. E. JUAN PABLO GOMEZ OCHOA;Caramanta;Antioquia;Oficial;5,5469;-75,6425;G19;S1;11;;;191;37;26;50;45;25
SEC-0645;Semetre cero;I. E. JUAN PABLO GOMEZ OCHOA;Caramanta;Antioquia;Oficial;5,5469;-75,6425;G19;S1;11;;;185;54;16;44;34;36
SEC-0646;Semetre cero;I. E. JUAN PABLO GOMEZ OCHOA;Caramanta;Antioquia;Oficial;5,5469;-75,6425;G19;S1;11;;;183;51;22;42;33;33
SEC-0647;Semetre cero;I. E. JUAN PABLO GOMEZ OCHOA;Caramanta;Antioquia;Oficial;5,5469;-75,6425;G19;S1;11;;;183;44;34;46;26;25
SEC-0648;Semetre cero;I. E. JUAN PABLO GOMEZ OCHOA;Caramanta;Antioquia;Oficial;5,5469;-75,6425;G19;S1;11;;;182;44;26;48;29;31
SEC-0649;Semetre cero;I. E. JUAN PABLO GOMEZ OCHOA;Caramanta;Antioquia;Oficial;5,5469;-75,6425;G19;S1;11;;;181;49;26;38;31;38
SEC-0650;Semetre cero;I. E. JUAN PABLO GOMEZ OCHOA;Caramanta;Antioquia;Oficial;5,5469;-75,6425;G19;S1;11;;;180;44;26;38;34;40
SEC-0651;Semetre cero;I. E. JUAN PABLO GOMEZ OCHOA;Caramanta;Antioquia;Oficial;5,5469;-75,6425;G19;S1;11;;;177;46;24;46;22;44
SEC-0652;Semetre cero;I. E. JUAN PABLO GOMEZ OCHOA;Caramanta;Antioquia;Oficial;5,5469;-75,6425;G19;S1;11;;;176;37;26;34;36;60
SEC-0653;Semetre cero;I. E. JUAN PABLO GOMEZ OCHOA;Caramanta;Antioquia;Oficial;5,5469;-75,6425;G19;S1;11;;;170;46;18;40;29;40
SEC-0654;Semetre cero;I. E. JUAN PABLO GOMEZ OCHOA;Caramanta;Antioquia;Oficial;5,5469;-75,6425;G19;S1;11;;;162;41;14;50;28;22
SEC-0655;Semetre cero;I. E. JUAN PABLO GOMEZ OCHOA;Caramanta;Antioquia;Oficial;5,5469;-75,6425;G19;S1;11;;;159;41;16;46;22;36
SEC-0656;Semetre cero;I. E. JUAN PABLO GOMEZ OCHOA;Caramanta;Antioquia;Oficial;5,5469;-75,6425;G19;S1;11;;;153;39;14;32;33;44
SEC-0657;Semetre cero;I. E. JUAN PABLO GOMEZ OCHOA;Caramanta;Antioquia;Oficial;5,5469;-75,6425;G19;S1;11;;;151;37;32;24;28;33
SEC-0658;Semetre cero;I. E. JUAN PABLO GOMEZ OCHOA;Caramanta;Antioquia;Oficial;5,5469;-75,6425;G19;S1;11;;;144;27;32;36;22;22
SEC-0659;Semetre cero;I. E. JUAN PABLO GOMEZ OCHOA;Caramanta;Antioquia;Oficial;5,5469;-75,6425;G19;S1;11;;;142;29;24;34;22;40
SEC-0660;Semetre cero;I. E. JUAN PABLO GOMEZ OCHOA;Caramanta;Antioquia;Oficial;5,5469;-75,6425;G19;S1;11;;;139;27;32;38;16;25
SEC-0661;Semetre cero;I. E. JUAN PABLO GOMEZ OCHOA;Caramanta;Antioquia;Oficial;5,5469;-75,6425;G19;S1;11;;;136;29;22;32;22;36
SEC-0662;Semetre cero;I. E. JUAN PABLO GOMEZ OCHOA;Caramanta;Antioquia;Oficial;5,5469;-75,6425;G19;S1;11;;;136;34;22;30;21;33
SEC-0663;Semetre cero;I. E. JUAN PABLO GOMEZ OCHOA;Caramanta;Antioquia;Oficial;5,5469;-75,6425;G19;S1;11;;;90;12;26;10;21;27
SEC-0664;Semetre cero;I. E. JOSE MARIA MUÑOZ FLOREZ;Carepa;Antioquia;Oficial;7,7578;-76,6547;G20;S1;11;;;288;61;42;74;48;73
SEC-0665;Semetre cero;I. E. JOSE MARIA MUÑOZ FLOREZ;Carepa;Antioquia;Oficial;7,7578;-76,6547;G20;S1;11;;;279;76;40;72;40;44
SEC-0666;Semetre cero;I. E. JOSE MARIA MUÑOZ FLOREZ;Carepa;Antioquia;Oficial;7,7578;-76,6547;G20;S1;11;;;272;71;44;66;36;56
SEC-0667;Semetre cero;I. E. JOSE MARIA MUÑOZ FLOREZ;Carepa;Antioquia;Oficial;7,7578;-76,6547;G20;S1;11;;;253;68;34;60;34;67
SEC-0668;Semetre cero;I. E. JOSE MARIA MUÑOZ FLOREZ;Carepa;Antioquia;Oficial;7,7578;-76,6547;G20;S1;11;;;245;66;28;62;38;55
SEC-0669;Semetre cero;I. E. JOSE MARIA MUÑOZ FLOREZ;Carepa;Antioquia;Oficial;7,7578;-76,6547;G20;S1;11;;;244;46;32;72;41;60
SEC-0670;Semetre cero;I. E. JOSE MARIA MUÑOZ FLOREZ;Carepa;Antioquia;Oficial;7,7578;-76,6547;G20;S1;11;;;244;61;28;62;41;56
SEC-0671;Semetre cero;I. E. JOSE MARIA MUÑOZ FLOREZ;Carepa;Antioquia;Oficial;7,7578;-76,6547;G20;S1;11;;;237;61;36;68;29;33
SEC-0672;Semetre cero;I. E. JOSE MARIA MUÑOZ FLOREZ;Carepa;Antioquia;Oficial;7,7578;-76,6547;G20;S1;11;;;231;49;28;62;43;55
SEC-0673;Semetre cero;I. E. JOSE MARIA MUÑOZ FLOREZ;Carepa;Antioquia;Oficial;7,7578;-76,6547;G20;S1;11;;;228;49;24;72;33;60
SEC-0674;Semetre cero;I. E. JOSE MARIA MUÑOZ FLOREZ;Carepa;Antioquia;Oficial;7,7578;-76,6547;G20;S1;11;;;224;51;30;64;34;44
SEC-0675;Semetre cero;I. E. JOSE MARIA MUÑOZ FLOREZ;Carepa;Antioquia;Oficial;7,7578;-76,6547;G20;S1;11;;;222;51;30;60;33;55
SEC-0676;Semetre cero;I. E. JOSE MARIA MUÑOZ FLOREZ;Carepa;Antioquia;Oficial;7,7578;-76,6547;G20;S1;11;;;220;56;38;52;28;51
SEC-0677;Semetre cero;I. E. JOSE MARIA MUÑOZ FLOREZ;Carepa;Antioquia;Oficial;7,7578;-76,6547;G20;S1;11;;;219;59;26;60;28;53
SEC-0678;Semetre cero;I. E. JOSE MARIA MUÑOZ FLOREZ;Carepa;Antioquia;Oficial;7,7578;-76,6547;G20;S1;11;;;218;51;34;52;36;45
SEC-0679;Semetre cero;I. E. JOSE MARIA MUÑOZ FLOREZ;Carepa;Antioquia;Oficial;7,7578;-76,6547;G20;S1;11;;;208;63;24;44;33;49
SEC-0680;Semetre cero;I. E. JOSE MARIA MUÑOZ FLOREZ;Carepa;Antioquia;Oficial;7,7578;-76,6547;G20;S1;11;;;206;46;22;62;29;56
SEC-0681;Semetre cero;I. E. JOSE MARIA MUÑOZ FLOREZ;Carepa;Antioquia;Oficial;7,7578;-76,6547;G20;S1;11;;;204;41;36;48;33;56
SEC-0682;Semetre cero;I. E. JOSE MARIA MUÑOZ FLOREZ;Carepa;Antioquia;Oficial;7,7578;-76,6547;G20;S1;11;;;204;49;24;50;36;53
SEC-0683;Semetre cero;I. E. JOSE MARIA MUÑOZ FLOREZ;Carepa;Antioquia;Oficial;7,7578;-76,6547;G20;S1;11;;;202;54;36;50;26;29
SEC-0684;Semetre cero;I. E. JOSE MARIA MUÑOZ FLOREZ;Carepa;Antioquia;Oficial;7,7578;-76,6547;G20;S1;11;;;198;51;30;46;22;65
SEC-0685;Semetre cero;I. E. JOSE MARIA MUÑOZ FLOREZ;Carepa;Antioquia;Oficial;7,7578;-76,6547;G20;S1;11;;;196;46;30;50;24;58
SEC-0686;Semetre cero;I. E. JOSE MARIA MUÑOZ FLOREZ;Carepa;Antioquia;Oficial;7,7578;-76,6547;G20;S1;11;;;191;49;28;44;26;56
SEC-0687;Semetre cero;I. E. JOSE MARIA MUÑOZ FLOREZ;Carepa;Antioquia;Oficial;7,7578;-76,6547;G20;S1;11;;;190;46;36;44;26;38
SEC-0688;Semetre cero;I. E. JOSE MARIA MUÑOZ FLOREZ;Carepa;Antioquia;Oficial;7,7578;-76,6547;G20;S1;11;;;188;41;28;48;29;49
SEC-0689;Semetre cero;I. E. JOSE MARIA MUÑOZ FLOREZ;Carepa;Antioquia;Oficial;7,7578;-76,6547;G20;S1;11;;;188;51;16;48;28;60
SEC-0690;Semetre cero;I. E. JOSE MARIA MUÑOZ FLOREZ;Carepa;Antioquia;Oficial;7,7578;-76,6547;G20;S1;11;;;187;46;26;46;28;49
SEC-0691;Semetre cero;I. E. JOSE MARIA MUÑOZ FLOREZ;Carepa;Antioquia;Oficial;7,7578;-76,6547;G20;S1;11;;;183;44;22;44;33;49
SEC-0692;Semetre cero;I. E. JOSE MARIA MUÑOZ FLOREZ;Carepa;Antioquia;Oficial;7,7578;-76,6547;G20;S1;11;;;182;49;28;46;21;44
SEC-0693;Semetre cero;I. E. JOSE MARIA MUÑOZ FLOREZ;Carepa;Antioquia;Oficial;7,7578;-76,6547;G20;S1;11;;;181;44;26;40;33;44
SEC-0694;Semetre cero;I. E. JOSE MARIA MUÑOZ FLOREZ;Carepa;Antioquia;Oficial;7,7578;-76,6547;G20;S1;11;;;179;46;24;34;34;49
SEC-0695;Semetre cero;I. E. JOSE MARIA MUÑOZ FLOREZ;Carepa;Antioquia;Oficial;7,7578;-76,6547;G20;S1;11;;;175;41;32;36;28;44
SEC-0696;Semetre cero;I. E. JOSE MARIA MUÑOZ FLOREZ;Carepa;Antioquia;Oficial;7,7578;-76,6547;G20;S1;11;;;172;29;24;50;33;38
SEC-0697;Semetre cero;I. E. JOSE MARIA MUÑOZ FLOREZ;Carepa;Antioquia;Oficial;7,7578;-76,6547;G20;S1;11;;;169;24;34;50;26;36
SEC-0698;Semetre cero;I. E. JOSE MARIA MUÑOZ FLOREZ;Carepa;Antioquia;Oficial;7,7578;-76,6547;G20;S1;11;;;169;54;24;38;21;29
SEC-0699;Semetre cero;I. E. JOSE MARIA MUÑOZ FLOREZ;Carepa;Antioquia;Oficial;7,7578;-76,6547;G20;S1;11;;;167;41;28;38;26;35
SEC-0700;Semetre cero;I. E. JOSE MARIA MUÑOZ FLOREZ;Carepa;Antioquia;Oficial;7,7578;-76,6547;G20;S1;11;;;163;37;30;34;28;40
SEC-0701;Semetre cero;I. E. JOSE MARIA MUÑOZ FLOREZ;Carepa;Antioquia;Oficial;7,7578;-76,6547;G20;S1;11;;;158;44;26;26;29;36
SEC-0702;Semetre cero;I. E. JOSE MARIA MUÑOZ FLOREZ;Carepa;Antioquia;Oficial;7,7578;-76,6547;G20;S1;11;;;155;32;26;40;24;36
SEC-0703;Semetre cero;I. E. JOSE MARIA MUÑOZ FLOREZ;Carepa;Antioquia;Oficial;7,7578;-76,6547;G20;S1;11;;;154;39;20;42;17;45
SEC-0704;Semetre cero;I. E. JOSE MARIA MUÑOZ FLOREZ;Carepa;Antioquia;Oficial;7,7578;-76,6547;G20;S1;11;;;153;39;18;40;21;45
SEC-0705;Semetre cero;I. E. JOSE MARIA MUÑOZ FLOREZ;Carepa;Antioquia;Oficial;7,7578;-76,6547;G20;S1;11;;;152;27;30;32;28;45
SEC-0706;Semetre cero;I. E. JOSE MARIA MUÑOZ FLOREZ;Carepa;Antioquia;Oficial;7,7578;-76,6547;G20;S1;11;;;139;29;16;24;33;56
SEC-0707;Semetre cero;I. E. JOSE MARIA MUÑOZ FLOREZ;Carepa;Antioquia;Oficial;7,7578;-76,6547;G20;S1;11;;;123;17;26;22;31;33
SEC-0708;Semetre cero;I. E. R. ZUNGO EMBARCADERO;Carepa;Antioquia;Oficial;7,7578;-76,6547;G21;S1;11;;;227;59;20;74;31;40
SEC-0709;Semetre cero;I. E. R. ZUNGO EMBARCADERO;Carepa;Antioquia;Oficial;7,7578;-76,6547;G21;S1;11;;;220;54;24;60;34;55
SEC-0710;Semetre cero;I. E. R. ZUNGO EMBARCADERO;Carepa;Antioquia;Oficial;7,7578;-76,6547;G21;S1;11;;;219;51;30;62;29;53
SEC-0711;Semetre cero;I. E. R. ZUNGO EMBARCADERO;Carepa;Antioquia;Oficial;7,7578;-76,6547;G21;S1;11;;;210;46;26;50;43;51
SEC-0712;Semetre cero;I. E. R. ZUNGO EMBARCADERO;Carepa;Antioquia;Oficial;7,7578;-76,6547;G21;S1;11;;;208;56;42;42;22;53
SEC-0713;Semetre cero;I. E. R. ZUNGO EMBARCADERO;Carepa;Antioquia;Oficial;7,7578;-76,6547;G21;S1;11;;;203;49;36;40;24;80
SEC-0714;Semetre cero;I. E. R. ZUNGO EMBARCADERO;Carepa;Antioquia;Oficial;7,7578;-76,6547;G21;S1;11;;;187;51;22;50;26;40
SEC-0715;Semetre cero;I. E. R. ZUNGO EMBARCADERO;Carepa;Antioquia;Oficial;7,7578;-76,6547;G21;S1;11;;;186;39;32;54;28;25
SEC-0716;Semetre cero;I. E. R. ZUNGO EMBARCADERO;Carepa;Antioquia;Oficial;7,7578;-76,6547;G21;S1;11;;;170;44;26;34;31;38
SEC-0717;Semetre cero;I. E. R. ZUNGO EMBARCADERO;Carepa;Antioquia;Oficial;7,7578;-76,6547;G21;S1;11;;;169;44;22;36;34;31
SEC-0718;Semetre cero;I. E. R. ZUNGO EMBARCADERO;Carepa;Antioquia;Oficial;7,7578;-76,6547;G21;S1;11;;;168;39;28;46;22;31
SEC-0719;Semetre cero;I. E. R. ZUNGO EMBARCADERO;Carepa;Antioquia;Oficial;7,7578;-76,6547;G21;S1;11;;;167;37;38;36;22;36
SEC-0720;Semetre cero;I. E. R. ZUNGO EMBARCADERO;Carepa;Antioquia;Oficial;7,7578;-76,6547;G21;S1;11;;;167;37;24;50;26;25
SEC-0721;Semetre cero;I. E. R. ZUNGO EMBARCADERO;Carepa;Antioquia;Oficial;7,7578;-76,6547;G21;S1;11;;;159;44;24;38;24;24
SEC-0722;Semetre cero;I. E. R. ZUNGO EMBARCADERO;Carepa;Antioquia;Oficial;7,7578;-76,6547;G21;S1;11;;;158;29;22;38;36;35
SEC-0723;Semetre cero;I. E. R. ZUNGO EMBARCADERO;Carepa;Antioquia;Oficial;7,7578;-76,6547;G21;S1;11;;;155;39;18;42;24;33
SEC-0724;Semetre cero;I. E. R. ZUNGO EMBARCADERO;Carepa;Antioquia;Oficial;7,7578;-76,6547;G21;S1;11;;;153;34;16;44;31;22
SEC-0725;Semetre cero;I. E. R. ZUNGO EMBARCADERO;Carepa;Antioquia;Oficial;7,7578;-76,6547;G21;S1;11;;;148;49;26;32;12;29
SEC-0726;Semetre cero;I. E. R. ZUNGO EMBARCADERO;Carepa;Antioquia;Oficial;7,7578;-76,6547;G21;S1;11;;;147;51;26;30;12;25
SEC-0727;Semetre cero;I. E. R. ZUNGO EMBARCADERO;Carepa;Antioquia;Oficial;7,7578;-76,6547;G21;S1;11;;;146;22;34;34;24;38
SEC-0728;Semetre cero;I. E. R. ZUNGO EMBARCADERO;Carepa;Antioquia;Oficial;7,7578;-76,6547;G21;S1;11;;;137;37;26;22;24;31
SEC-0729;Semetre cero;I. E. R. ZUNGO EMBARCADERO;Carepa;Antioquia;Oficial;7,7578;-76,6547;G21;S1;11;;;134;32;20;32;21;35
SEC-0730;Semetre cero;I. E. R. ZUNGO EMBARCADERO;Carepa;Antioquia;Oficial;7,7578;-76,6547;G21;S1;11;;;133;32;20;26;29;24
SEC-0731;Semetre cero;I. E. R. ZUNGO EMBARCADERO;Carepa;Antioquia;Oficial;7,7578;-76,6547;G21;S1;11;;;131;34;16;34;22;22
SEC-0732;Semetre cero;I. E. R. ZUNGO EMBARCADERO;Carepa;Antioquia;Oficial;7,7578;-76,6547;G21;S1;11;;;129;29;14;32;28;27
SEC-0733;Semetre cero;I. E. R. ZUNGO EMBARCADERO;Carepa;Antioquia;Oficial;7,7578;-76,6547;G21;S1;11;;;129;29;18;32;22;29
SEC-0734;Semetre cero;I. E. R. ZUNGO EMBARCADERO;Carepa;Antioquia;Oficial;7,7578;-76,6547;G21;S1;11;;;118;24;22;24;22;27
SEC-0735;Semetre cero;I. E. R. ZUNGO EMBARCADERO;Carepa;Antioquia;Oficial;7,7578;-76,6547;G21;S1;11;;;113;34;14;20;21;27
SEC-0736;Semetre cero;I. E. R. ZUNGO EMBARCADERO;Carepa;Antioquia;Oficial;7,7578;-76,6547;G21;S1;11;;;106;32;26;24;5;15
SEC-0737;Semetre cero;I. E. R. CACERI;Caucasia;Antioquia;Oficial;7,9869;-75,1972;G22;S1;11;;;250;56;40;64;41;45
SEC-0738;Semetre cero;I. E. R. CACERI;Caucasia;Antioquia;Oficial;7,9869;-75,1972;G22;S1;11;;;230;56;26;58;48;33
SEC-0739;Semetre cero;I. E. R. CACERI;Caucasia;Antioquia;Oficial;7,9869;-75,1972;G22;S1;11;;;201;54;36;52;19;42
SEC-0740;Semetre cero;I. E. R. CACERI;Caucasia;Antioquia;Oficial;7,9869;-75,1972;G22;S1;11;;;192;59;28;42;26;36
SEC-0741;Semetre cero;I. E. R. CACERI;Caucasia;Antioquia;Oficial;7,9869;-75,1972;G22;S1;11;;;190;49;32;44;28;38
SEC-0742;Semetre cero;I. E. R. CACERI;Caucasia;Antioquia;Oficial;7,9869;-75,1972;G22;S1;11;;;189;51;30;44;29;29
SEC-0743;Semetre cero;I. E. R. CACERI;Caucasia;Antioquia;Oficial;7,9869;-75,1972;G22;S1;11;;;189;54;24;40;33;40
SEC-0744;Semetre cero;I. E. R. CACERI;Caucasia;Antioquia;Oficial;7,9869;-75,1972;G22;S1;11;;;189;44;36;52;21;33
SEC-0745;Semetre cero;I. E. R. CACERI;Caucasia;Antioquia;Oficial;7,9869;-75,1972;G22;S1;11;;;184;41;22;46;43;22
SEC-0746;Semetre cero;I. E. R. CACERI;Caucasia;Antioquia;Oficial;7,9869;-75,1972;G22;S1;11;;;182;29;28;50;36;42
SEC-0747;Semetre cero;I. E. R. CACERI;Caucasia;Antioquia;Oficial;7,9869;-75,1972;G22;S1;11;;;180;41;38;38;29;27
SEC-0748;Semetre cero;I. E. R. CACERI;Caucasia;Antioquia;Oficial;7,9869;-75,1972;G22;S1;11;;;167;37;30;46;26;20
SEC-0749;Semetre cero;I. E. R. CACERI;Caucasia;Antioquia;Oficial;7,9869;-75,1972;G22;S1;11;;;166;32;26;44;33;27
SEC-0750;Semetre cero;I. E. R. CACERI;Caucasia;Antioquia;Oficial;7,9869;-75,1972;G22;S1;11;;;165;39;16;46;34;24
SEC-0751;Semetre cero;I. E. R. CACERI;Caucasia;Antioquia;Oficial;7,9869;-75,1972;G22;S1;11;;;165;32;34;38;31;25
SEC-0752;Semetre cero;I. E. R. CACERI;Caucasia;Antioquia;Oficial;7,9869;-75,1972;G22;S1;11;;;163;37;28;36;29;35
SEC-0753;Semetre cero;I. E. R. CACERI;Caucasia;Antioquia;Oficial;7,9869;-75,1972;G22;S1;11;;;158;39;34;30;28;20
SEC-0754;Semetre cero;I. E. R. CACERI;Caucasia;Antioquia;Oficial;7,9869;-75,1972;G22;S1;11;;;157;29;24;36;40;22
SEC-0755;Semetre cero;I. E. R. CACERI;Caucasia;Antioquia;Oficial;7,9869;-75,1972;G22;S1;11;;;152;34;26;34;28;31
SEC-0756;Semetre cero;I. E. R. CACERI;Caucasia;Antioquia;Oficial;7,9869;-75,1972;G22;S1;11;;;150;27;24;36;29;42
SEC-0757;Semetre cero;I. E. R. CACERI;Caucasia;Antioquia;Oficial;7,9869;-75,1972;G22;S1;11;;;146;37;28;26;26;31
SEC-0758;Semetre cero;I. E. R. CACERI;Caucasia;Antioquia;Oficial;7,9869;-75,1972;G22;S1;11;;;146;27;30;34;24;35
SEC-0759;Semetre cero;I. E. R. CACERI;Caucasia;Antioquia;Oficial;7,9869;-75,1972;G22;S1;11;;;144;34;26;30;22;36
SEC-0760;Semetre cero;I. E. R. CACERI;Caucasia;Antioquia;Oficial;7,9869;-75,1972;G22;S1;11;;;144;46;22;24;22;29
SEC-0761;Semetre cero;I. E. R. CACERI;Caucasia;Antioquia;Oficial;7,9869;-75,1972;G22;S1;11;;;143;24;28;32;31;25
SEC-0762;Semetre cero;I. E. R. CACERI;Caucasia;Antioquia;Oficial;7,9869;-75,1972;G22;S1;11;;;139;32;24;30;24;31
SEC-0763;Semetre cero;I. E. R. CACERI;Caucasia;Antioquia;Oficial;7,9869;-75,1972;G22;S1;11;;;138;41;28;28;14;25
SEC-0764;Semetre cero;I. E. R. CACERI;Caucasia;Antioquia;Oficial;7,9869;-75,1972;G22;S1;11;;;138;34;20;20;34;33
SEC-0765;Semetre cero;I. E. R. CACERI;Caucasia;Antioquia;Oficial;7,9869;-75,1972;G22;S1;11;;;136;41;14;30;22;31
SEC-0766;Semetre cero;I. E. R. CACERI;Caucasia;Antioquia;Oficial;7,9869;-75,1972;G22;S1;11;;;133;41;24;26;16;24
SEC-0767;Semetre cero;I. E. R. CACERI;Caucasia;Antioquia;Oficial;7,9869;-75,1972;G22;S1;11;;;129;29;30;22;21;29
SEC-0768;Semetre cero;I. E. R. CACERI;Caucasia;Antioquia;Oficial;7,9869;-75,1972;G22;S1;11;;;128;22;24;30;22;38
SEC-0769;Semetre cero;I. E. R. CACERI;Caucasia;Antioquia;Oficial;7,9869;-75,1972;G22;S1;11;;;128;29;22;24;24;35
SEC-0770;Semetre cero;I. E. R. CACERI;Caucasia;Antioquia;Oficial;7,9869;-75,1972;G22;S1;11;;;126;37;12;24;29;22
SEC-0771;Semetre cero;I. E. R. CACERI;Caucasia;Antioquia;Oficial;7,9869;-75,1972;G22;S1;11;;;123;29;22;26;17;36
SEC-0772;Semetre cero;I. E. R. CACERI;Caucasia;Antioquia;Oficial;7,9869;-75,1972;G22;S1;11;;;108;20;16;32;14;36
SEC-0773;Semetre cero;I. E. R. CACERI;Caucasia;Antioquia;Oficial;7,9869;-75,1972;G22;S1;11;;;106;22;28;24;12;16
SEC-0774;Semetre cero;I. E. R. CACERI;Caucasia;Antioquia;Oficial;7,9869;-75,1972;G22;S1;11;;;99;27;6;22;17;42
SEC-0775;Semetre cero;I. E. R. CACERI;Caucasia;Antioquia;Oficial;7,9869;-75,1972;G22;S1;11;;;91;17;16;22;14;31
SEC-0776;Semetre cero;I. E. SANTO DOMINGO;Caucasia;Antioquia;Oficial;7,9869;-75,1972;G23;S1;11;;;217;63;32;48;31;42
SEC-0777;Semetre cero;I. E. SANTO DOMINGO;Caucasia;Antioquia;Oficial;7,9869;-75,1972;G23;S1;11;;;202;56;20;50;34;44
SEC-0778;Semetre cero;I. E. SANTO DOMINGO;Caucasia;Antioquia;Oficial;7,9869;-75,1972;G23;S1;11;;;190;54;32;38;26;45
SEC-0779;Semetre cero;I. E. SANTO DOMINGO;Caucasia;Antioquia;Oficial;7,9869;-75,1972;G23;S1;11;;;184;34;24;56;34;33
SEC-0780;Semetre cero;I. E. SANTO DOMINGO;Caucasia;Antioquia;Oficial;7,9869;-75,1972;G23;S1;11;;;178;49;26;46;21;38
SEC-0781;Semetre cero;I. E. SANTO DOMINGO;Caucasia;Antioquia;Oficial;7,9869;-75,1972;G23;S1;11;;;163;32;16;42;34;51
SEC-0782;Semetre cero;I. E. SANTO DOMINGO;Caucasia;Antioquia;Oficial;7,9869;-75,1972;G23;S1;11;;;159;29;24;28;47;29
SEC-0783;Semetre cero;I. E. SANTO DOMINGO;Caucasia;Antioquia;Oficial;7,9869;-75,1972;G23;S1;11;;;158;46;24;30;26;33
SEC-0784;Semetre cero;I. E. SANTO DOMINGO;Caucasia;Antioquia;Oficial;7,9869;-75,1972;G23;S1;11;;;157;37;24;32;33;33
SEC-0785;Semetre cero;I. E. SANTO DOMINGO;Caucasia;Antioquia;Oficial;7,9869;-75,1972;G23;S1;11;;;157;39;26;38;22;31
SEC-0786;Semetre cero;I. E. SANTO DOMINGO;Caucasia;Antioquia;Oficial;7,9869;-75,1972;G23;S1;11;;;156;24;28;38;31;42
SEC-0787;Semetre cero;I. E. SANTO DOMINGO;Caucasia;Antioquia;Oficial;7,9869;-75,1972;G23;S1;11;;;154;37;30;30;28;29
SEC-0788;Semetre cero;I. E. SANTO DOMINGO;Caucasia;Antioquia;Oficial;7,9869;-75,1972;G23;S1;11;;;153;34;28;26;34;31
SEC-0789;Semetre cero;I. E. SANTO DOMINGO;Caucasia;Antioquia;Oficial;7,9869;-75,1972;G23;S1;11;;;148;39;22;32;26;29
SEC-0790;Semetre cero;I. E. SANTO DOMINGO;Caucasia;Antioquia;Oficial;7,9869;-75,1972;G23;S1;11;;;148;37;26;30;28;24
SEC-0791;Semetre cero;I. E. SANTO DOMINGO;Caucasia;Antioquia;Oficial;7,9869;-75,1972;G23;S1;11;;;145;24;22;38;33;25
SEC-0792;Semetre cero;I. E. SANTO DOMINGO;Caucasia;Antioquia;Oficial;7,9869;-75,1972;G23;S1;11;;;143;34;24;42;14;31
SEC-0793;Semetre cero;I. E. SANTO DOMINGO;Caucasia;Antioquia;Oficial;7,9869;-75,1972;G23;S1;11;;;142;27;22;28;34;35
SEC-0794;Semetre cero;I. E. SANTO DOMINGO;Caucasia;Antioquia;Oficial;7,9869;-75,1972;G23;S1;11;;;138;39;20;34;17;29
SEC-0795;Semetre cero;I. E. SANTO DOMINGO;Caucasia;Antioquia;Oficial;7,9869;-75,1972;G23;S1;11;;;134;32;22;26;24;36
SEC-0796;Semetre cero;I. E. SANTO DOMINGO;Caucasia;Antioquia;Oficial;7,9869;-75,1972;G23;S1;11;;;130;24;30;18;29;33
SEC-0797;Semetre cero;I. E. SANTO DOMINGO;Caucasia;Antioquia;Oficial;7,9869;-75,1972;G23;S1;11;;;129;34;22;28;21;22
SEC-0798;Semetre cero;I. E. SANTO DOMINGO;Caucasia;Antioquia;Oficial;7,9869;-75,1972;G23;S1;11;;;128;41;26;22;12;27
SEC-0799;Semetre cero;I. E. SANTO DOMINGO;Caucasia;Antioquia;Oficial;7,9869;-75,1972;G23;S1;11;;;123;32;24;22;19;31
SEC-0800;Semetre cero;I. E. SANTO DOMINGO;Caucasia;Antioquia;Oficial;7,9869;-75,1972;G23;S1;11;;;123;17;24;34;22;27
SEC-0801;Semetre cero;I. E. SANTO DOMINGO;Caucasia;Antioquia;Oficial;7,9869;-75,1972;G23;S1;11;;;123;24;34;20;19;27
SEC-0802;Semetre cero;I. E. SANTO DOMINGO;Caucasia;Antioquia;Oficial;7,9869;-75,1972;G23;S1;11;;;123;32;16;38;14;20
SEC-0803;Semetre cero;I. E. SANTO DOMINGO;Caucasia;Antioquia;Oficial;7,9869;-75,1972;G23;S1;11;;;122;27;16;34;19;29
SEC-0804;Semetre cero;I. E. SANTO DOMINGO;Caucasia;Antioquia;Oficial;7,9869;-75,1972;G23;S1;11;;;119;32;22;26;14;29
SEC-0805;Semetre cero;I. E. SANTO DOMINGO;Caucasia;Antioquia;Oficial;7,9869;-75,1972;G23;S1;11;;;115;12;36;16;26;29
SEC-0806;Semetre cero;I. E. SANTO DOMINGO;Caucasia;Antioquia;Oficial;7,9869;-75,1972;G23;S1;11;;;77;29;14;20;3;0
SEC-0807;Semetre cero;I. E. JUAN EVANGELISTA BERRIO;Chigorodo;Antioquia;Oficial;7,6672;-76,6811;G24;S1;11;;;248;61;44;54;33;69
SEC-0808;Semetre cero;I. E. JUAN EVANGELISTA BERRIO;Chigorodo;Antioquia;Oficial;7,6672;-76,6811;G24;S1;11;;;216;59;30;52;28;58
SEC-0809;Semetre cero;I. E. JUAN EVANGELISTA BERRIO;Chigorodo;Antioquia;Oficial;7,6672;-76,6811;G24;S1;11;;;213;49;34;60;28;42
SEC-0810;Semetre cero;I. E. JUAN EVANGELISTA BERRIO;Chigorodo;Antioquia;Oficial;7,6672;-76,6811;G24;S1;11;;;204;39;26;60;36;47
SEC-0811;Semetre cero;I. E. JUAN EVANGELISTA BERRIO;Chigorodo;Antioquia;Oficial;7,6672;-76,6811;G24;S1;11;;;203;51;20;46;38;62
SEC-0812;Semetre cero;I. E. JUAN EVANGELISTA BERRIO;Chigorodo;Antioquia;Oficial;7,6672;-76,6811;G24;S1;11;;;202;44;34;46;36;44
SEC-0813;Semetre cero;I. E. JUAN EVANGELISTA BERRIO;Chigorodo;Antioquia;Oficial;7,6672;-76,6811;G24;S1;11;;;200;46;32;56;26;40
SEC-0814;Semetre cero;I. E. JUAN EVANGELISTA BERRIO;Chigorodo;Antioquia;Oficial;7,6672;-76,6811;G24;S1;11;;;199;41;26;52;28;76
SEC-0815;Semetre cero;I. E. JUAN EVANGELISTA BERRIO;Chigorodo;Antioquia;Oficial;7,6672;-76,6811;G24;S1;11;;;183;29;38;58;24;27
SEC-0816;Semetre cero;I. E. JUAN EVANGELISTA BERRIO;Chigorodo;Antioquia;Oficial;7,6672;-76,6811;G24;S1;11;;;177;49;28;38;24;44
SEC-0817;Semetre cero;I. E. JUAN EVANGELISTA BERRIO;Chigorodo;Antioquia;Oficial;7,6672;-76,6811;G24;S1;11;;;171;41;20;42;31;40
SEC-0818;Semetre cero;I. E. JUAN EVANGELISTA BERRIO;Chigorodo;Antioquia;Oficial;7,6672;-76,6811;G24;S1;11;;;166;34;28;44;26;35
SEC-0819;Semetre cero;I. E. JUAN EVANGELISTA BERRIO;Chigorodo;Antioquia;Oficial;7,6672;-76,6811;G24;S1;11;;;164;24;20;50;38;29
SEC-0820;Semetre cero;I. E. JUAN EVANGELISTA BERRIO;Chigorodo;Antioquia;Oficial;7,6672;-76,6811;G24;S1;11;;;159;34;30;38;28;25
SEC-0821;Semetre cero;I. E. JUAN EVANGELISTA BERRIO;Chigorodo;Antioquia;Oficial;7,6672;-76,6811;G24;S1;11;;;157;37;22;44;21;38
SEC-0822;Semetre cero;I. E. JUAN EVANGELISTA BERRIO;Chigorodo;Antioquia;Oficial;7,6672;-76,6811;G24;S1;11;;;156;29;40;38;19;27
SEC-0823;Semetre cero;I. E. JUAN EVANGELISTA BERRIO;Chigorodo;Antioquia;Oficial;7,6672;-76,6811;G24;S1;11;;;153;41;24;36;17;42
SEC-0824;Semetre cero;I. E. JUAN EVANGELISTA BERRIO;Chigorodo;Antioquia;Oficial;7,6672;-76,6811;G24;S1;11;;;152;44;28;32;16;36
SEC-0825;Semetre cero;I. E. JUAN EVANGELISTA BERRIO;Chigorodo;Antioquia;Oficial;7,6672;-76,6811;G24;S1;11;;;152;41;14;32;26;55
SEC-0826;Semetre cero;I. E. JUAN EVANGELISTA BERRIO;Chigorodo;Antioquia;Oficial;7,6672;-76,6811;G24;S1;11;;;144;29;28;32;24;35
SEC-0827;Semetre cero;I. E. JUAN EVANGELISTA BERRIO;Chigorodo;Antioquia;Oficial;7,6672;-76,6811;G24;S1;11;;;143;32;30;26;29;22
SEC-0828;Semetre cero;I. E. JUAN EVANGELISTA BERRIO;Chigorodo;Antioquia;Oficial;7,6672;-76,6811;G24;S1;11;;;138;37;22;38;16;22
SEC-0829;Semetre cero;I. E. JUAN EVANGELISTA BERRIO;Chigorodo;Antioquia;Oficial;7,6672;-76,6811;G24;S1;11;;;135;32;28;26;24;22
SEC-0830;Semetre cero;I. E. JUAN EVANGELISTA BERRIO;Chigorodo;Antioquia;Oficial;7,6672;-76,6811;G24;S1;11;;;135;27;28;34;17;33
SEC-0831;Semetre cero;I. E. JUAN EVANGELISTA BERRIO;Chigorodo;Antioquia;Oficial;7,6672;-76,6811;G24;S1;11;;;134;32;20;32;21;35
SEC-0832;Semetre cero;I. E. JUAN EVANGELISTA BERRIO;Chigorodo;Antioquia;Oficial;7,6672;-76,6811;G24;S1;11;;;133;22;28;38;19;25
SEC-0833;Semetre cero;I. E. JUAN EVANGELISTA BERRIO;Chigorodo;Antioquia;Oficial;7,6672;-76,6811;G24;S1;11;;;133;32;20;26;29;24
SEC-0834;Semetre cero;I. E. JUAN EVANGELISTA BERRIO;Chigorodo;Antioquia;Oficial;7,6672;-76,6811;G24;S1;11;;;130;34;26;24;22;18
SEC-0835;Semetre cero;I. E. JUAN EVANGELISTA BERRIO;Chigorodo;Antioquia;Oficial;7,6672;-76,6811;G24;S1;11;;;125;27;12;30;26;40
SEC-0836;Semetre cero;I. E. JUAN EVANGELISTA BERRIO;Chigorodo;Antioquia;Oficial;7,6672;-76,6811;G24;S1;11;;;125;32;24;24;16;38
SEC-0837;Semetre cero;I. E. MARIA AUXILIADORA;Chigorodo;Antioquia;Oficial;7,6672;-76,6811;G25;S1;11;;;216;54;34;58;28;42
SEC-0838;Semetre cero;I. E. MARIA AUXILIADORA;Chigorodo;Antioquia;Oficial;7,6672;-76,6811;G25;S1;11;;;211;51;26;58;33;45
SEC-0839;Semetre cero;I. E. MARIA AUXILIADORA;Chigorodo;Antioquia;Oficial;7,6672;-76,6811;G25;S1;11;;;195;41;22;54;28;71
SEC-0840;Semetre cero;I. E. MARIA AUXILIADORA;Chigorodo;Antioquia;Oficial;7,6672;-76,6811;G25;S1;11;;;191;49;30;46;28;40
SEC-0841;Semetre cero;I. E. MARIA AUXILIADORA;Chigorodo;Antioquia;Oficial;7,6672;-76,6811;G25;S1;11;;;185;49;24;50;22;45
SEC-0842;Semetre cero;I. E. MARIA AUXILIADORA;Chigorodo;Antioquia;Oficial;7,6672;-76,6811;G25;S1;11;;;182;46;28;38;33;38
SEC-0843;Semetre cero;I. E. MARIA AUXILIADORA;Chigorodo;Antioquia;Oficial;7,6672;-76,6811;G25;S1;11;;;179;56;26;38;16;58
SEC-0844;Semetre cero;I. E. MARIA AUXILIADORA;Chigorodo;Antioquia;Oficial;7,6672;-76,6811;G25;S1;11;;;175;56;30;38;19;25
SEC-0845;Semetre cero;I. E. MARIA AUXILIADORA;Chigorodo;Antioquia;Oficial;7,6672;-76,6811;G25;S1;11;;;172;32;32;50;24;33
SEC-0846;Semetre cero;I. E. MARIA AUXILIADORA;Chigorodo;Antioquia;Oficial;7,6672;-76,6811;G25;S1;11;;;162;37;24;40;26;42
SEC-0847;Semetre cero;I. E. MARIA AUXILIADORA;Chigorodo;Antioquia;Oficial;7,6672;-76,6811;G25;S1;11;;;159;37;24;44;19;42
SEC-0848;Semetre cero;I. E. MARIA AUXILIADORA;Chigorodo;Antioquia;Oficial;7,6672;-76,6811;G25;S1;11;;;158;39;16;36;31;45
SEC-0849;Semetre cero;I. E. MARIA AUXILIADORA;Chigorodo;Antioquia;Oficial;7,6672;-76,6811;G25;S1;11;;;152;34;22;30;33;38
SEC-0850;Semetre cero;I. E. MARIA AUXILIADORA;Chigorodo;Antioquia;Oficial;7,6672;-76,6811;G25;S1;11;;;152;49;20;28;22;36
SEC-0851;Semetre cero;I. E. MARIA AUXILIADORA;Chigorodo;Antioquia;Oficial;7,6672;-76,6811;G25;S1;11;;;151;34;16;36;31;40
SEC-0852;Semetre cero;I. E. MARIA AUXILIADORA;Chigorodo;Antioquia;Oficial;7,6672;-76,6811;G25;S1;11;;;148;39;22;32;26;29
SEC-0853;Semetre cero;I. E. MARIA AUXILIADORA;Chigorodo;Antioquia;Oficial;7,6672;-76,6811;G25;S1;11;;;148;51;28;20;16;40
SEC-0854;Semetre cero;I. E. MARIA AUXILIADORA;Chigorodo;Antioquia;Oficial;7,6672;-76,6811;G25;S1;11;;;146;39;24;32;16;47
SEC-0855;Semetre cero;I. E. MARIA AUXILIADORA;Chigorodo;Antioquia;Oficial;7,6672;-76,6811;G25;S1;11;;;142;37;14;36;21;47
SEC-0856;Semetre cero;I. E. MARIA AUXILIADORA;Chigorodo;Antioquia;Oficial;7,6672;-76,6811;G25;S1;11;;;139;39;14;24;29;42
SEC-0857;Semetre cero;I. E. MARIA AUXILIADORA;Chigorodo;Antioquia;Oficial;7,6672;-76,6811;G25;S1;11;;;138;24;26;30;29;29
SEC-0858;Semetre cero;I. E. MARIA AUXILIADORA;Chigorodo;Antioquia;Oficial;7,6672;-76,6811;G25;S1;11;;;136;17;22;32;34;38
SEC-0859;Semetre cero;I. E. MARIA AUXILIADORA;Chigorodo;Antioquia;Oficial;7,6672;-76,6811;G25;S1;11;;;136;22;32;30;24;29
SEC-0860;Semetre cero;I. E. MARIA AUXILIADORA;Chigorodo;Antioquia;Oficial;7,6672;-76,6811;G25;S1;11;;;136;34;22;24;26;35
SEC-0861;Semetre cero;I. E. MARIA AUXILIADORA;Chigorodo;Antioquia;Oficial;7,6672;-76,6811;G25;S1;11;;;135;39;30;14;26;25
SEC-0862;Semetre cero;I. E. MARIA AUXILIADORA;Chigorodo;Antioquia;Oficial;7,6672;-76,6811;G25;S1;11;;;124;37;24;24;17;18
SEC-0863;Semetre cero;I. E. MARIA AUXILIADORA;Chigorodo;Antioquia;Oficial;7,6672;-76,6811;G25;S1;11;;;119;22;14;32;17;55
SEC-0864;Semetre cero;I. E. MARIA AUXILIADORA;Chigorodo;Antioquia;Oficial;7,6672;-76,6811;G25;S1;11;;;114;32;16;18;22;33
SEC-0865;Semetre cero;I. E. MARIA AUXILIADORA;Chigorodo;Antioquia;Oficial;7,6672;-76,6811;G25;S1;11;;;110;32;18;16;17;36
SEC-0866;Semetre cero;I. E. MARIA AUXILIADORA;Chigorodo;Antioquia;Oficial;7,6672;-76,6811;G25;S1;11;;;99;24;16;18;16;36
SEC-0867;Semetre cero;I. E. MARIA AUXILIADORA;Chigorodo;Antioquia;Oficial;7,6672;-76,6811;G25;S1;11;;;59;0;14;16;7;44
SEC-0868;Semetre cero;I.E. MUNICIPAL JOSE DE LOS SANTOS ZUÑIGA;Chigorodo;Antioquia;Oficial;7,6672;-76,6811;G26;S1;11;;;254;54;36;64;47;60
SEC-0869;Semetre cero;I.E. MUNICIPAL JOSE DE LOS SANTOS ZUÑIGA;Chigorodo;Antioquia;Oficial;7,6672;-76,6811;G26;S1;11;;;254;61;30;72;41;47
SEC-0870;Semetre cero;I.E. MUNICIPAL JOSE DE LOS SANTOS ZUÑIGA;Chigorodo;Antioquia;Oficial;7,6672;-76,6811;G26;S1;11;;;249;68;34;62;29;65
SEC-0871;Semetre cero;I.E. MUNICIPAL JOSE DE LOS SANTOS ZUÑIGA;Chigorodo;Antioquia;Oficial;7,6672;-76,6811;G26;S1;11;;;225;68;26;46;36;55
SEC-0872;Semetre cero;I.E. MUNICIPAL JOSE DE LOS SANTOS ZUÑIGA;Chigorodo;Antioquia;Oficial;7,6672;-76,6811;G26;S1;11;;;205;44;34;50;38;35
SEC-0873;Semetre cero;I.E. MUNICIPAL JOSE DE LOS SANTOS ZUÑIGA;Chigorodo;Antioquia;Oficial;7,6672;-76,6811;G26;S1;11;;;203;54;20;42;31;87
SEC-0874;Semetre cero;I.E. MUNICIPAL JOSE DE LOS SANTOS ZUÑIGA;Chigorodo;Antioquia;Oficial;7,6672;-76,6811;G26;S1;11;;;202;51;24;58;28;42
SEC-0875;Semetre cero;I.E. MUNICIPAL JOSE DE LOS SANTOS ZUÑIGA;Chigorodo;Antioquia;Oficial;7,6672;-76,6811;G26;S1;11;;;195;51;30;38;36;42
SEC-0876;Semetre cero;I.E. MUNICIPAL JOSE DE LOS SANTOS ZUÑIGA;Chigorodo;Antioquia;Oficial;7,6672;-76,6811;G26;S1;11;;;195;59;24;46;26;44
SEC-0877;Semetre cero;I.E. MUNICIPAL JOSE DE LOS SANTOS ZUÑIGA;Chigorodo;Antioquia;Oficial;7,6672;-76,6811;G26;S1;11;;;195;41;36;52;22;51
SEC-0878;Semetre cero;I.E. MUNICIPAL JOSE DE LOS SANTOS ZUÑIGA;Chigorodo;Antioquia;Oficial;7,6672;-76,6811;G26;S1;11;;;192;37;28;62;28;36
SEC-0879;Semetre cero;I.E. MUNICIPAL JOSE DE LOS SANTOS ZUÑIGA;Chigorodo;Antioquia;Oficial;7,6672;-76,6811;G26;S1;11;;;190;37;30;52;33;40
SEC-0880;Semetre cero;I.E. MUNICIPAL JOSE DE LOS SANTOS ZUÑIGA;Chigorodo;Antioquia;Oficial;7,6672;-76,6811;G26;S1;11;;;189;34;32;40;41;49
SEC-0881;Semetre cero;I.E. MUNICIPAL JOSE DE LOS SANTOS ZUÑIGA;Chigorodo;Antioquia;Oficial;7,6672;-76,6811;G26;S1;11;;;189;37;20;52;36;56
SEC-0882;Semetre cero;I.E. MUNICIPAL JOSE DE LOS SANTOS ZUÑIGA;Chigorodo;Antioquia;Oficial;7,6672;-76,6811;G26;S1;11;;;185;51;40;32;28;29
SEC-0883;Semetre cero;I.E. MUNICIPAL JOSE DE LOS SANTOS ZUÑIGA;Chigorodo;Antioquia;Oficial;7,6672;-76,6811;G26;S1;11;;;185;44;18;52;31;45
SEC-0884;Semetre cero;I.E. MUNICIPAL JOSE DE LOS SANTOS ZUÑIGA;Chigorodo;Antioquia;Oficial;7,6672;-76,6811;G26;S1;11;;;184;32;26;48;38;47
SEC-0885;Semetre cero;I.E. MUNICIPAL JOSE DE LOS SANTOS ZUÑIGA;Chigorodo;Antioquia;Oficial;7,6672;-76,6811;G26;S1;11;;;183;46;24;40;33;47
SEC-0886;Semetre cero;I.E. MUNICIPAL JOSE DE LOS SANTOS ZUÑIGA;Chigorodo;Antioquia;Oficial;7,6672;-76,6811;G26;S1;11;;;182;34;24;50;33;51
SEC-0887;Semetre cero;I.E. MUNICIPAL JOSE DE LOS SANTOS ZUÑIGA;Chigorodo;Antioquia;Oficial;7,6672;-76,6811;G26;S1;11;;;182;34;30;44;36;40
SEC-0888;Semetre cero;I.E. MUNICIPAL JOSE DE LOS SANTOS ZUÑIGA;Chigorodo;Antioquia;Oficial;7,6672;-76,6811;G26;S1;11;;;181;44;30;46;19;55
SEC-0889;Semetre cero;I.E. MUNICIPAL JOSE DE LOS SANTOS ZUÑIGA;Chigorodo;Antioquia;Oficial;7,6672;-76,6811;G26;S1;11;;;178;29;26;58;22;56
SEC-0890;Semetre cero;I.E. MUNICIPAL JOSE DE LOS SANTOS ZUÑIGA;Chigorodo;Antioquia;Oficial;7,6672;-76,6811;G26;S1;11;;;178;37;40;36;29;36
SEC-0891;Semetre cero;I.E. MUNICIPAL JOSE DE LOS SANTOS ZUÑIGA;Chigorodo;Antioquia;Oficial;7,6672;-76,6811;G26;S1;11;;;175;44;22;38;31;49
SEC-0892;Semetre cero;I.E. MUNICIPAL JOSE DE LOS SANTOS ZUÑIGA;Chigorodo;Antioquia;Oficial;7,6672;-76,6811;G26;S1;11;;;173;41;40;40;17;35
SEC-0893;Semetre cero;I.E. MUNICIPAL JOSE DE LOS SANTOS ZUÑIGA;Chigorodo;Antioquia;Oficial;7,6672;-76,6811;G26;S1;11;;;173;32;18;54;28;56
SEC-0894;Semetre cero;I.E. MUNICIPAL JOSE DE LOS SANTOS ZUÑIGA;Chigorodo;Antioquia;Oficial;7,6672;-76,6811;G26;S1;11;;;171;34;40;38;24;35
SEC-0895;Semetre cero;I.E. MUNICIPAL JOSE DE LOS SANTOS ZUÑIGA;Chigorodo;Antioquia;Oficial;7,6672;-76,6811;G26;S1;11;;;170;44;26;46;17;42
SEC-0896;Semetre cero;I.E. MUNICIPAL JOSE DE LOS SANTOS ZUÑIGA;Chigorodo;Antioquia;Oficial;7,6672;-76,6811;G26;S1;11;;;169;37;24;38;38;31
SEC-0897;Semetre cero;I.E. MUNICIPAL JOSE DE LOS SANTOS ZUÑIGA;Chigorodo;Antioquia;Oficial;7,6672;-76,6811;G26;S1;11;;;164;41;22;40;21;55
SEC-0898;Semetre cero;I.E. MUNICIPAL JOSE DE LOS SANTOS ZUÑIGA;Chigorodo;Antioquia;Oficial;7,6672;-76,6811;G26;S1;11;;;164;63;22;36;21;0
SEC-0899;Semetre cero;I.E. MUNICIPAL JOSE DE LOS SANTOS ZUÑIGA;Chigorodo;Antioquia;Oficial;7,6672;-76,6811;G26;S1;11;;;163;37;20;50;17;53
SEC-0900;Semetre cero;I.E. MUNICIPAL JOSE DE LOS SANTOS ZUÑIGA;Chigorodo;Antioquia;Oficial;7,6672;-76,6811;G26;S1;11;;;163;39;20;42;21;58
SEC-0901;Semetre cero;I.E. MUNICIPAL JOSE DE LOS SANTOS ZUÑIGA;Chigorodo;Antioquia;Oficial;7,6672;-76,6811;G26;S1;11;;;158;41;20;36;21;56
SEC-0902;Semetre cero;I.E. MUNICIPAL JOSE DE LOS SANTOS ZUÑIGA;Chigorodo;Antioquia;Oficial;7,6672;-76,6811;G26;S1;11;;;155;32;26;40;19;53
SEC-0903;Semetre cero;I.E. MUNICIPAL JOSE DE LOS SANTOS ZUÑIGA;Chigorodo;Antioquia;Oficial;7,6672;-76,6811;G26;S1;11;;;155;44;30;24;24;36
SEC-0904;Semetre cero;I.E. MUNICIPAL JOSE DE LOS SANTOS ZUÑIGA;Chigorodo;Antioquia;Oficial;7,6672;-76,6811;G26;S1;11;;;155;39;24;36;26;27
SEC-0905;Semetre cero;I.E. MUNICIPAL JOSE DE LOS SANTOS ZUÑIGA;Chigorodo;Antioquia;Oficial;7,6672;-76,6811;G26;S1;11;;;154;37;22;32;31;36
SEC-0906;Semetre cero;I.E. MUNICIPAL JOSE DE LOS SANTOS ZUÑIGA;Chigorodo;Antioquia;Oficial;7,6672;-76,6811;G26;S1;11;;;153;37;16;38;33;27
SEC-0907;Semetre cero;I.E. MUNICIPAL JOSE DE LOS SANTOS ZUÑIGA;Chigorodo;Antioquia;Oficial;7,6672;-76,6811;G26;S1;11;;;152;22;28;44;22;47
SEC-0908;Semetre cero;I.E. MUNICIPAL JOSE DE LOS SANTOS ZUÑIGA;Chigorodo;Antioquia;Oficial;7,6672;-76,6811;G26;S1;11;;;152;49;20;24;24;45
SEC-0909;Semetre cero;I.E. MUNICIPAL JOSE DE LOS SANTOS ZUÑIGA;Chigorodo;Antioquia;Oficial;7,6672;-76,6811;G26;S1;11;;;151;44;28;22;22;44
SEC-0910;Semetre cero;I.E. MUNICIPAL JOSE DE LOS SANTOS ZUÑIGA;Chigorodo;Antioquia;Oficial;7,6672;-76,6811;G26;S1;11;;;151;37;16;40;26;36
SEC-0911;Semetre cero;I.E. MUNICIPAL JOSE DE LOS SANTOS ZUÑIGA;Chigorodo;Antioquia;Oficial;7,6672;-76,6811;G26;S1;11;;;134;27;20;30;28;35
SEC-0912;Semetre cero;I.E. MUNICIPAL JOSE DE LOS SANTOS ZUÑIGA;Chigorodo;Antioquia;Oficial;7,6672;-76,6811;G26;S1;11;;;130;27;18;26;28;42
SEC-0913;Semetre cero;I.E. MUNICIPAL JOSE DE LOS SANTOS ZUÑIGA;Chigorodo;Antioquia;Oficial;7,6672;-76,6811;G26;S1;11;;;85;41;10;14;9;0
SEC-0914;Semetre cero;I.E. MUNICIPAL JOSE DE LOS SANTOS ZUÑIGA;Chigorodo;Antioquia;Oficial;7,6672;-76,6811;G26;S1;11;;;78;27;16;14;10;0
SEC-0915;Semetre cero;I. E. PRESBITERO LIBARDO AGUIRRE;Concepcion;Antioquia;Oficial;6,3953;-75,2575;G27;S1;11;;;283;83;28;68;38;85
SEC-0916;Semetre cero;I. E. PRESBITERO LIBARDO AGUIRRE;Concepcion;Antioquia;Oficial;6,3953;-75,2575;G27;S1;11;;;264;59;34;68;40;85
SEC-0917;Semetre cero;I. E. PRESBITERO LIBARDO AGUIRRE;Concepcion;Antioquia;Oficial;6,3953;-75,2575;G27;S1;11;;;246;63;24;64;41;60
SEC-0918;Semetre cero;I. E. PRESBITERO LIBARDO AGUIRRE;Concepcion;Antioquia;Oficial;6,3953;-75,2575;G27;S1;11;;;236;49;26;68;34;82
SEC-0919;Semetre cero;I. E. PRESBITERO LIBARDO AGUIRRE;Concepcion;Antioquia;Oficial;6,3953;-75,2575;G27;S1;11;;;231;54;36;54;29;82
SEC-0920;Semetre cero;I. E. PRESBITERO LIBARDO AGUIRRE;Concepcion;Antioquia;Oficial;6,3953;-75,2575;G27;S1;11;;;221;54;36;44;41;49
SEC-0921;Semetre cero;I. E. PRESBITERO LIBARDO AGUIRRE;Concepcion;Antioquia;Oficial;6,3953;-75,2575;G27;S1;11;;;212;51;26;48;34;71
SEC-0922;Semetre cero;I. E. PRESBITERO LIBARDO AGUIRRE;Concepcion;Antioquia;Oficial;6,3953;-75,2575;G27;S1;11;;;209;41;38;52;33;51
SEC-0923;Semetre cero;I. E. PRESBITERO LIBARDO AGUIRRE;Concepcion;Antioquia;Oficial;6,3953;-75,2575;G27;S1;11;;;199;46;26;54;31;45
SEC-0924;Semetre cero;I. E. PRESBITERO LIBARDO AGUIRRE;Concepcion;Antioquia;Oficial;6,3953;-75,2575;G27;S1;11;;;195;46;34;44;31;42
SEC-0925;Semetre cero;I. E. PRESBITERO LIBARDO AGUIRRE;Concepcion;Antioquia;Oficial;6,3953;-75,2575;G27;S1;11;;;190;51;28;42;26;53
SEC-0926;Semetre cero;I. E. PRESBITERO LIBARDO AGUIRRE;Concepcion;Antioquia;Oficial;6,3953;-75,2575;G27;S1;11;;;189;44;36;36;26;67
SEC-0927;Semetre cero;I. E. PRESBITERO LIBARDO AGUIRRE;Concepcion;Antioquia;Oficial;6,3953;-75,2575;G27;S1;11;;;183;56;26;30;33;42
SEC-0928;Semetre cero;I. E. PRESBITERO LIBARDO AGUIRRE;Concepcion;Antioquia;Oficial;6,3953;-75,2575;G27;S1;11;;;179;41;34;44;28;25
SEC-0929;Semetre cero;I. E. PRESBITERO LIBARDO AGUIRRE;Concepcion;Antioquia;Oficial;6,3953;-75,2575;G27;S1;11;;;178;51;16;44;36;20
SEC-0930;Semetre cero;I. E. PRESBITERO LIBARDO AGUIRRE;Concepcion;Antioquia;Oficial;6,3953;-75,2575;G27;S1;11;;;169;46;22;42;26;31
SEC-0931;Semetre cero;I. E. PRESBITERO LIBARDO AGUIRRE;Concepcion;Antioquia;Oficial;6,3953;-75,2575;G27;S1;11;;;168;39;24;44;28;33
SEC-0932;Semetre cero;I. E. PRESBITERO LIBARDO AGUIRRE;Concepcion;Antioquia;Oficial;6,3953;-75,2575;G27;S1;11;;;163;39;20;56;16;31
SEC-0933;Semetre cero;I. E. PRESBITERO LIBARDO AGUIRRE;Concepcion;Antioquia;Oficial;6,3953;-75,2575;G27;S1;11;;;160;24;28;40;34;36
SEC-0934;Semetre cero;I. E. PRESBITERO LIBARDO AGUIRRE;Concepcion;Antioquia;Oficial;6,3953;-75,2575;G27;S1;11;;;154;29;28;40;26;31
SEC-0935;Semetre cero;I. E. PRESBITERO LIBARDO AGUIRRE;Concepcion;Antioquia;Oficial;6,3953;-75,2575;G27;S1;11;;;153;37;14;46;22;40
SEC-0936;Semetre cero;I. E. PRESBITERO LIBARDO AGUIRRE;Concepcion;Antioquia;Oficial;6,3953;-75,2575;G27;S1;11;;;150;29;32;36;26;22
SEC-0937;Semetre cero;I. E. PRESBITERO LIBARDO AGUIRRE;Concepcion;Antioquia;Oficial;6,3953;-75,2575;G27;S1;11;;;150;41;26;18;34;31
SEC-0938;Semetre cero;I. E. PRESBITERO LIBARDO AGUIRRE;Concepcion;Antioquia;Oficial;6,3953;-75,2575;G27;S1;11;;;149;32;26;38;22;33
SEC-0939;Semetre cero;I. E. PRESBITERO LIBARDO AGUIRRE;Concepcion;Antioquia;Oficial;6,3953;-75,2575;G27;S1;11;;;148;41;20;26;24;51
SEC-0940;Semetre cero;I. E. PRESBITERO LIBARDO AGUIRRE;Concepcion;Antioquia;Oficial;6,3953;-75,2575;G27;S1;11;;;145;29;34;42;12;25
SEC-0941;Semetre cero;I. E. PRESBITERO LIBARDO AGUIRRE;Concepcion;Antioquia;Oficial;6,3953;-75,2575;G27;S1;11;;;138;22;22;24;38;42
SEC-0942;Semetre cero;I. E. PRESBITERO LIBARDO AGUIRRE;Concepcion;Antioquia;Oficial;6,3953;-75,2575;G27;S1;11;;;134;27;22;36;22;27
SEC-0943;Semetre cero;I. E. PRESBITERO LIBARDO AGUIRRE;Concepcion;Antioquia;Oficial;6,3953;-75,2575;G27;S1;11;;;132;34;22;26;24;24
SEC-0944;Semetre cero;I. E. URBANA SAN JOSE;Ebejico;Antioquia;Oficial;6,3267;-75,7686;G28;S1;11;;;297;76;36;64;50;95
SEC-0945;Semetre cero;I. E. URBANA SAN JOSE;Ebejico;Antioquia;Oficial;6,3267;-75,7686;G28;S1;11;;;292;56;40;70;55;95
SEC-0946;Semetre cero;I. E. URBANA SAN JOSE;Ebejico;Antioquia;Oficial;6,3267;-75,7686;G28;S1;11;;;274;56;38;68;57;56
SEC-0947;Semetre cero;I. E. URBANA SAN JOSE;Ebejico;Antioquia;Oficial;6,3267;-75,7686;G28;S1;11;;;272;56;38;64;59;56
SEC-0948;Semetre cero;I. E. URBANA SAN JOSE;Ebejico;Antioquia;Oficial;6,3267;-75,7686;G28;S1;11;;;264;78;26;56;55;40
SEC-0949;Semetre cero;I. E. URBANA SAN JOSE;Ebejico;Antioquia;Oficial;6,3267;-75,7686;G28;S1;11;;;261;44;36;68;55;69
SEC-0950;Semetre cero;I. E. URBANA SAN JOSE;Ebejico;Antioquia;Oficial;6,3267;-75,7686;G28;S1;11;;;260;63;38;76;29;56
SEC-0951;Semetre cero;I. E. URBANA SAN JOSE;Ebejico;Antioquia;Oficial;6,3267;-75,7686;G28;S1;11;;;255;56;38;52;53;65
SEC-0952;Semetre cero;I. E. URBANA SAN JOSE;Ebejico;Antioquia;Oficial;6,3267;-75,7686;G28;S1;11;;;250;63;38;56;38;64
SEC-0953;Semetre cero;I. E. URBANA SAN JOSE;Ebejico;Antioquia;Oficial;6,3267;-75,7686;G28;S1;11;;;245;66;26;68;33;58
SEC-0954;Semetre cero;I. E. URBANA SAN JOSE;Ebejico;Antioquia;Oficial;6,3267;-75,7686;G28;S1;11;;;240;59;28;66;36;58
SEC-0955;Semetre cero;I. E. URBANA SAN JOSE;Ebejico;Antioquia;Oficial;6,3267;-75,7686;G28;S1;11;;;240;59;36;56;40;53
SEC-0956;Semetre cero;I. E. URBANA SAN JOSE;Ebejico;Antioquia;Oficial;6,3267;-75,7686;G28;S1;11;;;239;59;26;58;47;55
SEC-0957;Semetre cero;I. E. URBANA SAN JOSE;Ebejico;Antioquia;Oficial;6,3267;-75,7686;G28;S1;11;;;238;63;30;52;41;58
SEC-0958;Semetre cero;I. E. URBANA SAN JOSE;Ebejico;Antioquia;Oficial;6,3267;-75,7686;G28;S1;11;;;237;56;38;58;38;45
SEC-0959;Semetre cero;I. E. URBANA SAN JOSE;Ebejico;Antioquia;Oficial;6,3267;-75,7686;G28;S1;11;;;234;59;24;56;41;69
SEC-0960;Semetre cero;I. E. URBANA SAN JOSE;Ebejico;Antioquia;Oficial;6,3267;-75,7686;G28;S1;11;;;230;56;38;46;43;47
SEC-0961;Semetre cero;I. E. URBANA SAN JOSE;Ebejico;Antioquia;Oficial;6,3267;-75,7686;G28;S1;11;;;226;51;36;58;41;29
SEC-0962;Semetre cero;I. E. URBANA SAN JOSE;Ebejico;Antioquia;Oficial;6,3267;-75,7686;G28;S1;11;;;224;61;22;52;45;42
SEC-0963;Semetre cero;I. E. URBANA SAN JOSE;Ebejico;Antioquia;Oficial;6,3267;-75,7686;G28;S1;11;;;215;49;24;64;29;60
SEC-0964;Semetre cero;I. E. URBANA SAN JOSE;Ebejico;Antioquia;Oficial;6,3267;-75,7686;G28;S1;11;;;209;39;26;54;43;56
SEC-0965;Semetre cero;I. E. URBANA SAN JOSE;Ebejico;Antioquia;Oficial;6,3267;-75,7686;G28;S1;11;;;208;51;34;40;41;42
SEC-0966;Semetre cero;I. E. URBANA SAN JOSE;Ebejico;Antioquia;Oficial;6,3267;-75,7686;G28;S1;11;;;201;46;32;44;33;58
SEC-0967;Semetre cero;I. E. URBANA SAN JOSE;Ebejico;Antioquia;Oficial;6,3267;-75,7686;G28;S1;11;;;196;37;38;40;38;51
SEC-0968;Semetre cero;I. E. URBANA SAN JOSE;Ebejico;Antioquia;Oficial;6,3267;-75,7686;G28;S1;11;;;192;46;26;48;28;56
SEC-0969;Semetre cero;I. E. URBANA SAN JOSE;Ebejico;Antioquia;Oficial;6,3267;-75,7686;G28;S1;11;;;189;46;22;42;34;58
SEC-0970;Semetre cero;I. E. URBANA SAN JOSE;Ebejico;Antioquia;Oficial;6,3267;-75,7686;G28;S1;11;;;184;39;24;46;38;38
SEC-0971;Semetre cero;I. E. URBANA SAN JOSE;Ebejico;Antioquia;Oficial;6,3267;-75,7686;G28;S1;11;;;184;44;26;40;34;45
SEC-0972;Semetre cero;I. E. URBANA SAN JOSE;Ebejico;Antioquia;Oficial;6,3267;-75,7686;G28;S1;11;;;182;34;20;58;34;33
SEC-0973;Semetre cero;I. E. URBANA SAN JOSE;Ebejico;Antioquia;Oficial;6,3267;-75,7686;G28;S1;11;;;180;51;32;40;28;16
SEC-0974;Semetre cero;I. E. URBANA SAN JOSE;Ebejico;Antioquia;Oficial;6,3267;-75,7686;G28;S1;11;;;176;46;36;42;19;27
SEC-0975;Semetre cero;I. E. URBANA SAN JOSE;Ebejico;Antioquia;Oficial;6,3267;-75,7686;G28;S1;11;;;171;41;22;42;31;36
SEC-0976;Semetre cero;I. E. URBANA SAN JOSE;Ebejico;Antioquia;Oficial;6,3267;-75,7686;G28;S1;11;;;133;32;18;44;16;18
SEC-0977;Semetre cero;I. E. URBANA SAN JOSE;Ebejico;Antioquia;Oficial;6,3267;-75,7686;G28;S1;11;;;126;29;22;22;26;29
SEC-0978;Semetre cero;I. E. URBANA SAN JOSE;Ebejico;Antioquia;Oficial;6,3267;-75,7686;G28;S1;11;;;99;37;16;16;17;0
SEC-0979;Semetre cero;I. E. URBANA SAN JOSE;Ebejico;Antioquia;Oficial;6,3267;-75,7686;G28;S1;11;;;85;0;16;20;16;67
SEC-0980;Semetre cero;I. E. LA ESMERALDA;El Bagre;Antioquia;Oficial;7,6017;-74,8083;G29;S1;11;;;230;49;32;64;41;40
SEC-0981;Semetre cero;I. E. LA ESMERALDA;El Bagre;Antioquia;Oficial;7,6017;-74,8083;G29;S1;11;;;224;46;32;60;36;60
SEC-0982;Semetre cero;I. E. LA ESMERALDA;El Bagre;Antioquia;Oficial;7,6017;-74,8083;G29;S1;11;;;220;39;28;60;48;47
SEC-0983;Semetre cero;I. E. LA ESMERALDA;El Bagre;Antioquia;Oficial;7,6017;-74,8083;G29;S1;11;;;198;44;34;52;26;47
SEC-0984;Semetre cero;I. E. LA ESMERALDA;El Bagre;Antioquia;Oficial;7,6017;-74,8083;G29;S1;11;;;196;66;26;38;29;33
SEC-0985;Semetre cero;I. E. LA ESMERALDA;El Bagre;Antioquia;Oficial;7,6017;-74,8083;G29;S1;11;;;191;46;28;50;31;31
SEC-0986;Semetre cero;I. E. LA ESMERALDA;El Bagre;Antioquia;Oficial;7,6017;-74,8083;G29;S1;11;;;187;37;24;56;29;47
SEC-0987;Semetre cero;I. E. LA ESMERALDA;El Bagre;Antioquia;Oficial;7,6017;-74,8083;G29;S1;11;;;183;39;24;42;38;47
SEC-0988;Semetre cero;I. E. LA ESMERALDA;El Bagre;Antioquia;Oficial;7,6017;-74,8083;G29;S1;11;;;182;34;42;32;41;24
SEC-0989;Semetre cero;I. E. LA ESMERALDA;El Bagre;Antioquia;Oficial;7,6017;-74,8083;G29;S1;11;;;179;44;32;36;31;36
SEC-0990;Semetre cero;I. E. LA ESMERALDA;El Bagre;Antioquia;Oficial;7,6017;-74,8083;G29;S1;11;;;175;34;24;38;40;47
SEC-0991;Semetre cero;I. E. LA ESMERALDA;El Bagre;Antioquia;Oficial;7,6017;-74,8083;G29;S1;11;;;169;44;28;36;24;44
SEC-0992;Semetre cero;I. E. LA ESMERALDA;El Bagre;Antioquia;Oficial;7,6017;-74,8083;G29;S1;11;;;160;27;30;38;29;44
SEC-0993;Semetre cero;I. E. LA ESMERALDA;El Bagre;Antioquia;Oficial;7,6017;-74,8083;G29;S1;11;;;158;32;30;38;28;29
SEC-0994;Semetre cero;I. E. LA ESMERALDA;El Bagre;Antioquia;Oficial;7,6017;-74,8083;G29;S1;11;;;156;34;26;38;24;38
SEC-0995;Semetre cero;I. E. LA ESMERALDA;El Bagre;Antioquia;Oficial;7,6017;-74,8083;G29;S1;11;;;155;34;22;36;31;33
SEC-0996;Semetre cero;I. E. LA ESMERALDA;El Bagre;Antioquia;Oficial;7,6017;-74,8083;G29;S1;11;;;152;44;28;24;24;36
SEC-0997;Semetre cero;I. E. LA ESMERALDA;El Bagre;Antioquia;Oficial;7,6017;-74,8083;G29;S1;11;;;151;39;20;34;24;42
SEC-0998;Semetre cero;I. E. LA ESMERALDA;El Bagre;Antioquia;Oficial;7,6017;-74,8083;G29;S1;11;;;149;24;32;36;29;22
SEC-0999;Semetre cero;I. E. LA ESMERALDA;El Bagre;Antioquia;Oficial;7,6017;-74,8083;G29;S1;11;;;149;46;28;18;29;22
SEC-1000;Semetre cero;I. E. LA ESMERALDA;El Bagre;Antioquia;Oficial;7,6017;-74,8083;G29;S1;11;;;147;27;38;36;17;29
SEC-1001;Semetre cero;I. E. LA ESMERALDA;El Bagre;Antioquia;Oficial;7,6017;-74,8083;G29;S1;11;;;145;27;22;28;33;47
SEC-1002;Semetre cero;I. E. LA ESMERALDA;El Bagre;Antioquia;Oficial;7,6017;-74,8083;G29;S1;11;;;144;24;24;36;22;53
SEC-1003;Semetre cero;I. E. LA ESMERALDA;El Bagre;Antioquia;Oficial;7,6017;-74,8083;G29;S1;11;;;142;34;14;32;33;31
SEC-1004;Semetre cero;I. E. LA ESMERALDA;El Bagre;Antioquia;Oficial;7,6017;-74,8083;G29;S1;11;;;138;17;26;44;21;36
SEC-1005;Semetre cero;I. E. LA ESMERALDA;El Bagre;Antioquia;Oficial;7,6017;-74,8083;G29;S1;11;;;137;27;18;28;33;38
SEC-1006;Semetre cero;I. E. LA ESMERALDA;El Bagre;Antioquia;Oficial;7,6017;-74,8083;G29;S1;11;;;134;29;20;22;34;31
SEC-1007;Semetre cero;I. E. LA ESMERALDA;El Bagre;Antioquia;Oficial;7,6017;-74,8083;G29;S1;11;;;134;27;14;40;24;33
SEC-1008;Semetre cero;I. E. LA ESMERALDA;El Bagre;Antioquia;Oficial;7,6017;-74,8083;G29;S1;11;;;133;39;28;20;21;24
SEC-1009;Semetre cero;I. E. LA ESMERALDA;El Bagre;Antioquia;Oficial;7,6017;-74,8083;G29;S1;11;;;133;29;20;30;28;25
SEC-1010;Semetre cero;I. E. LA ESMERALDA;El Bagre;Antioquia;Oficial;7,6017;-74,8083;G29;S1;11;;;130;34;22;24;22;29
SEC-1011;Semetre cero;I. E. LA ESMERALDA;El Bagre;Antioquia;Oficial;7,6017;-74,8083;G29;S1;11;;;129;29;16;28;29;27
SEC-1012;Semetre cero;I. E. LA ESMERALDA;El Bagre;Antioquia;Oficial;7,6017;-74,8083;G29;S1;11;;;128;22;22;32;28;22
SEC-1013;Semetre cero;I. E. LA ESMERALDA;El Bagre;Antioquia;Oficial;7,6017;-74,8083;G29;S1;11;;;126;22;24;26;24;38
SEC-1014;Semetre cero;I. E. LA ESMERALDA;El Bagre;Antioquia;Oficial;7,6017;-74,8083;G29;S1;11;;;121;24;8;26;38;25
SEC-1015;Semetre cero;I. E. LA ESMERALDA;El Bagre;Antioquia;Oficial;7,6017;-74,8083;G29;S1;11;;;119;29;18;32;16;25
SEC-1016;Semetre cero;I. E. LA ESMERALDA;El Bagre;Antioquia;Oficial;7,6017;-74,8083;G29;S1;11;;;107;17;30;18;21;22
SEC-1017;Semetre cero;I. E. LA ESMERALDA;El Bagre;Antioquia;Oficial;7,6017;-74,8083;G29;S1;11;;;99;10;20;28;21;22
SEC-1018;Semetre cero;I. E. LA ESMERALDA;El Bagre;Antioquia;Oficial;7,6017;-74,8083;G29;S1;11;;;64;24;12;12;7;0
SEC-1019;Semetre cero;I. E. LA ESMERALDA;El Bagre;Antioquia;Oficial;7,6017;-74,8083;G29;S1;11;;;62;0;12;22;12;24
SEC-1020;Semetre cero;I. E. LAS DELICIAS;El Bagre;Antioquia;Oficial;7,6017;-74,8083;G30;S1;11;;;228;63;16;50;45;69
SEC-1021;Semetre cero;I. E. LAS DELICIAS;El Bagre;Antioquia;Oficial;7,6017;-74,8083;G30;S1;11;;;199;44;32;56;28;38
SEC-1022;Semetre cero;I. E. LAS DELICIAS;El Bagre;Antioquia;Oficial;7,6017;-74,8083;G30;S1;11;;;194;54;34;36;29;45
SEC-1023;Semetre cero;I. E. LAS DELICIAS;El Bagre;Antioquia;Oficial;7,6017;-74,8083;G30;S1;11;;;193;46;26;42;26;82
SEC-1024;Semetre cero;I. E. LAS DELICIAS;El Bagre;Antioquia;Oficial;7,6017;-74,8083;G30;S1;11;;;182;41;24;56;19;51
SEC-1025;Semetre cero;I. E. LAS DELICIAS;El Bagre;Antioquia;Oficial;7,6017;-74,8083;G30;S1;11;;;178;41;20;40;36;49
SEC-1026;Semetre cero;I. E. LAS DELICIAS;El Bagre;Antioquia;Oficial;7,6017;-74,8083;G30;S1;11;;;175;37;30;48;24;40
SEC-1027;Semetre cero;I. E. LAS DELICIAS;El Bagre;Antioquia;Oficial;7,6017;-74,8083;G30;S1;11;;;170;54;28;20;34;35
SEC-1028;Semetre cero;I. E. LAS DELICIAS;El Bagre;Antioquia;Oficial;7,6017;-74,8083;G30;S1;11;;;170;37;32;42;21;49
SEC-1029;Semetre cero;I. E. LAS DELICIAS;El Bagre;Antioquia;Oficial;7,6017;-74,8083;G30;S1;11;;;169;49;30;32;21;45
SEC-1030;Semetre cero;I. E. LAS DELICIAS;El Bagre;Antioquia;Oficial;7,6017;-74,8083;G30;S1;11;;;169;54;36;26;19;35
SEC-1031;Semetre cero;I. E. LAS DELICIAS;El Bagre;Antioquia;Oficial;7,6017;-74,8083;G30;S1;11;;;168;59;28;26;24;27
SEC-1032;Semetre cero;I. E. LAS DELICIAS;El Bagre;Antioquia;Oficial;7,6017;-74,8083;G30;S1;11;;;165;44;28;40;22;27
SEC-1033;Semetre cero;I. E. LAS DELICIAS;El Bagre;Antioquia;Oficial;7,6017;-74,8083;G30;S1;11;;;165;37;36;34;26;31
SEC-1034;Semetre cero;I. E. LAS DELICIAS;El Bagre;Antioquia;Oficial;7,6017;-74,8083;G30;S1;11;;;159;34;18;38;36;35
SEC-1035;Semetre cero;I. E. LAS DELICIAS;El Bagre;Antioquia;Oficial;7,6017;-74,8083;G30;S1;11;;;159;34;30;40;21;38
SEC-1036;Semetre cero;I. E. LAS DELICIAS;El Bagre;Antioquia;Oficial;7,6017;-74,8083;G30;S1;11;;;154;27;26;52;17;35
SEC-1037;Semetre cero;I. E. LAS DELICIAS;El Bagre;Antioquia;Oficial;7,6017;-74,8083;G30;S1;11;;;150;39;26;30;21;44
SEC-1038;Semetre cero;I. E. LAS DELICIAS;El Bagre;Antioquia;Oficial;7,6017;-74,8083;G30;S1;11;;;148;46;24;32;19;22
SEC-1039;Semetre cero;I. E. LAS DELICIAS;El Bagre;Antioquia;Oficial;7,6017;-74,8083;G30;S1;11;;;148;34;30;22;29;38
SEC-1040;Semetre cero;I. E. LAS DELICIAS;El Bagre;Antioquia;Oficial;7,6017;-74,8083;G30;S1;11;;;147;34;26;36;21;31
SEC-1041;Semetre cero;I. E. LAS DELICIAS;El Bagre;Antioquia;Oficial;7,6017;-74,8083;G30;S1;11;;;145;41;20;34;19;33
SEC-1042;Semetre cero;I. E. LAS DELICIAS;El Bagre;Antioquia;Oficial;7,6017;-74,8083;G30;S1;11;;;144;29;16;36;36;22
SEC-1043;Semetre cero;I. E. LAS DELICIAS;El Bagre;Antioquia;Oficial;7,6017;-74,8083;G30;S1;11;;;140;29;32;16;33;33
SEC-1044;Semetre cero;I. E. LAS DELICIAS;El Bagre;Antioquia;Oficial;7,6017;-74,8083;G30;S1;11;;;138;34;28;24;24;27
SEC-1045;Semetre cero;I. E. LAS DELICIAS;El Bagre;Antioquia;Oficial;7,6017;-74,8083;G30;S1;11;;;134;27;18;40;19;36
SEC-1046;Semetre cero;I. E. LAS DELICIAS;El Bagre;Antioquia;Oficial;7,6017;-74,8083;G30;S1;11;;;128;27;30;16;28;31
SEC-1047;Semetre cero;I. E. LAS DELICIAS;El Bagre;Antioquia;Oficial;7,6017;-74,8083;G30;S1;11;;;126;24;24;30;19;36
SEC-1048;Semetre cero;I. E. LAS DELICIAS;El Bagre;Antioquia;Oficial;7,6017;-74,8083;G30;S1;11;;;124;27;22;28;21;31
SEC-1049;Semetre cero;I. E. LAS DELICIAS;El Bagre;Antioquia;Oficial;7,6017;-74,8083;G30;S1;11;;;121;24;26;22;21;35
SEC-1050;Semetre cero;I. E. LAS DELICIAS;El Bagre;Antioquia;Oficial;7,6017;-74,8083;G30;S1;11;;;116;24;20;24;24;24
SEC-1051;Semetre cero;I. E. LAS DELICIAS;El Bagre;Antioquia;Oficial;7,6017;-74,8083;G30;S1;11;;;112;20;20;24;24;27
SEC-1052;Semetre cero;I. E. LAS DELICIAS;El Bagre;Antioquia;Oficial;7,6017;-74,8083;G30;S1;11;;;111;29;28;6;24;25
SEC-1053;Semetre cero;I. E. LAS DELICIAS;El Bagre;Antioquia;Oficial;7,6017;-74,8083;G30;S1;11;;;92;32;18;16;14;0
SEC-1054;Semetre cero;I. E. LEON XIII;El Peñol;Antioquia;Oficial;6,2186;-75,2417;G31;S1;11;;;232;37;40;70;36;55
SEC-1055;Semetre cero;I. E. LEON XIII;El Peñol;Antioquia;Oficial;6,2186;-75,2417;G31;S1;11;;;231;34;42;56;53;44
SEC-1056;Semetre cero;I. E. LEON XIII;El Peñol;Antioquia;Oficial;6,2186;-75,2417;G31;S1;11;;;231;51;36;60;34;55
SEC-1057;Semetre cero;I. E. LEON XIII;El Peñol;Antioquia;Oficial;6,2186;-75,2417;G31;S1;11;;;221;59;30;48;40;45
SEC-1058;Semetre cero;I. E. LEON XIII;El Peñol;Antioquia;Oficial;6,2186;-75,2417;G31;S1;11;;;214;34;44;52;38;51
SEC-1059;Semetre cero;I. E. LEON XIII;El Peñol;Antioquia;Oficial;6,2186;-75,2417;G31;S1;11;;;208;37;46;58;24;47
SEC-1060;Semetre cero;I. E. LEON XIII;El Peñol;Antioquia;Oficial;6,2186;-75,2417;G31;S1;11;;;202;32;42;48;38;47
SEC-1061;Semetre cero;I. E. LEON XIII;El Peñol;Antioquia;Oficial;6,2186;-75,2417;G31;S1;11;;;202;46;42;32;40;45
SEC-1062;Semetre cero;I. E. LEON XIII;El Peñol;Antioquia;Oficial;6,2186;-75,2417;G31;S1;11;;;199;41;42;42;29;53
SEC-1063;Semetre cero;I. E. LEON XIII;El Peñol;Antioquia;Oficial;6,2186;-75,2417;G31;S1;11;;;199;44;30;40;41;51
SEC-1064;Semetre cero;I. E. LEON XIII;El Peñol;Antioquia;Oficial;6,2186;-75,2417;G31;S1;11;;;195;44;44;48;19;44
SEC-1065;Semetre cero;I. E. LEON XIII;El Peñol;Antioquia;Oficial;6,2186;-75,2417;G31;S1;11;;;195;51;28;46;24;60
SEC-1066;Semetre cero;I. E. LEON XIII;El Peñol;Antioquia;Oficial;6,2186;-75,2417;G31;S1;11;;;195;41;32;46;33;49
SEC-1067;Semetre cero;I. E. LEON XIII;El Peñol;Antioquia;Oficial;6,2186;-75,2417;G31;S1;11;;;193;44;26;50;31;49
SEC-1068;Semetre cero;I. E. LEON XIII;El Peñol;Antioquia;Oficial;6,2186;-75,2417;G31;S1;11;;;190;37;18;52;40;56
SEC-1069;Semetre cero;I. E. LEON XIII;El Peñol;Antioquia;Oficial;6,2186;-75,2417;G31;S1;11;;;188;44;28;48;28;45
SEC-1070;Semetre cero;I. E. LEON XIII;El Peñol;Antioquia;Oficial;6,2186;-75,2417;G31;S1;11;;;187;56;24;36;28;55
SEC-1071;Semetre cero;I. E. LEON XIII;El Peñol;Antioquia;Oficial;6,2186;-75,2417;G31;S1;11;;;180;41;32;36;31;47
SEC-1072;Semetre cero;I. E. LEON XIII;El Peñol;Antioquia;Oficial;6,2186;-75,2417;G31;S1;11;;;180;37;32;38;34;45
SEC-1073;Semetre cero;I. E. LEON XIII;El Peñol;Antioquia;Oficial;6,2186;-75,2417;G31;S1;11;;;177;41;26;42;31;38
SEC-1074;Semetre cero;I. E. LEON XIII;El Peñol;Antioquia;Oficial;6,2186;-75,2417;G31;S1;11;;;174;46;18;34;31;65
SEC-1075;Semetre cero;I. E. LEON XIII;El Peñol;Antioquia;Oficial;6,2186;-75,2417;G31;S1;11;;;168;49;18;32;26;62
SEC-1076;Semetre cero;I. E. LEON XIII;El Peñol;Antioquia;Oficial;6,2186;-75,2417;G31;S1;11;;;167;37;26;34;34;42
SEC-1077;Semetre cero;I. E. LEON XIII;El Peñol;Antioquia;Oficial;6,2186;-75,2417;G31;S1;11;;;167;41;32;32;31;25
SEC-1078;Semetre cero;I. E. LEON XIII;El Peñol;Antioquia;Oficial;6,2186;-75,2417;G31;S1;11;;;167;29;32;34;38;35
SEC-1079;Semetre cero;I. E. LEON XIII;El Peñol;Antioquia;Oficial;6,2186;-75,2417;G31;S1;11;;;165;24;34;42;29;40
SEC-1080;Semetre cero;I. E. LEON XIII;El Peñol;Antioquia;Oficial;6,2186;-75,2417;G31;S1;11;;;151;37;34;22;28;33
SEC-1081;Semetre cero;I. E. LEON XIII;El Peñol;Antioquia;Oficial;6,2186;-75,2417;G31;S1;11;;;145;41;24;36;24;0
SEC-1082;Semetre cero;I. E. LEON XIII;El Peñol;Antioquia;Oficial;6,2186;-75,2417;G31;S1;11;;;140;27;32;22;26;44
SEC-1083;Semetre cero;I. E. LEON XIII;El Peñol;Antioquia;Oficial;6,2186;-75,2417;G31;S1;11;;;120;27;28;18;19;36
SEC-1084;Semetre cero;I. E. LEON XIII;El Peñol;Antioquia;Oficial;6,2186;-75,2417;G31;S1;11;;;115;12;22;34;24;22
SEC-1085;Semetre cero;I. E. LEON XIII;El Peñol;Antioquia;Oficial;6,2186;-75,2417;G31;S1;11;;;55;0;8;14;12;42
SEC-1086;Semetre cero;PALMIRA;El Peñol;Antioquia;Oficial;6,2186;-75,2417;G32;S1;11;;;206;59;24;46;22;82
SEC-1087;Semetre cero;PALMIRA;El Peñol;Antioquia;Oficial;6,2186;-75,2417;G32;S1;11;;;204;51;24;50;36;47
SEC-1088;Semetre cero;PALMIRA;El Peñol;Antioquia;Oficial;6,2186;-75,2417;G32;S1;11;;;204;49;28;42;41;51
SEC-1089;Semetre cero;PALMIRA;El Peñol;Antioquia;Oficial;6,2186;-75,2417;G32;S1;11;;;203;49;22;60;31;42
SEC-1090;Semetre cero;PALMIRA;El Peñol;Antioquia;Oficial;6,2186;-75,2417;G32;S1;11;;;201;56;10;50;38;60
SEC-1091;Semetre cero;PALMIRA;El Peñol;Antioquia;Oficial;6,2186;-75,2417;G32;S1;11;;;197;41;26;58;28;53
SEC-1092;Semetre cero;PALMIRA;El Peñol;Antioquia;Oficial;6,2186;-75,2417;G32;S1;11;;;183;44;26;54;24;33
SEC-1093;Semetre cero;PALMIRA;El Peñol;Antioquia;Oficial;6,2186;-75,2417;G32;S1;11;;;169;41;28;44;24;25
SEC-1094;Semetre cero;PALMIRA;El Peñol;Antioquia;Oficial;6,2186;-75,2417;G32;S1;11;;;164;39;16;50;24;40
SEC-1095;Semetre cero;PALMIRA;El Peñol;Antioquia;Oficial;6,2186;-75,2417;G32;S1;11;;;160;41;34;28;28;24
SEC-1096;Semetre cero;PALMIRA;El Peñol;Antioquia;Oficial;6,2186;-75,2417;G32;S1;11;;;160;34;24;38;31;35
SEC-1097;Semetre cero;PALMIRA;El Peñol;Antioquia;Oficial;6,2186;-75,2417;G32;S1;11;;;159;32;22;38;29;49
SEC-1098;Semetre cero;PALMIRA;El Peñol;Antioquia;Oficial;6,2186;-75,2417;G32;S1;11;;;158;44;28;34;17;42
SEC-1099;Semetre cero;PALMIRA;El Peñol;Antioquia;Oficial;6,2186;-75,2417;G32;S1;11;;;154;29;34;40;21;29
SEC-1100;Semetre cero;PALMIRA;El Peñol;Antioquia;Oficial;6,2186;-75,2417;G32;S1;11;;;152;44;20;28;28;36
SEC-1101;Semetre cero;PALMIRA;El Peñol;Antioquia;Oficial;6,2186;-75,2417;G32;S1;11;;;152;37;16;38;31;29
SEC-1102;Semetre cero;PALMIRA;El Peñol;Antioquia;Oficial;6,2186;-75,2417;G32;S1;11;;;148;29;22;36;28;40
SEC-1103;Semetre cero;PALMIRA;El Peñol;Antioquia;Oficial;6,2186;-75,2417;G32;S1;11;;;145;29;28;32;26;31
SEC-1104;Semetre cero;PALMIRA;El Peñol;Antioquia;Oficial;6,2186;-75,2417;G32;S1;11;;;138;27;20;36;26;33
SEC-1105;Semetre cero;PALMIRA;El Peñol;Antioquia;Oficial;6,2186;-75,2417;G32;S1;11;;;137;37;14;34;22;36
SEC-1106;Semetre cero;PALMIRA;El Peñol;Antioquia;Oficial;6,2186;-75,2417;G32;S1;11;;;134;39;24;28;21;15
SEC-1107;Semetre cero;PALMIRA;El Peñol;Antioquia;Oficial;6,2186;-75,2417;G32;S1;11;;;133;39;16;18;26;49
SEC-1108;Semetre cero;PALMIRA;El Peñol;Antioquia;Oficial;6,2186;-75,2417;G32;S1;11;;;132;34;24;28;24;13
SEC-1109;Semetre cero;I. E. ESCUELA NORMAL SUPERIOR MARIANO OSPINA RODRIGUEZ;Fredonia;Antioquia;Oficial;5,9264;-75,6742;G33;S1;11;;;271;63;38;74;36;69
SEC-1110;Semetre cero;I. E. ESCUELA NORMAL SUPERIOR MARIANO OSPINA RODRIGUEZ;Fredonia;Antioquia;Oficial;5,9264;-75,6742;G33;S1;11;;;248;68;44;48;38;49
SEC-1111;Semetre cero;I. E. ESCUELA NORMAL SUPERIOR MARIANO OSPINA RODRIGUEZ;Fredonia;Antioquia;Oficial;5,9264;-75,6742;G33;S1;11;;;247;61;28;64;34;80
SEC-1112;Semetre cero;I. E. ESCUELA NORMAL SUPERIOR MARIANO OSPINA RODRIGUEZ;Fredonia;Antioquia;Oficial;5,9264;-75,6742;G33;S1;11;;;236;46;40;64;33;65
SEC-1113;Semetre cero;I. E. ESCUELA NORMAL SUPERIOR MARIANO OSPINA RODRIGUEZ;Fredonia;Antioquia;Oficial;5,9264;-75,6742;G33;S1;11;;;227;46;34;64;36;49
SEC-1114;Semetre cero;I. E. ESCUELA NORMAL SUPERIOR MARIANO OSPINA RODRIGUEZ;Fredonia;Antioquia;Oficial;5,9264;-75,6742;G33;S1;11;;;222;54;40;36;43;60
SEC-1115;Semetre cero;I. E. ESCUELA NORMAL SUPERIOR MARIANO OSPINA RODRIGUEZ;Fredonia;Antioquia;Oficial;5,9264;-75,6742;G33;S1;11;;;219;51;52;42;31;40
SEC-1116;Semetre cero;I. E. ESCUELA NORMAL SUPERIOR MARIANO OSPINA RODRIGUEZ;Fredonia;Antioquia;Oficial;5,9264;-75,6742;G33;S1;11;;;215;34;42;50;36;71
SEC-1117;Semetre cero;I. E. ESCUELA NORMAL SUPERIOR MARIANO OSPINA RODRIGUEZ;Fredonia;Antioquia;Oficial;5,9264;-75,6742;G33;S1;11;;;203;44;40;42;33;51
SEC-1118;Semetre cero;I. E. ESCUELA NORMAL SUPERIOR MARIANO OSPINA RODRIGUEZ;Fredonia;Antioquia;Oficial;5,9264;-75,6742;G33;S1;11;;;199;54;22;44;38;45
SEC-1119;Semetre cero;I. E. ESCUELA NORMAL SUPERIOR MARIANO OSPINA RODRIGUEZ;Fredonia;Antioquia;Oficial;5,9264;-75,6742;G33;S1;11;;;192;32;16;70;33;47
SEC-1120;Semetre cero;I. E. ESCUELA NORMAL SUPERIOR MARIANO OSPINA RODRIGUEZ;Fredonia;Antioquia;Oficial;5,9264;-75,6742;G33;S1;11;;;190;46;22;50;34;36
SEC-1121;Semetre cero;I. E. ESCUELA NORMAL SUPERIOR MARIANO OSPINA RODRIGUEZ;Fredonia;Antioquia;Oficial;5,9264;-75,6742;G33;S1;11;;;189;56;30;34;26;55
SEC-1122;Semetre cero;I. E. ESCUELA NORMAL SUPERIOR MARIANO OSPINA RODRIGUEZ;Fredonia;Antioquia;Oficial;5,9264;-75,6742;G33;S1;11;;;189;51;22;58;17;45
SEC-1123;Semetre cero;I. E. ESCUELA NORMAL SUPERIOR MARIANO OSPINA RODRIGUEZ;Fredonia;Antioquia;Oficial;5,9264;-75,6742;G33;S1;11;;;188;49;26;52;21;47
SEC-1124;Semetre cero;I. E. ESCUELA NORMAL SUPERIOR MARIANO OSPINA RODRIGUEZ;Fredonia;Antioquia;Oficial;5,9264;-75,6742;G33;S1;11;;;188;49;30;44;22;53
SEC-1125;Semetre cero;I. E. ESCUELA NORMAL SUPERIOR MARIANO OSPINA RODRIGUEZ;Fredonia;Antioquia;Oficial;5,9264;-75,6742;G33;S1;11;;;182;27;30;50;36;44
SEC-1126;Semetre cero;I. E. ESCUELA NORMAL SUPERIOR MARIANO OSPINA RODRIGUEZ;Fredonia;Antioquia;Oficial;5,9264;-75,6742;G33;S1;11;;;181;44;26;42;31;42
SEC-1127;Semetre cero;I. E. ESCUELA NORMAL SUPERIOR MARIANO OSPINA RODRIGUEZ;Fredonia;Antioquia;Oficial;5,9264;-75,6742;G33;S1;11;;;179;49;16;38;36;47
SEC-1128;Semetre cero;I. E. ESCUELA NORMAL SUPERIOR MARIANO OSPINA RODRIGUEZ;Fredonia;Antioquia;Oficial;5,9264;-75,6742;G33;S1;11;;;177;34;24;40;43;36
SEC-1129;Semetre cero;I. E. ESCUELA NORMAL SUPERIOR MARIANO OSPINA RODRIGUEZ;Fredonia;Antioquia;Oficial;5,9264;-75,6742;G33;S1;11;;;176;37;34;38;29;44
SEC-1130;Semetre cero;I. E. ESCUELA NORMAL SUPERIOR MARIANO OSPINA RODRIGUEZ;Fredonia;Antioquia;Oficial;5,9264;-75,6742;G33;S1;11;;;171;41;26;46;24;33
SEC-1131;Semetre cero;I. E. ESCUELA NORMAL SUPERIOR MARIANO OSPINA RODRIGUEZ;Fredonia;Antioquia;Oficial;5,9264;-75,6742;G33;S1;11;;;169;34;22;38;36;47
SEC-1132;Semetre cero;I. E. ESCUELA NORMAL SUPERIOR MARIANO OSPINA RODRIGUEZ;Fredonia;Antioquia;Oficial;5,9264;-75,6742;G33;S1;11;;;167;44;22;46;17;47
SEC-1133;Semetre cero;I. E. ESCUELA NORMAL SUPERIOR MARIANO OSPINA RODRIGUEZ;Fredonia;Antioquia;Oficial;5,9264;-75,6742;G33;S1;11;;;166;46;28;30;26;42
SEC-1134;Semetre cero;I. E. ESCUELA NORMAL SUPERIOR MARIANO OSPINA RODRIGUEZ;Fredonia;Antioquia;Oficial;5,9264;-75,6742;G33;S1;11;;;166;34;20;56;19;44
SEC-1135;Semetre cero;I. E. ESCUELA NORMAL SUPERIOR MARIANO OSPINA RODRIGUEZ;Fredonia;Antioquia;Oficial;5,9264;-75,6742;G33;S1;11;;;165;32;26;38;31;49
SEC-1136;Semetre cero;I. E. ESCUELA NORMAL SUPERIOR MARIANO OSPINA RODRIGUEZ;Fredonia;Antioquia;Oficial;5,9264;-75,6742;G33;S1;11;;;165;41;26;34;26;47
SEC-1137;Semetre cero;I. E. ESCUELA NORMAL SUPERIOR MARIANO OSPINA RODRIGUEZ;Fredonia;Antioquia;Oficial;5,9264;-75,6742;G33;S1;11;;;162;34;24;38;29;44
SEC-1138;Semetre cero;I. E. ESCUELA NORMAL SUPERIOR MARIANO OSPINA RODRIGUEZ;Fredonia;Antioquia;Oficial;5,9264;-75,6742;G33;S1;11;;;161;29;16;42;34;53
SEC-1139;Semetre cero;I. E. ESCUELA NORMAL SUPERIOR MARIANO OSPINA RODRIGUEZ;Fredonia;Antioquia;Oficial;5,9264;-75,6742;G33;S1;11;;;159;37;16;42;26;51
SEC-1140;Semetre cero;I. E. ESCUELA NORMAL SUPERIOR MARIANO OSPINA RODRIGUEZ;Fredonia;Antioquia;Oficial;5,9264;-75,6742;G33;S1;11;;;153;34;24;38;24;38
SEC-1141;Semetre cero;I. E. ESCUELA NORMAL SUPERIOR MARIANO OSPINA RODRIGUEZ;Fredonia;Antioquia;Oficial;5,9264;-75,6742;G33;S1;11;;;153;22;24;50;24;36
SEC-1142;Semetre cero;I. E. ESCUELA NORMAL SUPERIOR MARIANO OSPINA RODRIGUEZ;Fredonia;Antioquia;Oficial;5,9264;-75,6742;G33;S1;11;;;149;24;20;44;28;40
SEC-1143;Semetre cero;I. E. ESCUELA NORMAL SUPERIOR MARIANO OSPINA RODRIGUEZ;Fredonia;Antioquia;Oficial;5,9264;-75,6742;G33;S1;11;;;143;32;30;30;24;24
SEC-1144;Semetre cero;I. E. ESCUELA NORMAL SUPERIOR MARIANO OSPINA RODRIGUEZ;Fredonia;Antioquia;Oficial;5,9264;-75,6742;G33;S1;11;;;141;37;24;16;33;38
SEC-1145;Semetre cero;I. E. ESCUELA NORMAL SUPERIOR MARIANO OSPINA RODRIGUEZ;Fredonia;Antioquia;Oficial;5,9264;-75,6742;G33;S1;11;;;138;34;16;26;29;44
SEC-1146;Semetre cero;I. E. ESCUELA NORMAL SUPERIOR MARIANO OSPINA RODRIGUEZ;Fredonia;Antioquia;Oficial;5,9264;-75,6742;G33;S1;11;;;138;29;28;32;21;29
SEC-1147;Semetre cero;I. E. ESCUELA NORMAL SUPERIOR MARIANO OSPINA RODRIGUEZ;Fredonia;Antioquia;Oficial;5,9264;-75,6742;G33;S1;11;;;137;29;28;24;24;40
SEC-1148;Semetre cero;I. E. ESCUELA NORMAL SUPERIOR MARIANO OSPINA RODRIGUEZ;Fredonia;Antioquia;Oficial;5,9264;-75,6742;G33;S1;11;;;135;27;22;28;29;33
SEC-1149;Semetre cero;I. E. ESCUELA NORMAL SUPERIOR MARIANO OSPINA RODRIGUEZ;Fredonia;Antioquia;Oficial;5,9264;-75,6742;G33;S1;11;;;134;34;14;32;19;51
SEC-1150;Semetre cero;I. E. ESCUELA NORMAL SUPERIOR MARIANO OSPINA RODRIGUEZ;Fredonia;Antioquia;Oficial;5,9264;-75,6742;G33;S1;11;;;133;29;28;36;14;24
SEC-1151;Semetre cero;I. E. ESCUELA NORMAL SUPERIOR MARIANO OSPINA RODRIGUEZ;Fredonia;Antioquia;Oficial;5,9264;-75,6742;G33;S1;11;;;125;37;14;26;19;38
SEC-1152;Semetre cero;I. E. ESCUELA NORMAL SUPERIOR MARIANO OSPINA RODRIGUEZ;Fredonia;Antioquia;Oficial;5,9264;-75,6742;G33;S1;11;;;122;29;22;32;14;27
SEC-1153;Semetre cero;I. E. ESCUELA NORMAL SUPERIOR MARIANO OSPINA RODRIGUEZ;Fredonia;Antioquia;Oficial;5,9264;-75,6742;G33;S1;11;;;122;37;10;24;29;18
SEC-1154;Semetre cero;I. E. ESCUELA NORMAL SUPERIOR MARIANO OSPINA RODRIGUEZ;Fredonia;Antioquia;Oficial;5,9264;-75,6742;G33;S1;11;;;120;20;20;22;29;40
SEC-1155;Semetre cero;I. E. LAS MERCEDES;Frontino;Antioquia;Oficial;6,7806;-76,1308;G34;S1;11;;;235;41;42;72;33;47
SEC-1156;Semetre cero;I. E. LAS MERCEDES;Frontino;Antioquia;Oficial;6,7806;-76,1308;G34;S1;11;;;223;41;42;62;29;55
SEC-1157;Semetre cero;I. E. LAS MERCEDES;Frontino;Antioquia;Oficial;6,7806;-76,1308;G34;S1;11;;;211;41;38;56;29;55
SEC-1158;Semetre cero;I. E. LAS MERCEDES;Frontino;Antioquia;Oficial;6,7806;-76,1308;G34;S1;11;;;209;39;38;64;29;33
SEC-1159;Semetre cero;I. E. LAS MERCEDES;Frontino;Antioquia;Oficial;6,7806;-76,1308;G34;S1;11;;;207;51;36;50;33;29
SEC-1160;Semetre cero;I. E. LAS MERCEDES;Frontino;Antioquia;Oficial;6,7806;-76,1308;G34;S1;11;;;204;71;42;34;17;38
SEC-1161;Semetre cero;I. E. LAS MERCEDES;Frontino;Antioquia;Oficial;6,7806;-76,1308;G34;S1;11;;;186;41;30;44;38;24
SEC-1162;Semetre cero;I. E. LAS MERCEDES;Frontino;Antioquia;Oficial;6,7806;-76,1308;G34;S1;11;;;186;46;36;46;24;25
SEC-1163;Semetre cero;I. E. LAS MERCEDES;Frontino;Antioquia;Oficial;6,7806;-76,1308;G34;S1;11;;;185;46;32;36;34;35
SEC-1164;Semetre cero;I. E. LAS MERCEDES;Frontino;Antioquia;Oficial;6,7806;-76,1308;G34;S1;11;;;179;39;32;36;33;47
SEC-1165;Semetre cero;I. E. LAS MERCEDES;Frontino;Antioquia;Oficial;6,7806;-76,1308;G34;S1;11;;;179;54;30;38;24;29
SEC-1166;Semetre cero;I. E. LAS MERCEDES;Frontino;Antioquia;Oficial;6,7806;-76,1308;G34;S1;11;;;158;46;32;20;29;27
SEC-1167;Semetre cero;I. E. LAS MERCEDES;Frontino;Antioquia;Oficial;6,7806;-76,1308;G34;S1;11;;;150;22;20;38;34;47
SEC-1168;Semetre cero;I. E. LAS MERCEDES;Frontino;Antioquia;Oficial;6,7806;-76,1308;G34;S1;11;;;145;39;16;32;29;27
SEC-1169;Semetre cero;I. E. LAS MERCEDES;Frontino;Antioquia;Oficial;6,7806;-76,1308;G34;S1;11;;;139;17;22;38;34;25
SEC-1170;Semetre cero;I. E. LAS MERCEDES;Frontino;Antioquia;Oficial;6,7806;-76,1308;G34;S1;11;;;134;39;32;26;14;16
SEC-1171;Semetre cero;I. E. LAS MERCEDES;Frontino;Antioquia;Oficial;6,7806;-76,1308;G34;S1;11;;;132;34;24;24;22;29
SEC-1172;Semetre cero;I. E. LAS MERCEDES;Frontino;Antioquia;Oficial;6,7806;-76,1308;G34;S1;11;;;132;29;20;38;19;24
SEC-1173;Semetre cero;I. E. LAS MERCEDES;Frontino;Antioquia;Oficial;6,7806;-76,1308;G34;S1;11;;;129;39;20;24;19;29
SEC-1174;Semetre cero;I. E. LAS MERCEDES;Frontino;Antioquia;Oficial;6,7806;-76,1308;G34;S1;11;;;117;29;22;18;22;29
SEC-1175;Semetre cero;I.E.R. HOJAS ANCHAS;Guarne;Antioquia;Oficial;6,28;-75,4428;G35;S1;11;;;262;51;58;72;33;38
SEC-1176;Semetre cero;I.E.R. HOJAS ANCHAS;Guarne;Antioquia;Oficial;6,28;-75,4428;G35;S1;11;;;241;54;28;68;41;53
SEC-1177;Semetre cero;I.E.R. HOJAS ANCHAS;Guarne;Antioquia;Oficial;6,28;-75,4428;G35;S1;11;;;225;66;26;54;24;75
SEC-1178;Semetre cero;I.E.R. HOJAS ANCHAS;Guarne;Antioquia;Oficial;6,28;-75,4428;G35;S1;11;;;217;51;26;54;33;73
SEC-1179;Semetre cero;I.E.R. HOJAS ANCHAS;Guarne;Antioquia;Oficial;6,28;-75,4428;G35;S1;11;;;209;44;36;48;40;42
SEC-1180;Semetre cero;I.E.R. HOJAS ANCHAS;Guarne;Antioquia;Oficial;6,28;-75,4428;G35;S1;11;;;202;41;48;36;31;55
SEC-1181;Semetre cero;I.E.R. HOJAS ANCHAS;Guarne;Antioquia;Oficial;6,28;-75,4428;G35;S1;11;;;192;39;28;46;36;53
SEC-1182;Semetre cero;I.E.R. HOJAS ANCHAS;Guarne;Antioquia;Oficial;6,28;-75,4428;G35;S1;11;;;192;49;32;36;40;31
SEC-1183;Semetre cero;I.E.R. HOJAS ANCHAS;Guarne;Antioquia;Oficial;6,28;-75,4428;G35;S1;11;;;185;49;20;46;24;65
SEC-1184;Semetre cero;I.E.R. HOJAS ANCHAS;Guarne;Antioquia;Oficial;6,28;-75,4428;G35;S1;11;;;183;56;24;40;26;38
SEC-1185;Semetre cero;I.E.R. HOJAS ANCHAS;Guarne;Antioquia;Oficial;6,28;-75,4428;G35;S1;11;;;182;44;24;46;28;49
SEC-1186;Semetre cero;I.E.R. HOJAS ANCHAS;Guarne;Antioquia;Oficial;6,28;-75,4428;G35;S1;11;;;180;54;32;36;24;31
SEC-1187;Semetre cero;I.E.R. HOJAS ANCHAS;Guarne;Antioquia;Oficial;6,28;-75,4428;G35;S1;11;;;176;44;38;32;22;49
SEC-1188;Semetre cero;I.E.R. HOJAS ANCHAS;Guarne;Antioquia;Oficial;6,28;-75,4428;G35;S1;11;;;175;37;32;48;22;38
SEC-1189;Semetre cero;I.E.R. HOJAS ANCHAS;Guarne;Antioquia;Oficial;6,28;-75,4428;G35;S1;11;;;172;63;30;18;29;25
SEC-1190;Semetre cero;I.E.R. HOJAS ANCHAS;Guarne;Antioquia;Oficial;6,28;-75,4428;G35;S1;11;;;170;39;22;30;36;60
SEC-1191;Semetre cero;I.E.R. HOJAS ANCHAS;Guarne;Antioquia;Oficial;6,28;-75,4428;G35;S1;11;;;164;46;30;28;24;42
SEC-1192;Semetre cero;I.E.R. HOJAS ANCHAS;Guarne;Antioquia;Oficial;6,28;-75,4428;G35;S1;11;;;164;29;26;26;36;73
SEC-1193;Semetre cero;I.E.R. HOJAS ANCHAS;Guarne;Antioquia;Oficial;6,28;-75,4428;G35;S1;11;;;163;29;26;36;34;47
SEC-1194;Semetre cero;I.E.R. HOJAS ANCHAS;Guarne;Antioquia;Oficial;6,28;-75,4428;G35;S1;11;;;162;37;32;34;26;36
SEC-1195;Semetre cero;I.E.R. HOJAS ANCHAS;Guarne;Antioquia;Oficial;6,28;-75,4428;G35;S1;11;;;162;44;28;32;22;42
SEC-1196;Semetre cero;I.E.R. HOJAS ANCHAS;Guarne;Antioquia;Oficial;6,28;-75,4428;G35;S1;11;;;160;39;26;32;33;25
SEC-1197;Semetre cero;I.E.R. HOJAS ANCHAS;Guarne;Antioquia;Oficial;6,28;-75,4428;G35;S1;11;;;159;41;36;22;31;22
SEC-1198;Semetre cero;I.E.R. HOJAS ANCHAS;Guarne;Antioquia;Oficial;6,28;-75,4428;G35;S1;11;;;155;37;26;30;28;44
SEC-1199;Semetre cero;I.E.R. HOJAS ANCHAS;Guarne;Antioquia;Oficial;6,28;-75,4428;G35;S1;11;;;150;41;32;22;28;22
SEC-1200;Semetre cero;I.E.R. HOJAS ANCHAS;Guarne;Antioquia;Oficial;6,28;-75,4428;G35;S1;11;;;150;39;26;34;22;25
SEC-1201;Semetre cero;I.E.R. HOJAS ANCHAS;Guarne;Antioquia;Oficial;6,28;-75,4428;G35;S1;11;;;149;37;22;38;21;35
SEC-1202;Semetre cero;I.E.R. HOJAS ANCHAS;Guarne;Antioquia;Oficial;6,28;-75,4428;G35;S1;11;;;146;37;26;28;26;31
SEC-1203;Semetre cero;I.E.R. HOJAS ANCHAS;Guarne;Antioquia;Oficial;6,28;-75,4428;G35;S1;11;;;141;37;26;32;16;36
SEC-1204;Semetre cero;I.E.R. HOJAS ANCHAS;Guarne;Antioquia;Oficial;6,28;-75,4428;G35;S1;11;;;139;24;28;24;29;44
SEC-1205;Semetre cero;I.E.R. HOJAS ANCHAS;Guarne;Antioquia;Oficial;6,28;-75,4428;G35;S1;11;;;127;34;18;20;31;22
SEC-1206;Semetre cero;I.E.R. HOJAS ANCHAS;Guarne;Antioquia;Oficial;6,28;-75,4428;G35;S1;11;;;120;34;26;16;19;27
SEC-1207;Semetre cero;I.E.R. HOJAS ANCHAS;Guarne;Antioquia;Oficial;6,28;-75,4428;G35;S1;11;;;93;24;22;14;10;29
SEC-1208;Semetre cero;I. E. PEDRO NEL OSPINA;Ituango;Antioquia;Oficial;7,1717;-75,7336;G36;S1;11;;;263;63;28;72;36;84
SEC-1209;Semetre cero;I. E. PEDRO NEL OSPINA;Ituango;Antioquia;Oficial;7,1717;-75,7336;G36;S1;11;;;244;68;34;62;31;47
SEC-1210;Semetre cero;I. E. PEDRO NEL OSPINA;Ituango;Antioquia;Oficial;7,1717;-75,7336;G36;S1;11;;;205;44;34;48;34;53
SEC-1211;Semetre cero;I. E. PEDRO NEL OSPINA;Ituango;Antioquia;Oficial;7,1717;-75,7336;G36;S1;11;;;204;61;22;58;16;62
SEC-1212;Semetre cero;I. E. PEDRO NEL OSPINA;Ituango;Antioquia;Oficial;7,1717;-75,7336;G36;S1;11;;;202;49;28;52;33;42
SEC-1213;Semetre cero;I. E. PEDRO NEL OSPINA;Ituango;Antioquia;Oficial;7,1717;-75,7336;G36;S1;11;;;202;51;32;50;28;42
SEC-1214;Semetre cero;I. E. PEDRO NEL OSPINA;Ituango;Antioquia;Oficial;7,1717;-75,7336;G36;S1;11;;;193;46;36;46;26;40
SEC-1215;Semetre cero;I. E. PEDRO NEL OSPINA;Ituango;Antioquia;Oficial;7,1717;-75,7336;G36;S1;11;;;189;49;14;46;41;42
SEC-1216;Semetre cero;I. E. PEDRO NEL OSPINA;Ituango;Antioquia;Oficial;7,1717;-75,7336;G36;S1;11;;;183;37;32;50;28;38
SEC-1217;Semetre cero;I. E. PEDRO NEL OSPINA;Ituango;Antioquia;Oficial;7,1717;-75,7336;G36;S1;11;;;174;46;26;44;24;31
SEC-1218;Semetre cero;I. E. PEDRO NEL OSPINA;Ituango;Antioquia;Oficial;7,1717;-75,7336;G36;S1;11;;;173;37;22;56;26;29
SEC-1219;Semetre cero;I. E. PEDRO NEL OSPINA;Ituango;Antioquia;Oficial;7,1717;-75,7336;G36;S1;11;;;170;24;28;44;41;29
SEC-1220;Semetre cero;I. E. PEDRO NEL OSPINA;Ituango;Antioquia;Oficial;7,1717;-75,7336;G36;S1;11;;;169;39;26;34;36;35
SEC-1221;Semetre cero;I. E. PEDRO NEL OSPINA;Ituango;Antioquia;Oficial;7,1717;-75,7336;G36;S1;11;;;168;32;28;36;33;51
SEC-1222;Semetre cero;I. E. PEDRO NEL OSPINA;Ituango;Antioquia;Oficial;7,1717;-75,7336;G36;S1;11;;;165;37;28;40;26;38
SEC-1223;Semetre cero;I. E. PEDRO NEL OSPINA;Ituango;Antioquia;Oficial;7,1717;-75,7336;G36;S1;11;;;162;44;24;40;22;31
SEC-1224;Semetre cero;I. E. PEDRO NEL OSPINA;Ituango;Antioquia;Oficial;7,1717;-75,7336;G36;S1;11;;;153;51;18;32;19;36
SEC-1225;Semetre cero;I. E. PEDRO NEL OSPINA;Ituango;Antioquia;Oficial;7,1717;-75,7336;G36;S1;11;;;150;29;28;42;21;29
SEC-1226;Semetre cero;I. E. PEDRO NEL OSPINA;Ituango;Antioquia;Oficial;7,1717;-75,7336;G36;S1;11;;;140;29;22;36;24;29
SEC-1227;Semetre cero;I. E. PEDRO NEL OSPINA;Ituango;Antioquia;Oficial;7,1717;-75,7336;G36;S1;11;;;134;29;34;22;21;31
SEC-1228;Semetre cero;I. E. PEDRO NEL OSPINA;Ituango;Antioquia;Oficial;7,1717;-75,7336;G36;S1;11;;;132;39;12;28;19;49
SEC-1229;Semetre cero;I. E. PEDRO NEL OSPINA;Ituango;Antioquia;Oficial;7,1717;-75,7336;G36;S1;11;;;127;27;18;24;29;36
SEC-1230;Semetre cero;I. E. PEDRO NEL OSPINA;Ituango;Antioquia;Oficial;7,1717;-75,7336;G36;S1;11;;;127;24;22;22;33;27
SEC-1231;Semetre cero;I. E. PEDRO NEL OSPINA;Ituango;Antioquia;Oficial;7,1717;-75,7336;G36;S1;11;;;119;27;20;32;14;33
SEC-1232;Semetre cero;I. E. R. SAN FRANCISCO DE ASIS;Jerico;Antioquia;Oficial;5,7925;-75,7869;G37;S1;11;;;243;46;32;50;55;80
SEC-1233;Semetre cero;I. E. R. SAN FRANCISCO DE ASIS;Jerico;Antioquia;Oficial;5,7925;-75,7869;G37;S1;11;;;238;63;32;60;38;40
SEC-1234;Semetre cero;I. E. R. SAN FRANCISCO DE ASIS;Jerico;Antioquia;Oficial;5,7925;-75,7869;G37;S1;11;;;227;61;30;54;34;53
SEC-1235;Semetre cero;I. E. R. SAN FRANCISCO DE ASIS;Jerico;Antioquia;Oficial;5,7925;-75,7869;G37;S1;11;;;224;56;38;50;36;42
SEC-1236;Semetre cero;I. E. R. SAN FRANCISCO DE ASIS;Jerico;Antioquia;Oficial;5,7925;-75,7869;G37;S1;11;;;221;54;40;46;36;47
SEC-1237;Semetre cero;I. E. R. SAN FRANCISCO DE ASIS;Jerico;Antioquia;Oficial;5,7925;-75,7869;G37;S1;11;;;208;39;28;52;40;65
SEC-1238;Semetre cero;I. E. R. SAN FRANCISCO DE ASIS;Jerico;Antioquia;Oficial;5,7925;-75,7869;G37;S1;11;;;202;66;28;36;31;44
SEC-1239;Semetre cero;I. E. R. SAN FRANCISCO DE ASIS;Jerico;Antioquia;Oficial;5,7925;-75,7869;G37;S1;11;;;200;59;24;46;29;47
SEC-1240;Semetre cero;I. E. R. SAN FRANCISCO DE ASIS;Jerico;Antioquia;Oficial;5,7925;-75,7869;G37;S1;11;;;198;51;30;50;26;44
SEC-1241;Semetre cero;I. E. R. SAN FRANCISCO DE ASIS;Jerico;Antioquia;Oficial;5,7925;-75,7869;G37;S1;11;;;181;51;18;50;26;36
SEC-1242;Semetre cero;I. E. R. SAN FRANCISCO DE ASIS;Jerico;Antioquia;Oficial;5,7925;-75,7869;G37;S1;11;;;180;49;24;46;28;29
SEC-1243;Semetre cero;I. E. R. SAN FRANCISCO DE ASIS;Jerico;Antioquia;Oficial;5,7925;-75,7869;G37;S1;11;;;172;34;30;52;26;22
SEC-1244;Semetre cero;I. E. R. SAN FRANCISCO DE ASIS;Jerico;Antioquia;Oficial;5,7925;-75,7869;G37;S1;11;;;162;37;30;36;28;31
SEC-1245;Semetre cero;I. E. R. SAN FRANCISCO DE ASIS;Jerico;Antioquia;Oficial;5,7925;-75,7869;G37;S1;11;;;157;39;12;50;28;22
SEC-1246;Semetre cero;I. E. R. SAN FRANCISCO DE ASIS;Jerico;Antioquia;Oficial;5,7925;-75,7869;G37;S1;11;;;155;27;24;46;26;35
SEC-1247;Semetre cero;I. E. R. SAN FRANCISCO DE ASIS;Jerico;Antioquia;Oficial;5,7925;-75,7869;G37;S1;11;;;150;34;36;28;22;29
SEC-1248;Semetre cero;I. E. R. SAN FRANCISCO DE ASIS;Jerico;Antioquia;Oficial;5,7925;-75,7869;G37;S1;11;;;150;46;24;26;24;27
SEC-1249;Semetre cero;I. E. R. SAN FRANCISCO DE ASIS;Jerico;Antioquia;Oficial;5,7925;-75,7869;G37;S1;11;;;147;41;26;24;26;31
SEC-1250;Semetre cero;I. E. R. SAN FRANCISCO DE ASIS;Jerico;Antioquia;Oficial;5,7925;-75,7869;G37;S1;11;;;147;39;28;22;29;27
SEC-1251;Semetre cero;I. E. R. SAN FRANCISCO DE ASIS;Jerico;Antioquia;Oficial;5,7925;-75,7869;G37;S1;11;;;143;34;26;32;22;29
SEC-1252;Semetre cero;I. E. R. SAN FRANCISCO DE ASIS;Jerico;Antioquia;Oficial;5,7925;-75,7869;G37;S1;11;;;142;32;26;34;21;33
SEC-1253;Semetre cero;I. E. R. SAN FRANCISCO DE ASIS;Jerico;Antioquia;Oficial;5,7925;-75,7869;G37;S1;11;;;141;24;26;30;31;33
SEC-1254;Semetre cero;I. E. R. SAN FRANCISCO DE ASIS;Jerico;Antioquia;Oficial;5,7925;-75,7869;G37;S1;11;;;140;29;28;30;29;15
SEC-1255;Semetre cero;I. E. R. SAN FRANCISCO DE ASIS;Jerico;Antioquia;Oficial;5,7925;-75,7869;G37;S1;11;;;135;17;32;28;29;33
SEC-1256;Semetre cero;I. E. R. SAN FRANCISCO DE ASIS;Jerico;Antioquia;Oficial;5,7925;-75,7869;G37;S1;11;;;134;49;22;30;16;0
SEC-1257;Semetre cero;I. E. R. SAN FRANCISCO DE ASIS;Jerico;Antioquia;Oficial;5,7925;-75,7869;G37;S1;11;;;128;34;18;24;28;22
SEC-1258;Semetre cero;I. E. R. SAN FRANCISCO DE ASIS;Jerico;Antioquia;Oficial;5,7925;-75,7869;G37;S1;11;;;123;34;32;12;19;27
SEC-1259;Semetre cero;I. E. R. SAN FRANCISCO DE ASIS;Jerico;Antioquia;Oficial;5,7925;-75,7869;G37;S1;11;;;121;32;20;30;14;27
SEC-1260;Semetre cero;I. E. R. SAN FRANCISCO DE ASIS;Jerico;Antioquia;Oficial;5,7925;-75,7869;G37;S1;11;;;112;20;26;18;26;22
SEC-1261;Semetre cero;I. E. R. SAN FRANCISCO DE ASIS;Jerico;Antioquia;Oficial;5,7925;-75,7869;G37;S1;11;;;86;32;18;16;9;0
SEC-1262;Semetre cero;I. E. R. SAN FRANCISCO DE ASIS;Jerico;Antioquia;Oficial;5,7925;-75,7869;G37;S1;11;;;53;46;0;0;0;0
SEC-1263;Semetre cero;I. E. LA PINTADA;La Pintada;Antioquia;Oficial;5,7461;-75,6069;G38;S1;11;;;258;54;48;60;43;56
SEC-1264;Semetre cero;I. E. LA PINTADA;La Pintada;Antioquia;Oficial;5,7461;-75,6069;G38;S1;11;;;245;71;30;42;47;69
SEC-1265;Semetre cero;I. E. LA PINTADA;La Pintada;Antioquia;Oficial;5,7461;-75,6069;G38;S1;11;;;244;59;26;66;38;69
SEC-1266;Semetre cero;I. E. LA PINTADA;La Pintada;Antioquia;Oficial;5,7461;-75,6069;G38;S1;11;;;235;51;34;54;38;80
SEC-1267;Semetre cero;I. E. LA PINTADA;La Pintada;Antioquia;Oficial;5,7461;-75,6069;G38;S1;11;;;220;51;34;50;36;58
SEC-1268;Semetre cero;I. E. LA PINTADA;La Pintada;Antioquia;Oficial;5,7461;-75,6069;G38;S1;11;;;213;37;40;60;28;62
SEC-1269;Semetre cero;I. E. LA PINTADA;La Pintada;Antioquia;Oficial;5,7461;-75,6069;G38;S1;11;;;211;56;22;58;26;64
SEC-1270;Semetre cero;I. E. LA PINTADA;La Pintada;Antioquia;Oficial;5,7461;-75,6069;G38;S1;11;;;204;56;22;58;29;35
SEC-1271;Semetre cero;I. E. LA PINTADA;La Pintada;Antioquia;Oficial;5,7461;-75,6069;G38;S1;11;;;192;51;28;56;22;27
SEC-1272;Semetre cero;I. E. LA PINTADA;La Pintada;Antioquia;Oficial;5,7461;-75,6069;G38;S1;11;;;184;39;28;34;38;62
SEC-1273;Semetre cero;I. E. LA PINTADA;La Pintada;Antioquia;Oficial;5,7461;-75,6069;G38;S1;11;;;182;39;34;40;33;36
SEC-1274;Semetre cero;I. E. LA PINTADA;La Pintada;Antioquia;Oficial;5,7461;-75,6069;G38;S1;11;;;182;37;20;48;34;56
SEC-1275;Semetre cero;I. E. LA PINTADA;La Pintada;Antioquia;Oficial;5,7461;-75,6069;G38;S1;11;;;179;51;28;38;28;31
SEC-1276;Semetre cero;I. E. LA PINTADA;La Pintada;Antioquia;Oficial;5,7461;-75,6069;G38;S1;11;;;179;51;26;44;19;44
SEC-1277;Semetre cero;I. E. LA PINTADA;La Pintada;Antioquia;Oficial;5,7461;-75,6069;G38;S1;11;;;177;39;32;38;26;55
SEC-1278;Semetre cero;I. E. LA PINTADA;La Pintada;Antioquia;Oficial;5,7461;-75,6069;G38;S1;11;;;172;49;20;34;33;40
SEC-1279;Semetre cero;I. E. LA PINTADA;La Pintada;Antioquia;Oficial;5,7461;-75,6069;G38;S1;11;;;171;34;32;40;31;33
SEC-1280;Semetre cero;I. E. LA PINTADA;La Pintada;Antioquia;Oficial;5,7461;-75,6069;G38;S1;11;;;165;29;20;46;36;35
SEC-1281;Semetre cero;I. E. LA PINTADA;La Pintada;Antioquia;Oficial;5,7461;-75,6069;G38;S1;11;;;162;41;18;42;26;40
SEC-1282;Semetre cero;I. E. LA PINTADA;La Pintada;Antioquia;Oficial;5,7461;-75,6069;G38;S1;11;;;162;51;24;38;19;24
SEC-1283;Semetre cero;I. E. LA PINTADA;La Pintada;Antioquia;Oficial;5,7461;-75,6069;G38;S1;11;;;158;41;14;38;31;38
SEC-1284;Semetre cero;I. E. LA PINTADA;La Pintada;Antioquia;Oficial;5,7461;-75,6069;G38;S1;11;;;154;29;28;46;19;35
SEC-1285;Semetre cero;I. E. LA PINTADA;La Pintada;Antioquia;Oficial;5,7461;-75,6069;G38;S1;11;;;153;27;24;36;34;35
SEC-1286;Semetre cero;I. E. LA PINTADA;La Pintada;Antioquia;Oficial;5,7461;-75,6069;G38;S1;11;;;153;41;22;38;26;15
SEC-1287;Semetre cero;I. E. LA PINTADA;La Pintada;Antioquia;Oficial;5,7461;-75,6069;G38;S1;11;;;149;27;24;44;24;31
SEC-1288;Semetre cero;I. E. LA PINTADA;La Pintada;Antioquia;Oficial;5,7461;-75,6069;G38;S1;11;;;148;29;22;30;36;33
SEC-1289;Semetre cero;I. E. LA PINTADA;La Pintada;Antioquia;Oficial;5,7461;-75,6069;G38;S1;11;;;148;32;20;36;28;38
SEC-1290;Semetre cero;I. E. LA PINTADA;La Pintada;Antioquia;Oficial;5,7461;-75,6069;G38;S1;11;;;148;41;18;26;31;35
SEC-1291;Semetre cero;I. E. LA PINTADA;La Pintada;Antioquia;Oficial;5,7461;-75,6069;G38;S1;11;;;147;29;28;26;31;40
SEC-1292;Semetre cero;I. E. LA PINTADA;La Pintada;Antioquia;Oficial;5,7461;-75,6069;G38;S1;11;;;145;29;24;38;21;42
SEC-1293;Semetre cero;I. E. LA PINTADA;La Pintada;Antioquia;Oficial;5,7461;-75,6069;G38;S1;11;;;144;32;22;36;26;27
SEC-1294;Semetre cero;I. E. LA PINTADA;La Pintada;Antioquia;Oficial;5,7461;-75,6069;G38;S1;11;;;143;34;24;26;29;33
SEC-1295;Semetre cero;I. E. LA PINTADA;La Pintada;Antioquia;Oficial;5,7461;-75,6069;G38;S1;11;;;141;37;18;36;19;38
SEC-1296;Semetre cero;I. E. LA PINTADA;La Pintada;Antioquia;Oficial;5,7461;-75,6069;G38;S1;11;;;138;29;22;36;24;24
SEC-1297;Semetre cero;I. E. LA PINTADA;La Pintada;Antioquia;Oficial;5,7461;-75,6069;G38;S1;11;;;122;29;26;16;26;25
SEC-1298;Semetre cero;I. E. LA PINTADA;La Pintada;Antioquia;Oficial;5,7461;-75,6069;G38;S1;11;;;119;24;20;24;28;22
SEC-1299;Semetre cero;I. E. SAN DIEGO;Liborina;Antioquia;Oficial;6,6781;-75,8114;G39;S1;11;;;287;63;44;78;38;76
SEC-1300;Semetre cero;I. E. SAN DIEGO;Liborina;Antioquia;Oficial;6,6781;-75,8114;G39;S1;11;;;246;59;46;44;41;71
SEC-1301;Semetre cero;I. E. SAN DIEGO;Liborina;Antioquia;Oficial;6,6781;-75,8114;G39;S1;11;;;222;49;48;52;28;49
SEC-1302;Semetre cero;I. E. SAN DIEGO;Liborina;Antioquia;Oficial;6,6781;-75,8114;G39;S1;11;;;220;54;28;54;41;42
SEC-1303;Semetre cero;I. E. SAN DIEGO;Liborina;Antioquia;Oficial;6,6781;-75,8114;G39;S1;11;;;218;54;32;48;36;56
SEC-1304;Semetre cero;I. E. SAN DIEGO;Liborina;Antioquia;Oficial;6,6781;-75,8114;G39;S1;11;;;214;61;26;62;16;64
SEC-1305;Semetre cero;I. E. SAN DIEGO;Liborina;Antioquia;Oficial;6,6781;-75,8114;G39;S1;11;;;205;54;30;48;29;51
SEC-1306;Semetre cero;I. E. SAN DIEGO;Liborina;Antioquia;Oficial;6,6781;-75,8114;G39;S1;11;;;193;49;40;50;17;35
SEC-1307;Semetre cero;I. E. SAN DIEGO;Liborina;Antioquia;Oficial;6,6781;-75,8114;G39;S1;11;;;191;44;36;40;31;44
SEC-1308;Semetre cero;I. E. SAN DIEGO;Liborina;Antioquia;Oficial;6,6781;-75,8114;G39;S1;11;;;186;49;30;42;22;55
SEC-1309;Semetre cero;I. E. SAN DIEGO;Liborina;Antioquia;Oficial;6,6781;-75,8114;G39;S1;11;;;185;37;30;48;33;40
SEC-1310;Semetre cero;I. E. SAN DIEGO;Liborina;Antioquia;Oficial;6,6781;-75,8114;G39;S1;11;;;185;46;30;42;31;33
SEC-1311;Semetre cero;I. E. SAN DIEGO;Liborina;Antioquia;Oficial;6,6781;-75,8114;G39;S1;11;;;185;29;36;44;36;44
SEC-1312;Semetre cero;I. E. SAN DIEGO;Liborina;Antioquia;Oficial;6,6781;-75,8114;G39;S1;11;;;183;41;28;42;31;47
SEC-1313;Semetre cero;I. E. SAN DIEGO;Liborina;Antioquia;Oficial;6,6781;-75,8114;G39;S1;11;;;176;54;26;30;26;51
SEC-1314;Semetre cero;I. E. SAN DIEGO;Liborina;Antioquia;Oficial;6,6781;-75,8114;G39;S1;11;;;173;39;36;38;26;33
SEC-1315;Semetre cero;I. E. SAN DIEGO;Liborina;Antioquia;Oficial;6,6781;-75,8114;G39;S1;11;;;166;39;32;42;17;40
SEC-1316;Semetre cero;I. E. SAN DIEGO;Liborina;Antioquia;Oficial;6,6781;-75,8114;G39;S1;11;;;165;37;20;40;31;47
SEC-1317;Semetre cero;I. E. SAN DIEGO;Liborina;Antioquia;Oficial;6,6781;-75,8114;G39;S1;11;;;161;54;18;34;22;35
SEC-1318;Semetre cero;I. E. SAN DIEGO;Liborina;Antioquia;Oficial;6,6781;-75,8114;G39;S1;11;;;154;44;22;32;31;15
SEC-1319;Semetre cero;I. E. SAN DIEGO;Liborina;Antioquia;Oficial;6,6781;-75,8114;G39;S1;11;;;153;32;30;32;24;45
SEC-1320;Semetre cero;I. E. SAN DIEGO;Liborina;Antioquia;Oficial;6,6781;-75,8114;G39;S1;11;;;151;54;18;26;21;38
SEC-1321;Semetre cero;I. E. SAN DIEGO;Liborina;Antioquia;Oficial;6,6781;-75,8114;G39;S1;11;;;150;32;38;22;28;33
SEC-1322;Semetre cero;I. E. SAN DIEGO;Liborina;Antioquia;Oficial;6,6781;-75,8114;G39;S1;11;;;148;27;34;32;28;24
SEC-1323;Semetre cero;I. E. SAN DIEGO;Liborina;Antioquia;Oficial;6,6781;-75,8114;G39;S1;11;;;147;37;26;24;28;40
SEC-1324;Semetre cero;I. E. SAN DIEGO;Liborina;Antioquia;Oficial;6,6781;-75,8114;G39;S1;11;;;147;39;32;20;28;25
SEC-1325;Semetre cero;I. E. SAN DIEGO;Liborina;Antioquia;Oficial;6,6781;-75,8114;G39;S1;11;;;145;39;20;40;17;27
SEC-1326;Semetre cero;I. E. SAN DIEGO;Liborina;Antioquia;Oficial;6,6781;-75,8114;G39;S1;11;;;143;32;26;30;21;45
SEC-1327;Semetre cero;I. E. SAN DIEGO;Liborina;Antioquia;Oficial;6,6781;-75,8114;G39;S1;11;;;140;32;28;30;22;27
SEC-1328;Semetre cero;I. E. SAN DIEGO;Liborina;Antioquia;Oficial;6,6781;-75,8114;G39;S1;11;;;137;32;26;26;28;22
SEC-1329;Semetre cero;I. E. SAN DIEGO;Liborina;Antioquia;Oficial;6,6781;-75,8114;G39;S1;11;;;135;27;32;26;19;40
SEC-1330;Semetre cero;I. E. SAN DIEGO;Liborina;Antioquia;Oficial;6,6781;-75,8114;G39;S1;11;;;132;37;16;26;26;29
SEC-1331;Semetre cero;I. E. SAN DIEGO;Liborina;Antioquia;Oficial;6,6781;-75,8114;G39;S1;11;;;126;27;20;26;29;22
SEC-1332;Semetre cero;I. E. SAN DIEGO;Liborina;Antioquia;Oficial;6,6781;-75,8114;G39;S1;11;;;93;10;20;22;19;31
SEC-1333;Semetre cero;I. E. FILIBERTO RESTREPO SIERRA;Maceo;Antioquia;Oficial;6,5542;-74,7861;G40;S1;11;;;310;73;58;60;48;87
SEC-1334;Semetre cero;I. E. FILIBERTO RESTREPO SIERRA;Maceo;Antioquia;Oficial;6,5542;-74,7861;G40;S1;11;;;299;66;56;60;52;76
SEC-1335;Semetre cero;I. E. FILIBERTO RESTREPO SIERRA;Maceo;Antioquia;Oficial;6,5542;-74,7861;G40;S1;11;;;268;66;44;60;43;58
SEC-1336;Semetre cero;I. E. FILIBERTO RESTREPO SIERRA;Maceo;Antioquia;Oficial;6,5542;-74,7861;G40;S1;11;;;267;66;36;58;50;64
SEC-1337;Semetre cero;I. E. FILIBERTO RESTREPO SIERRA;Maceo;Antioquia;Oficial;6,5542;-74,7861;G40;S1;11;;;266;61;44;52;45;85
SEC-1338;Semetre cero;I. E. FILIBERTO RESTREPO SIERRA;Maceo;Antioquia;Oficial;6,5542;-74,7861;G40;S1;11;;;258;56;48;56;41;67
SEC-1339;Semetre cero;I. E. FILIBERTO RESTREPO SIERRA;Maceo;Antioquia;Oficial;6,5542;-74,7861;G40;S1;11;;;257;71;40;60;33;58
SEC-1340;Semetre cero;I. E. FILIBERTO RESTREPO SIERRA;Maceo;Antioquia;Oficial;6,5542;-74,7861;G40;S1;11;;;253;59;38;76;33;42
SEC-1341;Semetre cero;I. E. FILIBERTO RESTREPO SIERRA;Maceo;Antioquia;Oficial;6,5542;-74,7861;G40;S1;11;;;253;63;36;60;40;60
SEC-1342;Semetre cero;I. E. FILIBERTO RESTREPO SIERRA;Maceo;Antioquia;Oficial;6,5542;-74,7861;G40;S1;11;;;253;63;34;64;36;64
SEC-1343;Semetre cero;I. E. FILIBERTO RESTREPO SIERRA;Maceo;Antioquia;Oficial;6,5542;-74,7861;G40;S1;11;;;250;59;32;60;43;69
SEC-1344;Semetre cero;I. E. FILIBERTO RESTREPO SIERRA;Maceo;Antioquia;Oficial;6,5542;-74,7861;G40;S1;11;;;247;54;36;64;43;53
SEC-1345;Semetre cero;I. E. FILIBERTO RESTREPO SIERRA;Maceo;Antioquia;Oficial;6,5542;-74,7861;G40;S1;11;;;245;66;38;56;36;49
SEC-1346;Semetre cero;I. E. FILIBERTO RESTREPO SIERRA;Maceo;Antioquia;Oficial;6,5542;-74,7861;G40;S1;11;;;245;61;30;70;31;60
SEC-1347;Semetre cero;I. E. FILIBERTO RESTREPO SIERRA;Maceo;Antioquia;Oficial;6,5542;-74,7861;G40;S1;11;;;244;59;36;58;40;58
SEC-1348;Semetre cero;I. E. FILIBERTO RESTREPO SIERRA;Maceo;Antioquia;Oficial;6,5542;-74,7861;G40;S1;11;;;244;66;34;48;40;71
SEC-1349;Semetre cero;I. E. FILIBERTO RESTREPO SIERRA;Maceo;Antioquia;Oficial;6,5542;-74,7861;G40;S1;11;;;242;59;28;64;41;55
SEC-1350;Semetre cero;I. E. FILIBERTO RESTREPO SIERRA;Maceo;Antioquia;Oficial;6,5542;-74,7861;G40;S1;11;;;237;66;22;48;57;38
SEC-1351;Semetre cero;I. E. FILIBERTO RESTREPO SIERRA;Maceo;Antioquia;Oficial;6,5542;-74,7861;G40;S1;11;;;235;49;32;64;48;31
SEC-1352;Semetre cero;I. E. FILIBERTO RESTREPO SIERRA;Maceo;Antioquia;Oficial;6,5542;-74,7861;G40;S1;11;;;232;44;34;54;52;53
SEC-1353;Semetre cero;I. E. FILIBERTO RESTREPO SIERRA;Maceo;Antioquia;Oficial;6,5542;-74,7861;G40;S1;11;;;231;59;30;58;33;64
SEC-1354;Semetre cero;I. E. FILIBERTO RESTREPO SIERRA;Maceo;Antioquia;Oficial;6,5542;-74,7861;G40;S1;11;;;229;59;36;60;33;33
SEC-1355;Semetre cero;I. E. FILIBERTO RESTREPO SIERRA;Maceo;Antioquia;Oficial;6,5542;-74,7861;G40;S1;11;;;228;37;38;58;50;45
SEC-1356;Semetre cero;I. E. FILIBERTO RESTREPO SIERRA;Maceo;Antioquia;Oficial;6,5542;-74,7861;G40;S1;11;;;226;54;42;48;34;53
SEC-1357;Semetre cero;I. E. FILIBERTO RESTREPO SIERRA;Maceo;Antioquia;Oficial;6,5542;-74,7861;G40;S1;11;;;218;46;30;62;34;49
SEC-1358;Semetre cero;I. E. FILIBERTO RESTREPO SIERRA;Maceo;Antioquia;Oficial;6,5542;-74,7861;G40;S1;11;;;217;49;30;52;45;38
SEC-1359;Semetre cero;I. E. FILIBERTO RESTREPO SIERRA;Maceo;Antioquia;Oficial;6,5542;-74,7861;G40;S1;11;;;217;61;26;56;29;47
SEC-1360;Semetre cero;I. E. FILIBERTO RESTREPO SIERRA;Maceo;Antioquia;Oficial;6,5542;-74,7861;G40;S1;11;;;214;46;32;54;41;35
SEC-1361;Semetre cero;I. E. FILIBERTO RESTREPO SIERRA;Maceo;Antioquia;Oficial;6,5542;-74,7861;G40;S1;11;;;201;59;22;46;36;35
SEC-1362;Semetre cero;I. E. FILIBERTO RESTREPO SIERRA;Maceo;Antioquia;Oficial;6,5542;-74,7861;G40;S1;11;;;199;59;26;40;36;35
SEC-1363;Semetre cero;I. E. FILIBERTO RESTREPO SIERRA;Maceo;Antioquia;Oficial;6,5542;-74,7861;G40;S1;11;;;199;44;30;58;29;33
SEC-1364;Semetre cero;I. E. FILIBERTO RESTREPO SIERRA;Maceo;Antioquia;Oficial;6,5542;-74,7861;G40;S1;11;;;194;46;38;42;29;38
SEC-1365;Semetre cero;I. E. FILIBERTO RESTREPO SIERRA;Maceo;Antioquia;Oficial;6,5542;-74,7861;G40;S1;11;;;194;29;28;46;50;44
SEC-1366;Semetre cero;I. E. FILIBERTO RESTREPO SIERRA;Maceo;Antioquia;Oficial;6,5542;-74,7861;G40;S1;11;;;193;37;20;60;40;33
SEC-1367;Semetre cero;I. E. FILIBERTO RESTREPO SIERRA;Maceo;Antioquia;Oficial;6,5542;-74,7861;G40;S1;11;;;193;32;30;50;40;47
SEC-1368;Semetre cero;I. E. FILIBERTO RESTREPO SIERRA;Maceo;Antioquia;Oficial;6,5542;-74,7861;G40;S1;11;;;193;66;20;24;41;47
SEC-1369;Semetre cero;I. E. FILIBERTO RESTREPO SIERRA;Maceo;Antioquia;Oficial;6,5542;-74,7861;G40;S1;11;;;184;34;32;58;22;38
SEC-1370;Semetre cero;I. E. FILIBERTO RESTREPO SIERRA;Maceo;Antioquia;Oficial;6,5542;-74,7861;G40;S1;11;;;181;41;20;32;48;45
SEC-1371;Semetre cero;I. E. MURINDO;Murindo;Antioquia;Oficial;7,0169;-76,7536;G41;S1;11;;;239;46;32;68;47;42
SEC-1372;Semetre cero;I. E. MURINDO;Murindo;Antioquia;Oficial;7,0169;-76,7536;G41;S1;11;;;237;46;26;66;53;42
SEC-1373;Semetre cero;I. E. MURINDO;Murindo;Antioquia;Oficial;7,0169;-76,7536;G41;S1;11;;;226;41;30;72;40;38
SEC-1374;Semetre cero;I. E. MURINDO;Murindo;Antioquia;Oficial;7,0169;-76,7536;G41;S1;11;;;224;41;26;68;50;27
SEC-1375;Semetre cero;I. E. MURINDO;Murindo;Antioquia;Oficial;7,0169;-76,7536;G41;S1;11;;;213;41;34;54;38;51
SEC-1376;Semetre cero;I. E. MURINDO;Murindo;Antioquia;Oficial;7,0169;-76,7536;G41;S1;11;;;212;46;16;62;53;18
SEC-1377;Semetre cero;I. E. MURINDO;Murindo;Antioquia;Oficial;7,0169;-76,7536;G41;S1;11;;;212;46;24;52;48;38
SEC-1378;Semetre cero;I. E. MURINDO;Murindo;Antioquia;Oficial;7,0169;-76,7536;G41;S1;11;;;209;44;18;56;50;40
SEC-1379;Semetre cero;I. E. MURINDO;Murindo;Antioquia;Oficial;7,0169;-76,7536;G41;S1;11;;;199;56;24;40;31;64
SEC-1380;Semetre cero;I. E. MURINDO;Murindo;Antioquia;Oficial;7,0169;-76,7536;G41;S1;11;;;181;44;24;40;41;24
SEC-1381;Semetre cero;I. E. MURINDO;Murindo;Antioquia;Oficial;7,0169;-76,7536;G41;S1;11;;;180;51;34;26;29;45
SEC-1382;Semetre cero;I. E. MURINDO;Murindo;Antioquia;Oficial;7,0169;-76,7536;G41;S1;11;;;179;29;18;52;38;53
SEC-1383;Semetre cero;I. E. MURINDO;Murindo;Antioquia;Oficial;7,0169;-76,7536;G41;S1;11;;;178;41;14;42;47;31
SEC-1384;Semetre cero;I. E. MURINDO;Murindo;Antioquia;Oficial;7,0169;-76,7536;G41;S1;11;;;178;41;30;40;33;29
SEC-1385;Semetre cero;I. E. MURINDO;Murindo;Antioquia;Oficial;7,0169;-76,7536;G41;S1;11;;;175;46;16;24;50;45
SEC-1386;Semetre cero;I. E. MURINDO;Murindo;Antioquia;Oficial;7,0169;-76,7536;G41;S1;11;;;168;32;26;48;28;36
SEC-1387;Semetre cero;I. E. MURINDO;Murindo;Antioquia;Oficial;7,0169;-76,7536;G41;S1;11;;;168;49;24;32;26;44
SEC-1388;Semetre cero;I. E. MURINDO;Murindo;Antioquia;Oficial;7,0169;-76,7536;G41;S1;11;;;165;54;22;36;19;38
SEC-1389;Semetre cero;I. E. MURINDO;Murindo;Antioquia;Oficial;7,0169;-76,7536;G41;S1;11;;;163;24;24;40;34;55
SEC-1390;Semetre cero;I. E. MURINDO;Murindo;Antioquia;Oficial;7,0169;-76,7536;G41;S1;11;;;154;39;26;34;21;40
SEC-1391;Semetre cero;I. E. MURINDO;Murindo;Antioquia;Oficial;7,0169;-76,7536;G41;S1;11;;;153;34;22;32;33;35
SEC-1392;Semetre cero;I. E. MURINDO;Murindo;Antioquia;Oficial;7,0169;-76,7536;G41;S1;11;;;152;39;18;26;34;44
SEC-1393;Semetre cero;I. E. MURINDO;Murindo;Antioquia;Oficial;7,0169;-76,7536;G41;S1;11;;;149;39;32;24;24;31
SEC-1394;Semetre cero;I. E. MURINDO;Murindo;Antioquia;Oficial;7,0169;-76,7536;G41;S1;11;;;148;37;16;32;29;44
SEC-1395;Semetre cero;I. E. MURINDO;Murindo;Antioquia;Oficial;7,0169;-76,7536;G41;S1;11;;;147;12;16;48;38;40
SEC-1396;Semetre cero;I. E. MURINDO;Murindo;Antioquia;Oficial;7,0169;-76,7536;G41;S1;11;;;147;24;24;38;26;45
SEC-1397;Semetre cero;I. E. MURINDO;Murindo;Antioquia;Oficial;7,0169;-76,7536;G41;S1;11;;;145;34;22;32;31;20
SEC-1398;Semetre cero;I. E. MURINDO;Murindo;Antioquia;Oficial;7,0169;-76,7536;G41;S1;11;;;145;24;18;54;24;15
SEC-1399;Semetre cero;I. E. MURINDO;Murindo;Antioquia;Oficial;7,0169;-76,7536;G41;S1;11;;;143;37;30;30;17;29
SEC-1400;Semetre cero;I. E. MURINDO;Murindo;Antioquia;Oficial;7,0169;-76,7536;G41;S1;11;;;142;32;20;28;33;31
SEC-1401;Semetre cero;I. E. MURINDO;Murindo;Antioquia;Oficial;7,0169;-76,7536;G41;S1;11;;;141;37;28;32;12;42
SEC-1402;Semetre cero;I. E. MURINDO;Murindo;Antioquia;Oficial;7,0169;-76,7536;G41;S1;11;;;141;37;18;30;26;36
SEC-1403;Semetre cero;I. E. MURINDO;Murindo;Antioquia;Oficial;7,0169;-76,7536;G41;S1;11;;;141;29;18;40;22;36
SEC-1404;Semetre cero;I. E. MURINDO;Murindo;Antioquia;Oficial;7,0169;-76,7536;G41;S1;11;;;139;37;18;36;19;33
SEC-1405;Semetre cero;I. E. MURINDO;Murindo;Antioquia;Oficial;7,0169;-76,7536;G41;S1;11;;;137;32;24;22;28;40
SEC-1406;Semetre cero;I. E. MURINDO;Murindo;Antioquia;Oficial;7,0169;-76,7536;G41;S1;11;;;137;22;22;34;26;44
SEC-1407;Semetre cero;I. E. MURINDO;Murindo;Antioquia;Oficial;7,0169;-76,7536;G41;S1;11;;;136;32;26;16;24;60
SEC-1408;Semetre cero;I. E. MURINDO;Murindo;Antioquia;Oficial;7,0169;-76,7536;G41;S1;11;;;132;34;30;22;19;29
SEC-1409;Semetre cero;I. E. MURINDO;Murindo;Antioquia;Oficial;7,0169;-76,7536;G41;S1;11;;;131;32;18;28;26;31
SEC-1410;Semetre cero;I. E. MURINDO;Murindo;Antioquia;Oficial;7,0169;-76,7536;G41;S1;11;;;131;24;24;26;24;45
SEC-1411;Semetre cero;I. E. MURINDO;Murindo;Antioquia;Oficial;7,0169;-76,7536;G41;S1;11;;;130;22;14;30;33;42
SEC-1412;Semetre cero;I. E. MURINDO;Murindo;Antioquia;Oficial;7,0169;-76,7536;G41;S1;11;;;126;20;6;30;40;42
SEC-1413;Semetre cero;I. E. MURINDO;Murindo;Antioquia;Oficial;7,0169;-76,7536;G41;S1;11;;;120;41;20;20;14;25
SEC-1414;Semetre cero;I. E. MURINDO;Murindo;Antioquia;Oficial;7,0169;-76,7536;G41;S1;11;;;112;20;22;26;21;27
SEC-1415;Semetre cero;I. E. MURINDO;Murindo;Antioquia;Oficial;7,0169;-76,7536;G41;S1;11;;;105;49;10;22;10;0
SEC-1416;Semetre cero;I. E. MURINDO;Murindo;Antioquia;Oficial;7,0169;-76,7536;G41;S1;11;;;71;0;8;14;22;51
SEC-1417;Semetre cero;I. E. MUTATA;Mutata;Antioquia;Oficial;7,2433;-76,4361;G42;S1;11;;;244;44;30;70;43;73
SEC-1418;Semetre cero;I. E. MUTATA;Mutata;Antioquia;Oficial;7,2433;-76,4361;G42;S1;11;;;242;59;36;54;45;49
SEC-1419;Semetre cero;I. E. MUTATA;Mutata;Antioquia;Oficial;7,2433;-76,4361;G42;S1;11;;;236;51;32;64;41;49
SEC-1420;Semetre cero;I. E. MUTATA;Mutata;Antioquia;Oficial;7,2433;-76,4361;G42;S1;11;;;229;59;34;56;34;47
SEC-1421;Semetre cero;I. E. MUTATA;Mutata;Antioquia;Oficial;7,2433;-76,4361;G42;S1;11;;;227;59;30;66;28;44
SEC-1422;Semetre cero;I. E. MUTATA;Mutata;Antioquia;Oficial;7,2433;-76,4361;G42;S1;11;;;225;54;28;62;41;31
SEC-1423;Semetre cero;I. E. MUTATA;Mutata;Antioquia;Oficial;7,2433;-76,4361;G42;S1;11;;;224;68;24;56;31;45
SEC-1424;Semetre cero;I. E. MUTATA;Mutata;Antioquia;Oficial;7,2433;-76,4361;G42;S1;11;;;223;49;32;60;31;65
SEC-1425;Semetre cero;I. E. MUTATA;Mutata;Antioquia;Oficial;7,2433;-76,4361;G42;S1;11;;;223;46;32;56;29;89
SEC-1426;Semetre cero;I. E. MUTATA;Mutata;Antioquia;Oficial;7,2433;-76,4361;G42;S1;11;;;220;61;26;56;29;55
SEC-1427;Semetre cero;I. E. MUTATA;Mutata;Antioquia;Oficial;7,2433;-76,4361;G42;S1;11;;;220;49;36;54;33;56
SEC-1428;Semetre cero;I. E. MUTATA;Mutata;Antioquia;Oficial;7,2433;-76,4361;G42;S1;11;;;218;41;28;58;43;55
SEC-1429;Semetre cero;I. E. MUTATA;Mutata;Antioquia;Oficial;7,2433;-76,4361;G42;S1;11;;;209;46;40;58;19;55
SEC-1430;Semetre cero;I. E. MUTATA;Mutata;Antioquia;Oficial;7,2433;-76,4361;G42;S1;11;;;209;54;14;60;36;51
SEC-1431;Semetre cero;I. E. MUTATA;Mutata;Antioquia;Oficial;7,2433;-76,4361;G42;S1;11;;;206;51;28;60;28;35
SEC-1432;Semetre cero;I. E. MUTATA;Mutata;Antioquia;Oficial;7,2433;-76,4361;G42;S1;11;;;205;49;26;52;40;33
SEC-1433;Semetre cero;I. E. MUTATA;Mutata;Antioquia;Oficial;7,2433;-76,4361;G42;S1;11;;;204;41;24;56;45;31
SEC-1434;Semetre cero;I. E. MUTATA;Mutata;Antioquia;Oficial;7,2433;-76,4361;G42;S1;11;;;203;44;38;50;31;40
SEC-1435;Semetre cero;I. E. MUTATA;Mutata;Antioquia;Oficial;7,2433;-76,4361;G42;S1;11;;;199;51;28;48;33;38
SEC-1436;Semetre cero;I. E. MUTATA;Mutata;Antioquia;Oficial;7,2433;-76,4361;G42;S1;11;;;192;34;40;46;33;40
SEC-1437;Semetre cero;I. E. MUTATA;Mutata;Antioquia;Oficial;7,2433;-76,4361;G42;S1;11;;;191;46;32;60;17;31
SEC-1438;Semetre cero;I. E. MUTATA;Mutata;Antioquia;Oficial;7,2433;-76,4361;G42;S1;11;;;184;54;24;44;26;36
SEC-1439;Semetre cero;I. E. MUTATA;Mutata;Antioquia;Oficial;7,2433;-76,4361;G42;S1;11;;;184;39;32;50;21;53
SEC-1440;Semetre cero;I. E. MUTATA;Mutata;Antioquia;Oficial;7,2433;-76,4361;G42;S1;11;;;176;44;22;52;22;36
SEC-1441;Semetre cero;I. E. MUTATA;Mutata;Antioquia;Oficial;7,2433;-76,4361;G42;S1;11;;;176;44;22;42;31;40
SEC-1442;Semetre cero;I. E. MUTATA;Mutata;Antioquia;Oficial;7,2433;-76,4361;G42;S1;11;;;174;44;22;46;28;35
SEC-1443;Semetre cero;I. E. MUTATA;Mutata;Antioquia;Oficial;7,2433;-76,4361;G42;S1;11;;;174;37;20;58;26;31
SEC-1444;Semetre cero;I. E. MUTATA;Mutata;Antioquia;Oficial;7,2433;-76,4361;G42;S1;11;;;168;44;26;40;24;35
SEC-1445;Semetre cero;I. E. MUTATA;Mutata;Antioquia;Oficial;7,2433;-76,4361;G42;S1;11;;;167;34;28;48;21;42
SEC-1446;Semetre cero;I. E. MUTATA;Mutata;Antioquia;Oficial;7,2433;-76,4361;G42;S1;11;;;165;39;26;34;31;40
SEC-1447;Semetre cero;I. E. MUTATA;Mutata;Antioquia;Oficial;7,2433;-76,4361;G42;S1;11;;;164;34;20;44;31;40
SEC-1448;Semetre cero;I. E. MUTATA;Mutata;Antioquia;Oficial;7,2433;-76,4361;G42;S1;11;;;164;39;22;34;34;38
SEC-1449;Semetre cero;I. E. MUTATA;Mutata;Antioquia;Oficial;7,2433;-76,4361;G42;S1;11;;;159;46;26;36;19;33
SEC-1450;Semetre cero;I. E. MUTATA;Mutata;Antioquia;Oficial;7,2433;-76,4361;G42;S1;11;;;158;37;26;32;29;38
SEC-1451;Semetre cero;I. E. MUTATA;Mutata;Antioquia;Oficial;7,2433;-76,4361;G42;S1;11;;;156;34;30;38;22;31
SEC-1452;Semetre cero;I. E. MUTATA;Mutata;Antioquia;Oficial;7,2433;-76,4361;G42;S1;11;;;155;32;24;36;34;25
SEC-1453;Semetre cero;I. E. MUTATA;Mutata;Antioquia;Oficial;7,2433;-76,4361;G42;S1;11;;;153;27;24;40;31;31
SEC-1454;Semetre cero;I. E. MUTATA;Mutata;Antioquia;Oficial;7,2433;-76,4361;G42;S1;11;;;152;34;16;44;24;40
SEC-1455;Semetre cero;I. E. MUTATA;Mutata;Antioquia;Oficial;7,2433;-76,4361;G42;S1;11;;;151;39;18;38;24;35
SEC-1456;Semetre cero;I. E. MUTATA;Mutata;Antioquia;Oficial;7,2433;-76,4361;G42;S1;11;;;148;37;16;36;26;42
SEC-1457;Semetre cero;I. E. MUTATA;Mutata;Antioquia;Oficial;7,2433;-76,4361;G42;S1;11;;;148;44;26;30;16;38
SEC-1458;Semetre cero;I. E. MUTATA;Mutata;Antioquia;Oficial;7,2433;-76,4361;G42;S1;11;;;147;37;34;30;16;33
SEC-1459;Semetre cero;I. E. MUTATA;Mutata;Antioquia;Oficial;7,2433;-76,4361;G42;S1;11;;;146;29;30;32;22;38
SEC-1460;Semetre cero;I. E. MUTATA;Mutata;Antioquia;Oficial;7,2433;-76,4361;G42;S1;11;;;144;29;24;40;21;33
SEC-1461;Semetre cero;I. E. MUTATA;Mutata;Antioquia;Oficial;7,2433;-76,4361;G42;S1;11;;;142;29;18;30;34;35
SEC-1462;Semetre cero;I. E. MUTATA;Mutata;Antioquia;Oficial;7,2433;-76,4361;G42;S1;11;;;140;24;22;46;21;24
SEC-1463;Semetre cero;I. E. MUTATA;Mutata;Antioquia;Oficial;7,2433;-76,4361;G42;S1;11;;;138;27;18;48;16;35
SEC-1464;Semetre cero;I. E. MUTATA;Mutata;Antioquia;Oficial;7,2433;-76,4361;G42;S1;11;;;137;24;28;34;17;45
SEC-1465;Semetre cero;I. E. MUTATA;Mutata;Antioquia;Oficial;7,2433;-76,4361;G42;S1;11;;;135;39;18;34;16;31
SEC-1466;Semetre cero;I. E. MUTATA;Mutata;Antioquia;Oficial;7,2433;-76,4361;G42;S1;11;;;127;20;16;38;31;16
SEC-1467;Semetre cero;I. E. MUTATA;Mutata;Antioquia;Oficial;7,2433;-76,4361;G42;S1;11;;;119;27;22;18;24;36
SEC-1468;Semetre cero;I. E. MUTATA;Mutata;Antioquia;Oficial;7,2433;-76,4361;G42;S1;11;;;119;37;14;12;29;33
SEC-1469;Semetre cero;I. E. MUTATA;Mutata;Antioquia;Oficial;7,2433;-76,4361;G42;S1;11;;;116;32;16;20;17;45
SEC-1470;Semetre cero;I. E. MUTATA;Mutata;Antioquia;Oficial;7,2433;-76,4361;G42;S1;11;;;98;22;20;14;19;29
SEC-1471;Semetre cero;I. E. MUTATA;Mutata;Antioquia;Oficial;7,2433;-76,4361;G42;S1;11;;;90;20;16;22;7;40
SEC-1472;Semetre cero;I. E. R. LA INMACULADA CAUCHERAS;Mutata;Antioquia;Oficial;7,2433;-76,4361;G43;S1;11;;;242;54;32;60;47;53
SEC-1473;Semetre cero;I. E. R. LA INMACULADA CAUCHERAS;Mutata;Antioquia;Oficial;7,2433;-76,4361;G43;S1;11;;;241;61;30;62;40;49
SEC-1474;Semetre cero;I. E. R. LA INMACULADA CAUCHERAS;Mutata;Antioquia;Oficial;7,2433;-76,4361;G43;S1;11;;;238;56;38;50;41;64
SEC-1475;Semetre cero;I. E. R. LA INMACULADA CAUCHERAS;Mutata;Antioquia;Oficial;7,2433;-76,4361;G43;S1;11;;;235;59;30;54;43;55
SEC-1476;Semetre cero;I. E. R. LA INMACULADA CAUCHERAS;Mutata;Antioquia;Oficial;7,2433;-76,4361;G43;S1;11;;;220;63;24;48;38;51
SEC-1477;Semetre cero;I. E. R. LA INMACULADA CAUCHERAS;Mutata;Antioquia;Oficial;7,2433;-76,4361;G43;S1;11;;;216;46;34;64;29;42
SEC-1478;Semetre cero;I. E. R. LA INMACULADA CAUCHERAS;Mutata;Antioquia;Oficial;7,2433;-76,4361;G43;S1;11;;;214;41;28;62;36;53
SEC-1479;Semetre cero;I. E. R. LA INMACULADA CAUCHERAS;Mutata;Antioquia;Oficial;7,2433;-76,4361;G43;S1;11;;;212;46;32;56;31;55
SEC-1480;Semetre cero;I. E. R. LA INMACULADA CAUCHERAS;Mutata;Antioquia;Oficial;7,2433;-76,4361;G43;S1;11;;;211;54;24;50;36;56
SEC-1481;Semetre cero;I. E. R. LA INMACULADA CAUCHERAS;Mutata;Antioquia;Oficial;7,2433;-76,4361;G43;S1;11;;;208;46;22;58;36;53
SEC-1482;Semetre cero;I. E. R. LA INMACULADA CAUCHERAS;Mutata;Antioquia;Oficial;7,2433;-76,4361;G43;S1;11;;;202;51;26;56;28;44
SEC-1483;Semetre cero;I. E. R. LA INMACULADA CAUCHERAS;Mutata;Antioquia;Oficial;7,2433;-76,4361;G43;S1;11;;;195;34;34;52;34;44
SEC-1484;Semetre cero;I. E. R. LA INMACULADA CAUCHERAS;Mutata;Antioquia;Oficial;7,2433;-76,4361;G43;S1;11;;;195;49;26;52;33;27
SEC-1485;Semetre cero;I. E. R. LA INMACULADA CAUCHERAS;Mutata;Antioquia;Oficial;7,2433;-76,4361;G43;S1;11;;;191;49;24;46;33;42
SEC-1486;Semetre cero;I. E. R. LA INMACULADA CAUCHERAS;Mutata;Antioquia;Oficial;7,2433;-76,4361;G43;S1;11;;;186;37;38;46;26;45
SEC-1487;Semetre cero;I. E. R. LA INMACULADA CAUCHERAS;Mutata;Antioquia;Oficial;7,2433;-76,4361;G43;S1;11;;;182;49;20;50;24;44
SEC-1488;Semetre cero;I. E. R. LA INMACULADA CAUCHERAS;Mutata;Antioquia;Oficial;7,2433;-76,4361;G43;S1;11;;;179;41;30;44;22;51
SEC-1489;Semetre cero;I. E. R. LA INMACULADA CAUCHERAS;Mutata;Antioquia;Oficial;7,2433;-76,4361;G43;S1;11;;;170;39;14;48;34;36
SEC-1490;Semetre cero;I. E. R. LA INMACULADA CAUCHERAS;Mutata;Antioquia;Oficial;7,2433;-76,4361;G43;S1;11;;;159;34;24;40;24;47
SEC-1491;Semetre cero;I. E. R. LA INMACULADA CAUCHERAS;Mutata;Antioquia;Oficial;7,2433;-76,4361;G43;S1;11;;;146;29;22;28;29;53
SEC-1492;Semetre cero;I. E. R. LA INMACULADA CAUCHERAS;Mutata;Antioquia;Oficial;7,2433;-76,4361;G43;S1;11;;;133;15;24;32;33;36
SEC-1493;Semetre cero;I. E. R. LA INMACULADA CAUCHERAS;Mutata;Antioquia;Oficial;7,2433;-76,4361;G43;S1;11;;;118;22;26;26;21;24
SEC-1494;Semetre cero;I. E. R. LA INMACULADA CAUCHERAS;Mutata;Antioquia;Oficial;7,2433;-76,4361;G43;S1;11;;;117;27;16;26;22;31
SEC-1495;Semetre cero;I. E. R. LA INMACULADA CAUCHERAS;Mutata;Antioquia;Oficial;7,2433;-76,4361;G43;S1;11;;;108;29;12;32;21;0
SEC-1496;Semetre cero;C. E. R. LAS FLORES;Nechi;Antioquia;Oficial;8,0944;-74,7761;G44;S1;11;;;240;54;32;64;40;56
SEC-1497;Semetre cero;C. E. R. LAS FLORES;Nechi;Antioquia;Oficial;8,0944;-74,7761;G44;S1;11;;;203;56;28;46;29;49
SEC-1498;Semetre cero;C. E. R. LAS FLORES;Nechi;Antioquia;Oficial;8,0944;-74,7761;G44;S1;11;;;179;46;38;34;29;24
SEC-1499;Semetre cero;C. E. R. LAS FLORES;Nechi;Antioquia;Oficial;8,0944;-74,7761;G44;S1;11;;;165;39;26;44;28;20
SEC-1500;Semetre cero;C. E. R. LAS FLORES;Nechi;Antioquia;Oficial;8,0944;-74,7761;G44;S1;11;;;159;34;24;36;29;44
SEC-1501;Semetre cero;C. E. R. LAS FLORES;Nechi;Antioquia;Oficial;8,0944;-74,7761;G44;S1;11;;;157;44;24;36;22;29
SEC-1502;Semetre cero;C. E. R. LAS FLORES;Nechi;Antioquia;Oficial;8,0944;-74,7761;G44;S1;11;;;156;41;34;28;26;16
SEC-1503;Semetre cero;C. E. R. LAS FLORES;Nechi;Antioquia;Oficial;8,0944;-74,7761;G44;S1;11;;;151;37;26;44;14;31
SEC-1504;Semetre cero;C. E. R. LAS FLORES;Nechi;Antioquia;Oficial;8,0944;-74,7761;G44;S1;11;;;150;37;32;28;24;27
SEC-1505;Semetre cero;C. E. R. LAS FLORES;Nechi;Antioquia;Oficial;8,0944;-74,7761;G44;S1;11;;;148;51;30;22;16;29
SEC-1506;Semetre cero;C. E. R. LAS FLORES;Nechi;Antioquia;Oficial;8,0944;-74,7761;G44;S1;11;;;146;29;16;42;28;35
SEC-1507;Semetre cero;C. E. R. LAS FLORES;Nechi;Antioquia;Oficial;8,0944;-74,7761;G44;S1;11;;;145;29;34;28;21;42
SEC-1508;Semetre cero;C. E. R. LAS FLORES;Nechi;Antioquia;Oficial;8,0944;-74,7761;G44;S1;11;;;142;37;26;22;28;33
SEC-1509;Semetre cero;C. E. R. LAS FLORES;Nechi;Antioquia;Oficial;8,0944;-74,7761;G44;S1;11;;;142;39;20;26;31;20
SEC-1510;Semetre cero;C. E. R. LAS FLORES;Nechi;Antioquia;Oficial;8,0944;-74,7761;G44;S1;11;;;140;37;22;26;31;16
SEC-1511;Semetre cero;C. E. R. LAS FLORES;Nechi;Antioquia;Oficial;8,0944;-74,7761;G44;S1;11;;;139;24;30;26;33;22
SEC-1512;Semetre cero;C. E. R. LAS FLORES;Nechi;Antioquia;Oficial;8,0944;-74,7761;G44;S1;11;;;137;34;16;30;31;24
SEC-1513;Semetre cero;C. E. R. LAS FLORES;Nechi;Antioquia;Oficial;8,0944;-74,7761;G44;S1;11;;;135;34;22;30;26;15
SEC-1514;Semetre cero;C. E. R. LAS FLORES;Nechi;Antioquia;Oficial;8,0944;-74,7761;G44;S1;11;;;135;22;42;26;21;18
SEC-1515;Semetre cero;C. E. R. LAS FLORES;Nechi;Antioquia;Oficial;8,0944;-74,7761;G44;S1;11;;;134;20;32;34;22;25
SEC-1516;Semetre cero;C. E. R. LAS FLORES;Nechi;Antioquia;Oficial;8,0944;-74,7761;G44;S1;11;;;133;27;16;32;28;38
SEC-1517;Semetre cero;C. E. R. LAS FLORES;Nechi;Antioquia;Oficial;8,0944;-74,7761;G44;S1;11;;;130;34;26;26;16;33
SEC-1518;Semetre cero;C. E. R. LAS FLORES;Nechi;Antioquia;Oficial;8,0944;-74,7761;G44;S1;11;;;129;27;24;30;16;45
SEC-1519;Semetre cero;C. E. R. LAS FLORES;Nechi;Antioquia;Oficial;8,0944;-74,7761;G44;S1;11;;;126;27;24;28;24;18
SEC-1520;Semetre cero;C. E. R. LAS FLORES;Nechi;Antioquia;Oficial;8,0944;-74,7761;G44;S1;11;;;125;29;18;40;14;22
SEC-1521;Semetre cero;C. E. R. LAS FLORES;Nechi;Antioquia;Oficial;8,0944;-74,7761;G44;S1;11;;;124;29;20;20;28;31
SEC-1522;Semetre cero;C. E. R. LAS FLORES;Nechi;Antioquia;Oficial;8,0944;-74,7761;G44;S1;11;;;123;34;26;24;21;5
SEC-1523;Semetre cero;C. E. R. LAS FLORES;Nechi;Antioquia;Oficial;8,0944;-74,7761;G44;S1;11;;;122;34;26;18;17;31
SEC-1524;Semetre cero;C. E. R. LAS FLORES;Nechi;Antioquia;Oficial;8,0944;-74,7761;G44;S1;11;;;118;39;14;16;28;16
SEC-1525;Semetre cero;C. E. R. LAS FLORES;Nechi;Antioquia;Oficial;8,0944;-74,7761;G44;S1;11;;;111;17;18;32;22;20
SEC-1526;Semetre cero;C. E. R. LAS FLORES;Nechi;Antioquia;Oficial;8,0944;-74,7761;G44;S1;11;;;110;29;22;18;21;16
SEC-1527;Semetre cero;C. E. R. LAS FLORES;Nechi;Antioquia;Oficial;8,0944;-74,7761;G44;S1;11;;;108;24;18;22;21;25
SEC-1528;Semetre cero;C. E. R. LAS FLORES;Nechi;Antioquia;Oficial;8,0944;-74,7761;G44;S1;11;;;96;24;8;22;21;25
SEC-1529;Semetre cero;C. E. R. LAS FLORES;Nechi;Antioquia;Oficial;8,0944;-74,7761;G44;S1;11;;;90;22;12;22;17;15
SEC-1530;Semetre cero;C. E. R. LAS FLORES;Nechi;Antioquia;Oficial;8,0944;-74,7761;G44;S1;11;;;85;34;14;10;16;0
SEC-1531;Semetre cero;I. E. R. EL TOTUMO;Necocli;Antioquia;Oficial;8,4286;-76,7861;G45;S1;11;;;300;66;52;70;48;73
SEC-1532;Semetre cero;I. E. R. EL TOTUMO;Necocli;Antioquia;Oficial;8,4286;-76,7861;G45;S1;11;;;237;63;44;64;19;45
SEC-1533;Semetre cero;I. E. R. EL TOTUMO;Necocli;Antioquia;Oficial;8,4286;-76,7861;G45;S1;11;;;219;56;46;42;31;44
SEC-1534;Semetre cero;I. E. R. EL TOTUMO;Necocli;Antioquia;Oficial;8,4286;-76,7861;G45;S1;11;;;215;34;34;56;45;51
SEC-1535;Semetre cero;I. E. R. EL TOTUMO;Necocli;Antioquia;Oficial;8,4286;-76,7861;G45;S1;11;;;204;51;38;52;21;45
SEC-1536;Semetre cero;I. E. R. EL TOTUMO;Necocli;Antioquia;Oficial;8,4286;-76,7861;G45;S1;11;;;203;59;24;46;33;44
SEC-1537;Semetre cero;I. E. R. EL TOTUMO;Necocli;Antioquia;Oficial;8,4286;-76,7861;G45;S1;11;;;190;41;34;52;22;45
SEC-1538;Semetre cero;I. E. R. EL TOTUMO;Necocli;Antioquia;Oficial;8,4286;-76,7861;G45;S1;11;;;188;39;22;60;28;44
SEC-1539;Semetre cero;I. E. R. EL TOTUMO;Necocli;Antioquia;Oficial;8,4286;-76,7861;G45;S1;11;;;187;34;36;48;31;38
SEC-1540;Semetre cero;I. E. R. EL TOTUMO;Necocli;Antioquia;Oficial;8,4286;-76,7861;G45;S1;11;;;187;41;22;50;34;42
SEC-1541;Semetre cero;I. E. R. EL TOTUMO;Necocli;Antioquia;Oficial;8,4286;-76,7861;G45;S1;11;;;184;41;36;50;21;33
SEC-1542;Semetre cero;I. E. R. EL TOTUMO;Necocli;Antioquia;Oficial;8,4286;-76,7861;G45;S1;11;;;182;44;24;44;29;49
SEC-1543;Semetre cero;I. E. R. EL TOTUMO;Necocli;Antioquia;Oficial;8,4286;-76,7861;G45;S1;11;;;182;41;22;60;21;40
SEC-1544;Semetre cero;I. E. R. EL TOTUMO;Necocli;Antioquia;Oficial;8,4286;-76,7861;G45;S1;11;;;181;54;22;46;19;49
SEC-1545;Semetre cero;I. E. R. EL TOTUMO;Necocli;Antioquia;Oficial;8,4286;-76,7861;G45;S1;11;;;178;61;32;38;16;24
SEC-1546;Semetre cero;I. E. R. EL TOTUMO;Necocli;Antioquia;Oficial;8,4286;-76,7861;G45;S1;11;;;176;39;26;46;28;42
SEC-1547;Semetre cero;I. E. R. EL TOTUMO;Necocli;Antioquia;Oficial;8,4286;-76,7861;G45;S1;11;;;174;37;20;52;29;40
SEC-1548;Semetre cero;I. E. R. EL TOTUMO;Necocli;Antioquia;Oficial;8,4286;-76,7861;G45;S1;11;;;163;41;26;28;34;33
SEC-1549;Semetre cero;I. E. R. EL TOTUMO;Necocli;Antioquia;Oficial;8,4286;-76,7861;G45;S1;11;;;162;39;28;32;28;42
SEC-1550;Semetre cero;I. E. R. EL TOTUMO;Necocli;Antioquia;Oficial;8,4286;-76,7861;G45;S1;11;;;152;27;34;28;29;40
SEC-1551;Semetre cero;I. E. R. EL TOTUMO;Necocli;Antioquia;Oficial;8,4286;-76,7861;G45;S1;11;;;150;32;28;28;33;29
SEC-1552;Semetre cero;I. E. R. EL TOTUMO;Necocli;Antioquia;Oficial;8,4286;-76,7861;G45;S1;11;;;147;32;20;30;38;24
SEC-1553;Semetre cero;I. E. R. EL TOTUMO;Necocli;Antioquia;Oficial;8,4286;-76,7861;G45;S1;11;;;147;46;24;30;16;35
SEC-1554;Semetre cero;I. E. R. EL TOTUMO;Necocli;Antioquia;Oficial;8,4286;-76,7861;G45;S1;11;;;147;32;30;26;29;31
SEC-1555;Semetre cero;I. E. R. EL TOTUMO;Necocli;Antioquia;Oficial;8,4286;-76,7861;G45;S1;11;;;146;27;26;40;24;29
SEC-1556;Semetre cero;I. E. R. EL TOTUMO;Necocli;Antioquia;Oficial;8,4286;-76,7861;G45;S1;11;;;145;27;18;46;22;36
SEC-1557;Semetre cero;I. E. R. EL TOTUMO;Necocli;Antioquia;Oficial;8,4286;-76,7861;G45;S1;11;;;134;29;22;28;29;22
SEC-1558;Semetre cero;I. E. R. EL TOTUMO;Necocli;Antioquia;Oficial;8,4286;-76,7861;G45;S1;11;;;131;41;10;32;22;22
SEC-1559;Semetre cero;I. E. R. EL TOTUMO;Necocli;Antioquia;Oficial;8,4286;-76,7861;G45;S1;11;;;126;34;26;18;22;25
SEC-1560;Semetre cero;I. E. R. EL TOTUMO;Necocli;Antioquia;Oficial;8,4286;-76,7861;G45;S1;11;;;125;20;34;38;12;15
SEC-1561;Semetre cero;I. E. R. EL TOTUMO;Necocli;Antioquia;Oficial;8,4286;-76,7861;G45;S1;11;;;81;17;16;16;16;16
SEC-1562;Semetre cero;I. E. R. EL TOTUMO;Necocli;Antioquia;Oficial;8,4286;-76,7861;G45;S1;11;;;47;0;12;12;10;20
SEC-1563;Semetre cero;I. E. R. MELLITO;Necocli;Antioquia;Oficial;8,4286;-76,7861;G46;S1;11;;;191;34;44;42;29;49
SEC-1564;Semetre cero;I. E. R. MELLITO;Necocli;Antioquia;Oficial;8,4286;-76,7861;G46;S1;11;;;191;39;34;46;36;31
SEC-1565;Semetre cero;I. E. R. MELLITO;Necocli;Antioquia;Oficial;8,4286;-76,7861;G46;S1;11;;;189;49;22;54;24;44
SEC-1566;Semetre cero;I. E. R. MELLITO;Necocli;Antioquia;Oficial;8,4286;-76,7861;G46;S1;11;;;182;41;26;42;33;45
SEC-1567;Semetre cero;I. E. R. MELLITO;Necocli;Antioquia;Oficial;8,4286;-76,7861;G46;S1;11;;;180;34;28;50;31;38
SEC-1568;Semetre cero;I. E. R. MELLITO;Necocli;Antioquia;Oficial;8,4286;-76,7861;G46;S1;11;;;179;39;16;52;34;40
SEC-1569;Semetre cero;I. E. R. MELLITO;Necocli;Antioquia;Oficial;8,4286;-76,7861;G46;S1;11;;;176;49;20;40;31;38
SEC-1570;Semetre cero;I. E. R. MELLITO;Necocli;Antioquia;Oficial;8,4286;-76,7861;G46;S1;11;;;172;32;26;44;36;35
SEC-1571;Semetre cero;I. E. R. MELLITO;Necocli;Antioquia;Oficial;8,4286;-76,7861;G46;S1;11;;;172;37;16;50;36;31
SEC-1572;Semetre cero;I. E. R. MELLITO;Necocli;Antioquia;Oficial;8,4286;-76,7861;G46;S1;11;;;167;34;18;48;34;31
SEC-1573;Semetre cero;I. E. R. MELLITO;Necocli;Antioquia;Oficial;8,4286;-76,7861;G46;S1;11;;;167;46;22;38;28;33
SEC-1574;Semetre cero;I. E. R. MELLITO;Necocli;Antioquia;Oficial;8,4286;-76,7861;G46;S1;11;;;163;29;32;42;29;27
SEC-1575;Semetre cero;I. E. R. MELLITO;Necocli;Antioquia;Oficial;8,4286;-76,7861;G46;S1;11;;;161;32;34;20;38;47
SEC-1576;Semetre cero;I. E. R. MELLITO;Necocli;Antioquia;Oficial;8,4286;-76,7861;G46;S1;11;;;160;27;20;46;33;40
SEC-1577;Semetre cero;I. E. R. MELLITO;Necocli;Antioquia;Oficial;8,4286;-76,7861;G46;S1;11;;;158;29;42;34;24;24
SEC-1578;Semetre cero;I. E. R. MELLITO;Necocli;Antioquia;Oficial;8,4286;-76,7861;G46;S1;11;;;158;41;22;34;28;36
SEC-1579;Semetre cero;I. E. R. MELLITO;Necocli;Antioquia;Oficial;8,4286;-76,7861;G46;S1;11;;;153;34;24;28;38;25
SEC-1580;Semetre cero;I. E. R. MELLITO;Necocli;Antioquia;Oficial;8,4286;-76,7861;G46;S1;11;;;150;32;24;30;36;24
SEC-1581;Semetre cero;I. E. R. MELLITO;Necocli;Antioquia;Oficial;8,4286;-76,7861;G46;S1;11;;;149;37;20;32;29;35
SEC-1582;Semetre cero;I. E. R. MELLITO;Necocli;Antioquia;Oficial;8,4286;-76,7861;G46;S1;11;;;149;29;38;28;22;35
SEC-1583;Semetre cero;I. E. R. MELLITO;Necocli;Antioquia;Oficial;8,4286;-76,7861;G46;S1;11;;;149;37;22;30;26;44
SEC-1584;Semetre cero;I. E. R. MELLITO;Necocli;Antioquia;Oficial;8,4286;-76,7861;G46;S1;11;;;147;34;24;30;29;29
SEC-1585;Semetre cero;I. E. R. MELLITO;Necocli;Antioquia;Oficial;8,4286;-76,7861;G46;S1;11;;;144;27;24;42;21;33
SEC-1586;Semetre cero;I. E. R. MELLITO;Necocli;Antioquia;Oficial;8,4286;-76,7861;G46;S1;11;;;140;32;34;28;21;22
SEC-1587;Semetre cero;I. E. R. MELLITO;Necocli;Antioquia;Oficial;8,4286;-76,7861;G46;S1;11;;;139;37;18;38;16;38
SEC-1588;Semetre cero;I. E. R. MELLITO;Necocli;Antioquia;Oficial;8,4286;-76,7861;G46;S1;11;;;137;32;24;30;22;31
SEC-1589;Semetre cero;I. E. R. MELLITO;Necocli;Antioquia;Oficial;8,4286;-76,7861;G46;S1;11;;;135;20;20;32;28;55
SEC-1590;Semetre cero;I. E. R. MELLITO;Necocli;Antioquia;Oficial;8,4286;-76,7861;G46;S1;11;;;134;41;18;32;17;22
SEC-1591;Semetre cero;I. E. R. MELLITO;Necocli;Antioquia;Oficial;8,4286;-76,7861;G46;S1;11;;;134;24;36;28;17;31
SEC-1592;Semetre cero;I. E. R. MELLITO;Necocli;Antioquia;Oficial;8,4286;-76,7861;G46;S1;11;;;133;22;24;32;28;29
SEC-1593;Semetre cero;I. E. R. MELLITO;Necocli;Antioquia;Oficial;8,4286;-76,7861;G46;S1;11;;;131;22;20;34;28;31
SEC-1594;Semetre cero;I. E. R. MELLITO;Necocli;Antioquia;Oficial;8,4286;-76,7861;G46;S1;11;;;130;17;36;32;17;31
SEC-1595;Semetre cero;I. E. R. MELLITO;Necocli;Antioquia;Oficial;8,4286;-76,7861;G46;S1;11;;;129;27;20;20;36;27
SEC-1596;Semetre cero;I. E. R. MELLITO;Necocli;Antioquia;Oficial;8,4286;-76,7861;G46;S1;11;;;121;32;30;22;14;22
SEC-1597;Semetre cero;I. E. R. MELLITO;Necocli;Antioquia;Oficial;8,4286;-76,7861;G46;S1;11;;;120;27;30;20;19;25
SEC-1598;Semetre cero;I. E. R. MELLITO;Necocli;Antioquia;Oficial;8,4286;-76,7861;G46;S1;11;;;118;17;18;28;28;35
SEC-1599;Semetre cero;I. E. R. MELLITO;Necocli;Antioquia;Oficial;8,4286;-76,7861;G46;S1;11;;;118;27;24;12;26;40
SEC-1600;Semetre cero;I. E. R. MELLITO;Necocli;Antioquia;Oficial;8,4286;-76,7861;G46;S1;11;;;115;32;14;24;22;24
SEC-1601;Semetre cero;I. E. R. MELLITO;Necocli;Antioquia;Oficial;8,4286;-76,7861;G46;S1;11;;;114;20;22;28;17;36
SEC-1602;Semetre cero;I. E. R. MELLITO;Necocli;Antioquia;Oficial;8,4286;-76,7861;G46;S1;11;;;114;27;28;28;9;22
SEC-1603;Semetre cero;I. E. R. MELLITO;Necocli;Antioquia;Oficial;8,4286;-76,7861;G46;S1;11;;;108;24;22;22;12;38
SEC-1604;Semetre cero;I. E. R. MELLITO;Necocli;Antioquia;Oficial;8,4286;-76,7861;G46;S1;11;;;89;37;10;24;7;0
SEC-1605;Semetre cero;I. E. R. MELLITO;Necocli;Antioquia;Oficial;8,4286;-76,7861;G46;S1;11;;;66;24;12;14;7;0
SEC-1606;Semetre cero;I. E. EL SALVADOR;Pueblorrico;Antioquia;Oficial;5,7917;-75,8394;G47;S1;11;;;257;51;42;68;45;51
SEC-1607;Semetre cero;I. E. EL SALVADOR;Pueblorrico;Antioquia;Oficial;5,7917;-75,8394;G47;S1;11;;;237;59;36;52;33;78
SEC-1608;Semetre cero;I. E. EL SALVADOR;Pueblorrico;Antioquia;Oficial;5,7917;-75,8394;G47;S1;11;;;226;44;44;40;40;84
SEC-1609;Semetre cero;I. E. EL SALVADOR;Pueblorrico;Antioquia;Oficial;5,7917;-75,8394;G47;S1;11;;;219;41;44;46;43;45
SEC-1610;Semetre cero;I. E. EL SALVADOR;Pueblorrico;Antioquia;Oficial;5,7917;-75,8394;G47;S1;11;;;216;61;36;38;28;73
SEC-1611;Semetre cero;I. E. EL SALVADOR;Pueblorrico;Antioquia;Oficial;5,7917;-75,8394;G47;S1;11;;;211;44;30;50;38;64
SEC-1612;Semetre cero;I. E. EL SALVADOR;Pueblorrico;Antioquia;Oficial;5,7917;-75,8394;G47;S1;11;;;211;56;28;46;34;55
SEC-1613;Semetre cero;I. E. EL SALVADOR;Pueblorrico;Antioquia;Oficial;5,7917;-75,8394;G47;S1;11;;;200;44;36;46;34;38
SEC-1614;Semetre cero;I. E. EL SALVADOR;Pueblorrico;Antioquia;Oficial;5,7917;-75,8394;G47;S1;11;;;194;41;24;56;29;51
SEC-1615;Semetre cero;I. E. EL SALVADOR;Pueblorrico;Antioquia;Oficial;5,7917;-75,8394;G47;S1;11;;;186;51;26;34;38;36
SEC-1616;Semetre cero;I. E. EL SALVADOR;Pueblorrico;Antioquia;Oficial;5,7917;-75,8394;G47;S1;11;;;184;41;24;46;34;42
SEC-1617;Semetre cero;I. E. EL SALVADOR;Pueblorrico;Antioquia;Oficial;5,7917;-75,8394;G47;S1;11;;;182;24;36;46;33;55
SEC-1618;Semetre cero;I. E. EL SALVADOR;Pueblorrico;Antioquia;Oficial;5,7917;-75,8394;G47;S1;11;;;181;56;32;30;26;40
SEC-1619;Semetre cero;I. E. EL SALVADOR;Pueblorrico;Antioquia;Oficial;5,7917;-75,8394;G47;S1;11;;;177;32;28;54;21;58
SEC-1620;Semetre cero;I. E. EL SALVADOR;Pueblorrico;Antioquia;Oficial;5,7917;-75,8394;G47;S1;11;;;176;32;26;46;33;49
SEC-1621;Semetre cero;I. E. EL SALVADOR;Pueblorrico;Antioquia;Oficial;5,7917;-75,8394;G47;S1;11;;;174;34;36;40;28;40
SEC-1622;Semetre cero;I. E. EL SALVADOR;Pueblorrico;Antioquia;Oficial;5,7917;-75,8394;G47;S1;11;;;172;39;24;50;22;42
SEC-1623;Semetre cero;I. E. EL SALVADOR;Pueblorrico;Antioquia;Oficial;5,7917;-75,8394;G47;S1;11;;;172;37;26;34;40;38
SEC-1624;Semetre cero;I. E. EL SALVADOR;Pueblorrico;Antioquia;Oficial;5,7917;-75,8394;G47;S1;11;;;172;32;24;50;29;42
SEC-1625;Semetre cero;I. E. EL SALVADOR;Pueblorrico;Antioquia;Oficial;5,7917;-75,8394;G47;S1;11;;;170;41;24;28;28;80
SEC-1626;Semetre cero;I. E. EL SALVADOR;Pueblorrico;Antioquia;Oficial;5,7917;-75,8394;G47;S1;11;;;167;37;30;34;31;40
SEC-1627;Semetre cero;I. E. EL SALVADOR;Pueblorrico;Antioquia;Oficial;5,7917;-75,8394;G47;S1;11;;;166;41;24;46;21;35
SEC-1628;Semetre cero;I. E. EL SALVADOR;Pueblorrico;Antioquia;Oficial;5,7917;-75,8394;G47;S1;11;;;158;49;16;36;22;42
SEC-1629;Semetre cero;I. E. EL SALVADOR;Pueblorrico;Antioquia;Oficial;5,7917;-75,8394;G47;S1;11;;;156;39;24;38;24;31
SEC-1630;Semetre cero;I. E. EL SALVADOR;Pueblorrico;Antioquia;Oficial;5,7917;-75,8394;G47;S1;11;;;154;32;32;36;24;29
SEC-1631;Semetre cero;I. E. EL SALVADOR;Pueblorrico;Antioquia;Oficial;5,7917;-75,8394;G47;S1;11;;;152;34;24;44;19;31
SEC-1632;Semetre cero;I. E. EL SALVADOR;Pueblorrico;Antioquia;Oficial;5,7917;-75,8394;G47;S1;11;;;148;32;30;28;31;24
SEC-1633;Semetre cero;I. E. EL SALVADOR;Pueblorrico;Antioquia;Oficial;5,7917;-75,8394;G47;S1;11;;;147;41;22;34;17;38
SEC-1634;Semetre cero;I. E. EL SALVADOR;Pueblorrico;Antioquia;Oficial;5,7917;-75,8394;G47;S1;11;;;147;27;26;32;26;49
SEC-1635;Semetre cero;I. E. EL SALVADOR;Pueblorrico;Antioquia;Oficial;5,7917;-75,8394;G47;S1;11;;;141;37;24;30;19;38
SEC-1636;Semetre cero;I. E. EL SALVADOR;Pueblorrico;Antioquia;Oficial;5,7917;-75,8394;G47;S1;11;;;140;29;34;20;29;27
SEC-1637;Semetre cero;I. E. EL SALVADOR;Pueblorrico;Antioquia;Oficial;5,7917;-75,8394;G47;S1;11;;;130;20;28;32;21;36
SEC-1638;Semetre cero;I. E. ANTONIO NARIÑO;Puerto Berrio;Antioquia;Oficial;6,4914;-74,4058;G48;S1;11;;;195;46;20;54;34;42
SEC-1639;Semetre cero;I. E. ANTONIO NARIÑO;Puerto Berrio;Antioquia;Oficial;6,4914;-74,4058;G48;S1;11;;;192;51;24;44;29;53
SEC-1640;Semetre cero;I. E. ANTONIO NARIÑO;Puerto Berrio;Antioquia;Oficial;6,4914;-74,4058;G48;S1;11;;;190;66;30;38;17;42
SEC-1641;Semetre cero;I. E. ANTONIO NARIÑO;Puerto Berrio;Antioquia;Oficial;6,4914;-74,4058;G48;S1;11;;;184;51;24;40;28;49
SEC-1642;Semetre cero;I. E. ANTONIO NARIÑO;Puerto Berrio;Antioquia;Oficial;6,4914;-74,4058;G48;S1;11;;;176;49;16;38;38;35
SEC-1643;Semetre cero;I. E. ANTONIO NARIÑO;Puerto Berrio;Antioquia;Oficial;6,4914;-74,4058;G48;S1;11;;;163;29;28;48;22;42
SEC-1644;Semetre cero;I. E. ANTONIO NARIÑO;Puerto Berrio;Antioquia;Oficial;6,4914;-74,4058;G48;S1;11;;;163;37;36;30;29;29
SEC-1645;Semetre cero;I. E. ANTONIO NARIÑO;Puerto Berrio;Antioquia;Oficial;6,4914;-74,4058;G48;S1;11;;;158;29;28;36;33;33
SEC-1646;Semetre cero;I. E. ANTONIO NARIÑO;Puerto Berrio;Antioquia;Oficial;6,4914;-74,4058;G48;S1;11;;;151;34;28;30;26;38
SEC-1647;Semetre cero;I. E. ANTONIO NARIÑO;Puerto Berrio;Antioquia;Oficial;6,4914;-74,4058;G48;S1;11;;;149;32;30;38;22;22
SEC-1648;Semetre cero;I. E. ANTONIO NARIÑO;Puerto Berrio;Antioquia;Oficial;6,4914;-74,4058;G48;S1;11;;;149;44;22;22;31;31
SEC-1649;Semetre cero;I. E. ANTONIO NARIÑO;Puerto Berrio;Antioquia;Oficial;6,4914;-74,4058;G48;S1;11;;;149;32;32;28;21;49
SEC-1650;Semetre cero;I. E. ANTONIO NARIÑO;Puerto Berrio;Antioquia;Oficial;6,4914;-74,4058;G48;S1;11;;;141;22;40;28;22;29
SEC-1651;Semetre cero;I. E. ANTONIO NARIÑO;Puerto Berrio;Antioquia;Oficial;6,4914;-74,4058;G48;S1;11;;;141;17;34;26;34;31
SEC-1652;Semetre cero;I. E. ANTONIO NARIÑO;Puerto Berrio;Antioquia;Oficial;6,4914;-74,4058;G48;S1;11;;;139;27;16;34;31;38
SEC-1653;Semetre cero;I. E. ANTONIO NARIÑO;Puerto Berrio;Antioquia;Oficial;6,4914;-74,4058;G48;S1;11;;;139;17;34;38;24;22
SEC-1654;Semetre cero;I. E. ANTONIO NARIÑO;Puerto Berrio;Antioquia;Oficial;6,4914;-74,4058;G48;S1;11;;;138;32;28;26;22;35
SEC-1655;Semetre cero;I. E. ANTONIO NARIÑO;Puerto Berrio;Antioquia;Oficial;6,4914;-74,4058;G48;S1;11;;;137;27;28;22;31;33
SEC-1656;Semetre cero;I. E. ANTONIO NARIÑO;Puerto Berrio;Antioquia;Oficial;6,4914;-74,4058;G48;S1;11;;;137;44;20;24;24;20
SEC-1657;Semetre cero;I. E. ANTONIO NARIÑO;Puerto Berrio;Antioquia;Oficial;6,4914;-74,4058;G48;S1;11;;;137;29;34;26;22;20
SEC-1658;Semetre cero;I. E. ANTONIO NARIÑO;Puerto Berrio;Antioquia;Oficial;6,4914;-74,4058;G48;S1;11;;;135;44;22;20;22;25
SEC-1659;Semetre cero;I. E. ANTONIO NARIÑO;Puerto Berrio;Antioquia;Oficial;6,4914;-74,4058;G48;S1;11;;;130;27;38;22;19;22
SEC-1660;Semetre cero;I. E. ANTONIO NARIÑO;Puerto Berrio;Antioquia;Oficial;6,4914;-74,4058;G48;S1;11;;;130;29;26;26;21;33
SEC-1661;Semetre cero;I. E. ANTONIO NARIÑO;Puerto Berrio;Antioquia;Oficial;6,4914;-74,4058;G48;S1;11;;;122;22;24;34;14;36
SEC-1662;Semetre cero;I. E. ANTONIO NARIÑO;Puerto Berrio;Antioquia;Oficial;6,4914;-74,4058;G48;S1;11;;;120;20;30;26;21;24
SEC-1663;Semetre cero;I. E. ANTONIO NARIÑO;Puerto Berrio;Antioquia;Oficial;6,4914;-74,4058;G48;S1;11;;;118;29;26;18;21;25
SEC-1664;Semetre cero;I. E. ANTONIO NARIÑO;Puerto Berrio;Antioquia;Oficial;6,4914;-74,4058;G48;S1;11;;;114;34;26;18;10;31
SEC-1665;Semetre cero;I. E. ANTONIO NARIÑO;Puerto Berrio;Antioquia;Oficial;6,4914;-74,4058;G48;S1;11;;;114;12;26;20;29;33
SEC-1666;Semetre cero;I. E. ANTONIO NARIÑO;Puerto Berrio;Antioquia;Oficial;6,4914;-74,4058;G48;S1;11;;;95;17;8;22;22;38
SEC-1667;Semetre cero;I. E. ANTONIO NARIÑO;Puerto Berrio;Antioquia;Oficial;6,4914;-74,4058;G48;S1;11;;;92;27;10;26;17;0
SEC-1668;Semetre cero;I. E. ANTONIO NARIÑO;Puerto Berrio;Antioquia;Oficial;6,4914;-74,4058;G48;S1;11;;;89;37;18;16;7;0
SEC-1669;Semetre cero;I. E. ANTONIO NARIÑO;Puerto Berrio;Antioquia;Oficial;6,4914;-74,4058;G48;S1;11;;;75;29;14;8;14;0
SEC-1670;Semetre cero;I. E. ANTONIO NARIÑO;Puerto Berrio;Antioquia;Oficial;6,4914;-74,4058;G48;S1;11;;;60;22;12;8;10;0
SEC-1671;Semetre cero;I. E. ANTONIO NARIÑO;Puerto Berrio;Antioquia;Oficial;6,4914;-74,4058;G48;S1;11;;;51;0;8;12;7;53
SEC-1672;Semetre cero;I. E. R. LA SIERRA;Puerto Nare;Antioquia;Oficial;6,1883;-74,45847;G49;S1;11;;;226;54;34;60;33;45
SEC-1673;Semetre cero;I. E. R. LA SIERRA;Puerto Nare;Antioquia;Oficial;6,1883;-74,45847;G49;S1;11;;;220;44;36;52;43;47
SEC-1674;Semetre cero;I. E. R. LA SIERRA;Puerto Nare;Antioquia;Oficial;6,1883;-74,45847;G49;S1;11;;;214;56;38;40;33;56
SEC-1675;Semetre cero;I. E. R. LA SIERRA;Puerto Nare;Antioquia;Oficial;6,1883;-74,45847;G49;S1;11;;;211;63;26;46;31;49
SEC-1676;Semetre cero;I. E. R. LA SIERRA;Puerto Nare;Antioquia;Oficial;6,1883;-74,45847;G49;S1;11;;;210;54;30;54;29;45
SEC-1677;Semetre cero;I. E. R. LA SIERRA;Puerto Nare;Antioquia;Oficial;6,1883;-74,45847;G49;S1;11;;;201;51;34;44;29;47
SEC-1678;Semetre cero;I. E. R. LA SIERRA;Puerto Nare;Antioquia;Oficial;6,1883;-74,45847;G49;S1;11;;;195;39;36;54;31;27
SEC-1679;Semetre cero;I. E. R. LA SIERRA;Puerto Nare;Antioquia;Oficial;6,1883;-74,45847;G49;S1;11;;;194;44;28;48;33;47
SEC-1680;Semetre cero;I. E. R. LA SIERRA;Puerto Nare;Antioquia;Oficial;6,1883;-74,45847;G49;S1;11;;;189;44;24;48;40;25
SEC-1681;Semetre cero;I. E. R. LA SIERRA;Puerto Nare;Antioquia;Oficial;6,1883;-74,45847;G49;S1;11;;;186;39;40;48;24;29
SEC-1682;Semetre cero;I. E. R. LA SIERRA;Puerto Nare;Antioquia;Oficial;6,1883;-74,45847;G49;S1;11;;;178;22;30;52;34;47
SEC-1683;Semetre cero;I. E. R. LA SIERRA;Puerto Nare;Antioquia;Oficial;6,1883;-74,45847;G49;S1;11;;;176;34;26;40;33;58
SEC-1684;Semetre cero;I. E. R. LA SIERRA;Puerto Nare;Antioquia;Oficial;6,1883;-74,45847;G49;S1;11;;;175;51;26;48;14;38
SEC-1685;Semetre cero;I. E. R. LA SIERRA;Puerto Nare;Antioquia;Oficial;6,1883;-74,45847;G49;S1;11;;;173;49;24;34;28;47
SEC-1686;Semetre cero;I. E. R. LA SIERRA;Puerto Nare;Antioquia;Oficial;6,1883;-74,45847;G49;S1;11;;;172;32;26;46;31;44
SEC-1687;Semetre cero;I. E. R. LA SIERRA;Puerto Nare;Antioquia;Oficial;6,1883;-74,45847;G49;S1;11;;;169;46;28;30;28;44
SEC-1688;Semetre cero;I. E. R. LA SIERRA;Puerto Nare;Antioquia;Oficial;6,1883;-74,45847;G49;S1;11;;;164;44;28;28;26;49
SEC-1689;Semetre cero;I. E. R. LA SIERRA;Puerto Nare;Antioquia;Oficial;6,1883;-74,45847;G49;S1;11;;;163;49;18;30;34;31
SEC-1690;Semetre cero;I. E. R. LA SIERRA;Puerto Nare;Antioquia;Oficial;6,1883;-74,45847;G49;S1;11;;;162;39;28;30;34;25
SEC-1691;Semetre cero;I. E. R. LA SIERRA;Puerto Nare;Antioquia;Oficial;6,1883;-74,45847;G49;S1;11;;;157;39;14;40;29;40
SEC-1692;Semetre cero;I. E. R. LA SIERRA;Puerto Nare;Antioquia;Oficial;6,1883;-74,45847;G49;S1;11;;;155;41;24;28;29;35
SEC-1693;Semetre cero;I. E. R. LA SIERRA;Puerto Nare;Antioquia;Oficial;6,1883;-74,45847;G49;S1;11;;;155;49;14;34;26;35
SEC-1694;Semetre cero;I. E. R. LA SIERRA;Puerto Nare;Antioquia;Oficial;6,1883;-74,45847;G49;S1;11;;;153;44;26;28;22;36
SEC-1695;Semetre cero;I. E. R. LA SIERRA;Puerto Nare;Antioquia;Oficial;6,1883;-74,45847;G49;S1;11;;;152;41;16;28;29;51
SEC-1696;Semetre cero;I. E. R. LA SIERRA;Puerto Nare;Antioquia;Oficial;6,1883;-74,45847;G49;S1;11;;;146;32;26;34;21;44
SEC-1697;Semetre cero;I. E. R. LA SIERRA;Puerto Nare;Antioquia;Oficial;6,1883;-74,45847;G49;S1;11;;;144;22;26;42;21;42
SEC-1698;Semetre cero;I. E. R. LA SIERRA;Puerto Nare;Antioquia;Oficial;6,1883;-74,45847;G49;S1;11;;;138;39;26;22;21;35
SEC-1699;Semetre cero;I. E. R. LA SIERRA;Puerto Nare;Antioquia;Oficial;6,1883;-74,45847;G49;S1;11;;;133;27;24;20;34;29
SEC-1700;Semetre cero;I. E. R. LA SIERRA;Puerto Nare;Antioquia;Oficial;6,1883;-74,45847;G49;S1;11;;;130;24;30;24;22;35
SEC-1701;Semetre cero;I. E. R. LA SIERRA;Puerto Nare;Antioquia;Oficial;6,1883;-74,45847;G49;S1;11;;;128;27;24;28;22;29
SEC-1702;Semetre cero;I. E. R. LA SIERRA;Puerto Nare;Antioquia;Oficial;6,1883;-74,45847;G49;S1;11;;;124;27;26;22;21;35
SEC-1703;Semetre cero;I. E. R. LA UNION;Puerto Nare;Antioquia;Oficial;6,1883;-74,45847;G50;S1;11;;;223;51;38;38;41;73
SEC-1704;Semetre cero;I. E. R. LA UNION;Puerto Nare;Antioquia;Oficial;6,1883;-74,45847;G50;S1;11;;;214;56;30;50;33;49
SEC-1705;Semetre cero;I. E. R. LA UNION;Puerto Nare;Antioquia;Oficial;6,1883;-74,45847;G50;S1;11;;;202;44;28;54;36;40
SEC-1706;Semetre cero;I. E. R. LA UNION;Puerto Nare;Antioquia;Oficial;6,1883;-74,45847;G50;S1;11;;;186;46;24;52;28;35
SEC-1707;Semetre cero;I. E. R. LA UNION;Puerto Nare;Antioquia;Oficial;6,1883;-74,45847;G50;S1;11;;;167;49;18;40;26;36
SEC-1708;Semetre cero;I. E. R. LA UNION;Puerto Nare;Antioquia;Oficial;6,1883;-74,45847;G50;S1;11;;;165;22;48;26;36;33
SEC-1709;Semetre cero;I. E. R. LA UNION;Puerto Nare;Antioquia;Oficial;6,1883;-74,45847;G50;S1;11;;;158;37;38;38;12;36
SEC-1710;Semetre cero;I. E. R. LA UNION;Puerto Nare;Antioquia;Oficial;6,1883;-74,45847;G50;S1;11;;;157;41;24;28;33;29
SEC-1711;Semetre cero;I. E. R. LA UNION;Puerto Nare;Antioquia;Oficial;6,1883;-74,45847;G50;S1;11;;;155;49;32;28;26;0
SEC-1712;Semetre cero;I. E. R. LA UNION;Puerto Nare;Antioquia;Oficial;6,1883;-74,45847;G50;S1;11;;;154;29;36;36;24;25
SEC-1713;Semetre cero;I. E. R. LA UNION;Puerto Nare;Antioquia;Oficial;6,1883;-74,45847;G50;S1;11;;;154;44;32;16;34;20
SEC-1714;Semetre cero;I. E. R. LA UNION;Puerto Nare;Antioquia;Oficial;6,1883;-74,45847;G50;S1;11;;;149;29;20;38;33;27
SEC-1715;Semetre cero;I. E. R. LA UNION;Puerto Nare;Antioquia;Oficial;6,1883;-74,45847;G50;S1;11;;;148;29;28;30;33;25
SEC-1716;Semetre cero;I. E. R. LA UNION;Puerto Nare;Antioquia;Oficial;6,1883;-74,45847;G50;S1;11;;;148;29;28;28;33;31
SEC-1717;Semetre cero;I. E. R. LA UNION;Puerto Nare;Antioquia;Oficial;6,1883;-74,45847;G50;S1;11;;;148;49;20;24;22;38
SEC-1718;Semetre cero;I. E. R. LA UNION;Puerto Nare;Antioquia;Oficial;6,1883;-74,45847;G50;S1;11;;;148;39;28;26;28;22
SEC-1719;Semetre cero;I. E. R. LA UNION;Puerto Nare;Antioquia;Oficial;6,1883;-74,45847;G50;S1;11;;;144;44;22;30;21;25
SEC-1720;Semetre cero;I. E. R. LA UNION;Puerto Nare;Antioquia;Oficial;6,1883;-74,45847;G50;S1;11;;;144;24;28;30;33;29
SEC-1721;Semetre cero;I. E. R. LA UNION;Puerto Nare;Antioquia;Oficial;6,1883;-74,45847;G50;S1;11;;;144;29;32;26;28;29
SEC-1722;Semetre cero;I. E. R. LA UNION;Puerto Nare;Antioquia;Oficial;6,1883;-74,45847;G50;S1;11;;;144;39;16;36;21;38
SEC-1723;Semetre cero;I. E. R. LA UNION;Puerto Nare;Antioquia;Oficial;6,1883;-74,45847;G50;S1;11;;;144;41;30;18;26;27
SEC-1724;Semetre cero;I. E. R. LA UNION;Puerto Nare;Antioquia;Oficial;6,1883;-74,45847;G50;S1;11;;;133;27;18;30;28;38
SEC-1725;Semetre cero;I. E. R. LA UNION;Puerto Nare;Antioquia;Oficial;6,1883;-74,45847;G50;S1;11;;;121;24;30;20;21;29
SEC-1726;Semetre cero;I. E. R. LA UNION;Puerto Nare;Antioquia;Oficial;6,1883;-74,45847;G50;S1;11;;;118;27;18;30;19;25
SEC-1727;Semetre cero;I. E. LLANO DE CORDOBA;Remedios;Antioquia;Oficial;7,0269;-74,6975;G51;S1;11;;;259;68;50;62;31;40
SEC-1728;Semetre cero;I. E. LLANO DE CORDOBA;Remedios;Antioquia;Oficial;7,0269;-74,6975;G51;S1;11;;;251;44;38;74;43;56
SEC-1729;Semetre cero;I. E. LLANO DE CORDOBA;Remedios;Antioquia;Oficial;7,0269;-74,6975;G51;S1;11;;;247;44;40;78;33;58
SEC-1730;Semetre cero;I. E. LLANO DE CORDOBA;Remedios;Antioquia;Oficial;7,0269;-74,6975;G51;S1;11;;;244;44;36;72;40;60
SEC-1731;Semetre cero;I. E. LLANO DE CORDOBA;Remedios;Antioquia;Oficial;7,0269;-74,6975;G51;S1;11;;;244;44;36;76;36;58
SEC-1732;Semetre cero;I. E. LLANO DE CORDOBA;Remedios;Antioquia;Oficial;7,0269;-74,6975;G51;S1;11;;;238;44;38;64;41;58
SEC-1733;Semetre cero;I. E. LLANO DE CORDOBA;Remedios;Antioquia;Oficial;7,0269;-74,6975;G51;S1;11;;;235;63;38;52;28;69
SEC-1734;Semetre cero;I. E. LLANO DE CORDOBA;Remedios;Antioquia;Oficial;7,0269;-74,6975;G51;S1;11;;;208;49;38;28;47;56
SEC-1735;Semetre cero;I. E. LLANO DE CORDOBA;Remedios;Antioquia;Oficial;7,0269;-74,6975;G51;S1;11;;;201;51;28;48;34;38
SEC-1736;Semetre cero;I. E. LLANO DE CORDOBA;Remedios;Antioquia;Oficial;7,0269;-74,6975;G51;S1;11;;;199;39;36;42;45;33
SEC-1737;Semetre cero;I. E. LLANO DE CORDOBA;Remedios;Antioquia;Oficial;7,0269;-74,6975;G51;S1;11;;;194;44;36;40;33;45
SEC-1738;Semetre cero;I. E. LLANO DE CORDOBA;Remedios;Antioquia;Oficial;7,0269;-74,6975;G51;S1;11;;;189;41;28;36;40;56
SEC-1739;Semetre cero;I. E. LLANO DE CORDOBA;Remedios;Antioquia;Oficial;7,0269;-74,6975;G51;S1;11;;;186;49;30;28;31;71
SEC-1740;Semetre cero;I. E. LLANO DE CORDOBA;Remedios;Antioquia;Oficial;7,0269;-74,6975;G51;S1;11;;;185;61;24;36;24;45
SEC-1741;Semetre cero;I. E. LLANO DE CORDOBA;Remedios;Antioquia;Oficial;7,0269;-74,6975;G51;S1;11;;;183;46;36;26;29;62
SEC-1742;Semetre cero;I. E. LLANO DE CORDOBA;Remedios;Antioquia;Oficial;7,0269;-74,6975;G51;S1;11;;;180;29;28;52;28;58
SEC-1743;Semetre cero;I. E. LLANO DE CORDOBA;Remedios;Antioquia;Oficial;7,0269;-74,6975;G51;S1;11;;;178;37;28;34;40;49
SEC-1744;Semetre cero;I. E. LLANO DE CORDOBA;Remedios;Antioquia;Oficial;7,0269;-74,6975;G51;S1;11;;;178;46;20;38;31;56
SEC-1745;Semetre cero;I. E. LLANO DE CORDOBA;Remedios;Antioquia;Oficial;7,0269;-74,6975;G51;S1;11;;;169;49;22;48;19;27
SEC-1746;Semetre cero;I. E. LLANO DE CORDOBA;Remedios;Antioquia;Oficial;7,0269;-74,6975;G51;S1;11;;;167;22;28;50;31;40
SEC-1747;Semetre cero;I. E. LLANO DE CORDOBA;Remedios;Antioquia;Oficial;7,0269;-74,6975;G51;S1;11;;;166;51;30;26;22;44
SEC-1748;Semetre cero;I. E. LLANO DE CORDOBA;Remedios;Antioquia;Oficial;7,0269;-74,6975;G51;S1;11;;;164;32;28;42;31;29
SEC-1749;Semetre cero;I. E. LLANO DE CORDOBA;Remedios;Antioquia;Oficial;7,0269;-74,6975;G51;S1;11;;;162;51;18;34;26;33
SEC-1750;Semetre cero;I. E. LLANO DE CORDOBA;Remedios;Antioquia;Oficial;7,0269;-74,6975;G51;S1;11;;;148;39;32;26;16;47
SEC-1751;Semetre cero;I. E. LLANO DE CORDOBA;Remedios;Antioquia;Oficial;7,0269;-74,6975;G51;S1;11;;;146;27;30;22;31;49
SEC-1752;Semetre cero;I. E. LLANO DE CORDOBA;Remedios;Antioquia;Oficial;7,0269;-74,6975;G51;S1;11;;;144;32;24;26;33;31
SEC-1753;Semetre cero;I. E. LLANO DE CORDOBA;Remedios;Antioquia;Oficial;7,0269;-74,6975;G51;S1;11;;;64;0;12;22;12;29
SEC-1754;Semetre cero;I. E. R. LA CRUZADA;Remedios;Antioquia;Oficial;7,0269;-74,6975;G52;S1;11;;;218;63;20;44;36;76
SEC-1755;Semetre cero;I. E. R. LA CRUZADA;Remedios;Antioquia;Oficial;7,0269;-74,6975;G52;S1;11;;;216;59;38;44;29;53
SEC-1756;Semetre cero;I. E. R. LA CRUZADA;Remedios;Antioquia;Oficial;7,0269;-74,6975;G52;S1;11;;;207;61;30;42;31;45
SEC-1757;Semetre cero;I. E. R. LA CRUZADA;Remedios;Antioquia;Oficial;7,0269;-74,6975;G52;S1;11;;;194;56;22;38;36;47
SEC-1758;Semetre cero;I. E. R. LA CRUZADA;Remedios;Antioquia;Oficial;7,0269;-74,6975;G52;S1;11;;;187;39;28;40;33;67
SEC-1759;Semetre cero;I. E. R. LA CRUZADA;Remedios;Antioquia;Oficial;7,0269;-74,6975;G52;S1;11;;;176;46;26;42;26;36
SEC-1760;Semetre cero;I. E. R. LA CRUZADA;Remedios;Antioquia;Oficial;7,0269;-74,6975;G52;S1;11;;;168;49;32;34;17;42
SEC-1761;Semetre cero;I. E. R. LA CRUZADA;Remedios;Antioquia;Oficial;7,0269;-74,6975;G52;S1;11;;;165;44;32;30;17;60
SEC-1762;Semetre cero;I. E. R. LA CRUZADA;Remedios;Antioquia;Oficial;7,0269;-74,6975;G52;S1;11;;;164;54;20;26;26;51
SEC-1763;Semetre cero;I. E. R. LA CRUZADA;Remedios;Antioquia;Oficial;7,0269;-74,6975;G52;S1;11;;;161;29;30;46;24;31
SEC-1764;Semetre cero;I. E. R. LA CRUZADA;Remedios;Antioquia;Oficial;7,0269;-74,6975;G52;S1;11;;;160;46;28;32;17;45
SEC-1765;Semetre cero;I. E. R. LA CRUZADA;Remedios;Antioquia;Oficial;7,0269;-74,6975;G52;S1;11;;;160;46;12;42;22;47
SEC-1766;Semetre cero;I. E. R. LA CRUZADA;Remedios;Antioquia;Oficial;7,0269;-74,6975;G52;S1;11;;;160;49;28;32;22;22
SEC-1767;Semetre cero;I. E. R. LA CRUZADA;Remedios;Antioquia;Oficial;7,0269;-74,6975;G52;S1;11;;;160;37;40;34;14;42
SEC-1768;Semetre cero;I. E. R. LA CRUZADA;Remedios;Antioquia;Oficial;7,0269;-74,6975;G52;S1;11;;;159;34;36;30;29;25
SEC-1769;Semetre cero;I. E. R. LA CRUZADA;Remedios;Antioquia;Oficial;7,0269;-74,6975;G52;S1;11;;;159;32;30;42;16;55
SEC-1770;Semetre cero;I. E. R. LA CRUZADA;Remedios;Antioquia;Oficial;7,0269;-74,6975;G52;S1;11;;;154;41;32;26;22;35
SEC-1771;Semetre cero;I. E. R. LA CRUZADA;Remedios;Antioquia;Oficial;7,0269;-74,6975;G52;S1;11;;;154;32;32;32;26;35
SEC-1772;Semetre cero;I. E. R. LA CRUZADA;Remedios;Antioquia;Oficial;7,0269;-74,6975;G52;S1;11;;;153;37;24;40;17;44
SEC-1773;Semetre cero;I. E. R. LA CRUZADA;Remedios;Antioquia;Oficial;7,0269;-74,6975;G52;S1;11;;;153;46;20;26;24;47
SEC-1774;Semetre cero;I. E. R. LA CRUZADA;Remedios;Antioquia;Oficial;7,0269;-74,6975;G52;S1;11;;;152;39;28;34;22;25
SEC-1775;Semetre cero;I. E. R. LA CRUZADA;Remedios;Antioquia;Oficial;7,0269;-74,6975;G52;S1;11;;;149;29;24;34;28;42
SEC-1776;Semetre cero;I. E. R. LA CRUZADA;Remedios;Antioquia;Oficial;7,0269;-74,6975;G52;S1;11;;;146;34;24;30;24;44
SEC-1777;Semetre cero;I. E. R. LA CRUZADA;Remedios;Antioquia;Oficial;7,0269;-74,6975;G52;S1;11;;;145;37;24;32;21;38
SEC-1778;Semetre cero;I. E. R. LA CRUZADA;Remedios;Antioquia;Oficial;7,0269;-74,6975;G52;S1;11;;;145;29;26;28;29;38
SEC-1779;Semetre cero;I. E. R. LA CRUZADA;Remedios;Antioquia;Oficial;7,0269;-74,6975;G52;S1;11;;;143;27;24;22;38;40
SEC-1780;Semetre cero;I. E. R. LA CRUZADA;Remedios;Antioquia;Oficial;7,0269;-74,6975;G52;S1;11;;;143;44;20;32;21;22
SEC-1781;Semetre cero;I. E. R. LA CRUZADA;Remedios;Antioquia;Oficial;7,0269;-74,6975;G52;S1;11;;;143;41;20;26;22;42
SEC-1782;Semetre cero;I. E. R. LA CRUZADA;Remedios;Antioquia;Oficial;7,0269;-74,6975;G52;S1;11;;;142;49;18;22;21;42
SEC-1783;Semetre cero;I. E. R. LA CRUZADA;Remedios;Antioquia;Oficial;7,0269;-74,6975;G52;S1;11;;;142;34;30;24;26;27
SEC-1784;Semetre cero;I. E. R. LA CRUZADA;Remedios;Antioquia;Oficial;7,0269;-74,6975;G52;S1;11;;;141;51;22;26;17;16
SEC-1785;Semetre cero;I. E. R. LA CRUZADA;Remedios;Antioquia;Oficial;7,0269;-74,6975;G52;S1;11;;;139;24;36;30;19;33
SEC-1786;Semetre cero;I. E. R. LA CRUZADA;Remedios;Antioquia;Oficial;7,0269;-74,6975;G52;S1;11;;;138;24;18;40;26;35
SEC-1787;Semetre cero;I. E. R. LA CRUZADA;Remedios;Antioquia;Oficial;7,0269;-74,6975;G52;S1;11;;;135;17;40;26;28;20
SEC-1788;Semetre cero;I. E. R. LA CRUZADA;Remedios;Antioquia;Oficial;7,0269;-74,6975;G52;S1;11;;;135;27;24;30;22;42
SEC-1789;Semetre cero;I. E. R. LA CRUZADA;Remedios;Antioquia;Oficial;7,0269;-74,6975;G52;S1;11;;;134;32;18;30;28;27
SEC-1790;Semetre cero;I. E. R. LA CRUZADA;Remedios;Antioquia;Oficial;7,0269;-74,6975;G52;S1;11;;;134;39;20;18;24;45
SEC-1791;Semetre cero;I. E. R. LA CRUZADA;Remedios;Antioquia;Oficial;7,0269;-74,6975;G52;S1;11;;;132;29;26;24;26;29
SEC-1792;Semetre cero;I. E. R. LA CRUZADA;Remedios;Antioquia;Oficial;7,0269;-74,6975;G52;S1;11;;;132;37;16;28;22;35
SEC-1793;Semetre cero;I. E. R. LA CRUZADA;Remedios;Antioquia;Oficial;7,0269;-74,6975;G52;S1;11;;;130;37;22;14;26;44
SEC-1794;Semetre cero;I. E. R. LA CRUZADA;Remedios;Antioquia;Oficial;7,0269;-74,6975;G52;S1;11;;;130;29;24;28;22;27
SEC-1795;Semetre cero;I. E. R. LA CRUZADA;Remedios;Antioquia;Oficial;7,0269;-74,6975;G52;S1;11;;;129;20;26;28;31;22
SEC-1796;Semetre cero;I. E. R. LA CRUZADA;Remedios;Antioquia;Oficial;7,0269;-74,6975;G52;S1;11;;;129;37;14;28;26;22
SEC-1797;Semetre cero;I. E. R. LA CRUZADA;Remedios;Antioquia;Oficial;7,0269;-74,6975;G52;S1;11;;;127;24;28;24;22;35
SEC-1798;Semetre cero;I. E. R. LA CRUZADA;Remedios;Antioquia;Oficial;7,0269;-74,6975;G52;S1;11;;;127;17;22;24;31;47
SEC-1799;Semetre cero;I. E. R. LA CRUZADA;Remedios;Antioquia;Oficial;7,0269;-74,6975;G52;S1;11;;;126;32;24;32;14;24
SEC-1800;Semetre cero;I. E. R. LA CRUZADA;Remedios;Antioquia;Oficial;7,0269;-74,6975;G52;S1;11;;;126;20;30;22;24;40
SEC-1801;Semetre cero;I. E. R. LA CRUZADA;Remedios;Antioquia;Oficial;7,0269;-74,6975;G52;S1;11;;;125;22;22;32;26;20
SEC-1802;Semetre cero;I. E. R. LA CRUZADA;Remedios;Antioquia;Oficial;7,0269;-74,6975;G52;S1;11;;;125;29;22;18;31;24
SEC-1803;Semetre cero;I. E. R. LA CRUZADA;Remedios;Antioquia;Oficial;7,0269;-74,6975;G52;S1;11;;;120;24;26;28;14;35
SEC-1804;Semetre cero;I. E. R. LA CRUZADA;Remedios;Antioquia;Oficial;7,0269;-74,6975;G52;S1;11;;;119;24;20;30;21;24
SEC-1805;Semetre cero;I. E. R. LA CRUZADA;Remedios;Antioquia;Oficial;7,0269;-74,6975;G52;S1;11;;;118;27;26;12;29;25
SEC-1806;Semetre cero;I. E. R. LA CRUZADA;Remedios;Antioquia;Oficial;7,0269;-74,6975;G52;S1;11;;;118;29;18;20;21;44
SEC-1807;Semetre cero;I. E. R. LA CRUZADA;Remedios;Antioquia;Oficial;7,0269;-74,6975;G52;S1;11;;;117;27;26;18;19;35
SEC-1808;Semetre cero;I. E. R. LA CRUZADA;Remedios;Antioquia;Oficial;7,0269;-74,6975;G52;S1;11;;;116;27;18;24;22;29
SEC-1809;Semetre cero;I. E. R. LA CRUZADA;Remedios;Antioquia;Oficial;7,0269;-74,6975;G52;S1;11;;;115;27;16;32;21;13
SEC-1810;Semetre cero;I. E. R. LA CRUZADA;Remedios;Antioquia;Oficial;7,0269;-74,6975;G52;S1;11;;;114;12;30;28;21;24
SEC-1811;Semetre cero;I. E. R. LA CRUZADA;Remedios;Antioquia;Oficial;7,0269;-74,6975;G52;S1;11;;;108;20;20;18;22;42
SEC-1812;Semetre cero;I. E. R. LA CRUZADA;Remedios;Antioquia;Oficial;7,0269;-74,6975;G52;S1;11;;;99;12;34;10;21;25
SEC-1813;Semetre cero;I. E. SAN JOSE;Sabanalarga;Antioquia;Oficial;6,85;-75,8167;G5;S1;11;;;271;68;48;54;45;60
SEC-1814;Semetre cero;I. E. SAN JOSE;Sabanalarga;Antioquia;Oficial;6,85;-75,8167;G5;S1;11;;;267;59;42;68;43;60
SEC-1815;Semetre cero;I. E. SAN JOSE;Sabanalarga;Antioquia;Oficial;6,85;-75,8167;G5;S1;11;;;254;61;42;54;40;71
SEC-1816;Semetre cero;I. E. SAN JOSE;Sabanalarga;Antioquia;Oficial;6,85;-75,8167;G5;S1;11;;;249;54;34;66;43;56
SEC-1817;Semetre cero;I. E. SAN JOSE;Sabanalarga;Antioquia;Oficial;6,85;-75,8167;G5;S1;11;;;232;59;42;52;33;47
SEC-1818;Semetre cero;I. E. SAN JOSE;Sabanalarga;Antioquia;Oficial;6,85;-75,8167;G5;S1;11;;;229;51;34;60;40;40
SEC-1819;Semetre cero;I. E. SAN JOSE;Sabanalarga;Antioquia;Oficial;6,85;-75,8167;G5;S1;11;;;223;46;30;50;43;73
SEC-1820;Semetre cero;I. E. SAN JOSE;Sabanalarga;Antioquia;Oficial;6,85;-75,8167;G5;S1;11;;;220;63;28;50;34;44
SEC-1821;Semetre cero;I. E. SAN JOSE;Sabanalarga;Antioquia;Oficial;6,85;-75,8167;G5;S1;11;;;219;54;34;46;36;60
SEC-1822;Semetre cero;I. E. SAN JOSE;Sabanalarga;Antioquia;Oficial;6,85;-75,8167;G5;S1;11;;;219;56;20;64;34;45
SEC-1823;Semetre cero;I. E. SAN JOSE;Sabanalarga;Antioquia;Oficial;6,85;-75,8167;G5;S1;11;;;216;54;24;64;33;38
SEC-1824;Semetre cero;I. E. SAN JOSE;Sabanalarga;Antioquia;Oficial;6,85;-75,8167;G5;S1;11;;;215;54;26;58;36;36
SEC-1825;Semetre cero;I. E. SAN JOSE;Sabanalarga;Antioquia;Oficial;6,85;-75,8167;G5;S1;11;;;210;49;36;48;34;44
SEC-1826;Semetre cero;I. E. SAN JOSE;Sabanalarga;Antioquia;Oficial;6,85;-75,8167;G5;S1;11;;;209;61;26;60;24;31
SEC-1827;Semetre cero;I. E. SAN JOSE;Sabanalarga;Antioquia;Oficial;6,85;-75,8167;G5;S1;11;;;209;54;28;48;36;45
SEC-1828;Semetre cero;I. E. SAN JOSE;Sabanalarga;Antioquia;Oficial;6,85;-75,8167;G5;S1;11;;;207;51;40;48;24;47
SEC-1829;Semetre cero;I. E. SAN JOSE;Sabanalarga;Antioquia;Oficial;6,85;-75,8167;G5;S1;11;;;206;44;28;58;33;47
SEC-1830;Semetre cero;I. E. SAN JOSE;Sabanalarga;Antioquia;Oficial;6,85;-75,8167;G5;S1;11;;;195;51;32;40;31;44
SEC-1831;Semetre cero;I. E. SAN JOSE;Sabanalarga;Antioquia;Oficial;6,85;-75,8167;G5;S1;11;;;191;49;26;50;28;40
SEC-1832;Semetre cero;I. E. SAN JOSE;Sabanalarga;Antioquia;Oficial;6,85;-75,8167;G5;S1;11;;;184;56;28;32;31;36
SEC-1833;Semetre cero;I. E. SAN JOSE;Sabanalarga;Antioquia;Oficial;6,85;-75,8167;G5;S1;11;;;183;46;22;50;29;33
SEC-1834;Semetre cero;I. E. SAN JOSE;Sabanalarga;Antioquia;Oficial;6,85;-75,8167;G5;S1;11;;;175;37;24;48;36;22
SEC-1835;Semetre cero;I. E. SAN JOSE;Sabanalarga;Antioquia;Oficial;6,85;-75,8167;G5;S1;11;;;174;37;22;48;33;35
SEC-1836;Semetre cero;I. E. SAN JOSE;Sabanalarga;Antioquia;Oficial;6,85;-75,8167;G5;S1;11;;;173;44;28;44;24;31
SEC-1837;Semetre cero;I. E. SAN JOSE;Sabanalarga;Antioquia;Oficial;6,85;-75,8167;G5;S1;11;;;172;46;26;42;22;38
SEC-1838;Semetre cero;I. E. SAN JOSE;Sabanalarga;Antioquia;Oficial;6,85;-75,8167;G5;S1;11;;;171;37;28;38;33;38
SEC-1839;Semetre cero;I. E. SAN JOSE;Sabanalarga;Antioquia;Oficial;6,85;-75,8167;G5;S1;11;;;149;37;22;38;21;36
SEC-1840;Semetre cero;I. E. SAN JOSE;Sabanalarga;Antioquia;Oficial;6,85;-75,8167;G5;S1;11;;;147;29;16;38;29;45
SEC-1841;Semetre cero;I. E. SAN JOSE;Sabanalarga;Antioquia;Oficial;6,85;-75,8167;G5;S1;11;;;147;34;14;30;36;38
SEC-1842;Semetre cero;I. E. SAN JOSE;Sabanalarga;Antioquia;Oficial;6,85;-75,8167;G5;S1;11;;;144;51;20;30;16;25
SEC-1843;Semetre cero;I. E. SAN JOSE;Sabanalarga;Antioquia;Oficial;6,85;-75,8167;G5;S1;11;;;134;44;16;32;16;27
SEC-1844;Semetre cero;I. E. SAN JOSE;Sabanalarga;Antioquia;Oficial;6,85;-75,8167;G5;S1;11;;;123;39;22;18;19;25
SEC-1845;Semetre cero;I. E. SAN JOSE;Sabanalarga;Antioquia;Oficial;6,85;-75,8167;G5;S1;11;;;103;37;12;18;16;22
SEC-1846;Semetre cero;I. E. SAN JOSE;Sabanalarga;Antioquia;Oficial;6,85;-75,8167;G5;S1;11;;;79;27;12;16;14;0
SEC-1847;Semetre cero;I. E. SAN JOSE;Sabanalarga;Antioquia;Oficial;6,85;-75,8167;G5;S1;11;;;64;0;12;18;16;29
SEC-1848;Semetre cero;I. E. SAN ANDRES;San Andres De Cuerquia;Antioquia;Oficial;6,9158;-75,6739;G53;S1;11;;;310;66;62;60;57;71
SEC-1849;Semetre cero;I. E. SAN ANDRES;San Andres De Cuerquia;Antioquia;Oficial;6,9158;-75,6739;G53;S1;11;;;262;54;46;56;50;64
SEC-1850;Semetre cero;I. E. SAN ANDRES;San Andres De Cuerquia;Antioquia;Oficial;6,9158;-75,6739;G53;S1;11;;;258;73;36;52;36;78
SEC-1851;Semetre cero;I. E. SAN ANDRES;San Andres De Cuerquia;Antioquia;Oficial;6,9158;-75,6739;G53;S1;11;;;238;59;36;58;29;73
SEC-1852;Semetre cero;I. E. SAN ANDRES;San Andres De Cuerquia;Antioquia;Oficial;6,9158;-75,6739;G53;S1;11;;;236;61;34;58;31;62
SEC-1853;Semetre cero;I. E. SAN ANDRES;San Andres De Cuerquia;Antioquia;Oficial;6,9158;-75,6739;G53;S1;11;;;233;56;34;68;28;49
SEC-1854;Semetre cero;I. E. SAN ANDRES;San Andres De Cuerquia;Antioquia;Oficial;6,9158;-75,6739;G53;S1;11;;;229;59;22;58;36;71
SEC-1855;Semetre cero;I. E. SAN ANDRES;San Andres De Cuerquia;Antioquia;Oficial;6,9158;-75,6739;G53;S1;11;;;227;56;24;66;33;55
SEC-1856;Semetre cero;I. E. SAN ANDRES;San Andres De Cuerquia;Antioquia;Oficial;6,9158;-75,6739;G53;S1;11;;;220;51;26;62;34;51
SEC-1857;Semetre cero;I. E. SAN ANDRES;San Andres De Cuerquia;Antioquia;Oficial;6,9158;-75,6739;G53;S1;11;;;219;59;30;48;31;67
SEC-1858;Semetre cero;I. E. SAN ANDRES;San Andres De Cuerquia;Antioquia;Oficial;6,9158;-75,6739;G53;S1;11;;;212;41;40;50;34;55
SEC-1859;Semetre cero;I. E. SAN ANDRES;San Andres De Cuerquia;Antioquia;Oficial;6,9158;-75,6739;G53;S1;11;;;200;37;34;58;31;42
SEC-1860;Semetre cero;I. E. SAN ANDRES;San Andres De Cuerquia;Antioquia;Oficial;6,9158;-75,6739;G53;S1;11;;;200;54;24;52;29;44
SEC-1861;Semetre cero;I. E. SAN ANDRES;San Andres De Cuerquia;Antioquia;Oficial;6,9158;-75,6739;G53;S1;11;;;192;51;38;40;21;49
SEC-1862;Semetre cero;I. E. SAN ANDRES;San Andres De Cuerquia;Antioquia;Oficial;6,9158;-75,6739;G53;S1;11;;;190;39;42;40;28;47
SEC-1863;Semetre cero;I. E. SAN ANDRES;San Andres De Cuerquia;Antioquia;Oficial;6,9158;-75,6739;G53;S1;11;;;186;37;32;42;34;49
SEC-1864;Semetre cero;I. E. SAN ANDRES;San Andres De Cuerquia;Antioquia;Oficial;6,9158;-75,6739;G53;S1;11;;;174;44;28;44;22;36
SEC-1865;Semetre cero;I. E. SAN ANDRES;San Andres De Cuerquia;Antioquia;Oficial;6,9158;-75,6739;G53;S1;11;;;173;37;30;52;19;36
SEC-1866;Semetre cero;I. E. SAN ANDRES;San Andres De Cuerquia;Antioquia;Oficial;6,9158;-75,6739;G53;S1;11;;;170;39;24;38;34;36
SEC-1867;Semetre cero;I. E. SAN ANDRES;San Andres De Cuerquia;Antioquia;Oficial;6,9158;-75,6739;G53;S1;11;;;167;34;28;44;31;24
SEC-1868;Semetre cero;I. E. SAN ANDRES;San Andres De Cuerquia;Antioquia;Oficial;6,9158;-75,6739;G53;S1;11;;;164;34;26;34;36;36
SEC-1869;Semetre cero;I. E. FRANCISCO ABEL GALLEGO;San Jose De La Montaña;Antioquia;Oficial;6,8483;-75,6817;G54;S1;11;;;284;56;28;74;57;95
SEC-1870;Semetre cero;I. E. FRANCISCO ABEL GALLEGO;San Jose De La Montaña;Antioquia;Oficial;6,8483;-75,6817;G54;S1;11;;;263;66;36;70;31;76
SEC-1871;Semetre cero;I. E. FRANCISCO ABEL GALLEGO;San Jose De La Montaña;Antioquia;Oficial;6,8483;-75,6817;G54;S1;11;;;247;66;32;60;29;80
SEC-1872;Semetre cero;I. E. FRANCISCO ABEL GALLEGO;San Jose De La Montaña;Antioquia;Oficial;6,8483;-75,6817;G54;S1;11;;;223;51;32;58;40;38
SEC-1873;Semetre cero;I. E. FRANCISCO ABEL GALLEGO;San Jose De La Montaña;Antioquia;Oficial;6,8483;-75,6817;G54;S1;11;;;217;44;38;62;29;44
SEC-1874;Semetre cero;I. E. FRANCISCO ABEL GALLEGO;San Jose De La Montaña;Antioquia;Oficial;6,8483;-75,6817;G54;S1;11;;;213;41;26;64;29;71
SEC-1875;Semetre cero;I. E. FRANCISCO ABEL GALLEGO;San Jose De La Montaña;Antioquia;Oficial;6,8483;-75,6817;G54;S1;11;;;208;51;32;52;28;53
SEC-1876;Semetre cero;I. E. FRANCISCO ABEL GALLEGO;San Jose De La Montaña;Antioquia;Oficial;6,8483;-75,6817;G54;S1;11;;;198;51;22;50;34;42
SEC-1877;Semetre cero;I. E. FRANCISCO ABEL GALLEGO;San Jose De La Montaña;Antioquia;Oficial;6,8483;-75,6817;G54;S1;11;;;189;39;34;48;31;36
SEC-1878;Semetre cero;I. E. FRANCISCO ABEL GALLEGO;San Jose De La Montaña;Antioquia;Oficial;6,8483;-75,6817;G54;S1;11;;;188;46;30;54;19;42
SEC-1879;Semetre cero;I. E. FRANCISCO ABEL GALLEGO;San Jose De La Montaña;Antioquia;Oficial;6,8483;-75,6817;G54;S1;11;;;186;41;32;46;28;42
SEC-1880;Semetre cero;I. E. FRANCISCO ABEL GALLEGO;San Jose De La Montaña;Antioquia;Oficial;6,8483;-75,6817;G54;S1;11;;;179;39;28;44;29;44
SEC-1881;Semetre cero;I. E. FRANCISCO ABEL GALLEGO;San Jose De La Montaña;Antioquia;Oficial;6,8483;-75,6817;G54;S1;11;;;174;44;26;40;31;29
SEC-1882;Semetre cero;I. E. FRANCISCO ABEL GALLEGO;San Jose De La Montaña;Antioquia;Oficial;6,8483;-75,6817;G54;S1;11;;;173;39;24;42;29;47
SEC-1883;Semetre cero;I. E. FRANCISCO ABEL GALLEGO;San Jose De La Montaña;Antioquia;Oficial;6,8483;-75,6817;G54;S1;11;;;173;34;32;46;29;25
SEC-1884;Semetre cero;I. E. FRANCISCO ABEL GALLEGO;San Jose De La Montaña;Antioquia;Oficial;6,8483;-75,6817;G54;S1;11;;;170;39;24;44;31;29
SEC-1885;Semetre cero;I. E. FRANCISCO ABEL GALLEGO;San Jose De La Montaña;Antioquia;Oficial;6,8483;-75,6817;G54;S1;11;;;169;46;20;40;29;33
SEC-1886;Semetre cero;I. E. FRANCISCO ABEL GALLEGO;San Jose De La Montaña;Antioquia;Oficial;6,8483;-75,6817;G54;S1;11;;;168;34;22;42;36;35
SEC-1887;Semetre cero;I. E. FRANCISCO ABEL GALLEGO;San Jose De La Montaña;Antioquia;Oficial;6,8483;-75,6817;G54;S1;11;;;165;37;24;50;21;36
SEC-1888;Semetre cero;I. E. FRANCISCO ABEL GALLEGO;San Jose De La Montaña;Antioquia;Oficial;6,8483;-75,6817;G54;S1;11;;;165;37;22;56;19;27
SEC-1889;Semetre cero;I. E. FRANCISCO ABEL GALLEGO;San Jose De La Montaña;Antioquia;Oficial;6,8483;-75,6817;G54;S1;11;;;164;37;30;40;24;35
SEC-1890;Semetre cero;I. E. FRANCISCO ABEL GALLEGO;San Jose De La Montaña;Antioquia;Oficial;6,8483;-75,6817;G54;S1;11;;;164;49;18;32;29;42
SEC-1891;Semetre cero;I. E. FRANCISCO ABEL GALLEGO;San Jose De La Montaña;Antioquia;Oficial;6,8483;-75,6817;G54;S1;11;;;159;46;12;36;33;31
SEC-1892;Semetre cero;I. E. FRANCISCO ABEL GALLEGO;San Jose De La Montaña;Antioquia;Oficial;6,8483;-75,6817;G54;S1;11;;;154;39;28;30;26;33
SEC-1893;Semetre cero;I. E. FRANCISCO ABEL GALLEGO;San Jose De La Montaña;Antioquia;Oficial;6,8483;-75,6817;G54;S1;11;;;152;39;14;30;34;44
SEC-1894;Semetre cero;I. E. FRANCISCO ABEL GALLEGO;San Jose De La Montaña;Antioquia;Oficial;6,8483;-75,6817;G54;S1;11;;;147;27;24;42;22;36
SEC-1895;Semetre cero;I. E. FRANCISCO ABEL GALLEGO;San Jose De La Montaña;Antioquia;Oficial;6,8483;-75,6817;G54;S1;11;;;146;34;16;38;28;33
SEC-1896;Semetre cero;I. E. FRANCISCO ABEL GALLEGO;San Jose De La Montaña;Antioquia;Oficial;6,8483;-75,6817;G54;S1;11;;;145;34;26;30;26;29
SEC-1897;Semetre cero;I. E. FRANCISCO ABEL GALLEGO;San Jose De La Montaña;Antioquia;Oficial;6,8483;-75,6817;G54;S1;11;;;145;32;16;40;22;45
SEC-1898;Semetre cero;I. E. FRANCISCO ABEL GALLEGO;San Jose De La Montaña;Antioquia;Oficial;6,8483;-75,6817;G54;S1;11;;;137;27;26;28;22;45
SEC-1899;Semetre cero;I. E. FRANCISCO ABEL GALLEGO;San Jose De La Montaña;Antioquia;Oficial;6,8483;-75,6817;G54;S1;11;;;131;29;22;26;24;36
SEC-1900;Semetre cero;I. E. FRANCISCO ABEL GALLEGO;San Jose De La Montaña;Antioquia;Oficial;6,8483;-75,6817;G54;S1;11;;;130;27;30;20;29;20
SEC-1901;Semetre cero;I. E. FRANCISCO ABEL GALLEGO;San Jose De La Montaña;Antioquia;Oficial;6,8483;-75,6817;G54;S1;11;;;129;29;20;36;17;29
SEC-1902;Semetre cero;I. E. FRANCISCO ABEL GALLEGO;San Jose De La Montaña;Antioquia;Oficial;6,8483;-75,6817;G54;S1;11;;;128;27;16;36;28;15
SEC-1903;Semetre cero;I. E. FRANCISCO ABEL GALLEGO;San Jose De La Montaña;Antioquia;Oficial;6,8483;-75,6817;G54;S1;11;;;127;22;32;26;19;33
SEC-1904;Semetre cero;I. E. FRANCISCO ABEL GALLEGO;San Jose De La Montaña;Antioquia;Oficial;6,8483;-75,6817;G54;S1;11;;;111;10;26;26;28;22
SEC-1905;Semetre cero;I. E. SAN JUAN DE URABA;San Juan De Uraba;Antioquia;Oficial;8,7611;-76,5303;G55;S1;11;;;305;73;54;68;41;84
SEC-1906;Semetre cero;I. E. SAN JUAN DE URABA;San Juan De Uraba;Antioquia;Oficial;8,7611;-76,5303;G55;S1;11;;;253;59;30;64;38;85
SEC-1907;Semetre cero;I. E. SAN JUAN DE URABA;San Juan De Uraba;Antioquia;Oficial;8,7611;-76,5303;G55;S1;11;;;241;63;28;58;45;44
SEC-1908;Semetre cero;I. E. SAN JUAN DE URABA;San Juan De Uraba;Antioquia;Oficial;8,7611;-76,5303;G55;S1;11;;;240;41;14;70;59;73
SEC-1909;Semetre cero;I. E. SAN JUAN DE URABA;San Juan De Uraba;Antioquia;Oficial;8,7611;-76,5303;G55;S1;11;;;240;54;38;58;45;40
SEC-1910;Semetre cero;I. E. SAN JUAN DE URABA;San Juan De Uraba;Antioquia;Oficial;8,7611;-76,5303;G55;S1;11;;;237;51;22;62;43;82
SEC-1911;Semetre cero;I. E. SAN JUAN DE URABA;San Juan De Uraba;Antioquia;Oficial;8,7611;-76,5303;G55;S1;11;;;236;59;26;62;43;45
SEC-1912;Semetre cero;I. E. SAN JUAN DE URABA;San Juan De Uraba;Antioquia;Oficial;8,7611;-76,5303;G55;S1;11;;;216;59;32;52;29;45
SEC-1913;Semetre cero;I. E. SAN JUAN DE URABA;San Juan De Uraba;Antioquia;Oficial;8,7611;-76,5303;G55;S1;11;;;214;56;32;50;31;49
SEC-1914;Semetre cero;I. E. SAN JUAN DE URABA;San Juan De Uraba;Antioquia;Oficial;8,7611;-76,5303;G55;S1;11;;;213;59;22;56;34;42
SEC-1915;Semetre cero;I. E. SAN JUAN DE URABA;San Juan De Uraba;Antioquia;Oficial;8,7611;-76,5303;G55;S1;11;;;203;44;32;54;34;35
SEC-1916;Semetre cero;I. E. SAN JUAN DE URABA;San Juan De Uraba;Antioquia;Oficial;8,7611;-76,5303;G55;S1;11;;;203;49;26;54;36;33
SEC-1917;Semetre cero;I. E. SAN JUAN DE URABA;San Juan De Uraba;Antioquia;Oficial;8,7611;-76,5303;G55;S1;11;;;203;59;26;48;28;47
SEC-1918;Semetre cero;I. E. SAN JUAN DE URABA;San Juan De Uraba;Antioquia;Oficial;8,7611;-76,5303;G55;S1;11;;;203;51;32;56;31;16
SEC-1919;Semetre cero;I. E. SAN JUAN DE URABA;San Juan De Uraba;Antioquia;Oficial;8,7611;-76,5303;G55;S1;11;;;202;44;32;50;31;55
SEC-1920;Semetre cero;I. E. SAN JUAN DE URABA;San Juan De Uraba;Antioquia;Oficial;8,7611;-76,5303;G55;S1;11;;;201;39;18;54;48;45
SEC-1921;Semetre cero;I. E. SAN JUAN DE URABA;San Juan De Uraba;Antioquia;Oficial;8,7611;-76,5303;G55;S1;11;;;199;54;30;40;31;55
SEC-1922;Semetre cero;I. E. SAN JUAN DE URABA;San Juan De Uraba;Antioquia;Oficial;8,7611;-76,5303;G55;S1;11;;;198;49;18;56;33;47
SEC-1923;Semetre cero;I. E. SAN JUAN DE URABA;San Juan De Uraba;Antioquia;Oficial;8,7611;-76,5303;G55;S1;11;;;197;41;32;46;31;60
SEC-1924;Semetre cero;I. E. SAN JUAN DE URABA;San Juan De Uraba;Antioquia;Oficial;8,7611;-76,5303;G55;S1;11;;;196;39;26;56;33;49
SEC-1925;Semetre cero;I. E. SAN JUAN DE URABA;San Juan De Uraba;Antioquia;Oficial;8,7611;-76,5303;G55;S1;11;;;196;56;28;44;28;42
SEC-1926;Semetre cero;I. E. SAN JUAN DE URABA;San Juan De Uraba;Antioquia;Oficial;8,7611;-76,5303;G55;S1;11;;;194;49;26;52;26;47
SEC-1927;Semetre cero;I. E. SAN JUAN DE URABA;San Juan De Uraba;Antioquia;Oficial;8,7611;-76,5303;G55;S1;11;;;194;49;28;50;26;47
SEC-1928;Semetre cero;I. E. SAN JUAN DE URABA;San Juan De Uraba;Antioquia;Oficial;8,7611;-76,5303;G55;S1;11;;;193;49;38;38;29;40
SEC-1929;Semetre cero;I. E. SAN JUAN DE URABA;San Juan De Uraba;Antioquia;Oficial;8,7611;-76,5303;G55;S1;11;;;193;44;32;44;33;44
SEC-1930;Semetre cero;I. E. SAN JUAN DE URABA;San Juan De Uraba;Antioquia;Oficial;8,7611;-76,5303;G55;S1;11;;;193;44;28;46;31;55
SEC-1931;Semetre cero;I. E. SAN JUAN DE URABA;San Juan De Uraba;Antioquia;Oficial;8,7611;-76,5303;G55;S1;11;;;191;51;24;46;28;51
SEC-1932;Semetre cero;I. E. SAN JUAN DE URABA;San Juan De Uraba;Antioquia;Oficial;8,7611;-76,5303;G55;S1;11;;;191;54;36;32;29;44
SEC-1933;Semetre cero;I. E. SAN JUAN DE URABA;San Juan De Uraba;Antioquia;Oficial;8,7611;-76,5303;G55;S1;11;;;189;39;26;46;36;51
SEC-1934;Semetre cero;I. E. SAN JUAN DE URABA;San Juan De Uraba;Antioquia;Oficial;8,7611;-76,5303;G55;S1;11;;;189;54;24;46;28;38
SEC-1935;Semetre cero;I. E. SAN JUAN DE URABA;San Juan De Uraba;Antioquia;Oficial;8,7611;-76,5303;G55;S1;11;;;189;44;30;42;36;35
SEC-1936;Semetre cero;I. E. SAN JUAN DE URABA;San Juan De Uraba;Antioquia;Oficial;8,7611;-76,5303;G55;S1;11;;;189;49;30;42;29;40
SEC-1937;Semetre cero;I. E. SAN JUAN DE URABA;San Juan De Uraba;Antioquia;Oficial;8,7611;-76,5303;G55;S1;11;;;187;46;28;52;22;40
SEC-1938;Semetre cero;I. E. SAN JUAN DE URABA;San Juan De Uraba;Antioquia;Oficial;8,7611;-76,5303;G55;S1;11;;;187;46;22;50;34;27
SEC-1939;Semetre cero;I. E. SAN JUAN DE URABA;San Juan De Uraba;Antioquia;Oficial;8,7611;-76,5303;G55;S1;11;;;186;41;22;50;33;44
SEC-1940;Semetre cero;I. E. SAN JUAN DE URABA;San Juan De Uraba;Antioquia;Oficial;8,7611;-76,5303;G55;S1;11;;;185;49;24;36;38;42
SEC-1941;Semetre cero;I. E. SAN JUAN DE URABA;San Juan De Uraba;Antioquia;Oficial;8,7611;-76,5303;G55;S1;11;;;185;51;28;34;34;38
SEC-1942;Semetre cero;I. E. SAN JUAN DE URABA;San Juan De Uraba;Antioquia;Oficial;8,7611;-76,5303;G55;S1;11;;;182;39;34;36;40;27
SEC-1943;Semetre cero;I. E. SAN JUAN DE URABA;San Juan De Uraba;Antioquia;Oficial;8,7611;-76,5303;G55;S1;11;;;182;49;28;46;26;27
SEC-1944;Semetre cero;I. E. SAN JUAN DE URABA;San Juan De Uraba;Antioquia;Oficial;8,7611;-76,5303;G55;S1;11;;;182;49;22;36;34;49
SEC-1945;Semetre cero;I. E. SAN JUAN DE URABA;San Juan De Uraba;Antioquia;Oficial;8,7611;-76,5303;G55;S1;11;;;181;46;42;26;29;40
SEC-1946;Semetre cero;I. E. SAN JUAN DE URABA;San Juan De Uraba;Antioquia;Oficial;8,7611;-76,5303;G55;S1;11;;;178;41;22;52;21;55
SEC-1947;Semetre cero;I. E. SAN JUAN DE URABA;San Juan De Uraba;Antioquia;Oficial;8,7611;-76,5303;G55;S1;11;;;177;44;22;42;34;33
SEC-1948;Semetre cero;I. E. SAN JUAN DE URABA;San Juan De Uraba;Antioquia;Oficial;8,7611;-76,5303;G55;S1;11;;;173;56;18;40;24;36
SEC-1949;Semetre cero;I. E. SAN JUAN DE URABA;San Juan De Uraba;Antioquia;Oficial;8,7611;-76,5303;G55;S1;11;;;173;46;20;44;26;42
SEC-1950;Semetre cero;I. E. SAN JUAN DE URABA;San Juan De Uraba;Antioquia;Oficial;8,7611;-76,5303;G55;S1;11;;;173;49;32;30;24;45
SEC-1951;Semetre cero;I. E. SAN JUAN DE URABA;San Juan De Uraba;Antioquia;Oficial;8,7611;-76,5303;G55;S1;11;;;173;49;14;48;26;40
SEC-1952;Semetre cero;I. E. SAN JUAN DE URABA;San Juan De Uraba;Antioquia;Oficial;8,7611;-76,5303;G55;S1;11;;;171;34;24;30;48;36
SEC-1953;Semetre cero;I. E. SAN JUAN DE URABA;San Juan De Uraba;Antioquia;Oficial;8,7611;-76,5303;G55;S1;11;;;169;39;26;40;28;42
SEC-1954;Semetre cero;I. E. SAN JUAN DE URABA;San Juan De Uraba;Antioquia;Oficial;8,7611;-76,5303;G55;S1;11;;;168;51;34;28;21;36
SEC-1955;Semetre cero;I. E. SAN JUAN DE URABA;San Juan De Uraba;Antioquia;Oficial;8,7611;-76,5303;G55;S1;11;;;168;41;22;48;26;25
SEC-1956;Semetre cero;I. E. SAN JUAN DE URABA;San Juan De Uraba;Antioquia;Oficial;8,7611;-76,5303;G55;S1;11;;;168;39;12;38;40;51
SEC-1957;Semetre cero;I. E. SAN JUAN DE URABA;San Juan De Uraba;Antioquia;Oficial;8,7611;-76,5303;G55;S1;11;;;167;37;34;32;33;29
SEC-1958;Semetre cero;I. E. SAN JUAN DE URABA;San Juan De Uraba;Antioquia;Oficial;8,7611;-76,5303;G55;S1;11;;;167;41;32;34;26;35
SEC-1959;Semetre cero;I. E. SAN JUAN DE URABA;San Juan De Uraba;Antioquia;Oficial;8,7611;-76,5303;G55;S1;11;;;167;34;18;48;29;45
SEC-1960;Semetre cero;I. E. SAN JUAN DE URABA;San Juan De Uraba;Antioquia;Oficial;8,7611;-76,5303;G55;S1;11;;;163;46;26;32;19;55
SEC-1961;Semetre cero;I. E. SAN JUAN DE URABA;San Juan De Uraba;Antioquia;Oficial;8,7611;-76,5303;G55;S1;11;;;163;44;36;32;21;25
SEC-1962;Semetre cero;I. E. SAN JUAN DE URABA;San Juan De Uraba;Antioquia;Oficial;8,7611;-76,5303;G55;S1;11;;;163;49;20;32;29;33
SEC-1963;Semetre cero;I. E. SAN JUAN DE URABA;San Juan De Uraba;Antioquia;Oficial;8,7611;-76,5303;G55;S1;11;;;162;34;22;42;33;27
SEC-1964;Semetre cero;I. E. SAN JUAN DE URABA;San Juan De Uraba;Antioquia;Oficial;8,7611;-76,5303;G55;S1;11;;;161;46;24;30;26;40
SEC-1965;Semetre cero;I. E. SAN JUAN DE URABA;San Juan De Uraba;Antioquia;Oficial;8,7611;-76,5303;G55;S1;11;;;160;32;32;28;34;36
SEC-1966;Semetre cero;I. E. SAN JUAN DE URABA;San Juan De Uraba;Antioquia;Oficial;8,7611;-76,5303;G55;S1;11;;;159;49;32;18;26;40
SEC-1967;Semetre cero;I. E. SAN JUAN DE URABA;San Juan De Uraba;Antioquia;Oficial;8,7611;-76,5303;G55;S1;11;;;159;32;40;28;28;31
SEC-1968;Semetre cero;I. E. SAN JUAN DE URABA;San Juan De Uraba;Antioquia;Oficial;8,7611;-76,5303;G55;S1;11;;;158;29;30;38;24;47
SEC-1969;Semetre cero;I. E. SAN JUAN DE URABA;San Juan De Uraba;Antioquia;Oficial;8,7611;-76,5303;G55;S1;11;;;158;44;18;34;29;35
SEC-1970;Semetre cero;I. E. SAN JUAN DE URABA;San Juan De Uraba;Antioquia;Oficial;8,7611;-76,5303;G55;S1;11;;;157;32;38;24;29;38
SEC-1971;Semetre cero;I. E. SAN JUAN DE URABA;San Juan De Uraba;Antioquia;Oficial;8,7611;-76,5303;G55;S1;11;;;156;44;20;36;28;24
SEC-1972;Semetre cero;I. E. SAN JUAN DE URABA;San Juan De Uraba;Antioquia;Oficial;8,7611;-76,5303;G55;S1;11;;;155;37;20;44;21;38
SEC-1973;Semetre cero;I. E. SAN JUAN DE URABA;San Juan De Uraba;Antioquia;Oficial;8,7611;-76,5303;G55;S1;11;;;153;32;24;38;26;40
SEC-1974;Semetre cero;I. E. SAN JUAN DE URABA;San Juan De Uraba;Antioquia;Oficial;8,7611;-76,5303;G55;S1;11;;;153;32;28;40;22;31
SEC-1975;Semetre cero;I. E. SAN JUAN DE URABA;San Juan De Uraba;Antioquia;Oficial;8,7611;-76,5303;G55;S1;11;;;152;41;30;28;22;29
SEC-1976;Semetre cero;I. E. SAN JUAN DE URABA;San Juan De Uraba;Antioquia;Oficial;8,7611;-76,5303;G55;S1;11;;;149;22;22;46;31;25
SEC-1977;Semetre cero;I. E. SAN JUAN DE URABA;San Juan De Uraba;Antioquia;Oficial;8,7611;-76,5303;G55;S1;11;;;149;24;32;32;29;35
SEC-1978;Semetre cero;I. E. SAN JUAN DE URABA;San Juan De Uraba;Antioquia;Oficial;8,7611;-76,5303;G55;S1;11;;;148;37;20;36;28;25
SEC-1979;Semetre cero;I. E. SAN JUAN DE URABA;San Juan De Uraba;Antioquia;Oficial;8,7611;-76,5303;G55;S1;11;;;146;39;16;34;24;40
SEC-1980;Semetre cero;I. E. SAN JUAN DE URABA;San Juan De Uraba;Antioquia;Oficial;8,7611;-76,5303;G55;S1;11;;;145;32;24;30;28;36
SEC-1981;Semetre cero;I. E. SAN JUAN DE URABA;San Juan De Uraba;Antioquia;Oficial;8,7611;-76,5303;G55;S1;11;;;144;41;20;22;29;36
SEC-1982;Semetre cero;I. E. SAN JUAN DE URABA;San Juan De Uraba;Antioquia;Oficial;8,7611;-76,5303;G55;S1;11;;;144;39;20;18;34;40
SEC-1983;Semetre cero;I. E. SAN JUAN DE URABA;San Juan De Uraba;Antioquia;Oficial;8,7611;-76,5303;G55;S1;11;;;143;29;24;34;24;38
SEC-1984;Semetre cero;I. E. SAN JUAN DE URABA;San Juan De Uraba;Antioquia;Oficial;8,7611;-76,5303;G55;S1;11;;;142;34;22;32;28;22
SEC-1985;Semetre cero;I. E. SAN JUAN DE URABA;San Juan De Uraba;Antioquia;Oficial;8,7611;-76,5303;G55;S1;11;;;141;34;22;30;24;36
SEC-1986;Semetre cero;I. E. SAN JUAN DE URABA;San Juan De Uraba;Antioquia;Oficial;8,7611;-76,5303;G55;S1;11;;;141;34;18;34;24;35
SEC-1987;Semetre cero;I. E. SAN JUAN DE URABA;San Juan De Uraba;Antioquia;Oficial;8,7611;-76,5303;G55;S1;11;;;140;32;20;42;14;42
SEC-1988;Semetre cero;I. E. SAN JUAN DE URABA;San Juan De Uraba;Antioquia;Oficial;8,7611;-76,5303;G55;S1;11;;;138;27;32;26;22;36
SEC-1989;Semetre cero;I. E. SAN JUAN DE URABA;San Juan De Uraba;Antioquia;Oficial;8,7611;-76,5303;G55;S1;11;;;130;32;22;30;21;25
SEC-1990;Semetre cero;I. E. CAMILO TORRES;San Pedro De Uraba;Antioquia;Oficial;8,275;-76,369;G56;S1;11;;;271;61;36;72;45;64
SEC-1991;Semetre cero;I. E. CAMILO TORRES;San Pedro De Uraba;Antioquia;Oficial;8,275;-76,369;G56;S1;11;;;268;59;48;56;41;85
SEC-1992;Semetre cero;I. E. CAMILO TORRES;San Pedro De Uraba;Antioquia;Oficial;8,275;-76,369;G56;S1;11;;;265;71;32;58;40;89
SEC-1993;Semetre cero;I. E. CAMILO TORRES;San Pedro De Uraba;Antioquia;Oficial;8,275;-76,369;G56;S1;11;;;246;54;30;60;50;58
SEC-1994;Semetre cero;I. E. CAMILO TORRES;San Pedro De Uraba;Antioquia;Oficial;8,275;-76,369;G56;S1;11;;;240;49;42;64;38;45
SEC-1995;Semetre cero;I. E. CAMILO TORRES;San Pedro De Uraba;Antioquia;Oficial;8,275;-76,369;G56;S1;11;;;232;46;40;58;41;47
SEC-1996;Semetre cero;I. E. CAMILO TORRES;San Pedro De Uraba;Antioquia;Oficial;8,275;-76,369;G56;S1;11;;;229;51;34;54;40;58
SEC-1997;Semetre cero;I. E. CAMILO TORRES;San Pedro De Uraba;Antioquia;Oficial;8,275;-76,369;G56;S1;11;;;227;56;30;56;41;40
SEC-1998;Semetre cero;I. E. CAMILO TORRES;San Pedro De Uraba;Antioquia;Oficial;8,275;-76,369;G56;S1;11;;;226;54;24;62;33;69
SEC-1999;Semetre cero;I. E. CAMILO TORRES;San Pedro De Uraba;Antioquia;Oficial;8,275;-76,369;G56;S1;11;;;221;61;28;64;24;44
SEC-2000;Semetre cero;I. E. CAMILO TORRES;San Pedro De Uraba;Antioquia;Oficial;8,275;-76,369;G56;S1;11;;;207;46;26;54;38;45
SEC-2001;Semetre cero;I. E. CAMILO TORRES;San Pedro De Uraba;Antioquia;Oficial;8,275;-76,369;G56;S1;11;;;206;51;26;46;40;47
SEC-2002;Semetre cero;I. E. CAMILO TORRES;San Pedro De Uraba;Antioquia;Oficial;8,275;-76,369;G56;S1;11;;;206;46;22;50;43;51
SEC-2003;Semetre cero;I. E. CAMILO TORRES;San Pedro De Uraba;Antioquia;Oficial;8,275;-76,369;G56;S1;11;;;201;46;32;58;21;53
SEC-2004;Semetre cero;I. E. CAMILO TORRES;San Pedro De Uraba;Antioquia;Oficial;8,275;-76,369;G56;S1;11;;;199;39;30;46;41;47
SEC-2005;Semetre cero;I. E. CAMILO TORRES;San Pedro De Uraba;Antioquia;Oficial;8,275;-76,369;G56;S1;11;;;198;49;26;44;36;51
SEC-2006;Semetre cero;I. E. CAMILO TORRES;San Pedro De Uraba;Antioquia;Oficial;8,275;-76,369;G56;S1;11;;;192;41;28;54;33;31
SEC-2007;Semetre cero;I. E. CAMILO TORRES;San Pedro De Uraba;Antioquia;Oficial;8,275;-76,369;G56;S1;11;;;191;39;26;52;29;58
SEC-2008;Semetre cero;I. E. CAMILO TORRES;San Pedro De Uraba;Antioquia;Oficial;8,275;-76,369;G56;S1;11;;;191;49;26;54;26;33
SEC-2009;Semetre cero;I. E. CAMILO TORRES;San Pedro De Uraba;Antioquia;Oficial;8,275;-76,369;G56;S1;11;;;185;34;18;64;29;45
SEC-2010;Semetre cero;I. E. CAMILO TORRES;San Pedro De Uraba;Antioquia;Oficial;8,275;-76,369;G56;S1;11;;;185;41;18;50;34;49
SEC-2011;Semetre cero;I. E. CAMILO TORRES;San Pedro De Uraba;Antioquia;Oficial;8,275;-76,369;G56;S1;11;;;182;27;28;60;31;36
SEC-2012;Semetre cero;I. E. CAMILO TORRES;San Pedro De Uraba;Antioquia;Oficial;8,275;-76,369;G56;S1;11;;;182;41;22;44;33;53
SEC-2013;Semetre cero;I. E. CAMILO TORRES;San Pedro De Uraba;Antioquia;Oficial;8,275;-76,369;G56;S1;11;;;182;44;32;40;33;27
SEC-2014;Semetre cero;I. E. CAMILO TORRES;San Pedro De Uraba;Antioquia;Oficial;8,275;-76,369;G56;S1;11;;;181;44;32;38;31;35
SEC-2015;Semetre cero;I. E. CAMILO TORRES;San Pedro De Uraba;Antioquia;Oficial;8,275;-76,369;G56;S1;11;;;180;46;20;38;41;31
SEC-2016;Semetre cero;I. E. CAMILO TORRES;San Pedro De Uraba;Antioquia;Oficial;8,275;-76,369;G56;S1;11;;;179;46;24;50;24;31
SEC-2017;Semetre cero;I. E. CAMILO TORRES;San Pedro De Uraba;Antioquia;Oficial;8,275;-76,369;G56;S1;11;;;175;46;30;40;24;35
SEC-2018;Semetre cero;I. E. CAMILO TORRES;San Pedro De Uraba;Antioquia;Oficial;8,275;-76,369;G56;S1;11;;;174;51;18;40;24;53
SEC-2019;Semetre cero;I. E. CAMILO TORRES;San Pedro De Uraba;Antioquia;Oficial;8,275;-76,369;G56;S1;11;;;171;29;30;32;29;82
SEC-2020;Semetre cero;I. E. CAMILO TORRES;San Pedro De Uraba;Antioquia;Oficial;8,275;-76,369;G56;S1;11;;;168;41;30;36;29;25
SEC-2021;Semetre cero;I. E. CAMILO TORRES;San Pedro De Uraba;Antioquia;Oficial;8,275;-76,369;G56;S1;11;;;166;39;24;38;33;31
SEC-2022;Semetre cero;I. E. CAMILO TORRES;San Pedro De Uraba;Antioquia;Oficial;8,275;-76,369;G56;S1;11;;;165;29;30;40;28;47
SEC-2023;Semetre cero;I. E. CAMILO TORRES;San Pedro De Uraba;Antioquia;Oficial;8,275;-76,369;G56;S1;11;;;159;29;24;54;24;20
SEC-2024;Semetre cero;I. E. CAMILO TORRES;San Pedro De Uraba;Antioquia;Oficial;8,275;-76,369;G56;S1;11;;;158;34;22;38;33;31
SEC-2025;Semetre cero;I. E. CAMILO TORRES;San Pedro De Uraba;Antioquia;Oficial;8,275;-76,369;G56;S1;11;;;158;34;20;38;31;42
SEC-2026;Semetre cero;I. E. CAMILO TORRES;San Pedro De Uraba;Antioquia;Oficial;8,275;-76,369;G56;S1;11;;;158;37;18;40;34;24
SEC-2027;Semetre cero;I. E. CAMILO TORRES;San Pedro De Uraba;Antioquia;Oficial;8,275;-76,369;G56;S1;11;;;157;24;32;38;28;42
SEC-2028;Semetre cero;I. E. CAMILO TORRES;San Pedro De Uraba;Antioquia;Oficial;8,275;-76,369;G56;S1;11;;;155;37;20;40;24;40
SEC-2029;Semetre cero;I. E. CAMILO TORRES;San Pedro De Uraba;Antioquia;Oficial;8,275;-76,369;G56;S1;11;;;151;32;24;38;21;49
SEC-2030;Semetre cero;I. E. CAMILO TORRES;San Pedro De Uraba;Antioquia;Oficial;8,275;-76,369;G56;S1;11;;;150;34;20;38;24;42
SEC-2031;Semetre cero;I. E. CAMILO TORRES;San Pedro De Uraba;Antioquia;Oficial;8,275;-76,369;G56;S1;11;;;145;34;26;26;28;35
SEC-2032;Semetre cero;I. E. CAMILO TORRES;San Pedro De Uraba;Antioquia;Oficial;8,275;-76,369;G56;S1;11;;;141;41;12;38;16;45
SEC-2033;Semetre cero;I. E. CAMILO TORRES;San Pedro De Uraba;Antioquia;Oficial;8,275;-76,369;G56;S1;11;;;140;24;18;40;26;40
SEC-2034;Semetre cero;I. E. CAMILO TORRES;San Pedro De Uraba;Antioquia;Oficial;8,275;-76,369;G56;S1;11;;;128;27;14;30;28;38
SEC-2035;Semetre cero;I. E. CAMILO TORRES;San Pedro De Uraba;Antioquia;Oficial;8,275;-76,369;G56;S1;11;;;126;22;22;26;31;25
SEC-2036;Semetre cero;I. E. SAN PEDRO DE URABA;San Pedro De Uraba;Antioquia;Oficial;8,275;-76,369;G57;S1;11;;;220;51;34;60;31;44
SEC-2037;Semetre cero;I. E. SAN PEDRO DE URABA;San Pedro De Uraba;Antioquia;Oficial;8,275;-76,369;G57;S1;11;;;214;61;22;52;34;49
SEC-2038;Semetre cero;I. E. SAN PEDRO DE URABA;San Pedro De Uraba;Antioquia;Oficial;8,275;-76,369;G57;S1;11;;;209;54;18;56;38;45
SEC-2039;Semetre cero;I. E. SAN PEDRO DE URABA;San Pedro De Uraba;Antioquia;Oficial;8,275;-76,369;G57;S1;11;;;196;49;16;56;29;60
SEC-2040;Semetre cero;I. E. SAN PEDRO DE URABA;San Pedro De Uraba;Antioquia;Oficial;8,275;-76,369;G57;S1;11;;;193;39;28;52;34;42
SEC-2041;Semetre cero;I. E. SAN PEDRO DE URABA;San Pedro De Uraba;Antioquia;Oficial;8,275;-76,369;G57;S1;11;;;193;49;16;58;28;51
SEC-2042;Semetre cero;I. E. SAN PEDRO DE URABA;San Pedro De Uraba;Antioquia;Oficial;8,275;-76,369;G57;S1;11;;;187;54;26;52;16;45
SEC-2043;Semetre cero;I. E. SAN PEDRO DE URABA;San Pedro De Uraba;Antioquia;Oficial;8,275;-76,369;G57;S1;11;;;185;41;28;44;36;33
SEC-2044;Semetre cero;I. E. SAN PEDRO DE URABA;San Pedro De Uraba;Antioquia;Oficial;8,275;-76,369;G57;S1;11;;;182;46;32;44;24;35
SEC-2045;Semetre cero;I. E. SAN PEDRO DE URABA;San Pedro De Uraba;Antioquia;Oficial;8,275;-76,369;G57;S1;11;;;180;39;30;44;26;51
SEC-2046;Semetre cero;I. E. SAN PEDRO DE URABA;San Pedro De Uraba;Antioquia;Oficial;8,275;-76,369;G57;S1;11;;;175;41;24;44;26;49
SEC-2047;Semetre cero;I. E. SAN PEDRO DE URABA;San Pedro De Uraba;Antioquia;Oficial;8,275;-76,369;G57;S1;11;;;166;44;28;38;22;35
SEC-2048;Semetre cero;I. E. SAN PEDRO DE URABA;San Pedro De Uraba;Antioquia;Oficial;8,275;-76,369;G57;S1;11;;;165;51;18;32;33;27
SEC-2049;Semetre cero;I. E. SAN PEDRO DE URABA;San Pedro De Uraba;Antioquia;Oficial;8,275;-76,369;G57;S1;11;;;159;41;30;28;28;33
SEC-2050;Semetre cero;I. E. SAN PEDRO DE URABA;San Pedro De Uraba;Antioquia;Oficial;8,275;-76,369;G57;S1;11;;;159;37;24;36;29;35
SEC-2051;Semetre cero;I. E. SAN PEDRO DE URABA;San Pedro De Uraba;Antioquia;Oficial;8,275;-76,369;G57;S1;11;;;156;32;22;48;26;22
SEC-2052;Semetre cero;I. E. SAN PEDRO DE URABA;San Pedro De Uraba;Antioquia;Oficial;8,275;-76,369;G57;S1;11;;;150;34;20;34;29;36
SEC-2053;Semetre cero;I. E. SAN PEDRO DE URABA;San Pedro De Uraba;Antioquia;Oficial;8,275;-76,369;G57;S1;11;;;144;34;22;32;28;27
SEC-2054;Semetre cero;I. E. SAN PEDRO DE URABA;San Pedro De Uraba;Antioquia;Oficial;8,275;-76,369;G57;S1;11;;;144;22;18;48;28;27
SEC-2055;Semetre cero;I. E. SAN PEDRO DE URABA;San Pedro De Uraba;Antioquia;Oficial;8,275;-76,369;G57;S1;11;;;136;32;22;30;24;31
SEC-2056;Semetre cero;I. E. SAN PEDRO DE URABA;San Pedro De Uraba;Antioquia;Oficial;8,275;-76,369;G57;S1;11;;;130;22;24;40;17;29
SEC-2057;Semetre cero;I. E. SAN PEDRO DE URABA;San Pedro De Uraba;Antioquia;Oficial;8,275;-76,369;G57;S1;11;;;109;49;12;18;16;0
SEC-2058;Semetre cero;I. E. JESUS MARIA ROJAS PAGOLA;Santa Barbara;Antioquia;Oficial;5,879;-75,5833;G58;S1;11;;;291;68;56;68;31;85
SEC-2059;Semetre cero;I. E. JESUS MARIA ROJAS PAGOLA;Santa Barbara;Antioquia;Oficial;5,879;-75,5833;G58;S1;11;;;225;56;30;52;36;62
SEC-2060;Semetre cero;I. E. JESUS MARIA ROJAS PAGOLA;Santa Barbara;Antioquia;Oficial;5,879;-75,5833;G58;S1;11;;;221;54;32;54;43;27
SEC-2061;Semetre cero;I. E. JESUS MARIA ROJAS PAGOLA;Santa Barbara;Antioquia;Oficial;5,879;-75,5833;G58;S1;11;;;220;39;24;54;50;71
SEC-2062;Semetre cero;I. E. JESUS MARIA ROJAS PAGOLA;Santa Barbara;Antioquia;Oficial;5,879;-75,5833;G58;S1;11;;;212;59;22;58;28;53
SEC-2063;Semetre cero;I. E. JESUS MARIA ROJAS PAGOLA;Santa Barbara;Antioquia;Oficial;5,879;-75,5833;G58;S1;11;;;205;49;30;56;29;40
SEC-2064;Semetre cero;I. E. JESUS MARIA ROJAS PAGOLA;Santa Barbara;Antioquia;Oficial;5,879;-75,5833;G58;S1;11;;;196;54;22;46;34;42
SEC-2065;Semetre cero;I. E. JESUS MARIA ROJAS PAGOLA;Santa Barbara;Antioquia;Oficial;5,879;-75,5833;G58;S1;11;;;196;44;26;42;45;38
SEC-2066;Semetre cero;I. E. JESUS MARIA ROJAS PAGOLA;Santa Barbara;Antioquia;Oficial;5,879;-75,5833;G58;S1;11;;;193;63;18;50;22;40
SEC-2067;Semetre cero;I. E. JESUS MARIA ROJAS PAGOLA;Santa Barbara;Antioquia;Oficial;5,879;-75,5833;G58;S1;11;;;189;44;24;48;34;40
SEC-2068;Semetre cero;I. E. JESUS MARIA ROJAS PAGOLA;Santa Barbara;Antioquia;Oficial;5,879;-75,5833;G58;S1;11;;;187;41;28;50;26;51
SEC-2069;Semetre cero;I. E. JESUS MARIA ROJAS PAGOLA;Santa Barbara;Antioquia;Oficial;5,879;-75,5833;G58;S1;11;;;186;54;28;42;24;40
SEC-2070;Semetre cero;I. E. JESUS MARIA ROJAS PAGOLA;Santa Barbara;Antioquia;Oficial;5,879;-75,5833;G58;S1;11;;;185;51;32;40;26;35
SEC-2071;Semetre cero;I. E. JESUS MARIA ROJAS PAGOLA;Santa Barbara;Antioquia;Oficial;5,879;-75,5833;G58;S1;11;;;182;44;40;32;31;33
SEC-2072;Semetre cero;I. E. JESUS MARIA ROJAS PAGOLA;Santa Barbara;Antioquia;Oficial;5,879;-75,5833;G58;S1;11;;;174;29;40;46;26;29
SEC-2073;Semetre cero;I. E. JESUS MARIA ROJAS PAGOLA;Santa Barbara;Antioquia;Oficial;5,879;-75,5833;G58;S1;11;;;174;39;38;32;26;47
SEC-2074;Semetre cero;I. E. JESUS MARIA ROJAS PAGOLA;Santa Barbara;Antioquia;Oficial;5,879;-75,5833;G58;S1;11;;;174;44;32;36;28;33
SEC-2075;Semetre cero;I. E. JESUS MARIA ROJAS PAGOLA;Santa Barbara;Antioquia;Oficial;5,879;-75,5833;G58;S1;11;;;171;41;32;40;21;42
SEC-2076;Semetre cero;I. E. JESUS MARIA ROJAS PAGOLA;Santa Barbara;Antioquia;Oficial;5,879;-75,5833;G58;S1;11;;;169;29;20;46;34;49
SEC-2077;Semetre cero;I. E. JESUS MARIA ROJAS PAGOLA;Santa Barbara;Antioquia;Oficial;5,879;-75,5833;G58;S1;11;;;168;41;26;40;24;42
SEC-2078;Semetre cero;I. E. JESUS MARIA ROJAS PAGOLA;Santa Barbara;Antioquia;Oficial;5,879;-75,5833;G58;S1;11;;;167;44;22;42;21;49
SEC-2079;Semetre cero;I. E. JESUS MARIA ROJAS PAGOLA;Santa Barbara;Antioquia;Oficial;5,879;-75,5833;G58;S1;11;;;166;59;28;32;19;18
SEC-2080;Semetre cero;I. E. JESUS MARIA ROJAS PAGOLA;Santa Barbara;Antioquia;Oficial;5,879;-75,5833;G58;S1;11;;;165;27;34;34;22;78
SEC-2081;Semetre cero;I. E. JESUS MARIA ROJAS PAGOLA;Santa Barbara;Antioquia;Oficial;5,879;-75,5833;G58;S1;11;;;165;49;22;30;33;29
SEC-2082;Semetre cero;I. E. JESUS MARIA ROJAS PAGOLA;Santa Barbara;Antioquia;Oficial;5,879;-75,5833;G58;S1;11;;;164;34;14;44;38;36
SEC-2083;Semetre cero;I. E. JESUS MARIA ROJAS PAGOLA;Santa Barbara;Antioquia;Oficial;5,879;-75,5833;G58;S1;11;;;164;34;32;46;19;33
SEC-2084;Semetre cero;I. E. JESUS MARIA ROJAS PAGOLA;Santa Barbara;Antioquia;Oficial;5,879;-75,5833;G58;S1;11;;;164;41;28;26;36;31
SEC-2085;Semetre cero;I. E. JESUS MARIA ROJAS PAGOLA;Santa Barbara;Antioquia;Oficial;5,879;-75,5833;G58;S1;11;;;164;41;26;36;21;53
SEC-2086;Semetre cero;I. E. JESUS MARIA ROJAS PAGOLA;Santa Barbara;Antioquia;Oficial;5,879;-75,5833;G58;S1;11;;;160;37;28;32;22;60
SEC-2087;Semetre cero;I. E. JESUS MARIA ROJAS PAGOLA;Santa Barbara;Antioquia;Oficial;5,879;-75,5833;G58;S1;11;;;157;34;20;44;22;45
SEC-2088;Semetre cero;I. E. JESUS MARIA ROJAS PAGOLA;Santa Barbara;Antioquia;Oficial;5,879;-75,5833;G58;S1;11;;;155;34;18;32;40;31
SEC-2089;Semetre cero;I. E. JESUS MARIA ROJAS PAGOLA;Santa Barbara;Antioquia;Oficial;5,879;-75,5833;G58;S1;11;;;152;32;24;36;28;38
SEC-2090;Semetre cero;I. E. JESUS MARIA ROJAS PAGOLA;Santa Barbara;Antioquia;Oficial;5,879;-75,5833;G58;S1;11;;;152;32;26;40;22;35
SEC-2091;Semetre cero;I. E. JESUS MARIA ROJAS PAGOLA;Santa Barbara;Antioquia;Oficial;5,879;-75,5833;G58;S1;11;;;152;32;24;36;28;36
SEC-2092;Semetre cero;I. E. JESUS MARIA ROJAS PAGOLA;Santa Barbara;Antioquia;Oficial;5,879;-75,5833;G58;S1;11;;;151;29;26;40;29;20
SEC-2093;Semetre cero;I. E. JESUS MARIA ROJAS PAGOLA;Santa Barbara;Antioquia;Oficial;5,879;-75,5833;G58;S1;11;;;150;32;20;30;33;45
SEC-2094;Semetre cero;I. E. JESUS MARIA ROJAS PAGOLA;Santa Barbara;Antioquia;Oficial;5,879;-75,5833;G58;S1;11;;;148;46;18;32;19;40
SEC-2095;Semetre cero;I. E. JESUS MARIA ROJAS PAGOLA;Santa Barbara;Antioquia;Oficial;5,879;-75,5833;G58;S1;11;;;148;29;28;30;33;25
SEC-2096;Semetre cero;I. E. JESUS MARIA ROJAS PAGOLA;Santa Barbara;Antioquia;Oficial;5,879;-75,5833;G58;S1;11;;;147;39;16;30;33;29
SEC-2097;Semetre cero;I. E. JESUS MARIA ROJAS PAGOLA;Santa Barbara;Antioquia;Oficial;5,879;-75,5833;G58;S1;11;;;146;39;22;36;24;16
SEC-2098;Semetre cero;I. E. JESUS MARIA ROJAS PAGOLA;Santa Barbara;Antioquia;Oficial;5,879;-75,5833;G58;S1;11;;;145;34;16;32;29;44
SEC-2099;Semetre cero;I. E. JESUS MARIA ROJAS PAGOLA;Santa Barbara;Antioquia;Oficial;5,879;-75,5833;G58;S1;11;;;143;29;22;26;38;27
SEC-2100;Semetre cero;I. E. JESUS MARIA ROJAS PAGOLA;Santa Barbara;Antioquia;Oficial;5,879;-75,5833;G58;S1;11;;;136;27;20;30;29;35
SEC-2101;Semetre cero;I. E. JESUS MARIA ROJAS PAGOLA;Santa Barbara;Antioquia;Oficial;5,879;-75,5833;G58;S1;11;;;134;32;16;36;22;29
SEC-2102;Semetre cero;I. E. JESUS MARIA ROJAS PAGOLA;Santa Barbara;Antioquia;Oficial;5,879;-75,5833;G58;S1;11;;;133;29;14;32;29;33
SEC-2103;Semetre cero;I. E. JESUS MARIA ROJAS PAGOLA;Santa Barbara;Antioquia;Oficial;5,879;-75,5833;G58;S1;11;;;125;24;30;20;24;29
SEC-2104;Semetre cero;I. E. JESUS MARIA ROJAS PAGOLA;Santa Barbara;Antioquia;Oficial;5,879;-75,5833;G58;S1;11;;;121;27;22;26;24;18
SEC-2105;Semetre cero;I. E. JESUS MARIA ROJAS PAGOLA;Santa Barbara;Antioquia;Oficial;5,879;-75,5833;G58;S1;11;;;118;15;24;34;16;44
SEC-2106;Semetre cero;I. E. JESUS MARIA ROJAS PAGOLA;Santa Barbara;Antioquia;Oficial;5,879;-75,5833;G58;S1;11;;;112;27;22;22;17;27
SEC-2107;Semetre cero;I. E. JESUS MARIA ROJAS PAGOLA;Santa Barbara;Antioquia;Oficial;5,879;-75,5833;G58;S1;11;;;101;15;22;26;16;27
SEC-2108;Semetre cero;I. E. JESUS MARIA ROJAS PAGOLA;Santa Barbara;Antioquia;Oficial;5,879;-75,5833;G58;S1;11;;;57;22;18;2;0;24
SEC-2109;Semetre cero;I. E. SAN LUIS GONZAGA;Santafe De Antioquia;Antioquia;Oficial;6,5569;-75,8281;G59;S1;11;;;335;76;54;78;53;87
SEC-2110;Semetre cero;I. E. SAN LUIS GONZAGA;Santafe De Antioquia;Antioquia;Oficial;6,5569;-75,8281;G59;S1;11;;;272;80;34;70;33;56
SEC-2111;Semetre cero;I. E. SAN LUIS GONZAGA;Santafe De Antioquia;Antioquia;Oficial;6,5569;-75,8281;G59;S1;11;;;272;61;48;68;43;47
SEC-2112;Semetre cero;I. E. SAN LUIS GONZAGA;Santafe De Antioquia;Antioquia;Oficial;6,5569;-75,8281;G59;S1;11;;;255;56;42;58;36;87
SEC-2113;Semetre cero;I. E. SAN LUIS GONZAGA;Santafe De Antioquia;Antioquia;Oficial;6,5569;-75,8281;G59;S1;11;;;245;68;38;60;26;60
SEC-2114;Semetre cero;I. E. SAN LUIS GONZAGA;Santafe De Antioquia;Antioquia;Oficial;6,5569;-75,8281;G59;S1;11;;;242;61;36;56;36;62
SEC-2115;Semetre cero;I. E. SAN LUIS GONZAGA;Santafe De Antioquia;Antioquia;Oficial;6,5569;-75,8281;G59;S1;11;;;239;59;24;54;43;84
SEC-2116;Semetre cero;I. E. SAN LUIS GONZAGA;Santafe De Antioquia;Antioquia;Oficial;6,5569;-75,8281;G59;S1;11;;;238;73;28;62;29;42
SEC-2117;Semetre cero;I. E. SAN LUIS GONZAGA;Santafe De Antioquia;Antioquia;Oficial;6,5569;-75,8281;G59;S1;11;;;235;49;26;62;40;82
SEC-2118;Semetre cero;I. E. SAN LUIS GONZAGA;Santafe De Antioquia;Antioquia;Oficial;6,5569;-75,8281;G59;S1;11;;;233;54;28;66;36;55
SEC-2119;Semetre cero;I. E. SAN LUIS GONZAGA;Santafe De Antioquia;Antioquia;Oficial;6,5569;-75,8281;G59;S1;11;;;231;59;22;62;38;58
SEC-2120;Semetre cero;I. E. SAN LUIS GONZAGA;Santafe De Antioquia;Antioquia;Oficial;6,5569;-75,8281;G59;S1;11;;;230;56;40;42;29;95
SEC-2121;Semetre cero;I. E. SAN LUIS GONZAGA;Santafe De Antioquia;Antioquia;Oficial;6,5569;-75,8281;G59;S1;11;;;229;54;30;60;40;45
SEC-2122;Semetre cero;I. E. SAN LUIS GONZAGA;Santafe De Antioquia;Antioquia;Oficial;6,5569;-75,8281;G59;S1;11;;;222;44;46;56;21;78
SEC-2123;Semetre cero;I. E. SAN LUIS GONZAGA;Santafe De Antioquia;Antioquia;Oficial;6,5569;-75,8281;G59;S1;11;;;221;56;28;58;33;51
SEC-2124;Semetre cero;I. E. SAN LUIS GONZAGA;Santafe De Antioquia;Antioquia;Oficial;6,5569;-75,8281;G59;S1;11;;;221;54;26;52;43;51
SEC-2125;Semetre cero;I. E. SAN LUIS GONZAGA;Santafe De Antioquia;Antioquia;Oficial;6,5569;-75,8281;G59;S1;11;;;220;63;22;56;29;60
SEC-2126;Semetre cero;I. E. SAN LUIS GONZAGA;Santafe De Antioquia;Antioquia;Oficial;6,5569;-75,8281;G59;S1;11;;;220;44;26;64;40;51
SEC-2127;Semetre cero;I. E. SAN LUIS GONZAGA;Santafe De Antioquia;Antioquia;Oficial;6,5569;-75,8281;G59;S1;11;;;214;59;24;56;34;38
SEC-2128;Semetre cero;I. E. SAN LUIS GONZAGA;Santafe De Antioquia;Antioquia;Oficial;6,5569;-75,8281;G59;S1;11;;;212;49;26;60;33;49
SEC-2129;Semetre cero;I. E. SAN LUIS GONZAGA;Santafe De Antioquia;Antioquia;Oficial;6,5569;-75,8281;G59;S1;11;;;211;39;26;62;38;53
SEC-2130;Semetre cero;I. E. SAN LUIS GONZAGA;Santafe De Antioquia;Antioquia;Oficial;6,5569;-75,8281;G59;S1;11;;;204;49;32;54;24;55
SEC-2131;Semetre cero;I. E. SAN LUIS GONZAGA;Santafe De Antioquia;Antioquia;Oficial;6,5569;-75,8281;G59;S1;11;;;198;39;30;50;34;55
SEC-2132;Semetre cero;I. E. SAN LUIS GONZAGA;Santafe De Antioquia;Antioquia;Oficial;6,5569;-75,8281;G59;S1;11;;;198;46;28;54;28;47
SEC-2133;Semetre cero;I. E. SAN LUIS GONZAGA;Santafe De Antioquia;Antioquia;Oficial;6,5569;-75,8281;G59;S1;11;;;196;59;28;34;29;60
SEC-2134;Semetre cero;I. E. SAN LUIS GONZAGA;Santafe De Antioquia;Antioquia;Oficial;6,5569;-75,8281;G59;S1;11;;;194;54;24;50;24;49
SEC-2135;Semetre cero;I. E. SAN LUIS GONZAGA;Santafe De Antioquia;Antioquia;Oficial;6,5569;-75,8281;G59;S1;11;;;188;44;20;54;31;42
SEC-2136;Semetre cero;I. E. SAN LUIS GONZAGA;Santafe De Antioquia;Antioquia;Oficial;6,5569;-75,8281;G59;S1;11;;;188;44;36;40;29;40
SEC-2137;Semetre cero;I. E. SAN LUIS GONZAGA;Santafe De Antioquia;Antioquia;Oficial;6,5569;-75,8281;G59;S1;11;;;187;51;22;50;28;35
SEC-2138;Semetre cero;I. E. SAN LUIS GONZAGA;Santafe De Antioquia;Antioquia;Oficial;6,5569;-75,8281;G59;S1;11;;;184;44;28;36;38;42
SEC-2139;Semetre cero;I. E. SAN LUIS GONZAGA;Santafe De Antioquia;Antioquia;Oficial;6,5569;-75,8281;G59;S1;11;;;184;37;34;48;24;49
SEC-2140;Semetre cero;I. E. SAN LUIS GONZAGA;Santafe De Antioquia;Antioquia;Oficial;6,5569;-75,8281;G59;S1;11;;;177;41;30;40;22;58
SEC-2141;Semetre cero;I. E. SAN LUIS GONZAGA;Santafe De Antioquia;Antioquia;Oficial;6,5569;-75,8281;G59;S1;11;;;177;39;34;42;24;42
SEC-2142;Semetre cero;I. E. SAN LUIS GONZAGA;Santafe De Antioquia;Antioquia;Oficial;6,5569;-75,8281;G59;S1;11;;;176;29;38;44;28;40
SEC-2143;Semetre cero;I. E. SAN LUIS GONZAGA;Santafe De Antioquia;Antioquia;Oficial;6,5569;-75,8281;G59;S1;11;;;172;32;34;40;28;47
SEC-2144;Semetre cero;I. E. SAN LUIS GONZAGA;Santafe De Antioquia;Antioquia;Oficial;6,5569;-75,8281;G59;S1;11;;;171;24;26;60;26;35
SEC-2145;Semetre cero;I. E. SAN LUIS GONZAGA;Santafe De Antioquia;Antioquia;Oficial;6,5569;-75,8281;G59;S1;11;;;170;37;18;50;28;45
SEC-2146;Semetre cero;I. E. SAN LUIS GONZAGA;Santafe De Antioquia;Antioquia;Oficial;6,5569;-75,8281;G59;S1;11;;;169;34;20;44;31;51
SEC-2147;Semetre cero;I. E. SAN LUIS GONZAGA;Santafe De Antioquia;Antioquia;Oficial;6,5569;-75,8281;G59;S1;11;;;151;24;30;32;34;29
SEC-2148;Semetre cero;I. E. R. PORCESITO;Santo Domingo;Antioquia;Oficial;6,4719;-75,1669;G60;S1;11;;;262;61;34;74;47;35
SEC-2149;Semetre cero;I. E. R. PORCESITO;Santo Domingo;Antioquia;Oficial;6,4719;-75,1669;G60;S1;11;;;225;54;30;58;40;42
SEC-2150;Semetre cero;I. E. R. PORCESITO;Santo Domingo;Antioquia;Oficial;6,4719;-75,1669;G60;S1;11;;;218;56;40;46;31;47
SEC-2151;Semetre cero;I. E. R. PORCESITO;Santo Domingo;Antioquia;Oficial;6,4719;-75,1669;G60;S1;11;;;213;66;40;34;31;42
SEC-2152;Semetre cero;I. E. R. PORCESITO;Santo Domingo;Antioquia;Oficial;6,4719;-75,1669;G60;S1;11;;;210;54;28;50;33;53
SEC-2153;Semetre cero;I. E. R. PORCESITO;Santo Domingo;Antioquia;Oficial;6,4719;-75,1669;G60;S1;11;;;192;44;34;50;24;42
SEC-2154;Semetre cero;I. E. R. PORCESITO;Santo Domingo;Antioquia;Oficial;6,4719;-75,1669;G60;S1;11;;;190;34;40;48;34;24
SEC-2155;Semetre cero;I. E. R. PORCESITO;Santo Domingo;Antioquia;Oficial;6,4719;-75,1669;G60;S1;11;;;190;46;34;42;29;38
SEC-2156;Semetre cero;I. E. R. PORCESITO;Santo Domingo;Antioquia;Oficial;6,4719;-75,1669;G60;S1;11;;;180;29;26;48;38;44
SEC-2157;Semetre cero;I. E. R. PORCESITO;Santo Domingo;Antioquia;Oficial;6,4719;-75,1669;G60;S1;11;;;179;44;20;40;38;40
SEC-2158;Semetre cero;I. E. R. PORCESITO;Santo Domingo;Antioquia;Oficial;6,4719;-75,1669;G60;S1;11;;;167;32;28;44;34;20
SEC-2159;Semetre cero;I. E. R. PORCESITO;Santo Domingo;Antioquia;Oficial;6,4719;-75,1669;G60;S1;11;;;158;39;22;40;28;25
SEC-2160;Semetre cero;I. E. R. PORCESITO;Santo Domingo;Antioquia;Oficial;6,4719;-75,1669;G60;S1;11;;;157;34;16;54;21;33
SEC-2161;Semetre cero;I. E. R. PORCESITO;Santo Domingo;Antioquia;Oficial;6,4719;-75,1669;G60;S1;11;;;150;34;26;32;28;31
SEC-2162;Semetre cero;I. E. R. PORCESITO;Santo Domingo;Antioquia;Oficial;6,4719;-75,1669;G60;S1;11;;;144;24;32;36;22;29
SEC-2163;Semetre cero;I. E. R. PORCESITO;Santo Domingo;Antioquia;Oficial;6,4719;-75,1669;G60;S1;11;;;136;32;16;28;34;22
SEC-2164;Semetre cero;I. E. R. PORCESITO;Santo Domingo;Antioquia;Oficial;6,4719;-75,1669;G60;S1;11;;;131;24;24;26;29;29
SEC-2165;Semetre cero;I. E. R. PORCESITO;Santo Domingo;Antioquia;Oficial;6,4719;-75,1669;G60;S1;11;;;129;39;30;18;17;24
SEC-2166;Semetre cero;I. E. R. PORCESITO;Santo Domingo;Antioquia;Oficial;6,4719;-75,1669;G60;S1;11;;;120;27;26;22;19;31
SEC-2167;Semetre cero;I. E. R. PORCESITO;Santo Domingo;Antioquia;Oficial;6,4719;-75,1669;G60;S1;11;;;117;39;16;22;24;0
SEC-2168;Semetre cero;I. E. R. PORCESITO;Santo Domingo;Antioquia;Oficial;6,4719;-75,1669;G60;S1;11;;;63;0;12;18;12;38
SEC-2169;Semetre cero;I. E. LIBORIO BATALLER;Segovia;Antioquia;Oficial;7,0786;-74,6983;G61;S1;11;;;223;49;32;66;33;40
SEC-2170;Semetre cero;I. E. LIBORIO BATALLER;Segovia;Antioquia;Oficial;7,0786;-74,6983;G61;S1;11;;;222;59;36;46;34;53
SEC-2171;Semetre cero;I. E. LIBORIO BATALLER;Segovia;Antioquia;Oficial;7,0786;-74,6983;G61;S1;11;;;209;56;26;48;31;60
SEC-2172;Semetre cero;I. E. LIBORIO BATALLER;Segovia;Antioquia;Oficial;7,0786;-74,6983;G61;S1;11;;;208;51;24;48;38;58
SEC-2173;Semetre cero;I. E. LIBORIO BATALLER;Segovia;Antioquia;Oficial;7,0786;-74,6983;G61;S1;11;;;196;54;30;52;22;36
SEC-2174;Semetre cero;I. E. LIBORIO BATALLER;Segovia;Antioquia;Oficial;7,0786;-74,6983;G61;S1;11;;;196;51;26;50;26;49
SEC-2175;Semetre cero;I. E. LIBORIO BATALLER;Segovia;Antioquia;Oficial;7,0786;-74,6983;G61;S1;11;;;194;44;30;50;33;35
SEC-2176;Semetre cero;I. E. LIBORIO BATALLER;Segovia;Antioquia;Oficial;7,0786;-74,6983;G61;S1;11;;;189;22;34;68;29;31
SEC-2177;Semetre cero;I. E. LIBORIO BATALLER;Segovia;Antioquia;Oficial;7,0786;-74,6983;G61;S1;11;;;186;34;34;52;29;35
SEC-2178;Semetre cero;I. E. LIBORIO BATALLER;Segovia;Antioquia;Oficial;7,0786;-74,6983;G61;S1;11;;;185;39;20;58;29;42
SEC-2179;Semetre cero;I. E. LIBORIO BATALLER;Segovia;Antioquia;Oficial;7,0786;-74,6983;G61;S1;11;;;180;49;32;34;24;51
SEC-2180;Semetre cero;I. E. LIBORIO BATALLER;Segovia;Antioquia;Oficial;7,0786;-74,6983;G61;S1;11;;;177;29;34;40;40;33
SEC-2181;Semetre cero;I. E. LIBORIO BATALLER;Segovia;Antioquia;Oficial;7,0786;-74,6983;G61;S1;11;;;177;44;22;42;28;53
SEC-2182;Semetre cero;I. E. LIBORIO BATALLER;Segovia;Antioquia;Oficial;7,0786;-74,6983;G61;S1;11;;;176;54;18;38;29;40
SEC-2183;Semetre cero;I. E. LIBORIO BATALLER;Segovia;Antioquia;Oficial;7,0786;-74,6983;G61;S1;11;;;175;46;20;50;24;35
SEC-2184;Semetre cero;I. E. LIBORIO BATALLER;Segovia;Antioquia;Oficial;7,0786;-74,6983;G61;S1;11;;;175;20;38;50;33;35
SEC-2185;Semetre cero;I. E. LIBORIO BATALLER;Segovia;Antioquia;Oficial;7,0786;-74,6983;G61;S1;11;;;173;37;34;36;33;33
SEC-2186;Semetre cero;I. E. LIBORIO BATALLER;Segovia;Antioquia;Oficial;7,0786;-74,6983;G61;S1;11;;;171;39;38;40;21;33
SEC-2187;Semetre cero;I. E. LIBORIO BATALLER;Segovia;Antioquia;Oficial;7,0786;-74,6983;G61;S1;11;;;171;29;24;46;29;58
SEC-2188;Semetre cero;I. E. LIBORIO BATALLER;Segovia;Antioquia;Oficial;7,0786;-74,6983;G61;S1;11;;;162;59;18;34;17;38
SEC-2189;Semetre cero;I. E. LIBORIO BATALLER;Segovia;Antioquia;Oficial;7,0786;-74,6983;G61;S1;11;;;149;39;20;28;33;27
SEC-2190;Semetre cero;I. E. LIBORIO BATALLER;Segovia;Antioquia;Oficial;7,0786;-74,6983;G61;S1;11;;;145;32;30;32;24;24
SEC-2191;Semetre cero;I. E. LIBORIO BATALLER;Segovia;Antioquia;Oficial;7,0786;-74,6983;G61;S1;11;;;137;27;30;32;24;16
SEC-2192;Semetre cero;I. E. JOSE MARIA VILLA;Sopetran;Antioquia;Oficial;6,5008;-75,7428;G62;S1;11;;;291;63;52;50;57;91
SEC-2193;Semetre cero;I. E. JOSE MARIA VILLA;Sopetran;Antioquia;Oficial;6,5008;-75,7428;G62;S1;11;;;257;63;36;54;41;84
SEC-2194;Semetre cero;I. E. JOSE MARIA VILLA;Sopetran;Antioquia;Oficial;6,5008;-75,7428;G62;S1;11;;;239;49;24;78;29;82
SEC-2195;Semetre cero;I. E. JOSE MARIA VILLA;Sopetran;Antioquia;Oficial;6,5008;-75,7428;G62;S1;11;;;228;54;32;70;26;47
SEC-2196;Semetre cero;I. E. JOSE MARIA VILLA;Sopetran;Antioquia;Oficial;6,5008;-75,7428;G62;S1;11;;;222;44;32;74;28;44
SEC-2197;Semetre cero;I. E. JOSE MARIA VILLA;Sopetran;Antioquia;Oficial;6,5008;-75,7428;G62;S1;11;;;216;51;36;54;31;45
SEC-2198;Semetre cero;I. E. JOSE MARIA VILLA;Sopetran;Antioquia;Oficial;6,5008;-75,7428;G62;S1;11;;;216;61;26;52;31;51
SEC-2199;Semetre cero;I. E. JOSE MARIA VILLA;Sopetran;Antioquia;Oficial;6,5008;-75,7428;G62;S1;11;;;214;51;34;50;38;38
SEC-2200;Semetre cero;I. E. JOSE MARIA VILLA;Sopetran;Antioquia;Oficial;6,5008;-75,7428;G62;S1;11;;;208;59;32;38;38;42
SEC-2201;Semetre cero;I. E. JOSE MARIA VILLA;Sopetran;Antioquia;Oficial;6,5008;-75,7428;G62;S1;11;;;207;49;30;46;40;44
SEC-2202;Semetre cero;I. E. JOSE MARIA VILLA;Sopetran;Antioquia;Oficial;6,5008;-75,7428;G62;S1;11;;;205;49;28;56;26;58
SEC-2203;Semetre cero;I. E. JOSE MARIA VILLA;Sopetran;Antioquia;Oficial;6,5008;-75,7428;G62;S1;11;;;204;49;30;56;29;38
SEC-2204;Semetre cero;I. E. JOSE MARIA VILLA;Sopetran;Antioquia;Oficial;6,5008;-75,7428;G62;S1;11;;;202;49;24;62;26;44
SEC-2205;Semetre cero;I. E. JOSE MARIA VILLA;Sopetran;Antioquia;Oficial;6,5008;-75,7428;G62;S1;11;;;200;54;22;46;38;40
SEC-2206;Semetre cero;I. E. JOSE MARIA VILLA;Sopetran;Antioquia;Oficial;6,5008;-75,7428;G62;S1;11;;;195;41;30;46;34;51
SEC-2207;Semetre cero;I. E. JOSE MARIA VILLA;Sopetran;Antioquia;Oficial;6,5008;-75,7428;G62;S1;11;;;189;39;28;52;31;40
SEC-2208;Semetre cero;I. E. JOSE MARIA VILLA;Sopetran;Antioquia;Oficial;6,5008;-75,7428;G62;S1;11;;;185;44;22;44;38;38
SEC-2209;Semetre cero;I. E. JOSE MARIA VILLA;Sopetran;Antioquia;Oficial;6,5008;-75,7428;G62;S1;11;;;184;49;24;54;28;15
SEC-2210;Semetre cero;I. E. JOSE MARIA VILLA;Sopetran;Antioquia;Oficial;6,5008;-75,7428;G62;S1;11;;;180;39;30;44;28;47
SEC-2211;Semetre cero;I. E. JOSE MARIA VILLA;Sopetran;Antioquia;Oficial;6,5008;-75,7428;G62;S1;11;;;180;49;16;54;22;44
SEC-2212;Semetre cero;I. E. JOSE MARIA VILLA;Sopetran;Antioquia;Oficial;6,5008;-75,7428;G62;S1;11;;;177;44;18;50;28;42
SEC-2213;Semetre cero;I. E. JOSE MARIA VILLA;Sopetran;Antioquia;Oficial;6,5008;-75,7428;G62;S1;11;;;175;32;24;48;33;45
SEC-2214;Semetre cero;I. E. JOSE MARIA VILLA;Sopetran;Antioquia;Oficial;6,5008;-75,7428;G62;S1;11;;;174;51;28;34;26;36
SEC-2215;Semetre cero;I. E. JOSE MARIA VILLA;Sopetran;Antioquia;Oficial;6,5008;-75,7428;G62;S1;11;;;170;51;28;36;21;35
SEC-2216;Semetre cero;I. E. JOSE MARIA VILLA;Sopetran;Antioquia;Oficial;6,5008;-75,7428;G62;S1;11;;;170;44;24;38;26;45
SEC-2217;Semetre cero;I. E. JOSE MARIA VILLA;Sopetran;Antioquia;Oficial;6,5008;-75,7428;G62;S1;11;;;167;37;30;24;34;58
SEC-2218;Semetre cero;I. E. JOSE MARIA VILLA;Sopetran;Antioquia;Oficial;6,5008;-75,7428;G62;S1;11;;;166;32;32;46;22;35
SEC-2219;Semetre cero;I. E. JOSE MARIA VILLA;Sopetran;Antioquia;Oficial;6,5008;-75,7428;G62;S1;11;;;165;27;26;32;40;56
SEC-2220;Semetre cero;I. E. JOSE MARIA VILLA;Sopetran;Antioquia;Oficial;6,5008;-75,7428;G62;S1;11;;;163;27;28;32;43;35
SEC-2221;Semetre cero;I. E. JOSE MARIA VILLA;Sopetran;Antioquia;Oficial;6,5008;-75,7428;G62;S1;11;;;163;22;28;54;24;40
SEC-2222;Semetre cero;I. E. JOSE MARIA VILLA;Sopetran;Antioquia;Oficial;6,5008;-75,7428;G62;S1;11;;;159;27;20;36;41;40
SEC-2223;Semetre cero;I. E. JOSE MARIA VILLA;Sopetran;Antioquia;Oficial;6,5008;-75,7428;G62;S1;11;;;151;37;18;38;21;53
SEC-2224;Semetre cero;I. E. JOSE MARIA VILLA;Sopetran;Antioquia;Oficial;6,5008;-75,7428;G62;S1;11;;;142;34;28;30;24;20
SEC-2225;Semetre cero;I. E. JOSE MARIA VILLA;Sopetran;Antioquia;Oficial;6,5008;-75,7428;G62;S1;11;;;138;37;8;38;28;27
SEC-2226;Semetre cero;I. E. JOSE MARIA VILLA;Sopetran;Antioquia;Oficial;6,5008;-75,7428;G62;S1;11;;;136;29;18;32;29;27
SEC-2227;Semetre cero;I. E. JOSE MARIA VILLA;Sopetran;Antioquia;Oficial;6,5008;-75,7428;G62;S1;11;;;102;39;14;22;14;0
SEC-2228;Semetre cero;I. E. R. JAIPERA;Urrao;Antioquia;Oficial;6,315;-76,1336;G63;S1;11;;;278;76;42;52;47;75
SEC-2229;Semetre cero;I. E. R. JAIPERA;Urrao;Antioquia;Oficial;6,315;-76,1336;G63;S1;11;;;278;63;54;64;33;80
SEC-2230;Semetre cero;I. E. R. JAIPERA;Urrao;Antioquia;Oficial;6,315;-76,1336;G63;S1;11;;;271;76;28;62;48;64
SEC-2231;Semetre cero;I. E. R. JAIPERA;Urrao;Antioquia;Oficial;6,315;-76,1336;G63;S1;11;;;268;63;36;66;34;96
SEC-2232;Semetre cero;I. E. R. JAIPERA;Urrao;Antioquia;Oficial;6,315;-76,1336;G63;S1;11;;;232;49;50;42;36;73
SEC-2233;Semetre cero;I. E. R. JAIPERA;Urrao;Antioquia;Oficial;6,315;-76,1336;G63;S1;11;;;230;56;30;60;31;65
SEC-2234;Semetre cero;I. E. R. JAIPERA;Urrao;Antioquia;Oficial;6,315;-76,1336;G63;S1;11;;;220;61;34;48;26;65
SEC-2235;Semetre cero;I. E. R. JAIPERA;Urrao;Antioquia;Oficial;6,315;-76,1336;G63;S1;11;;;216;44;52;40;26;76
SEC-2236;Semetre cero;I. E. R. JAIPERA;Urrao;Antioquia;Oficial;6,315;-76,1336;G63;S1;11;;;214;54;36;48;33;45
SEC-2237;Semetre cero;I. E. R. JAIPERA;Urrao;Antioquia;Oficial;6,315;-76,1336;G63;S1;11;;;210;66;22;54;26;44
SEC-2238;Semetre cero;I. E. R. JAIPERA;Urrao;Antioquia;Oficial;6,315;-76,1336;G63;S1;11;;;209;44;34;54;34;45
SEC-2239;Semetre cero;I. E. R. JAIPERA;Urrao;Antioquia;Oficial;6,315;-76,1336;G63;S1;11;;;207;51;30;54;29;44
SEC-2240;Semetre cero;I. E. R. JAIPERA;Urrao;Antioquia;Oficial;6,315;-76,1336;G63;S1;11;;;206;56;18;54;33;53
SEC-2241;Semetre cero;I. E. R. JAIPERA;Urrao;Antioquia;Oficial;6,315;-76,1336;G63;S1;11;;;204;56;14;54;33;60
SEC-2242;Semetre cero;I. E. R. JAIPERA;Urrao;Antioquia;Oficial;6,315;-76,1336;G63;S1;11;;;202;49;30;50;29;51
SEC-2243;Semetre cero;I. E. R. JAIPERA;Urrao;Antioquia;Oficial;6,315;-76,1336;G63;S1;11;;;199;51;32;48;26;45
SEC-2244;Semetre cero;I. E. R. JAIPERA;Urrao;Antioquia;Oficial;6,315;-76,1336;G63;S1;11;;;197;44;36;48;29;40
SEC-2245;Semetre cero;I. E. R. JAIPERA;Urrao;Antioquia;Oficial;6,315;-76,1336;G63;S1;11;;;196;44;16;58;36;47
SEC-2246;Semetre cero;I. E. R. JAIPERA;Urrao;Antioquia;Oficial;6,315;-76,1336;G63;S1;11;;;195;54;24;48;24;56
SEC-2247;Semetre cero;I. E. R. JAIPERA;Urrao;Antioquia;Oficial;6,315;-76,1336;G63;S1;11;;;191;27;26;56;34;67
SEC-2248;Semetre cero;I. E. R. JAIPERA;Urrao;Antioquia;Oficial;6,315;-76,1336;G63;S1;11;;;190;34;30;46;36;55
SEC-2249;Semetre cero;I. E. R. JAIPERA;Urrao;Antioquia;Oficial;6,315;-76,1336;G63;S1;11;;;184;32;42;46;26;42
SEC-2250;Semetre cero;I. E. R. JAIPERA;Urrao;Antioquia;Oficial;6,315;-76,1336;G63;S1;11;;;184;49;20;50;22;55
SEC-2251;Semetre cero;I. E. R. JAIPERA;Urrao;Antioquia;Oficial;6,315;-76,1336;G63;S1;11;;;181;34;26;56;29;35
SEC-2252;Semetre cero;I. E. R. JAIPERA;Urrao;Antioquia;Oficial;6,315;-76,1336;G63;S1;11;;;181;29;34;34;43;49
SEC-2253;Semetre cero;I. E. R. JAIPERA;Urrao;Antioquia;Oficial;6,315;-76,1336;G63;S1;11;;;179;39;36;38;26;49
SEC-2254;Semetre cero;I. E. R. JAIPERA;Urrao;Antioquia;Oficial;6,315;-76,1336;G63;S1;11;;;174;29;24;44;38;47
SEC-2255;Semetre cero;I. E. R. JAIPERA;Urrao;Antioquia;Oficial;6,315;-76,1336;G63;S1;11;;;164;46;20;36;28;36
SEC-2256;Semetre cero;I. E. R. JAIPERA;Urrao;Antioquia;Oficial;6,315;-76,1336;G63;S1;11;;;164;56;24;36;14;36
SEC-2257;Semetre cero;I. E. R. JAIPERA;Urrao;Antioquia;Oficial;6,315;-76,1336;G63;S1;11;;;163;44;24;36;24;40
SEC-2258;Semetre cero;I. E. R. JAIPERA;Urrao;Antioquia;Oficial;6,315;-76,1336;G63;S1;11;;;157;44;30;26;29;22
SEC-2259;Semetre cero;I. E. R. JAIPERA;Urrao;Antioquia;Oficial;6,315;-76,1336;G63;S1;11;;;156;27;32;34;26;49
SEC-2260;Semetre cero;I. E. R. JAIPERA;Urrao;Antioquia;Oficial;6,315;-76,1336;G63;S1;11;;;154;37;20;36;26;45
SEC-2261;Semetre cero;I. E. R. JAIPERA;Urrao;Antioquia;Oficial;6,315;-76,1336;G63;S1;11;;;154;39;26;24;31;40
SEC-2262;Semetre cero;I. E. R. JAIPERA;Urrao;Antioquia;Oficial;6,315;-76,1336;G63;S1;11;;;147;41;20;34;19;38
SEC-2263;Semetre cero;I. E. R. JAIPERA;Urrao;Antioquia;Oficial;6,315;-76,1336;G63;S1;11;;;146;37;24;28;28;31
SEC-2264;Semetre cero;I. E. R. JAIPERA;Urrao;Antioquia;Oficial;6,315;-76,1336;G63;S1;11;;;146;32;14;38;29;40
SEC-2265;Semetre cero;I. E. R. JAIPERA;Urrao;Antioquia;Oficial;6,315;-76,1336;G63;S1;11;;;145;24;26;30;29;47
SEC-2266;Semetre cero;I. E. R. JAIPERA;Urrao;Antioquia;Oficial;6,315;-76,1336;G63;S1;11;;;144;41;14;26;31;36
SEC-2267;Semetre cero;I. E. R. JAIPERA;Urrao;Antioquia;Oficial;6,315;-76,1336;G63;S1;11;;;143;32;20;38;24;31
SEC-2268;Semetre cero;I. E. R. JAIPERA;Urrao;Antioquia;Oficial;6,315;-76,1336;G63;S1;11;;;143;37;14;36;24;40
SEC-2269;Semetre cero;I. E. R. JAIPERA;Urrao;Antioquia;Oficial;6,315;-76,1336;G63;S1;11;;;132;27;22;22;33;33
SEC-2270;Semetre cero;I. E. R. JAIPERA;Urrao;Antioquia;Oficial;6,315;-76,1336;G63;S1;11;;;129;22;24;30;26;29
SEC-2271;Semetre cero;I. E. R. JAIPERA;Urrao;Antioquia;Oficial;6,315;-76,1336;G63;S1;11;;;128;37;26;20;19;29
SEC-2272;Semetre cero;I. E. R. JAIPERA;Urrao;Antioquia;Oficial;6,315;-76,1336;G63;S1;11;;;128;24;26;24;26;33
SEC-2273;Semetre cero;I. E. R. JAIPERA;Urrao;Antioquia;Oficial;6,315;-76,1336;G63;S1;11;;;127;29;30;16;22;36
SEC-2274;Semetre cero;I. E. R. JAIPERA;Urrao;Antioquia;Oficial;6,315;-76,1336;G63;S1;11;;;120;39;24;22;19;0
SEC-2275;Semetre cero;I. E. R. MARCO A ROJO;Valdivia;Antioquia;Oficial;7,1811;-75,4419;G64;S1;11;;;248;39;54;58;47;53
SEC-2276;Semetre cero;I. E. R. MARCO A ROJO;Valdivia;Antioquia;Oficial;7,1811;-75,4419;G64;S1;11;;;225;61;36;48;33;53
SEC-2277;Semetre cero;I. E. R. MARCO A ROJO;Valdivia;Antioquia;Oficial;7,1811;-75,4419;G64;S1;11;;;225;59;30;54;31;64
SEC-2278;Semetre cero;I. E. R. MARCO A ROJO;Valdivia;Antioquia;Oficial;7,1811;-75,4419;G64;S1;11;;;215;54;30;50;40;40
SEC-2279;Semetre cero;I. E. R. MARCO A ROJO;Valdivia;Antioquia;Oficial;7,1811;-75,4419;G64;S1;11;;;211;56;32;42;40;40
SEC-2280;Semetre cero;I. E. R. MARCO A ROJO;Valdivia;Antioquia;Oficial;7,1811;-75,4419;G64;S1;11;;;210;51;36;56;26;38
SEC-2281;Semetre cero;I. E. R. MARCO A ROJO;Valdivia;Antioquia;Oficial;7,1811;-75,4419;G64;S1;11;;;206;46;30;50;38;42
SEC-2282;Semetre cero;I. E. R. MARCO A ROJO;Valdivia;Antioquia;Oficial;7,1811;-75,4419;G64;S1;11;;;197;51;26;46;34;38
SEC-2283;Semetre cero;I. E. R. MARCO A ROJO;Valdivia;Antioquia;Oficial;7,1811;-75,4419;G64;S1;11;;;188;44;26;54;34;15
SEC-2284;Semetre cero;I. E. R. MARCO A ROJO;Valdivia;Antioquia;Oficial;7,1811;-75,4419;G64;S1;11;;;188;39;30;52;26;47
SEC-2285;Semetre cero;I. E. R. MARCO A ROJO;Valdivia;Antioquia;Oficial;7,1811;-75,4419;G64;S1;11;;;175;34;20;36;47;45
SEC-2286;Semetre cero;I. E. R. MARCO A ROJO;Valdivia;Antioquia;Oficial;7,1811;-75,4419;G64;S1;11;;;171;27;32;54;26;27
SEC-2287;Semetre cero;I. E. R. MARCO A ROJO;Valdivia;Antioquia;Oficial;7,1811;-75,4419;G64;S1;11;;;168;39;22;36;38;33
SEC-2288;Semetre cero;I. E. R. MARCO A ROJO;Valdivia;Antioquia;Oficial;7,1811;-75,4419;G64;S1;11;;;167;20;38;42;31;44
SEC-2289;Semetre cero;I. E. R. MARCO A ROJO;Valdivia;Antioquia;Oficial;7,1811;-75,4419;G64;S1;11;;;167;32;24;50;22;49
SEC-2290;Semetre cero;I. E. R. MARCO A ROJO;Valdivia;Antioquia;Oficial;7,1811;-75,4419;G64;S1;11;;;163;44;22;32;31;38
SEC-2291;Semetre cero;I. E. R. MARCO A ROJO;Valdivia;Antioquia;Oficial;7,1811;-75,4419;G64;S1;11;;;158;29;26;44;26;35
SEC-2292;Semetre cero;I. E. R. MARCO A ROJO;Valdivia;Antioquia;Oficial;7,1811;-75,4419;G64;S1;11;;;156;39;28;28;24;47
SEC-2293;Semetre cero;I. E. R. MARCO A ROJO;Valdivia;Antioquia;Oficial;7,1811;-75,4419;G64;S1;11;;;155;37;32;30;26;31
SEC-2294;Semetre cero;I. E. R. MARCO A ROJO;Valdivia;Antioquia;Oficial;7,1811;-75,4419;G64;S1;11;;;155;29;34;36;28;24
SEC-2295;Semetre cero;I. E. R. MARCO A ROJO;Valdivia;Antioquia;Oficial;7,1811;-75,4419;G64;S1;11;;;155;37;24;36;28;31
SEC-2296;Semetre cero;I. E. R. MARCO A ROJO;Valdivia;Antioquia;Oficial;7,1811;-75,4419;G64;S1;11;;;154;32;26;38;22;45
SEC-2297;Semetre cero;I. E. R. MARCO A ROJO;Valdivia;Antioquia;Oficial;7,1811;-75,4419;G64;S1;11;;;153;34;24;36;31;22
SEC-2298;Semetre cero;I. E. R. MARCO A ROJO;Valdivia;Antioquia;Oficial;7,1811;-75,4419;G64;S1;11;;;153;24;28;36;26;55
SEC-2299;Semetre cero;I. E. R. MARCO A ROJO;Valdivia;Antioquia;Oficial;7,1811;-75,4419;G64;S1;11;;;150;46;22;42;5;44
SEC-2300;Semetre cero;I. E. R. MARCO A ROJO;Valdivia;Antioquia;Oficial;7,1811;-75,4419;G64;S1;11;;;148;24;32;40;19;38
SEC-2301;Semetre cero;I. E. R. MARCO A ROJO;Valdivia;Antioquia;Oficial;7,1811;-75,4419;G64;S1;11;;;145;32;20;40;22;35
SEC-2302;Semetre cero;I. E. R. MARCO A ROJO;Valdivia;Antioquia;Oficial;7,1811;-75,4419;G64;S1;11;;;145;17;28;38;31;35
SEC-2303;Semetre cero;I. E. R. MARCO A ROJO;Valdivia;Antioquia;Oficial;7,1811;-75,4419;G64;S1;11;;;145;24;30;30;28;40
SEC-2304;Semetre cero;I. E. R. MARCO A ROJO;Valdivia;Antioquia;Oficial;7,1811;-75,4419;G64;S1;11;;;143;34;22;28;19;64
SEC-2305;Semetre cero;I. E. R. MARCO A ROJO;Valdivia;Antioquia;Oficial;7,1811;-75,4419;G64;S1;11;;;143;37;12;36;28;35
SEC-2306;Semetre cero;I. E. R. MARCO A ROJO;Valdivia;Antioquia;Oficial;7,1811;-75,4419;G64;S1;11;;;142;15;24;44;19;64
SEC-2307;Semetre cero;I. E. R. MARCO A ROJO;Valdivia;Antioquia;Oficial;7,1811;-75,4419;G64;S1;11;;;139;32;14;42;22;31
SEC-2308;Semetre cero;I. E. R. MARCO A ROJO;Valdivia;Antioquia;Oficial;7,1811;-75,4419;G64;S1;11;;;134;24;36;30;17;25
SEC-2309;Semetre cero;I. E. R. MARCO A ROJO;Valdivia;Antioquia;Oficial;7,1811;-75,4419;G64;S1;11;;;132;32;12;36;19;47
SEC-2310;Semetre cero;I. E. R. MARCO A ROJO;Valdivia;Antioquia;Oficial;7,1811;-75,4419;G64;S1;11;;;128;22;22;30;28;29
SEC-2311;Semetre cero;I. E. R. MARCO A ROJO;Valdivia;Antioquia;Oficial;7,1811;-75,4419;G64;S1;11;;;128;24;10;44;21;35
SEC-2312;Semetre cero;I. E. R. MARCO A ROJO;Valdivia;Antioquia;Oficial;7,1811;-75,4419;G64;S1;11;;;123;22;22;34;17;35
SEC-2313;Semetre cero;I. E. R. MARCO A ROJO;Valdivia;Antioquia;Oficial;7,1811;-75,4419;G64;S1;11;;;117;37;18;28;19;0
SEC-2314;Semetre cero;I. E. EFE GOMEZ;Vegachi;Antioquia;Oficial;6,7725;-74,7981;G65;S1;11;;;308;63;62;76;38;82
SEC-2315;Semetre cero;I. E. EFE GOMEZ;Vegachi;Antioquia;Oficial;6,7725;-74,7981;G65;S1;11;;;285;59;58;54;50;78
SEC-2316;Semetre cero;I. E. EFE GOMEZ;Vegachi;Antioquia;Oficial;6,7725;-74,7981;G65;S1;11;;;281;59;58;70;40;53
SEC-2317;Semetre cero;I. E. EFE GOMEZ;Vegachi;Antioquia;Oficial;6,7725;-74,7981;G65;S1;11;;;272;51;54;62;47;65
SEC-2318;Semetre cero;I. E. EFE GOMEZ;Vegachi;Antioquia;Oficial;6,7725;-74,7981;G65;S1;11;;;257;37;54;66;43;69
SEC-2319;Semetre cero;I. E. EFE GOMEZ;Vegachi;Antioquia;Oficial;6,7725;-74,7981;G65;S1;11;;;246;63;38;58;31;69
SEC-2320;Semetre cero;I. E. EFE GOMEZ;Vegachi;Antioquia;Oficial;6,7725;-74,7981;G65;S1;11;;;234;59;28;66;29;64
SEC-2321;Semetre cero;I. E. EFE GOMEZ;Vegachi;Antioquia;Oficial;6,7725;-74,7981;G65;S1;11;;;234;63;28;62;38;35
SEC-2322;Semetre cero;I. E. EFE GOMEZ;Vegachi;Antioquia;Oficial;6,7725;-74,7981;G65;S1;11;;;221;63;26;60;29;38
SEC-2323;Semetre cero;I. E. EFE GOMEZ;Vegachi;Antioquia;Oficial;6,7725;-74,7981;G65;S1;11;;;220;66;30;56;22;49
SEC-2324;Semetre cero;I. E. EFE GOMEZ;Vegachi;Antioquia;Oficial;6,7725;-74,7981;G65;S1;11;;;210;49;28;54;36;45
SEC-2325;Semetre cero;I. E. EFE GOMEZ;Vegachi;Antioquia;Oficial;6,7725;-74,7981;G65;S1;11;;;205;51;30;50;28;56
SEC-2326;Semetre cero;I. E. EFE GOMEZ;Vegachi;Antioquia;Oficial;6,7725;-74,7981;G65;S1;11;;;200;46;32;52;33;31
SEC-2327;Semetre cero;I. E. EFE GOMEZ;Vegachi;Antioquia;Oficial;6,7725;-74,7981;G65;S1;11;;;195;41;30;46;33;56
SEC-2328;Semetre cero;I. E. EFE GOMEZ;Vegachi;Antioquia;Oficial;6,7725;-74,7981;G65;S1;11;;;193;41;30;46;34;45
SEC-2329;Semetre cero;I. E. EFE GOMEZ;Vegachi;Antioquia;Oficial;6,7725;-74,7981;G65;S1;11;;;189;63;30;24;29;51
SEC-2330;Semetre cero;I. E. EFE GOMEZ;Vegachi;Antioquia;Oficial;6,7725;-74,7981;G65;S1;11;;;189;41;34;46;31;33
SEC-2331;Semetre cero;I. E. EFE GOMEZ;Vegachi;Antioquia;Oficial;6,7725;-74,7981;G65;S1;11;;;187;22;30;48;43;58
SEC-2332;Semetre cero;I. E. EFE GOMEZ;Vegachi;Antioquia;Oficial;6,7725;-74,7981;G65;S1;11;;;187;44;34;42;28;44
SEC-2333;Semetre cero;I. E. EFE GOMEZ;Vegachi;Antioquia;Oficial;6,7725;-74,7981;G65;S1;11;;;180;49;14;44;36;40
SEC-2334;Semetre cero;I. E. EFE GOMEZ;Vegachi;Antioquia;Oficial;6,7725;-74,7981;G65;S1;11;;;180;51;30;36;24;44
SEC-2335;Semetre cero;I. E. EFE GOMEZ;Vegachi;Antioquia;Oficial;6,7725;-74,7981;G65;S1;11;;;169;41;20;46;24;45
SEC-2336;Semetre cero;I. E. EFE GOMEZ;Vegachi;Antioquia;Oficial;6,7725;-74,7981;G65;S1;11;;;169;39;18;38;38;40
SEC-2337;Semetre cero;I. E. EFE GOMEZ;Vegachi;Antioquia;Oficial;6,7725;-74,7981;G65;S1;11;;;168;41;24;38;24;55
SEC-2338;Semetre cero;I. E. EFE GOMEZ;Vegachi;Antioquia;Oficial;6,7725;-74,7981;G65;S1;11;;;166;27;26;36;34;62
SEC-2339;Semetre cero;I. E. EFE GOMEZ;Vegachi;Antioquia;Oficial;6,7725;-74,7981;G65;S1;11;;;165;39;24;36;26;55
SEC-2340;Semetre cero;I. E. EFE GOMEZ;Vegachi;Antioquia;Oficial;6,7725;-74,7981;G65;S1;11;;;165;27;30;36;28;67
SEC-2341;Semetre cero;I. E. EFE GOMEZ;Vegachi;Antioquia;Oficial;6,7725;-74,7981;G65;S1;11;;;163;37;20;44;29;35
SEC-2342;Semetre cero;I. E. EFE GOMEZ;Vegachi;Antioquia;Oficial;6,7725;-74,7981;G65;S1;11;;;161;39;24;36;31;27
SEC-2343;Semetre cero;I. E. EFE GOMEZ;Vegachi;Antioquia;Oficial;6,7725;-74,7981;G65;S1;11;;;157;41;20;34;26;45
SEC-2344;Semetre cero;I. E. EFE GOMEZ;Vegachi;Antioquia;Oficial;6,7725;-74,7981;G65;S1;11;;;156;46;20;30;28;35
SEC-2345;Semetre cero;I. E. EFE GOMEZ;Vegachi;Antioquia;Oficial;6,7725;-74,7981;G65;S1;11;;;153;34;24;38;28;25
SEC-2346;Semetre cero;I. E. EFE GOMEZ;Vegachi;Antioquia;Oficial;6,7725;-74,7981;G65;S1;11;;;152;29;22;30;36;44
SEC-2347;Semetre cero;I. E. EFE GOMEZ;Vegachi;Antioquia;Oficial;6,7725;-74,7981;G65;S1;11;;;151;32;24;34;31;31
SEC-2348;Semetre cero;I. E. ORLANDO VELASQUEZ ARANGO;Venecia;Antioquia;Oficial;5,9625;-75,7358;G66;S1;11;;;232;61;26;54;33;82
SEC-2349;Semetre cero;I. E. ORLANDO VELASQUEZ ARANGO;Venecia;Antioquia;Oficial;5,9625;-75,7358;G66;S1;11;;;227;68;30;52;34;36
SEC-2350;Semetre cero;I. E. ORLANDO VELASQUEZ ARANGO;Venecia;Antioquia;Oficial;5,9625;-75,7358;G66;S1;11;;;225;59;20;64;34;55
SEC-2351;Semetre cero;I. E. ORLANDO VELASQUEZ ARANGO;Venecia;Antioquia;Oficial;5,9625;-75,7358;G66;S1;11;;;205;39;14;60;45;60
SEC-2352;Semetre cero;I. E. ORLANDO VELASQUEZ ARANGO;Venecia;Antioquia;Oficial;5,9625;-75,7358;G66;S1;11;;;185;37;12;60;38;42
SEC-2353;Semetre cero;I. E. ORLANDO VELASQUEZ ARANGO;Venecia;Antioquia;Oficial;5,9625;-75,7358;G66;S1;11;;;184;39;28;54;22;47
SEC-2354;Semetre cero;I. E. ORLANDO VELASQUEZ ARANGO;Venecia;Antioquia;Oficial;5,9625;-75,7358;G66;S1;11;;;177;41;24;46;31;33
SEC-2355;Semetre cero;I. E. ORLANDO VELASQUEZ ARANGO;Venecia;Antioquia;Oficial;5,9625;-75,7358;G66;S1;11;;;177;46;30;40;26;33
SEC-2356;Semetre cero;I. E. ORLANDO VELASQUEZ ARANGO;Venecia;Antioquia;Oficial;5,9625;-75,7358;G66;S1;11;;;175;32;24;48;38;31
SEC-2357;Semetre cero;I. E. ORLANDO VELASQUEZ ARANGO;Venecia;Antioquia;Oficial;5,9625;-75,7358;G66;S1;11;;;174;54;24;34;22;51
SEC-2358;Semetre cero;I. E. ORLANDO VELASQUEZ ARANGO;Venecia;Antioquia;Oficial;5,9625;-75,7358;G66;S1;11;;;168;44;20;40;28;42
SEC-2359;Semetre cero;I. E. ORLANDO VELASQUEZ ARANGO;Venecia;Antioquia;Oficial;5,9625;-75,7358;G66;S1;11;;;165;32;22;50;26;40
SEC-2360;Semetre cero;I. E. ORLANDO VELASQUEZ ARANGO;Venecia;Antioquia;Oficial;5,9625;-75,7358;G66;S1;11;;;164;51;24;34;22;33
SEC-2361;Semetre cero;I. E. ORLANDO VELASQUEZ ARANGO;Venecia;Antioquia;Oficial;5,9625;-75,7358;G66;S1;11;;;161;37;22;36;34;31
SEC-2362;Semetre cero;I. E. ORLANDO VELASQUEZ ARANGO;Venecia;Antioquia;Oficial;5,9625;-75,7358;G66;S1;11;;;151;29;20;36;34;35
SEC-2363;Semetre cero;I. E. ORLANDO VELASQUEZ ARANGO;Venecia;Antioquia;Oficial;5,9625;-75,7358;G66;S1;11;;;147;41;22;24;28;38
SEC-2364;Semetre cero;I. E. ORLANDO VELASQUEZ ARANGO;Venecia;Antioquia;Oficial;5,9625;-75,7358;G66;S1;11;;;143;34;22;32;24;35
SEC-2365;Semetre cero;I. E. ORLANDO VELASQUEZ ARANGO;Venecia;Antioquia;Oficial;5,9625;-75,7358;G66;S1;11;;;138;37;22;32;19;31
SEC-2366;Semetre cero;I. E. ORLANDO VELASQUEZ ARANGO;Venecia;Antioquia;Oficial;5,9625;-75,7358;G66;S1;11;;;113;20;16;34;19;27
SEC-2367;Semetre cero;I. E. VIGIA DEL FUERTE;Vigia Del Fuerte;Antioquia;Oficial;6,5861;-76,8864;G67;S1;11;;;212;51;26;54;40;38
SEC-2368;Semetre cero;I. E. VIGIA DEL FUERTE;Vigia Del Fuerte;Antioquia;Oficial;6,5861;-76,8864;G67;S1;11;;;193;46;30;38;36;49
SEC-2369;Semetre cero;I. E. VIGIA DEL FUERTE;Vigia Del Fuerte;Antioquia;Oficial;6,5861;-76,8864;G67;S1;11;;;185;44;40;34;29;38
SEC-2370;Semetre cero;I. E. VIGIA DEL FUERTE;Vigia Del Fuerte;Antioquia;Oficial;6,5861;-76,8864;G67;S1;11;;;179;41;32;40;31;33
SEC-2371;Semetre cero;I. E. VIGIA DEL FUERTE;Vigia Del Fuerte;Antioquia;Oficial;6,5861;-76,8864;G67;S1;11;;;175;56;28;40;17;31
SEC-2372;Semetre cero;I. E. VIGIA DEL FUERTE;Vigia Del Fuerte;Antioquia;Oficial;6,5861;-76,8864;G67;S1;11;;;169;39;24;40;28;47
SEC-2373;Semetre cero;I. E. VIGIA DEL FUERTE;Vigia Del Fuerte;Antioquia;Oficial;6,5861;-76,8864;G67;S1;11;;;169;24;26;52;28;49
SEC-2374;Semetre cero;I. E. VIGIA DEL FUERTE;Vigia Del Fuerte;Antioquia;Oficial;6,5861;-76,8864;G67;S1;11;;;161;39;28;34;28;33
SEC-2375;Semetre cero;I. E. VIGIA DEL FUERTE;Vigia Del Fuerte;Antioquia;Oficial;6,5861;-76,8864;G67;S1;11;;;160;29;26;48;22;40
SEC-2376;Semetre cero;I. E. VIGIA DEL FUERTE;Vigia Del Fuerte;Antioquia;Oficial;6,5861;-76,8864;G67;S1;11;;;154;41;26;28;29;27
SEC-2377;Semetre cero;I. E. VIGIA DEL FUERTE;Vigia Del Fuerte;Antioquia;Oficial;6,5861;-76,8864;G67;S1;11;;;148;37;18;36;28;31
SEC-2378;Semetre cero;I. E. VIGIA DEL FUERTE;Vigia Del Fuerte;Antioquia;Oficial;6,5861;-76,8864;G67;S1;11;;;147;41;26;26;19;45
SEC-2379;Semetre cero;I. E. VIGIA DEL FUERTE;Vigia Del Fuerte;Antioquia;Oficial;6,5861;-76,8864;G67;S1;11;;;142;39;22;26;22;40
SEC-2380;Semetre cero;I. E. VIGIA DEL FUERTE;Vigia Del Fuerte;Antioquia;Oficial;6,5861;-76,8864;G67;S1;11;;;141;32;14;34;36;20
SEC-2381;Semetre cero;I. E. VIGIA DEL FUERTE;Vigia Del Fuerte;Antioquia;Oficial;6,5861;-76,8864;G67;S1;11;;;141;34;20;30;24;42
SEC-2382;Semetre cero;I. E. VIGIA DEL FUERTE;Vigia Del Fuerte;Antioquia;Oficial;6,5861;-76,8864;G67;S1;11;;;141;44;22;18;24;42
SEC-2383;Semetre cero;I. E. VIGIA DEL FUERTE;Vigia Del Fuerte;Antioquia;Oficial;6,5861;-76,8864;G67;S1;11;;;138;29;26;32;26;18
SEC-2384;Semetre cero;I. E. VIGIA DEL FUERTE;Vigia Del Fuerte;Antioquia;Oficial;6,5861;-76,8864;G67;S1;11;;;137;32;28;18;31;31
SEC-2385;Semetre cero;I. E. VIGIA DEL FUERTE;Vigia Del Fuerte;Antioquia;Oficial;6,5861;-76,8864;G67;S1;11;;;133;37;22;20;24;36
SEC-2386;Semetre cero;I. E. VIGIA DEL FUERTE;Vigia Del Fuerte;Antioquia;Oficial;6,5861;-76,8864;G67;S1;11;;;132;32;22;28;22;31
SEC-2387;Semetre cero;I. E. VIGIA DEL FUERTE;Vigia Del Fuerte;Antioquia;Oficial;6,5861;-76,8864;G67;S1;11;;;131;27;24;22;26;45
SEC-2388;Semetre cero;I. E. VIGIA DEL FUERTE;Vigia Del Fuerte;Antioquia;Oficial;6,5861;-76,8864;G67;S1;11;;;131;32;28;22;21;33
SEC-2389;Semetre cero;I. E. VIGIA DEL FUERTE;Vigia Del Fuerte;Antioquia;Oficial;6,5861;-76,8864;G67;S1;11;;;130;20;16;32;34;31
SEC-2390;Semetre cero;I. E. VIGIA DEL FUERTE;Vigia Del Fuerte;Antioquia;Oficial;6,5861;-76,8864;G67;S1;11;;;129;32;28;22;12;55
SEC-2391;Semetre cero;I. E. VIGIA DEL FUERTE;Vigia Del Fuerte;Antioquia;Oficial;6,5861;-76,8864;G67;S1;11;;;126;22;24;26;21;51
SEC-2392;Semetre cero;I. E. VIGIA DEL FUERTE;Vigia Del Fuerte;Antioquia;Oficial;6,5861;-76,8864;G67;S1;11;;;121;34;16;26;19;29
SEC-2393;Semetre cero;I. E. VIGIA DEL FUERTE;Vigia Del Fuerte;Antioquia;Oficial;6,5861;-76,8864;G67;S1;11;;;120;32;18;22;22;31
SEC-2394;Semetre cero;I. E. VIGIA DEL FUERTE;Vigia Del Fuerte;Antioquia;Oficial;6,5861;-76,8864;G67;S1;11;;;120;24;22;30;21;22
SEC-2395;Semetre cero;I. E. VIGIA DEL FUERTE;Vigia Del Fuerte;Antioquia;Oficial;6,5861;-76,8864;G67;S1;11;;;120;39;16;18;12;56
SEC-2396;Semetre cero;I. E. VIGIA DEL FUERTE;Vigia Del Fuerte;Antioquia;Oficial;6,5861;-76,8864;G67;S1;11;;;117;27;12;32;16;45
SEC-2397;Semetre cero;I. E. VIGIA DEL FUERTE;Vigia Del Fuerte;Antioquia;Oficial;6,5861;-76,8864;G67;S1;11;;;113;17;24;28;21;24
SEC-2398;Semetre cero;I. E. VIGIA DEL FUERTE;Vigia Del Fuerte;Antioquia;Oficial;6,5861;-76,8864;G67;S1;11;;;107;29;18;28;9;25
SEC-2399;Semetre cero;I. E. VIGIA DEL FUERTE;Vigia Del Fuerte;Antioquia;Oficial;6,5861;-76,8864;G67;S1;11;;;97;17;20;24;16;24
SEC-2400;Semetre cero;I. E. VIGIA DEL FUERTE;Vigia Del Fuerte;Antioquia;Oficial;6,5861;-76,8864;G67;S1;11;;;69;34;14;8;3;0
SEC-2401;Semetre cero;I. E. LORENZO YALI;Yali;Antioquia;Oficial;6,6769;-74,8436;G68;S1;11;;;262;54;32;70;41;91
SEC-2402;Semetre cero;I. E. LORENZO YALI;Yali;Antioquia;Oficial;6,6769;-74,8436;G68;S1;11;;;254;63;42;60;34;62
SEC-2403;Semetre cero;I. E. LORENZO YALI;Yali;Antioquia;Oficial;6,6769;-74,8436;G68;S1;11;;;249;61;30;62;45;55
SEC-2404;Semetre cero;I. E. LORENZO YALI;Yali;Antioquia;Oficial;6,6769;-74,8436;G68;S1;11;;;245;56;58;36;43;58
SEC-2405;Semetre cero;I. E. LORENZO YALI;Yali;Antioquia;Oficial;6,6769;-74,8436;G68;S1;11;;;236;49;36;56;36;82
SEC-2406;Semetre cero;I. E. LORENZO YALI;Yali;Antioquia;Oficial;6,6769;-74,8436;G68;S1;11;;;229;49;44;60;29;49
SEC-2407;Semetre cero;I. E. LORENZO YALI;Yali;Antioquia;Oficial;6,6769;-74,8436;G68;S1;11;;;229;46;40;62;33;51
SEC-2408;Semetre cero;I. E. LORENZO YALI;Yali;Antioquia;Oficial;6,6769;-74,8436;G68;S1;11;;;217;56;24;50;38;60
SEC-2409;Semetre cero;I. E. LORENZO YALI;Yali;Antioquia;Oficial;6,6769;-74,8436;G68;S1;11;;;211;59;20;52;38;44
SEC-2410;Semetre cero;I. E. LORENZO YALI;Yali;Antioquia;Oficial;6,6769;-74,8436;G68;S1;11;;;198;49;24;42;38;56
SEC-2411;Semetre cero;I. E. LORENZO YALI;Yali;Antioquia;Oficial;6,6769;-74,8436;G68;S1;11;;;197;29;26;70;29;49
SEC-2412;Semetre cero;I. E. LORENZO YALI;Yali;Antioquia;Oficial;6,6769;-74,8436;G68;S1;11;;;193;56;26;42;28;45
SEC-2413;Semetre cero;I. E. LORENZO YALI;Yali;Antioquia;Oficial;6,6769;-74,8436;G68;S1;11;;;187;41;32;38;33;53
SEC-2414;Semetre cero;I. E. LORENZO YALI;Yali;Antioquia;Oficial;6,6769;-74,8436;G68;S1;11;;;185;41;24;46;36;38
SEC-2415;Semetre cero;I. E. LORENZO YALI;Yali;Antioquia;Oficial;6,6769;-74,8436;G68;S1;11;;;184;41;18;54;31;44
SEC-2416;Semetre cero;I. E. LORENZO YALI;Yali;Antioquia;Oficial;6,6769;-74,8436;G68;S1;11;;;178;41;22;44;24;69
SEC-2417;Semetre cero;I. E. LORENZO YALI;Yali;Antioquia;Oficial;6,6769;-74,8436;G68;S1;11;;;162;29;22;48;29;36
SEC-2418;Semetre cero;I. E. LORENZO YALI;Yali;Antioquia;Oficial;6,6769;-74,8436;G68;S1;11;;;156;24;26;38;31;47
SEC-2419;Semetre cero;I. E. LORENZO YALI;Yali;Antioquia;Oficial;6,6769;-74,8436;G68;S1;11;;;152;37;28;34;22;31
SEC-2420;Semetre cero;I. E. LORENZO YALI;Yali;Antioquia;Oficial;6,6769;-74,8436;G68;S1;11;;;53;0;14;10;12;29
SEC-2421;Semetre cero;I. E. LLANOS DE CUIVA;Yarumal;Antioquia;Oficial;6,9633;-75,4169;G69;S1;11;;;235;66;26;60;34;51
SEC-2422;Semetre cero;I. E. LLANOS DE CUIVA;Yarumal;Antioquia;Oficial;6,9633;-75,4169;G69;S1;11;;;225;66;16;62;33;55
SEC-2423;Semetre cero;I. E. LLANOS DE CUIVA;Yarumal;Antioquia;Oficial;6,9633;-75,4169;G69;S1;11;;;223;46;50;44;43;29
SEC-2424;Semetre cero;I. E. LLANOS DE CUIVA;Yarumal;Antioquia;Oficial;6,9633;-75,4169;G69;S1;11;;;217;46;22;66;36;53
SEC-2425;Semetre cero;I. E. LLANOS DE CUIVA;Yarumal;Antioquia;Oficial;6,9633;-75,4169;G69;S1;11;;;212;54;32;50;34;42
SEC-2426;Semetre cero;I. E. LLANOS DE CUIVA;Yarumal;Antioquia;Oficial;6,9633;-75,4169;G69;S1;11;;;211;37;32;66;31;53
SEC-2427;Semetre cero;I. E. LLANOS DE CUIVA;Yarumal;Antioquia;Oficial;6,9633;-75,4169;G69;S1;11;;;211;66;18;52;31;47
SEC-2428;Semetre cero;I. E. LLANOS DE CUIVA;Yarumal;Antioquia;Oficial;6,9633;-75,4169;G69;S1;11;;;209;39;32;54;38;55
SEC-2429;Semetre cero;I. E. LLANOS DE CUIVA;Yarumal;Antioquia;Oficial;6,9633;-75,4169;G69;S1;11;;;208;54;24;46;40;51
SEC-2430;Semetre cero;I. E. LLANOS DE CUIVA;Yarumal;Antioquia;Oficial;6,9633;-75,4169;G69;S1;11;;;207;44;34;54;33;45
SEC-2431;Semetre cero;I. E. LLANOS DE CUIVA;Yarumal;Antioquia;Oficial;6,9633;-75,4169;G69;S1;11;;;205;51;22;52;38;44
SEC-2432;Semetre cero;I. E. LLANOS DE CUIVA;Yarumal;Antioquia;Oficial;6,9633;-75,4169;G69;S1;11;;;204;39;34;46;34;71
SEC-2433;Semetre cero;I. E. LLANOS DE CUIVA;Yarumal;Antioquia;Oficial;6,9633;-75,4169;G69;S1;11;;;202;46;34;46;34;42
SEC-2434;Semetre cero;I. E. LLANOS DE CUIVA;Yarumal;Antioquia;Oficial;6,9633;-75,4169;G69;S1;11;;;192;51;20;52;28;47
SEC-2435;Semetre cero;I. E. LLANOS DE CUIVA;Yarumal;Antioquia;Oficial;6,9633;-75,4169;G69;S1;11;;;191;37;24;48;41;47
SEC-2436;Semetre cero;I. E. LLANOS DE CUIVA;Yarumal;Antioquia;Oficial;6,9633;-75,4169;G69;S1;11;;;190;49;24;46;34;35
SEC-2437;Semetre cero;I. E. LLANOS DE CUIVA;Yarumal;Antioquia;Oficial;6,9633;-75,4169;G69;S1;11;;;181;41;16;58;26;47
SEC-2438;Semetre cero;I. E. LLANOS DE CUIVA;Yarumal;Antioquia;Oficial;6,9633;-75,4169;G69;S1;11;;;179;46;34;38;24;38
SEC-2439;Semetre cero;I. E. LLANOS DE CUIVA;Yarumal;Antioquia;Oficial;6,9633;-75,4169;G69;S1;11;;;177;29;32;40;33;58
SEC-2440;Semetre cero;I. E. LLANOS DE CUIVA;Yarumal;Antioquia;Oficial;6,9633;-75,4169;G69;S1;11;;;175;54;18;38;31;33
SEC-2441;Semetre cero;I. E. LLANOS DE CUIVA;Yarumal;Antioquia;Oficial;6,9633;-75,4169;G69;S1;11;;;174;51;22;42;21;44
SEC-2442;Semetre cero;I. E. LLANOS DE CUIVA;Yarumal;Antioquia;Oficial;6,9633;-75,4169;G69;S1;11;;;166;37;28;40;28;36
SEC-2443;Semetre cero;I. E. LLANOS DE CUIVA;Yarumal;Antioquia;Oficial;6,9633;-75,4169;G69;S1;11;;;164;32;34;40;29;22
SEC-2444;Semetre cero;I. E. LLANOS DE CUIVA;Yarumal;Antioquia;Oficial;6,9633;-75,4169;G69;S1;11;;;162;46;22;26;29;51
SEC-2445;Semetre cero;I. E. LLANOS DE CUIVA;Yarumal;Antioquia;Oficial;6,9633;-75,4169;G69;S1;11;;;160;41;22;38;24;40
SEC-2446;Semetre cero;I. E. LLANOS DE CUIVA;Yarumal;Antioquia;Oficial;6,9633;-75,4169;G69;S1;11;;;160;41;26;30;29;36
SEC-2447;Semetre cero;I. E. LLANOS DE CUIVA;Yarumal;Antioquia;Oficial;6,9633;-75,4169;G69;S1;11;;;157;39;22;32;33;31
SEC-2448;Semetre cero;I. E. LLANOS DE CUIVA;Yarumal;Antioquia;Oficial;6,9633;-75,4169;G69;S1;11;;;156;29;24;38;34;29
SEC-2449;Semetre cero;I. E. LLANOS DE CUIVA;Yarumal;Antioquia;Oficial;6,9633;-75,4169;G69;S1;11;;;138;46;12;30;22;25
SEC-2450;Semetre cero;I. E. LLANOS DE CUIVA;Yarumal;Antioquia;Oficial;6,9633;-75,4169;G69;S1;11;;;107;0;20;28;28;53
SEC-2451;Semetre cero;I. E. EDUARDO AGUILAR;Yolombo;Antioquia;Oficial;6,5986;-75,0119;G70;S1;11;;;248;61;36;68;31;56
SEC-2452;Semetre cero;I. E. EDUARDO AGUILAR;Yolombo;Antioquia;Oficial;6,5986;-75,0119;G70;S1;11;;;244;68;34;58;24;82
SEC-2453;Semetre cero;I. E. EDUARDO AGUILAR;Yolombo;Antioquia;Oficial;6,5986;-75,0119;G70;S1;11;;;230;54;40;56;26;73
SEC-2454;Semetre cero;I. E. EDUARDO AGUILAR;Yolombo;Antioquia;Oficial;6,5986;-75,0119;G70;S1;11;;;205;49;36;50;29;42
SEC-2455;Semetre cero;I. E. EDUARDO AGUILAR;Yolombo;Antioquia;Oficial;6,5986;-75,0119;G70;S1;11;;;199;46;28;52;28;56
SEC-2456;Semetre cero;I. E. EDUARDO AGUILAR;Yolombo;Antioquia;Oficial;6,5986;-75,0119;G70;S1;11;;;197;49;32;54;22;40
SEC-2457;Semetre cero;I. E. EDUARDO AGUILAR;Yolombo;Antioquia;Oficial;6,5986;-75,0119;G70;S1;11;;;195;44;26;50;38;35
SEC-2458;Semetre cero;I. E. EDUARDO AGUILAR;Yolombo;Antioquia;Oficial;6,5986;-75,0119;G70;S1;11;;;195;44;12;62;34;49
SEC-2459;Semetre cero;I. E. EDUARDO AGUILAR;Yolombo;Antioquia;Oficial;6,5986;-75,0119;G70;S1;11;;;191;46;32;50;26;33
SEC-2460;Semetre cero;I. E. EDUARDO AGUILAR;Yolombo;Antioquia;Oficial;6,5986;-75,0119;G70;S1;11;;;187;34;20;58;36;40
SEC-2461;Semetre cero;I. E. EDUARDO AGUILAR;Yolombo;Antioquia;Oficial;6,5986;-75,0119;G70;S1;11;;;182;41;46;38;24;24
SEC-2462;Semetre cero;I. E. EDUARDO AGUILAR;Yolombo;Antioquia;Oficial;6,5986;-75,0119;G70;S1;11;;;180;49;28;46;24;27
SEC-2463;Semetre cero;I. E. EDUARDO AGUILAR;Yolombo;Antioquia;Oficial;6,5986;-75,0119;G70;S1;11;;;178;32;24;58;28;38
SEC-2464;Semetre cero;I. E. EDUARDO AGUILAR;Yolombo;Antioquia;Oficial;6,5986;-75,0119;G70;S1;11;;;176;46;28;42;24;36
SEC-2465;Semetre cero;I. E. EDUARDO AGUILAR;Yolombo;Antioquia;Oficial;6,5986;-75,0119;G70;S1;11;;;175;46;24;42;29;31
SEC-2466;Semetre cero;I. E. EDUARDO AGUILAR;Yolombo;Antioquia;Oficial;6,5986;-75,0119;G70;S1;11;;;172;34;32;42;26;45
SEC-2467;Semetre cero;I. E. EDUARDO AGUILAR;Yolombo;Antioquia;Oficial;6,5986;-75,0119;G70;S1;11;;;171;37;38;24;31;56
SEC-2468;Semetre cero;I. E. EDUARDO AGUILAR;Yolombo;Antioquia;Oficial;6,5986;-75,0119;G70;S1;11;;;170;46;16;40;34;33
SEC-2469;Semetre cero;I. E. EDUARDO AGUILAR;Yolombo;Antioquia;Oficial;6,5986;-75,0119;G70;S1;11;;;166;37;32;40;28;22
SEC-2470;Semetre cero;I. E. EDUARDO AGUILAR;Yolombo;Antioquia;Oficial;6,5986;-75,0119;G70;S1;11;;;161;34;28;38;26;42
SEC-2471;Semetre cero;I. E. EDUARDO AGUILAR;Yolombo;Antioquia;Oficial;6,5986;-75,0119;G70;S1;11;;;161;46;16;48;24;16
SEC-2472;Semetre cero;I. E. EDUARDO AGUILAR;Yolombo;Antioquia;Oficial;6,5986;-75,0119;G70;S1;11;;;161;41;24;40;22;35
SEC-2473;Semetre cero;I. E. EDUARDO AGUILAR;Yolombo;Antioquia;Oficial;6,5986;-75,0119;G70;S1;11;;;159;44;28;26;29;33
SEC-2474;Semetre cero;I. E. EDUARDO AGUILAR;Yolombo;Antioquia;Oficial;6,5986;-75,0119;G70;S1;11;;;157;29;28;38;31;29
SEC-2475;Semetre cero;I. E. EDUARDO AGUILAR;Yolombo;Antioquia;Oficial;6,5986;-75,0119;G70;S1;11;;;153;39;18;34;31;33
SEC-2476;Semetre cero;I. E. EDUARDO AGUILAR;Yolombo;Antioquia;Oficial;6,5986;-75,0119;G70;S1;11;;;153;32;18;48;26;27
SEC-2477;Semetre cero;I. E. EDUARDO AGUILAR;Yolombo;Antioquia;Oficial;6,5986;-75,0119;G70;S1;11;;;150;49;12;32;21;49
SEC-2478;Semetre cero;I. E. EDUARDO AGUILAR;Yolombo;Antioquia;Oficial;6,5986;-75,0119;G70;S1;11;;;148;44;22;28;29;16
SEC-2479;Semetre cero;I. E. EDUARDO AGUILAR;Yolombo;Antioquia;Oficial;6,5986;-75,0119;G70;S1;11;;;145;37;20;32;28;27
SEC-2480;Semetre cero;I. E. EDUARDO AGUILAR;Yolombo;Antioquia;Oficial;6,5986;-75,0119;G70;S1;11;;;143;32;30;30;24;25
SEC-2481;Semetre cero;I. E. EDUARDO AGUILAR;Yolombo;Antioquia;Oficial;6,5986;-75,0119;G70;S1;11;;;143;39;14;38;28;16
SEC-2482;Semetre cero;I. E. EDUARDO AGUILAR;Yolombo;Antioquia;Oficial;6,5986;-75,0119;G70;S1;11;;;133;20;36;30;14;47
SEC-2483;Semetre cero;I. E. EDUARDO AGUILAR;Yolombo;Antioquia;Oficial;6,5986;-75,0119;G70;S1;11;;;123;46;22;18;16;15
SEC-2484;Semetre cero;I. E. EDUARDO AGUILAR;Yolombo;Antioquia;Oficial;6,5986;-75,0119;G70;S1;11;;;121;22;22;22;29;29
SEC-2485;Semetre cero;I. E. EDUARDO AGUILAR;Yolombo;Antioquia;Oficial;6,5986;-75,0119;G70;S1;11;;;119;32;24;20;19;25
SEC-2486;Semetre cero;I. E. R. GUILLERMO AGUILAR;Yolombo;Antioquia;Oficial;6,5986;-75,0119;G71;S1;11;;;231;61;28;58;40;40
SEC-2487;Semetre cero;I. E. R. GUILLERMO AGUILAR;Yolombo;Antioquia;Oficial;6,5986;-75,0119;G71;S1;11;;;202;46;24;58;36;31
SEC-2488;Semetre cero;I. E. R. GUILLERMO AGUILAR;Yolombo;Antioquia;Oficial;6,5986;-75,0119;G71;S1;11;;;192;41;34;50;34;20
SEC-2489;Semetre cero;I. E. R. GUILLERMO AGUILAR;Yolombo;Antioquia;Oficial;6,5986;-75,0119;G71;S1;11;;;183;51;22;38;31;49
SEC-2490;Semetre cero;I. E. R. GUILLERMO AGUILAR;Yolombo;Antioquia;Oficial;6,5986;-75,0119;G71;S1;11;;;182;49;30;30;36;38
SEC-2491;Semetre cero;I. E. R. GUILLERMO AGUILAR;Yolombo;Antioquia;Oficial;6,5986;-75,0119;G71;S1;11;;;177;34;32;48;22;51
SEC-2492;Semetre cero;I. E. R. GUILLERMO AGUILAR;Yolombo;Antioquia;Oficial;6,5986;-75,0119;G71;S1;11;;;170;44;18;50;22;38
SEC-2493;Semetre cero;I. E. R. GUILLERMO AGUILAR;Yolombo;Antioquia;Oficial;6,5986;-75,0119;G71;S1;11;;;168;39;16;52;28;33
SEC-2494;Semetre cero;I. E. R. GUILLERMO AGUILAR;Yolombo;Antioquia;Oficial;6,5986;-75,0119;G71;S1;11;;;167;44;16;54;19;36
SEC-2495;Semetre cero;I. E. R. GUILLERMO AGUILAR;Yolombo;Antioquia;Oficial;6,5986;-75,0119;G71;S1;11;;;165;41;32;36;22;33
SEC-2496;Semetre cero;I. E. R. GUILLERMO AGUILAR;Yolombo;Antioquia;Oficial;6,5986;-75,0119;G71;S1;11;;;163;37;28;32;33;35
SEC-2497;Semetre cero;I. E. R. GUILLERMO AGUILAR;Yolombo;Antioquia;Oficial;6,5986;-75,0119;G71;S1;11;;;160;32;24;44;31;24
SEC-2498;Semetre cero;I. E. R. GUILLERMO AGUILAR;Yolombo;Antioquia;Oficial;6,5986;-75,0119;G71;S1;11;;;153;39;28;24;33;27
SEC-2499;Semetre cero;I. E. R. GUILLERMO AGUILAR;Yolombo;Antioquia;Oficial;6,5986;-75,0119;G71;S1;11;;;152;32;30;26;34;29
SEC-2500;Semetre cero;I. E. R. GUILLERMO AGUILAR;Yolombo;Antioquia;Oficial;6,5986;-75,0119;G71;S1;11;;;148;37;24;36;26;18
SEC-2501;Semetre cero;I. E. R. GUILLERMO AGUILAR;Yolombo;Antioquia;Oficial;6,5986;-75,0119;G71;S1;11;;;146;29;22;46;21;25
SEC-2502;Semetre cero;I. E. R. GUILLERMO AGUILAR;Yolombo;Antioquia;Oficial;6,5986;-75,0119;G71;S1;11;;;139;49;18;18;28;25
SEC-2503;Semetre cero;I. E. R. GUILLERMO AGUILAR;Yolombo;Antioquia;Oficial;6,5986;-75,0119;G71;S1;11;;;133;34;14;32;26;27
SEC-2504;Semetre cero;I. E. R. GUILLERMO AGUILAR;Yolombo;Antioquia;Oficial;6,5986;-75,0119;G71;S1;11;;;128;27;20;30;24;29
SEC-2505;Semetre cero;I. E. R. GUILLERMO AGUILAR;Yolombo;Antioquia;Oficial;6,5986;-75,0119;G71;S1;11;;;115;44;18;20;7;33
SEC-2506;Semetre cero;I. E. LUIS EDUARDO DIAZ;Yondo;Antioquia;Oficial;7,005;-74,0083;G72;S1;11;;;271;44;48;60;62;64
SEC-2507;Semetre cero;I. E. LUIS EDUARDO DIAZ;Yondo;Antioquia;Oficial;7,005;-74,0083;G72;S1;11;;;270;44;50;58;57;76
SEC-2508;Semetre cero;I. E. LUIS EDUARDO DIAZ;Yondo;Antioquia;Oficial;7,005;-74,0083;G72;S1;11;;;262;39;44;70;48;76
SEC-2509;Semetre cero;I. E. LUIS EDUARDO DIAZ;Yondo;Antioquia;Oficial;7,005;-74,0083;G72;S1;11;;;260;66;36;60;45;56
SEC-2510;Semetre cero;I. E. LUIS EDUARDO DIAZ;Yondo;Antioquia;Oficial;7,005;-74,0083;G72;S1;11;;;260;63;42;62;41;49
SEC-2511;Semetre cero;I. E. LUIS EDUARDO DIAZ;Yondo;Antioquia;Oficial;7,005;-74,0083;G72;S1;11;;;257;37;46;64;50;78
SEC-2512;Semetre cero;I. E. LUIS EDUARDO DIAZ;Yondo;Antioquia;Oficial;7,005;-74,0083;G72;S1;11;;;256;44;58;58;38;73
SEC-2513;Semetre cero;I. E. LUIS EDUARDO DIAZ;Yondo;Antioquia;Oficial;7,005;-74,0083;G72;S1;11;;;255;46;40;62;47;78
SEC-2514;Semetre cero;I. E. LUIS EDUARDO DIAZ;Yondo;Antioquia;Oficial;7,005;-74,0083;G72;S1;11;;;245;46;40;60;50;49
SEC-2515;Semetre cero;I. E. LUIS EDUARDO DIAZ;Yondo;Antioquia;Oficial;7,005;-74,0083;G72;S1;11;;;238;39;46;46;50;76
SEC-2516;Semetre cero;I. E. LUIS EDUARDO DIAZ;Yondo;Antioquia;Oficial;7,005;-74,0083;G72;S1;11;;;234;54;46;36;40;84
SEC-2517;Semetre cero;I. E. LUIS EDUARDO DIAZ;Yondo;Antioquia;Oficial;7,005;-74,0083;G72;S1;11;;;229;39;42;52;40;76
SEC-2518;Semetre cero;I. E. LUIS EDUARDO DIAZ;Yondo;Antioquia;Oficial;7,005;-74,0083;G72;S1;11;;;228;51;36;54;40;51
SEC-2519;Semetre cero;I. E. LUIS EDUARDO DIAZ;Yondo;Antioquia;Oficial;7,005;-74,0083;G72;S1;11;;;224;63;30;52;33;49
SEC-2520;Semetre cero;I. E. LUIS EDUARDO DIAZ;Yondo;Antioquia;Oficial;7,005;-74,0083;G72;S1;11;;;218;59;26;62;29;38
SEC-2521;Semetre cero;I. E. LUIS EDUARDO DIAZ;Yondo;Antioquia;Oficial;7,005;-74,0083;G72;S1;11;;;213;61;24;48;34;51
SEC-2522;Semetre cero;I. E. LUIS EDUARDO DIAZ;Yondo;Antioquia;Oficial;7,005;-74,0083;G72;S1;11;;;213;51;20;56;33;73
SEC-2523;Semetre cero;I. E. LUIS EDUARDO DIAZ;Yondo;Antioquia;Oficial;7,005;-74,0083;G72;S1;11;;;212;59;26;52;28;60
SEC-2524;Semetre cero;I. E. LUIS EDUARDO DIAZ;Yondo;Antioquia;Oficial;7,005;-74,0083;G72;S1;11;;;211;54;32;52;31;44
SEC-2525;Semetre cero;I. E. LUIS EDUARDO DIAZ;Yondo;Antioquia;Oficial;7,005;-74,0083;G72;S1;11;;;210;49;18;62;38;45
SEC-2526;Semetre cero;I. E. LUIS EDUARDO DIAZ;Yondo;Antioquia;Oficial;7,005;-74,0083;G72;S1;11;;;208;46;36;50;29;56
SEC-2527;Semetre cero;I. E. LUIS EDUARDO DIAZ;Yondo;Antioquia;Oficial;7,005;-74,0083;G72;S1;11;;;202;54;30;42;33;49
SEC-2528;Semetre cero;I. E. LUIS EDUARDO DIAZ;Yondo;Antioquia;Oficial;7,005;-74,0083;G72;S1;11;;;201;49;22;60;31;36
SEC-2529;Semetre cero;I. E. LUIS EDUARDO DIAZ;Yondo;Antioquia;Oficial;7,005;-74,0083;G72;S1;11;;;195;32;28;50;43;49
SEC-2530;Semetre cero;I. E. LUIS EDUARDO DIAZ;Yondo;Antioquia;Oficial;7,005;-74,0083;G72;S1;11;;;191;44;30;50;31;33
SEC-2531;Semetre cero;I. E. LUIS EDUARDO DIAZ;Yondo;Antioquia;Oficial;7,005;-74,0083;G72;S1;11;;;191;49;28;46;26;51
SEC-2532;Semetre cero;I. E. LUIS EDUARDO DIAZ;Yondo;Antioquia;Oficial;7,005;-74,0083;G72;S1;11;;;190;24;40;36;36;84
SEC-2533;Semetre cero;I. E. LUIS EDUARDO DIAZ;Yondo;Antioquia;Oficial;7,005;-74,0083;G72;S1;11;;;188;37;30;54;29;38
SEC-2534;Semetre cero;I. E. LUIS EDUARDO DIAZ;Yondo;Antioquia;Oficial;7,005;-74,0083;G72;S1;11;;;188;39;38;40;31;44
SEC-2535;Semetre cero;I. E. LUIS EDUARDO DIAZ;Yondo;Antioquia;Oficial;7,005;-74,0083;G72;S1;11;;;186;32;18;60;34;51
SEC-2536;Semetre cero;I. E. LUIS EDUARDO DIAZ;Yondo;Antioquia;Oficial;7,005;-74,0083;G72;S1;11;;;186;51;28;34;36;35
SEC-2537;Semetre cero;I. E. LUIS EDUARDO DIAZ;Yondo;Antioquia;Oficial;7,005;-74,0083;G72;S1;11;;;186;44;34;46;24;38
SEC-2538;Semetre cero;I. E. LUIS EDUARDO DIAZ;Yondo;Antioquia;Oficial;7,005;-74,0083;G72;S1;11;;;182;39;32;44;33;31
SEC-2539;Semetre cero;I. E. LUIS EDUARDO DIAZ;Yondo;Antioquia;Oficial;7,005;-74,0083;G72;S1;11;;;181;37;34;32;36;55
SEC-2540;Semetre cero;I. E. LUIS EDUARDO DIAZ;Yondo;Antioquia;Oficial;7,005;-74,0083;G72;S1;11;;;178;37;26;48;24;58
SEC-2541;Semetre cero;I. E. LUIS EDUARDO DIAZ;Yondo;Antioquia;Oficial;7,005;-74,0083;G72;S1;11;;;177;37;28;46;28;45
SEC-2542;Semetre cero;I. E. LUIS EDUARDO DIAZ;Yondo;Antioquia;Oficial;7,005;-74,0083;G72;S1;11;;;175;49;30;40;26;20
SEC-2543;Semetre cero;I. E. LUIS EDUARDO DIAZ;Yondo;Antioquia;Oficial;7,005;-74,0083;G72;S1;11;;;173;37;30;48;26;29
SEC-2544;Semetre cero;I. E. LUIS EDUARDO DIAZ;Yondo;Antioquia;Oficial;7,005;-74,0083;G72;S1;11;;;173;44;34;36;26;31
SEC-2545;Semetre cero;I. E. LUIS EDUARDO DIAZ;Yondo;Antioquia;Oficial;7,005;-74,0083;G72;S1;11;;;173;46;26;42;24;35
SEC-2546;Semetre cero;I. E. LUIS EDUARDO DIAZ;Yondo;Antioquia;Oficial;7,005;-74,0083;G72;S1;11;;;173;39;32;42;26;33
SEC-2547;Semetre cero;I. E. LUIS EDUARDO DIAZ;Yondo;Antioquia;Oficial;7,005;-74,0083;G72;S1;11;;;172;39;30;38;29;38
SEC-2548;Semetre cero;I. E. LUIS EDUARDO DIAZ;Yondo;Antioquia;Oficial;7,005;-74,0083;G72;S1;11;;;169;32;34;44;28;27
SEC-2549;Semetre cero;I. E. LUIS EDUARDO DIAZ;Yondo;Antioquia;Oficial;7,005;-74,0083;G72;S1;11;;;165;44;22;44;26;22
SEC-2550;Semetre cero;I. E. LUIS EDUARDO DIAZ;Yondo;Antioquia;Oficial;7,005;-74,0083;G72;S1;11;;;165;46;30;24;33;29
SEC-2551;Semetre cero;I. E. LUIS EDUARDO DIAZ;Yondo;Antioquia;Oficial;7,005;-74,0083;G72;S1;11;;;164;37;32;38;24;35
SEC-2552;Semetre cero;I. E. LUIS EDUARDO DIAZ;Yondo;Antioquia;Oficial;7,005;-74,0083;G72;S1;11;;;164;41;24;38;26;38
SEC-2553;Semetre cero;I. E. LUIS EDUARDO DIAZ;Yondo;Antioquia;Oficial;7,005;-74,0083;G72;S1;11;;;161;37;18;50;24;33
SEC-2554;Semetre cero;I. E. LUIS EDUARDO DIAZ;Yondo;Antioquia;Oficial;7,005;-74,0083;G72;S1;11;;;160;39;22;36;21;64
SEC-2555;Semetre cero;I. E. LUIS EDUARDO DIAZ;Yondo;Antioquia;Oficial;7,005;-74,0083;G72;S1;11;;;158;44;26;42;17;24
SEC-2556;Semetre cero;I. E. LUIS EDUARDO DIAZ;Yondo;Antioquia;Oficial;7,005;-74,0083;G72;S1;11;;;158;37;26;34;29;33
SEC-2557;Semetre cero;I. E. LUIS EDUARDO DIAZ;Yondo;Antioquia;Oficial;7,005;-74,0083;G72;S1;11;;;152;34;30;30;28;31
SEC-2558;Semetre cero;I. E. LUIS EDUARDO DIAZ;Yondo;Antioquia;Oficial;7,005;-74,0083;G72;S1;11;;;152;32;20;44;24;36
SEC-2559;Semetre cero;I. E. LUIS EDUARDO DIAZ;Yondo;Antioquia;Oficial;7,005;-74,0083;G72;S1;11;;;148;34;38;12;28;49
SEC-2560;Semetre cero;I. E. LUIS EDUARDO DIAZ;Yondo;Antioquia;Oficial;7,005;-74,0083;G72;S1;11;;;148;32;20;28;38;31
SEC-2561;Semetre cero;I. E. LUIS EDUARDO DIAZ;Yondo;Antioquia;Oficial;7,005;-74,0083;G72;S1;11;;;145;41;20;40;14;31
SEC-2562;Semetre cero;I. E. LUIS EDUARDO DIAZ;Yondo;Antioquia;Oficial;7,005;-74,0083;G72;S1;11;;;145;34;24;28;28;35
SEC-2563;Semetre cero;I. E. LUIS EDUARDO DIAZ;Yondo;Antioquia;Oficial;7,005;-74,0083;G72;S1;11;;;143;32;16;28;34;42
SEC-2564;Semetre cero;I. E. LUIS EDUARDO DIAZ;Yondo;Antioquia;Oficial;7,005;-74,0083;G72;S1;11;;;140;27;28;40;19;24
SEC-2565;Semetre cero;I. E. LUIS EDUARDO DIAZ;Yondo;Antioquia;Oficial;7,005;-74,0083;G72;S1;11;;;138;22;20;40;28;29
SEC-2566;Semetre cero;I. E. LUIS EDUARDO DIAZ;Yondo;Antioquia;Oficial;7,005;-74,0083;G72;S1;11;;;135;24;16;44;21;35
SEC-2567;Semetre cero;I. E. LUIS EDUARDO DIAZ;Yondo;Antioquia;Oficial;7,005;-74,0083;G72;S1;11;;;132;24;26;20;31;40
SEC-2568;Semetre cero;I. E. LUIS EDUARDO DIAZ;Yondo;Antioquia;Oficial;7,005;-74,0083;G72;S1;11;;;128;32;22;26;24;20
SEC-2569;Semetre cero;I. E. LUIS EDUARDO DIAZ;Yondo;Antioquia;Oficial;7,005;-74,0083;G72;S1;11;;;124;34;22;24;19;25
SEC-2570;Semetre cero;I. E. LUIS EDUARDO DIAZ;Yondo;Antioquia;Oficial;7,005;-74,0083;G72;S1;11;;;123;46;14;26;21;0
SEC-2571;Semetre cero;I. E. LUIS EDUARDO DIAZ;Yondo;Antioquia;Oficial;7,005;-74,0083;G72;S1;11;;;89;37;16;16;9;0
SEC-2572;Semetre cero;I. E. LUIS EDUARDO DIAZ;Yondo;Antioquia;Oficial;7,005;-74,0083;G72;S1;11;;;83;0;16;26;17;38
SEC-2573;Semetre cero;I. E. LUIS EDUARDO DIAZ;Yondo;Antioquia;Oficial;7,005;-74,0083;G72;S1;11;;;56;0;4;14;19;35
SEC-2574;Semetre cero;I. E. LUIS EDUARDO DIAZ;Yondo;Antioquia;Oficial;7,005;-74,0083;G72;S1;11;;;46;0;6;10;12;36
SEC-2575;Semetre cero;I. E. LUIS EDUARDO DIAZ;Yondo;Antioquia;Oficial;7,005;-74,0083;G72;S1;11;;;40;0;4;14;9;24
SEC-2576;Semetre cero;I. E. LUIS FERNANDO RESTREPO RESTREPO;Zaragoza;Antioquia;Oficial;7,4914;-74,8692;G73;S1;11;;;267;66;42;68;38;53
SEC-2577;Semetre cero;I. E. LUIS FERNANDO RESTREPO RESTREPO;Zaragoza;Antioquia;Oficial;7,4914;-74,8692;G73;S1;11;;;231;37;44;64;38;53
SEC-2578;Semetre cero;I. E. LUIS FERNANDO RESTREPO RESTREPO;Zaragoza;Antioquia;Oficial;7,4914;-74,8692;G73;S1;11;;;230;54;36;56;40;42
SEC-2579;Semetre cero;I. E. LUIS FERNANDO RESTREPO RESTREPO;Zaragoza;Antioquia;Oficial;7,4914;-74,8692;G73;S1;11;;;226;61;34;54;36;31
SEC-2580;Semetre cero;I. E. LUIS FERNANDO RESTREPO RESTREPO;Zaragoza;Antioquia;Oficial;7,4914;-74,8692;G73;S1;11;;;202;51;24;54;36;29
SEC-2581;Semetre cero;I. E. LUIS FERNANDO RESTREPO RESTREPO;Zaragoza;Antioquia;Oficial;7,4914;-74,8692;G73;S1;11;;;197;51;30;44;31;44
SEC-2582;Semetre cero;I. E. LUIS FERNANDO RESTREPO RESTREPO;Zaragoza;Antioquia;Oficial;7,4914;-74,8692;G73;S1;11;;;195;54;22;50;33;33
SEC-2583;Semetre cero;I. E. LUIS FERNANDO RESTREPO RESTREPO;Zaragoza;Antioquia;Oficial;7,4914;-74,8692;G73;S1;11;;;195;56;34;36;21;67
SEC-2584;Semetre cero;I. E. LUIS FERNANDO RESTREPO RESTREPO;Zaragoza;Antioquia;Oficial;7,4914;-74,8692;G73;S1;11;;;192;46;24;56;28;36
SEC-2585;Semetre cero;I. E. LUIS FERNANDO RESTREPO RESTREPO;Zaragoza;Antioquia;Oficial;7,4914;-74,8692;G73;S1;11;;;184;44;30;28;38;58
SEC-2586;Semetre cero;I. E. LUIS FERNANDO RESTREPO RESTREPO;Zaragoza;Antioquia;Oficial;7,4914;-74,8692;G73;S1;11;;;180;46;18;48;31;38
SEC-2587;Semetre cero;I. E. LUIS FERNANDO RESTREPO RESTREPO;Zaragoza;Antioquia;Oficial;7,4914;-74,8692;G73;S1;11;;;179;41;28;40;33;38
SEC-2588;Semetre cero;I. E. LUIS FERNANDO RESTREPO RESTREPO;Zaragoza;Antioquia;Oficial;7,4914;-74,8692;G73;S1;11;;;178;32;32;40;36;44
SEC-2589;Semetre cero;I. E. LUIS FERNANDO RESTREPO RESTREPO;Zaragoza;Antioquia;Oficial;7,4914;-74,8692;G73;S1;11;;;175;39;26;42;29;45
SEC-2590;Semetre cero;I. E. LUIS FERNANDO RESTREPO RESTREPO;Zaragoza;Antioquia;Oficial;7,4914;-74,8692;G73;S1;11;;;167;37;28;36;31;38
SEC-2591;Semetre cero;I. E. LUIS FERNANDO RESTREPO RESTREPO;Zaragoza;Antioquia;Oficial;7,4914;-74,8692;G73;S1;11;;;160;37;34;34;22;35
SEC-2592;Semetre cero;I. E. LUIS FERNANDO RESTREPO RESTREPO;Zaragoza;Antioquia;Oficial;7,4914;-74,8692;G73;S1;11;;;155;22;28;40;28;49
SEC-2593;Semetre cero;I. E. LUIS FERNANDO RESTREPO RESTREPO;Zaragoza;Antioquia;Oficial;7,4914;-74,8692;G73;S1;11;;;153;32;16;36;34;44
SEC-2594;Semetre cero;I. E. LUIS FERNANDO RESTREPO RESTREPO;Zaragoza;Antioquia;Oficial;7,4914;-74,8692;G73;S1;11;;;153;22;28;42;29;33
SEC-2595;Semetre cero;I. E. LUIS FERNANDO RESTREPO RESTREPO;Zaragoza;Antioquia;Oficial;7,4914;-74,8692;G73;S1;11;;;148;20;34;36;28;33
SEC-2596;Semetre cero;I. E. LUIS FERNANDO RESTREPO RESTREPO;Zaragoza;Antioquia;Oficial;7,4914;-74,8692;G73;S1;11;;;148;49;16;32;19;36
SEC-2597;Semetre cero;I. E. LUIS FERNANDO RESTREPO RESTREPO;Zaragoza;Antioquia;Oficial;7,4914;-74,8692;G73;S1;11;;;147;24;32;38;24;27
SEC-2598;Semetre cero;I. E. LUIS FERNANDO RESTREPO RESTREPO;Zaragoza;Antioquia;Oficial;7,4914;-74,8692;G73;S1;11;;;147;39;20;28;24;49
SEC-2599;Semetre cero;I. E. LUIS FERNANDO RESTREPO RESTREPO;Zaragoza;Antioquia;Oficial;7,4914;-74,8692;G73;S1;11;;;146;27;28;30;33;27
SEC-2600;Semetre cero;I. E. LUIS FERNANDO RESTREPO RESTREPO;Zaragoza;Antioquia;Oficial;7,4914;-74,8692;G73;S1;11;;;145;27;24;34;29;35
SEC-2601;Semetre cero;I. E. LUIS FERNANDO RESTREPO RESTREPO;Zaragoza;Antioquia;Oficial;7,4914;-74,8692;G73;S1;11;;;141;29;20;40;22;31
SEC-2602;Semetre cero;I. E. LUIS FERNANDO RESTREPO RESTREPO;Zaragoza;Antioquia;Oficial;7,4914;-74,8692;G73;S1;11;;;133;39;24;24;19;29
SEC-2603;Semetre cero;I. E. LUIS FERNANDO RESTREPO RESTREPO;Zaragoza;Antioquia;Oficial;7,4914;-74,8692;G73;S1;11;;;130;29;24;28;21;31
SEC-2604;Semetre cero;I. E. LUIS FERNANDO RESTREPO RESTREPO;Zaragoza;Antioquia;Oficial;7,4914;-74,8692;G73;S1;11;;;115;22;20;24;22;35
SEC-2605;Semetre cero;I. E. LUIS FERNANDO RESTREPO RESTREPO;Zaragoza;Antioquia;Oficial;7,4914;-74,8692;G73;S1;11;;;111;22;14;22;26;38
