id_anon;fuente;institucion;municipio;departamento;sector;latitud;longitud;grupo;sesion;grado;correctas;total_preguntas;puntaje_global;lectura_critica;matematicas;sociales;ciencias_naturales;ingles
ANA GOMEZ-41;Rionegro;ANA GOMEZ;Rionegro;Antioquia;Oficial;6.187;-75.380;G1;S1;;;;207.4;46.3;34;40;44.8;43.6
ANA GOMEZ-40;Rionegro;ANA GOMEZ;Rionegro;Antioquia;Oficial;6.187;-75.380;G1;S1;;;;234.3;51.2;32;56;51.7;36.4
ANA GOMEZ-39;Rionegro;ANA GOMEZ;Rionegro;Antioquia;Oficial;6.187;-75.380;G1;S1;;;;226.3;48.8;36;52;44.8;43.6
ANA GOMEZ-38;Rionegro;ANA GOMEZ;Rionegro;Antioquia;Oficial;6.187;-75.380;G1;S1;;;;293.4;58.5;44;74;51.7;78.2
ANA GOMEZ-37;Rionegro;ANA GOMEZ;Rionegro;Antioquia;Oficial;6.187;-75.380;G1;S1;;;;186.3;48.8;32;30;25.9;74.5
ANA GOMEZ-34;Rionegro;ANA GOMEZ;Rionegro;Antioquia;Oficial;6.187;-75.380;G1;S1;;;;145.6;31.7;32;22;24.1;49.1
ANA GOMEZ-33;Rionegro;ANA GOMEZ;Rionegro;Antioquia;Oficial;6.187;-75.380;G1;S1;;;;190.4;58.5;36;32;27.6;32.7
ANA GOMEZ-32;Rionegro;ANA GOMEZ;Rionegro;Antioquia;Oficial;6.187;-75.380;G1;S1;;;;217.9;65.9;24;50;34.5;43.6
ANA GOMEZ-31;Rionegro;ANA GOMEZ;Rionegro;Antioquia;Oficial;6.187;-75.380;G1;S1;;;;256.1;56.1;42;58;48.3;52.7
ANA GOMEZ-30;Rionegro;ANA GOMEZ;Rionegro;Antioquia;Oficial;6.187;-75.380;G1;S1;;;;312.6;70.7;44;80;48.3;83.6
ANA GOMEZ-29;Rionegro;ANA GOMEZ;Rionegro;Antioquia;Oficial;6.187;-75.380;G1;S1;;;;214.4;48.8;38;60;29.3;29.1
ANA GOMEZ-28;Rionegro;ANA GOMEZ;Rionegro;Antioquia;Oficial;6.187;-75.380;G1;S1;;;;173.8;46.3;30;26;36.2;36.4
ANA GOMEZ-27;Rionegro;ANA GOMEZ;Rionegro;Antioquia;Oficial;6.187;-75.380;G1;S1;;;;146.8;29.3;26;34;25.9;36.4
ANA GOMEZ-26;Rionegro;ANA GOMEZ;Rionegro;Antioquia;Oficial;6.187;-75.380;G1;S1;;;;212.2;34.1;30;56;53.4;30.9
ANA GOMEZ-25;Rionegro;ANA GOMEZ;Rionegro;Antioquia;Oficial;6.187;-75.380;G1;S1;;;;348.5;90.2;50;84;62.1;47.3
ANA GOMEZ-24;Rionegro;ANA GOMEZ;Rionegro;Antioquia;Oficial;6.187;-75.380;G1;S1;;;;294.8;56.1;54;60;67.2;54.5
ANA GOMEZ-23;Rionegro;ANA GOMEZ;Rionegro;Antioquia;Oficial;6.187;-75.380;G1;S1;;;;177.9;34.1;36;34;37.9;36.4
ANA GOMEZ-20;Rionegro;ANA GOMEZ;Rionegro;Antioquia;Oficial;6.187;-75.380;G2;S1;;;;228.4;65.9;40;50;27.6;43.6
ANA GOMEZ-19;Rionegro;ANA GOMEZ;Rionegro;Antioquia;Oficial;6.187;-75.380;G2;S1;;;;205.4;51.2;32;40;39.7;45.5
ANA GOMEZ-18;Rionegro;ANA GOMEZ;Rionegro;Antioquia;Oficial;6.187;-75.380;G2;S1;;;;236.6;73.2;22;60;29.3;61.8
ANA GOMEZ-17;Rionegro;ANA GOMEZ;Rionegro;Antioquia;Oficial;6.187;-75.380;G2;S1;;;;255.1;63.4;30;70;43.1;43.6
ANA GOMEZ-16;Rionegro;ANA GOMEZ;Rionegro;Antioquia;Oficial;6.187;-75.380;G2;S1;;;;228.8;58.5;24;58;41.4;49.1
ANA GOMEZ-14;Rionegro;ANA GOMEZ;Rionegro;Antioquia;Oficial;6.187;-75.380;G2;S1;;;;201.2;61;32;30;36.2;45.5
ANA GOMEZ-13;Rionegro;ANA GOMEZ;Rionegro;Antioquia;Oficial;6.187;-75.380;G2;S1;;;;268.5;82.9;34;70;27.6;54.5
ANA GOMEZ-12;Rionegro;ANA GOMEZ;Rionegro;Antioquia;Oficial;6.187;-75.380;G2;S1;;;;163.4;31.7;30;28;37.9;41.8
ANA GOMEZ-11;Rionegro;ANA GOMEZ;Rionegro;Antioquia;Oficial;6.187;-75.380;G2;S1;;;;313.4;61;52;80;58.6;60
ANA GOMEZ-10;Rionegro;ANA GOMEZ;Rionegro;Antioquia;Oficial;6.187;-75.380;G2;S1;;;;279.7;58.5;32;78;56.9;50.9
ANA GOMEZ-9;Rionegro;ANA GOMEZ;Rionegro;Antioquia;Oficial;6.187;-75.380;G2;S1;;;;279.7;56.1;50;66;55.2;45.5
ANA GOMEZ-8;Rionegro;ANA GOMEZ;Rionegro;Antioquia;Oficial;6.187;-75.380;G2;S1;;;;201.1;31.7;38;44;44.8;47.3
ANA GOMEZ-7;Rionegro;ANA GOMEZ;Rionegro;Antioquia;Oficial;6.187;-75.380;G2;S1;;;;316.9;75.6;52;84;32.8;90.9
ANA GOMEZ-6;Rionegro;ANA GOMEZ;Rionegro;Antioquia;Oficial;6.187;-75.380;G2;S1;;;;233.5;46.3;22;70;48.3;47.3
ANA GOMEZ-5;Rionegro;ANA GOMEZ;Rionegro;Antioquia;Oficial;6.187;-75.380;G2;S1;;;;188.8;43.9;36;40;31;38.2
ANA GOMEZ-4;Rionegro;ANA GOMEZ;Rionegro;Antioquia;Oficial;6.187;-75.380;G2;S1;;;;206.7;56.1;42;42;29.3;29.1
ANA GOMEZ-3;Rionegro;ANA GOMEZ;Rionegro;Antioquia;Oficial;6.187;-75.380;G2;S1;;;;262.2;70.7;22;64;51.7;56.4
JOSE MARIA CORDOBA-39;Rionegro;JOSE MARIA CORDOBA;Rionegro;Antioquia;Oficial;6.246;-75.561;G2;S1;;;;212.2;61;32;44;39.7;21.8
ANTONIO DONADO-28;Rionegro;ANTONIO DONADO;Rionegro;Antioquia;Oficial;6.143;-75.449;G1;S1;;;;143.1;31.7;26;22;32.8;34.5
ANTONIO DONADO-27;Rionegro;ANTONIO DONADO;Rionegro;Antioquia;Oficial;6.143;-75.449;G1;S1;;;;171.2;48.8;26;34;29.3;30.9
ANTONIO DONADO-26;Rionegro;ANTONIO DONADO;Rionegro;Antioquia;Oficial;6.143;-75.449;G1;S1;;;;294.5;58.5;42;70;58.6;78.2
ANTONIO DONADO-25;Rionegro;ANTONIO DONADO;Rionegro;Antioquia;Oficial;6.143;-75.449;G1;S1;;;;119.7;29.3;22;20;27.6;14.5
ANTONIO DONADO-24;Rionegro;ANTONIO DONADO;Rionegro;Antioquia;Oficial;6.143;-75.449;G1;S1;;;;165.4;34.1;38;30;32.8;25.5
ANTONIO DONADO-23;Rionegro;ANTONIO DONADO;Rionegro;Antioquia;Oficial;6.143;-75.449;G1;S1;;;;123.1;34.1;28;16;20.7;23.6
ANTONIO DONADO-22;Rionegro;ANTONIO DONADO;Rionegro;Antioquia;Oficial;6.143;-75.449;G1;S1;;;;140.1;26.8;28;28;25.9;38.2
ANTONIO DONADO-21;Rionegro;ANTONIO DONADO;Rionegro;Antioquia;Oficial;6.143;-75.449;G1;S1;;;;280.5;56.1;28;72;60.3;80
ANTONIO DONADO-20;Rionegro;ANTONIO DONADO;Rionegro;Antioquia;Oficial;6.143;-75.449;G1;S1;;;;140.4;39;16;32;20.7;41.8
ANTONIO DONADO-19;Rionegro;ANTONIO DONADO;Rionegro;Antioquia;Oficial;6.143;-75.449;G1;S1;;;;132.1;41.5;18;24;20.7;30.9
ANTONIO DONADO-18;Rionegro;ANTONIO DONADO;Rionegro;Antioquia;Oficial;6.143;-75.449;G1;S1;;;;160.9;36.6;30;36;24.1;38.2
ANTONIO DONADO-17;Rionegro;ANTONIO DONADO;Rionegro;Antioquia;Oficial;6.143;-75.449;G1;S1;;;;171;56.1;22;36;19;45.5
ANTONIO DONADO-16;Rionegro;ANTONIO DONADO;Rionegro;Antioquia;Oficial;6.143;-75.449;G1;S1;;;;133.5;31.7;26;24;20.7;40
ANTONIO DONADO-15;Rionegro;ANTONIO DONADO;Rionegro;Antioquia;Oficial;6.143;-75.449;G1;S1;;;;121.5;19.5;22;24;25.9;41.8
ANTONIO DONADO-14;Rionegro;ANTONIO DONADO;Rionegro;Antioquia;Oficial;6.143;-75.449;G1;S1;;;;237.1;56.1;26;70;32.8;61.8
ANTONIO DONADO-13;Rionegro;ANTONIO DONADO;Rionegro;Antioquia;Oficial;6.143;-75.449;G1;S1;;;;188.5;43.9;36;38;32.8;38.2
ANTONIO DONADO-12;Rionegro;ANTONIO DONADO;Rionegro;Antioquia;Oficial;6.143;-75.449;G1;S1;;;;239.3;51.2;24;64;50;54.5
ANTONIO DONADO-11;Rionegro;ANTONIO DONADO;Rionegro;Antioquia;Oficial;6.143;-75.449;G1;S1;;;;286.1;63.4;36;80;43.1;76.4
ANTONIO DONADO-10;Rionegro;ANTONIO DONADO;Rionegro;Antioquia;Oficial;6.143;-75.449;G1;S1;;;;198.9;51.2;26;60;22.4;38.2
ANTONIO DONADO-9;Rionegro;ANTONIO DONADO;Rionegro;Antioquia;Oficial;6.143;-75.449;G1;S1;;;;269.9;63.4;40;66;39.7;74.5
ANTONIO DONADO-8;Rionegro;ANTONIO DONADO;Rionegro;Antioquia;Oficial;6.143;-75.449;G1;S1;;;;165.5;39;26;30;34.5;41.8
ANTONIO DONADO-7;Rionegro;ANTONIO DONADO;Rionegro;Antioquia;Oficial;6.143;-75.449;G1;S1;;;;159.3;43.9;34;24;25.9;30.9
ANTONIO DONADO-6;Rionegro;ANTONIO DONADO;Rionegro;Antioquia;Oficial;6.143;-75.449;G1;S1;;;;178.8;41.5;30;28;37.9;52.7
ANTONIO DONADO-5;Rionegro;ANTONIO DONADO;Rionegro;Antioquia;Oficial;6.143;-75.449;G1;S1;;;;181;51.2;30;24;41.4;30.9
ANTONIO DONADO-4;Rionegro;ANTONIO DONADO;Rionegro;Antioquia;Oficial;6.143;-75.449;G1;S1;;;;136.9;24.4;26;16;41.4;32.7
ANTONIO DONADO-3;Rionegro;ANTONIO DONADO;Rionegro;Antioquia;Oficial;6.143;-75.449;G1;S1;;;;156.9;31.7;28;30;29.3;50.9
ANTONIO DONADO-2;Rionegro;ANTONIO DONADO;Rionegro;Antioquia;Oficial;6.143;-75.449;G1;S1;;;;197.7;41.5;30;40;46.6;40
ANTONIO DONADO-1;Rionegro;ANTONIO DONADO;Rionegro;Antioquia;Oficial;6.143;-75.449;G1;S1;;;;156.8;34.1;38;24;27.6;36.4
BARRO BLANCO-42;Rionegro;BARRO BLANCO;Rionegro;Antioquia;Oficial;6.153;-75.407;G1;S1;;;;129;31.7;24;16;31;27.3
BARRO BLANCO-41;Rionegro;BARRO BLANCO;Rionegro;Antioquia;Oficial;6.153;-75.407;G1;S1;;;;197.4;53.7;32;42;25.9;52.7
BARRO BLANCO-40;Rionegro;BARRO BLANCO;Rionegro;Antioquia;Oficial;6.153;-75.407;G1;S1;;;;161.5;31.7;26;30;31;63.6
BARRO BLANCO-39;Rionegro;BARRO BLANCO;Rionegro;Antioquia;Oficial;6.153;-75.407;G1;S1;;;;206.9;63.4;32;34;29.3;61.8
BARRO BLANCO-38;Rionegro;BARRO BLANCO;Rionegro;Antioquia;Oficial;6.153;-75.407;G1;S1;;;;232.8;56.1;42;36;48.3;58.2
BARRO BLANCO-37;Rionegro;BARRO BLANCO;Rionegro;Antioquia;Oficial;6.153;-75.407;G1;S1;;;;322.4;73.2;36;86;55.2;87.3
BARRO BLANCO-36;Rionegro;BARRO BLANCO;Rionegro;Antioquia;Oficial;6.153;-75.407;G1;S1;;;;197.1;51.2;32;48;29.3;30.9
BARRO BLANCO-35;Rionegro;BARRO BLANCO;Rionegro;Antioquia;Oficial;6.153;-75.407;G1;S1;;;;218.7;51.2;28;52;41.4;50.9
BARRO BLANCO-34;Rionegro;BARRO BLANCO;Rionegro;Antioquia;Oficial;6.153;-75.407;G1;S1;;;;190.5;53.7;26;34;34.5;50.9
BARRO BLANCO-33;Rionegro;BARRO BLANCO;Rionegro;Antioquia;Oficial;6.153;-75.407;G1;S1;;;;166.7;34.1;30;32;36.2;36.4
BARRO BLANCO-32;Rionegro;BARRO BLANCO;Rionegro;Antioquia;Oficial;6.153;-75.407;G1;S1;;;;265.8;61;44;52;55.2;54.5
BARRO BLANCO-31;Rionegro;BARRO BLANCO;Rionegro;Antioquia;Oficial;6.153;-75.407;G1;S1;;;;287.1;70.7;32;66;53.4;80
BARRO BLANCO-30;Rionegro;BARRO BLANCO;Rionegro;Antioquia;Oficial;6.153;-75.407;G1;S1;;;;224.3;70.7;44;26;27.6;78.2
BARRO BLANCO-29;Rionegro;BARRO BLANCO;Rionegro;Antioquia;Oficial;6.153;-75.407;G1;S1;;;;208.4;61;44;18;32.8;74.5
BARRO BLANCO-28;Rionegro;BARRO BLANCO;Rionegro;Antioquia;Oficial;6.153;-75.407;G1;S1;;;;176.8;41.5;22;42;36.2;34.5
BARRO BLANCO-27;Rionegro;BARRO BLANCO;Rionegro;Antioquia;Oficial;6.153;-75.407;G1;S1;;;;311.9;70.7;48;76;58.6;50.9
BARRO BLANCO-26;Rionegro;BARRO BLANCO;Rionegro;Antioquia;Oficial;6.153;-75.407;G1;S1;;;;150;31.7;28;34;24.1;36.4
BARRO BLANCO-25;Rionegro;BARRO BLANCO;Rionegro;Antioquia;Oficial;6.153;-75.407;G1;S1;;;;242.8;75.6;32;48;39.7;45.5
BARRO BLANCO-24;Rionegro;BARRO BLANCO;Rionegro;Antioquia;Oficial;6.153;-75.407;G1;S1;;;;123.8;61;10;26;10.3;0
BARRO BLANCO-23;Rionegro;BARRO BLANCO;Rionegro;Antioquia;Oficial;6.153;-75.407;G1;S1;;;;203.3;36.6;32;36;53.4;54.5
BARRO BLANCO-22;Rionegro;BARRO BLANCO;Rionegro;Antioquia;Oficial;6.153;-75.407;G1;S1;;;;303.1;80.5;44;60;55.2;69.1
BARRO BLANCO-21;Rionegro;BARRO BLANCO;Rionegro;Antioquia;Oficial;6.153;-75.407;G1;S1;;;;171.4;48.8;26;22;39.7;36.4
BARRO BLANCO-20;Rionegro;BARRO BLANCO;Rionegro;Antioquia;Oficial;6.153;-75.407;G1;S1;;;;164.9;43.9;34;16;34.5;43.6
BARRO BLANCO-19;Rionegro;BARRO BLANCO;Rionegro;Antioquia;Oficial;6.153;-75.407;G1;S1;;;;272.6;78;26;66;41.4;74.5
BARRO BLANCO-18;Rionegro;BARRO BLANCO;Rionegro;Antioquia;Oficial;6.153;-75.407;G2;S1;;;;109.5;17.1;20;26;17.2;43.6
BARRO BLANCO-17;Rionegro;BARRO BLANCO;Rionegro;Antioquia;Oficial;6.153;-75.407;G2;S1;;;;182.7;41.5;26;32;43.1;47.3
BARRO BLANCO-16;Rionegro;BARRO BLANCO;Rionegro;Antioquia;Oficial;6.153;-75.407;G2;S1;;;;233.9;58.5;32;36;58.6;52.7
BARRO BLANCO-15;Rionegro;BARRO BLANCO;Rionegro;Antioquia;Oficial;6.153;-75.407;G2;S1;;;;197.2;46.3;28;36;44.8;47.3
BARRO BLANCO-14;Rionegro;BARRO BLANCO;Rionegro;Antioquia;Oficial;6.153;-75.407;G2;S1;;;;225.8;56.1;46;48;31;43.6
BARRO BLANCO-13;Rionegro;BARRO BLANCO;Rionegro;Antioquia;Oficial;6.153;-75.407;G2;S1;;;;243.9;48.8;40;50;58.6;41.8
BARRO BLANCO-12;Rionegro;BARRO BLANCO;Rionegro;Antioquia;Oficial;6.153;-75.407;G2;S1;;;;208.9;56.1;36;36;39.7;40
BARRO BLANCO-11;Rionegro;BARRO BLANCO;Rionegro;Antioquia;Oficial;6.153;-75.407;G2;S1;;;;179.6;39;24;42;37.9;38.2
BARRO BLANCO-10;Rionegro;BARRO BLANCO;Rionegro;Antioquia;Oficial;6.153;-75.407;G2;S1;;;;146.6;39;16;26;34.5;34.5
BARRO BLANCO-9;Rionegro;BARRO BLANCO;Rionegro;Antioquia;Oficial;6.153;-75.407;G2;S1;;;;235.9;58.5;28;50;43.1;74.5
BARRO BLANCO-7;Rionegro;BARRO BLANCO;Rionegro;Antioquia;Oficial;6.153;-75.407;G2;S1;;;;194.4;43.9;36;34;43.1;34.5
BARRO BLANCO-6;Rionegro;BARRO BLANCO;Rionegro;Antioquia;Oficial;6.153;-75.407;G2;S1;;;;210.6;39;38;42;46.6;50.9
BARRO BLANCO-5;Rionegro;BARRO BLANCO;Rionegro;Antioquia;Oficial;6.153;-75.407;G2;S1;;;;152.3;22;34;34;29.3;38.2
BARRO BLANCO-4;Rionegro;BARRO BLANCO;Rionegro;Antioquia;Oficial;6.153;-75.407;G2;S1;;;;154.9;34.1;24;28;39.7;25.5
BARRO BLANCO-3;Rionegro;BARRO BLANCO;Rionegro;Antioquia;Oficial;6.153;-75.407;G2;S1;;;;199.2;51.2;36;44;29.3;36.4
BARRO BLANCO-2;Rionegro;BARRO BLANCO;Rionegro;Antioquia;Oficial;6.153;-75.407;G2;S1;;;;190;53.7;22;40;34.5;43.6
BARRO BLANCO-1;Rionegro;BARRO BLANCO;Rionegro;Antioquia;Oficial;6.153;-75.407;G2;S1;;;;307.3;65.9;56;60;62.1;67.3
DOMINGO SAVIO-23;Rionegro;DOMINGO SAVIO;Rionegro;Antioquia;Oficial;6.118;-75.446;G1;S1;;;;149.5;58.5;14;26;31;0
DOMINGO SAVIO-22;Rionegro;DOMINGO SAVIO;Rionegro;Antioquia;Oficial;6.118;-75.446;G1;S1;;;;138.5;53.7;18;26;22.4;0
DOMINGO SAVIO-21;Rionegro;DOMINGO SAVIO;Rionegro;Antioquia;Oficial;6.118;-75.446;G1;S1;;;;145.3;56.1;14;30;25.9;0
DOMINGO SAVIO-20;Rionegro;DOMINGO SAVIO;Rionegro;Antioquia;Oficial;6.118;-75.446;G1;S1;;;;134.4;56.1;16;22;22.4;0
DOMINGO SAVIO-19;Rionegro;DOMINGO SAVIO;Rionegro;Antioquia;Oficial;6.118;-75.446;G1;S1;;;;83.6;41.5;10;2;19;0
DOMINGO SAVIO-18;Rionegro;DOMINGO SAVIO;Rionegro;Antioquia;Oficial;6.118;-75.446;G1;S1;;;;169.9;63.4;26;32;25.9;0
DOMINGO SAVIO-17;Rionegro;DOMINGO SAVIO;Rionegro;Antioquia;Oficial;6.118;-75.446;G1;S1;;;;126.1;41.5;20;22;25.9;0
DOMINGO SAVIO-16;Rionegro;DOMINGO SAVIO;Rionegro;Antioquia;Oficial;6.118;-75.446;G1;S1;;;;133.6;63.4;16;14;22.4;0
DOMINGO SAVIO-15;Rionegro;DOMINGO SAVIO;Rionegro;Antioquia;Oficial;6.118;-75.446;G1;S1;;;;157.7;73.2;24;24;15.5;0
DOMINGO SAVIO-14;Rionegro;DOMINGO SAVIO;Rionegro;Antioquia;Oficial;6.118;-75.446;G1;S1;;;;173.4;65.9;26;36;22.4;0
DOMINGO SAVIO-13;Rionegro;DOMINGO SAVIO;Rionegro;Antioquia;Oficial;6.118;-75.446;G1;S1;;;;189.8;73.2;24;38;29.3;0
DOMINGO SAVIO-12;Rionegro;DOMINGO SAVIO;Rionegro;Antioquia;Oficial;6.118;-75.446;G1;S1;;;;114;34.1;22;22;20.7;0
DOMINGO SAVIO-10;Rionegro;DOMINGO SAVIO;Rionegro;Antioquia;Oficial;6.118;-75.446;G1;S1;;;;176.7;65.9;34;24;29.3;0
DOMINGO SAVIO-9;Rionegro;DOMINGO SAVIO;Rionegro;Antioquia;Oficial;6.118;-75.446;G1;S1;;;;188.8;68.3;30;36;29.3;0
DOMINGO SAVIO-8;Rionegro;DOMINGO SAVIO;Rionegro;Antioquia;Oficial;6.118;-75.446;G1;S1;;;;181;51.2;32;34;39.7;0
DOMINGO SAVIO-7;Rionegro;DOMINGO SAVIO;Rionegro;Antioquia;Oficial;6.118;-75.446;G1;S1;;;;117.4;39;22;20;20.7;0
DOMINGO SAVIO-6;Rionegro;DOMINGO SAVIO;Rionegro;Antioquia;Oficial;6.118;-75.446;G1;S1;;;;136.4;36.6;22;32;27.6;0
DOMINGO SAVIO-5;Rionegro;DOMINGO SAVIO;Rionegro;Antioquia;Oficial;6.118;-75.446;G1;S1;;;;105.8;53.7;14;12;12.1;0
DOMINGO SAVIO-4;Rionegro;DOMINGO SAVIO;Rionegro;Antioquia;Oficial;6.118;-75.446;G1;S1;;;;152.2;53.7;26;16;36.2;0
DOMINGO SAVIO-3;Rionegro;DOMINGO SAVIO;Rionegro;Antioquia;Oficial;6.118;-75.446;G1;S1;;;;154.3;56.1;14;36;27.6;0
DOMINGO SAVIO-2;Rionegro;DOMINGO SAVIO;Rionegro;Antioquia;Oficial;6.118;-75.446;G1;S1;;;;123.7;48.8;12;24;22.4;0
DOMINGO SAVIO-1;Rionegro;DOMINGO SAVIO;Rionegro;Antioquia;Oficial;6.118;-75.446;G1;S1;;;;133.6;68.3;16;16;15.5;0
GILBERTO ECHEVERRY-55;Rionegro;GILBERTO ECHEVERRY;Rionegro;Antioquia;Oficial;6.108;-75.422;G1;S1;;;;155.2;24.4;28;34;29.3;56.4
GILBERTO ECHEVERRY-54;Rionegro;GILBERTO ECHEVERRY;Rionegro;Antioquia;Oficial;6.108;-75.422;G1;S1;;;;170.3;26.8;32;38;36.2;43.6
GILBERTO ECHEVERRY-53;Rionegro;GILBERTO ECHEVERRY;Rionegro;Antioquia;Oficial;6.108;-75.422;G1;S1;;;;171;43.9;12;38;37.9;49.1
GILBERTO ECHEVERRY-52;Rionegro;GILBERTO ECHEVERRY;Rionegro;Antioquia;Oficial;6.108;-75.422;G1;S1;;;;249.6;65.9;34;64;37.9;43.6
GILBERTO ECHEVERRY-51;Rionegro;GILBERTO ECHEVERRY;Rionegro;Antioquia;Oficial;6.108;-75.422;G1;S1;;;;171.5;41.5;26;50;17.2;41.8
GILBERTO ECHEVERRY-50;Rionegro;GILBERTO ECHEVERRY;Rionegro;Antioquia;Oficial;6.108;-75.422;G1;S1;;;;288.9;63.4;36;72;51.7;81.8
GILBERTO ECHEVERRY-49;Rionegro;GILBERTO ECHEVERRY;Rionegro;Antioquia;Oficial;6.108;-75.422;G1;S1;;;;206.7;39;32;48;43.1;50.9
GILBERTO ECHEVERRY-48;Rionegro;GILBERTO ECHEVERRY;Rionegro;Antioquia;Oficial;6.108;-75.422;G1;S1;;;;320.2;65.9;50;70;63.8;83.6
GILBERTO ECHEVERRY-47;Rionegro;GILBERTO ECHEVERRY;Rionegro;Antioquia;Oficial;6.108;-75.422;G1;S1;;;;225;51.2;42;44;41.4;49.1
GILBERTO ECHEVERRY-46;Rionegro;GILBERTO ECHEVERRY;Rionegro;Antioquia;Oficial;6.108;-75.422;G1;S1;;;;163.3;34.1;22;30;39.7;47.3
GILBERTO ECHEVERRY-45;Rionegro;GILBERTO ECHEVERRY;Rionegro;Antioquia;Oficial;6.108;-75.422;G1;S1;;;;187.1;53.7;18;38;37.9;43.6
GILBERTO ECHEVERRY-44;Rionegro;GILBERTO ECHEVERRY;Rionegro;Antioquia;Oficial;6.108;-75.422;G1;S1;;;;191.9;31.7;22;56;29.3;81.8
GILBERTO ECHEVERRY-43;Rionegro;GILBERTO ECHEVERRY;Rionegro;Antioquia;Oficial;6.108;-75.422;G1;S1;;;;269.8;58.5;42;60;56.9;49.1
GILBERTO ECHEVERRY-42;Rionegro;GILBERTO ECHEVERRY;Rionegro;Antioquia;Oficial;6.108;-75.422;G1;S1;;;;297.8;70.7;44;62;53.4;83.6
GILBERTO ECHEVERRY-41;Rionegro;GILBERTO ECHEVERRY;Rionegro;Antioquia;Oficial;6.108;-75.422;G1;S1;;;;233.2;43.9;36;64;44.8;40
GILBERTO ECHEVERRY-40;Rionegro;GILBERTO ECHEVERRY;Rionegro;Antioquia;Oficial;6.108;-75.422;G1;S1;;;;244.9;73.2;30;54;34.5;61.8
GILBERTO ECHEVERRY-39;Rionegro;GILBERTO ECHEVERRY;Rionegro;Antioquia;Oficial;6.108;-75.422;G1;S1;;;;177.8;58.5;30;24;27.6;41.8
GILBERTO ECHEVERRY-38;Rionegro;GILBERTO ECHEVERRY;Rionegro;Antioquia;Oficial;6.108;-75.422;G1;S1;;;;186.1;41.5;36;30;36.2;52.7
GILBERTO ECHEVERRY-37;Rionegro;GILBERTO ECHEVERRY;Rionegro;Antioquia;Oficial;6.108;-75.422;G1;S1;;;;136.2;41.5;16;26;22.4;36.4
GILBERTO ECHEVERRY-36;Rionegro;GILBERTO ECHEVERRY;Rionegro;Antioquia;Oficial;6.108;-75.422;G1;S1;;;;219.1;46.3;40;36;50;52.7
GILBERTO ECHEVERRY-35;Rionegro;GILBERTO ECHEVERRY;Rionegro;Antioquia;Oficial;6.108;-75.422;G1;S1;;;;230.6;51.2;38;36;53.4;63.6
GILBERTO ECHEVERRY-34;Rionegro;GILBERTO ECHEVERRY;Rionegro;Antioquia;Oficial;6.108;-75.422;G1;S1;;;;179.4;70.7;16;36;32.8;0
GILBERTO ECHEVERRY-33;Rionegro;GILBERTO ECHEVERRY;Rionegro;Antioquia;Oficial;6.108;-75.422;G1;S1;;;;169.2;51.2;28;22;34.5;32.7
GILBERTO ECHEVERRY-32;Rionegro;GILBERTO ECHEVERRY;Rionegro;Antioquia;Oficial;6.108;-75.422;G1;S1;;;;201;63.4;30;52;17.2;34.5
GILBERTO ECHEVERRY-31;Rionegro;GILBERTO ECHEVERRY;Rionegro;Antioquia;Oficial;6.108;-75.422;G1;S1;;;;186.6;48.8;38;16;41.4;52.7
GILBERTO ECHEVERRY-30;Rionegro;GILBERTO ECHEVERRY;Rionegro;Antioquia;Oficial;6.108;-75.422;G1;S1;;;;262.2;63.4;38;56;41.4;85.5
GILBERTO ECHEVERRY-29;Rionegro;GILBERTO ECHEVERRY;Rionegro;Antioquia;Oficial;6.108;-75.422;G1;S1;;;;170.6;39;26;38;34.5;30.9
GILBERTO ECHEVERRY-28;Rionegro;GILBERTO ECHEVERRY;Rionegro;Antioquia;Oficial;6.108;-75.422;G2;S1;;;;322.7;80.5;38;76;60.3;74.5
GILBERTO ECHEVERRY-27;Rionegro;GILBERTO ECHEVERRY;Rionegro;Antioquia;Oficial;6.108;-75.422;G2;S1;;;;178;53.7;28;34;25.9;38.2
GILBERTO ECHEVERRY-26;Rionegro;GILBERTO ECHEVERRY;Rionegro;Antioquia;Oficial;6.108;-75.422;G2;S1;;;;228.2;61;26;52;44.8;41.8
GILBERTO ECHEVERRY-25;Rionegro;GILBERTO ECHEVERRY;Rionegro;Antioquia;Oficial;6.108;-75.422;G2;S1;;;;205.3;43.9;40;34;32.8;81.8
GILBERTO ECHEVERRY-24;Rionegro;GILBERTO ECHEVERRY;Rionegro;Antioquia;Oficial;6.108;-75.422;G2;S1;;;;219.7;65.9;34;38;36.2;49.1
GILBERTO ECHEVERRY-23;Rionegro;GILBERTO ECHEVERRY;Rionegro;Antioquia;Oficial;6.108;-75.422;G2;S1;;;;176;36.6;32;34;29.3;61.8
GILBERTO ECHEVERRY-22;Rionegro;GILBERTO ECHEVERRY;Rionegro;Antioquia;Oficial;6.108;-75.422;G2;S1;;;;244.1;61;52;50;31;52.7
GILBERTO ECHEVERRY-21;Rionegro;GILBERTO ECHEVERRY;Rionegro;Antioquia;Oficial;6.108;-75.422;G2;S1;;;;221.2;43.9;40;60;34.5;40
GILBERTO ECHEVERRY-20;Rionegro;GILBERTO ECHEVERRY;Rionegro;Antioquia;Oficial;6.108;-75.422;G2;S1;;;;225.9;61;24;54;36.2;61.8
GILBERTO ECHEVERRY-19;Rionegro;GILBERTO ECHEVERRY;Rionegro;Antioquia;Oficial;6.108;-75.422;G2;S1;;;;216;56.1;32;46;37.9;45.5
GILBERTO ECHEVERRY-18;Rionegro;GILBERTO ECHEVERRY;Rionegro;Antioquia;Oficial;6.108;-75.422;G2;S1;;;;235.9;51.2;38;46;53.4;47.3
GILBERTO ECHEVERRY-17;Rionegro;GILBERTO ECHEVERRY;Rionegro;Antioquia;Oficial;6.108;-75.422;G2;S1;;;;215.2;53.7;28;50;39.7;45.5
GILBERTO ECHEVERRY-16;Rionegro;GILBERTO ECHEVERRY;Rionegro;Antioquia;Oficial;6.108;-75.422;G2;S1;;;;198.1;43.9;38;38;39.7;36.4
GILBERTO ECHEVERRY-15;Rionegro;GILBERTO ECHEVERRY;Rionegro;Antioquia;Oficial;6.108;-75.422;G2;S1;;;;159.6;22;22;50;31;40
GILBERTO ECHEVERRY-14;Rionegro;GILBERTO ECHEVERRY;Rionegro;Antioquia;Oficial;6.108;-75.422;G2;S1;;;;204.2;46.3;26;40;48.3;49.1
GILBERTO ECHEVERRY-13;Rionegro;GILBERTO ECHEVERRY;Rionegro;Antioquia;Oficial;6.108;-75.422;G2;S1;;;;321.8;73.2;46;70;65.5;72.7
GILBERTO ECHEVERRY-12;Rionegro;GILBERTO ECHEVERRY;Rionegro;Antioquia;Oficial;6.108;-75.422;G2;S1;;;;241.4;61;42;50;36.2;60
GILBERTO ECHEVERRY-11;Rionegro;GILBERTO ECHEVERRY;Rionegro;Antioquia;Oficial;6.108;-75.422;G2;S1;;;;187.2;46.3;38;24;34.5;58.2
GILBERTO ECHEVERRY-10;Rionegro;GILBERTO ECHEVERRY;Rionegro;Antioquia;Oficial;6.108;-75.422;G2;S1;;;;314.7;85.4;30;74;60.3;69.1
GILBERTO ECHEVERRY-9;Rionegro;GILBERTO ECHEVERRY;Rionegro;Antioquia;Oficial;6.108;-75.422;G2;S1;;;;382;82.9;56;86;75.9;90.9
GILBERTO ECHEVERRY-8;Rionegro;GILBERTO ECHEVERRY;Rionegro;Antioquia;Oficial;6.108;-75.422;G2;S1;;;;324.5;73.2;48;70;60.3;89.1
GILBERTO ECHEVERRY-7;Rionegro;GILBERTO ECHEVERRY;Rionegro;Antioquia;Oficial;6.108;-75.422;G2;S1;;;;294.2;68.3;34;72;53.4;81.8
GILBERTO ECHEVERRY-6;Rionegro;GILBERTO ECHEVERRY;Rionegro;Antioquia;Oficial;6.108;-75.422;G2;S1;;;;207.5;43.9;38;46;36.2;47.3
GILBERTO ECHEVERRY-5;Rionegro;GILBERTO ECHEVERRY;Rionegro;Antioquia;Oficial;6.108;-75.422;G2;S1;;;;164.9;36.6;30;32;31;40
GILBERTO ECHEVERRY-4;Rionegro;GILBERTO ECHEVERRY;Rionegro;Antioquia;Oficial;6.108;-75.422;G2;S1;;;;208.8;51.2;28;44;41.4;49.1
GILBERTO ECHEVERRY-3;Rionegro;GILBERTO ECHEVERRY;Rionegro;Antioquia;Oficial;6.108;-75.422;G2;S1;;;;185.7;39;28;34;46.6;40
GILBERTO ECHEVERRY-2;Rionegro;GILBERTO ECHEVERRY;Rionegro;Antioquia;Oficial;6.108;-75.422;G2;S1;;;;132.7;26.8;30;26;20.7;34.5
GILBERTO ECHEVERRY-1;Rionegro;GILBERTO ECHEVERRY;Rionegro;Antioquia;Oficial;6.108;-75.422;G2;S1;;;;256.1;73.2;22;68;44.8;41.8
GUILLERMO GAVIRIA-13;Rionegro;GUILLERMO GAVIRIA;Rionegro;Antioquia;Oficial;6.173;-75.455;G1;S1;;;;237.2;61;34;54;39.7;50.9
GUILLERMO GAVIRIA-12;Rionegro;GUILLERMO GAVIRIA;Rionegro;Antioquia;Oficial;6.173;-75.455;G1;S1;;;;274.9;63.4;42;62;56.9;41.8
GUILLERMO GAVIRIA-11;Rionegro;GUILLERMO GAVIRIA;Rionegro;Antioquia;Oficial;6.173;-75.455;G1;S1;;;;202.8;46.3;34;32;48.3;45.5
GUILLERMO GAVIRIA-10;Rionegro;GUILLERMO GAVIRIA;Rionegro;Antioquia;Oficial;6.173;-75.455;G1;S1;;;;286.7;61;34;76;56.9;61.8
GUILLERMO GAVIRIA-9;Rionegro;GUILLERMO GAVIRIA;Rionegro;Antioquia;Oficial;6.173;-75.455;G1;S1;;;;216.6;58.5;28;46;43.1;36.4
GUILLERMO GAVIRIA-8;Rionegro;GUILLERMO GAVIRIA;Rionegro;Antioquia;Oficial;6.173;-75.455;G1;S1;;;;250.1;56.1;32;52;50;80
GUILLERMO GAVIRIA-7;Rionegro;GUILLERMO GAVIRIA;Rionegro;Antioquia;Oficial;6.173;-75.455;G1;S1;;;;193.4;58.5;28;38;32.8;30.9
GUILLERMO GAVIRIA-6;Rionegro;GUILLERMO GAVIRIA;Rionegro;Antioquia;Oficial;6.173;-75.455;G1;S1;;;;242;65.9;48;44;37.9;41.8
GUILLERMO GAVIRIA-5;Rionegro;GUILLERMO GAVIRIA;Rionegro;Antioquia;Oficial;6.173;-75.455;G1;S1;;;;229.5;56.1;28;52;48.3;43.6
GUILLERMO GAVIRIA-4;Rionegro;GUILLERMO GAVIRIA;Rionegro;Antioquia;Oficial;6.173;-75.455;G1;S1;;;;129.3;53.7;16;20;22.4;0
GUILLERMO GAVIRIA-3;Rionegro;GUILLERMO GAVIRIA;Rionegro;Antioquia;Oficial;6.173;-75.455;G1;S1;;;;206.2;48.8;28;48;44.8;27.3
GUILLERMO GAVIRIA-2;Rionegro;GUILLERMO GAVIRIA;Rionegro;Antioquia;Oficial;6.173;-75.455;G1;S1;;;;158;43.9;24;34;24.1;32.7
GUILLERMO GAVIRIA-1;Rionegro;GUILLERMO GAVIRIA;Rionegro;Antioquia;Oficial;6.173;-75.455;G1;S1;;;;237.9;56.1;30;60;43.1;50.9
JOSE MARIA CORDOBA-38;Rionegro;JOSE MARIA CORDOBA;Rionegro;Antioquia;Oficial;6.246;-75.561;G1;S1;;;;209.3;48.8;34;44;43.1;34.5
JOSE MARIA CORDOBA-37;Rionegro;JOSE MARIA CORDOBA;Rionegro;Antioquia;Oficial;6.246;-75.561;G1;S1;;;;301.2;68.3;38;70;56.9;83.6
JOSE MARIA CORDOBA-36;Rionegro;JOSE MARIA CORDOBA;Rionegro;Antioquia;Oficial;6.246;-75.561;G1;S1;;;;199.4;51.2;36;46;29.3;30.9
JOSE MARIA CORDOBA-35;Rionegro;JOSE MARIA CORDOBA;Rionegro;Antioquia;Oficial;6.246;-75.561;G1;S1;;;;230.8;56.1;48;26;39.7;90.9
JOSE MARIA CORDOBA-34;Rionegro;JOSE MARIA CORDOBA;Rionegro;Antioquia;Oficial;6.246;-75.561;G1;S1;;;;183.8;46.3;32;36;31;41.8
JOSE MARIA CORDOBA-33;Rionegro;JOSE MARIA CORDOBA;Rionegro;Antioquia;Oficial;6.246;-75.561;G1;S1;;;;220.2;51.2;34;48;43.1;43.6
JOSE MARIA CORDOBA-32;Rionegro;JOSE MARIA CORDOBA;Rionegro;Antioquia;Oficial;6.246;-75.561;G1;S1;;;;260.5;78;36;40;51.7;60
JOSE MARIA CORDOBA-31;Rionegro;JOSE MARIA CORDOBA;Rionegro;Antioquia;Oficial;6.246;-75.561;G1;S1;;;;304;68.3;52;72;50;63.6
JOSE MARIA CORDOBA-30;Rionegro;JOSE MARIA CORDOBA;Rionegro;Antioquia;Oficial;6.246;-75.561;G1;S1;;;;224.7;56.1;42;30;44.8;65.5
JOSE MARIA CORDOBA-29;Rionegro;JOSE MARIA CORDOBA;Rionegro;Antioquia;Oficial;6.246;-75.561;G1;S1;;;;168.9;46.3;28;26;34.5;34.5
JOSE MARIA CORDOBA-28;Rionegro;JOSE MARIA CORDOBA;Rionegro;Antioquia;Oficial;6.246;-75.561;G1;S1;;;;251.6;63.4;44;42;53.4;45.5
JOSE MARIA CORDOBA-27;Rionegro;JOSE MARIA CORDOBA;Rionegro;Antioquia;Oficial;6.246;-75.561;G1;S1;;;;237.6;70.7;30;60;27.6;52.7
JOSE MARIA CORDOBA-26;Rionegro;JOSE MARIA CORDOBA;Rionegro;Antioquia;Oficial;6.246;-75.561;G1;S1;;;;200.6;31.7;48;38;37.9;54.5
JOSE MARIA CORDOBA-25;Rionegro;JOSE MARIA CORDOBA;Rionegro;Antioquia;Oficial;6.246;-75.561;G1;S1;;;;272.6;63.4;34;62;58.6;54.5
JOSE MARIA CORDOBA-24;Rionegro;JOSE MARIA CORDOBA;Rionegro;Antioquia;Oficial;6.246;-75.561;G1;S1;;;;152.1;19.5;36;20;34.5;65.5
JOSE MARIA CORDOBA-23;Rionegro;JOSE MARIA CORDOBA;Rionegro;Antioquia;Oficial;6.246;-75.561;G1;S1;;;;310.7;75.6;44;64;62.1;70.9
JOSE MARIA CORDOBA-22;Rionegro;JOSE MARIA CORDOBA;Rionegro;Antioquia;Oficial;6.246;-75.561;G1;S1;;;;256.9;48.8;26;82;48.3;52.7
JOSE MARIA CORDOBA-21;Rionegro;JOSE MARIA CORDOBA;Rionegro;Antioquia;Oficial;6.246;-75.561;G1;S1;;;;233.7;68.3;34;50;34.5;47.3
JOSE MARIA CORDOBA-20;Rionegro;JOSE MARIA CORDOBA;Rionegro;Antioquia;Oficial;6.246;-75.561;G1;S1;;;;203.4;61;30;40;36.2;27.3
JOSE MARIA CORDOBA-19;Rionegro;JOSE MARIA CORDOBA;Rionegro;Antioquia;Oficial;6.246;-75.561;G2;S1;;;;198.7;53.7;34;46;25.9;38.2
JOSE MARIA CORDOBA-18;Rionegro;JOSE MARIA CORDOBA;Rionegro;Antioquia;Oficial;6.246;-75.561;G2;S1;;;;260.5;63.4;44;54;43.1;63.6
JOSE MARIA CORDOBA-17;Rionegro;JOSE MARIA CORDOBA;Rionegro;Antioquia;Oficial;6.246;-75.561;G2;S1;;;;217.6;75.6;32;30;32.8;54.5
JOSE MARIA CORDOBA-16;Rionegro;JOSE MARIA CORDOBA;Rionegro;Antioquia;Oficial;6.246;-75.561;G2;S1;;;;147.9;41.5;30;20;27.6;27.3
JOSE MARIA CORDOBA-15;Rionegro;JOSE MARIA CORDOBA;Rionegro;Antioquia;Oficial;6.246;-75.561;G2;S1;;;;221.3;43.9;32;32;62.1;65.5
JOSE MARIA CORDOBA-14;Rionegro;JOSE MARIA CORDOBA;Rionegro;Antioquia;Oficial;6.246;-75.561;G2;S1;;;;263.7;68.3;20;44;69;81.8
JOSE MARIA CORDOBA-13;Rionegro;JOSE MARIA CORDOBA;Rionegro;Antioquia;Oficial;6.246;-75.561;G2;S1;;;;214.6;34.1;34;48;53.4;49.1
JOSE MARIA CORDOBA-12;Rionegro;JOSE MARIA CORDOBA;Rionegro;Antioquia;Oficial;6.246;-75.561;G2;S1;;;;242.3;58.5;42;48;39.7;65.5
JOSE MARIA CORDOBA-11;Rionegro;JOSE MARIA CORDOBA;Rionegro;Antioquia;Oficial;6.246;-75.561;G2;S1;;;;239;63.4;26;48;44.8;74.5
JOSE MARIA CORDOBA-10;Rionegro;JOSE MARIA CORDOBA;Rionegro;Antioquia;Oficial;6.246;-75.561;G2;S1;;;;161.1;48.8;24;26;29.3;34.5
JOSE MARIA CORDOBA-9;Rionegro;JOSE MARIA CORDOBA;Rionegro;Antioquia;Oficial;6.246;-75.561;G2;S1;;;;224.9;58.5;36;38;44.8;52.7
JOSE MARIA CORDOBA-8;Rionegro;JOSE MARIA CORDOBA;Rionegro;Antioquia;Oficial;6.246;-75.561;G2;S1;;;;178.2;34.1;44;30;29.3;50.9
JOSE MARIA CORDOBA-7;Rionegro;JOSE MARIA CORDOBA;Rionegro;Antioquia;Oficial;6.246;-75.561;G2;S1;;;;196.3;36.6;36;30;50;52.7
JOSE MARIA CORDOBA-6;Rionegro;JOSE MARIA CORDOBA;Rionegro;Antioquia;Oficial;6.246;-75.561;G2;S1;;;;216.5;75.6;40;24;31;50.9
JOSE MARIA CORDOBA-5;Rionegro;JOSE MARIA CORDOBA;Rionegro;Antioquia;Oficial;6.246;-75.561;G2;S1;;;;212.2;61;42;28;41.4;34.5
JOSE MARIA CORDOBA-4;Rionegro;JOSE MARIA CORDOBA;Rionegro;Antioquia;Oficial;6.246;-75.561;G2;S1;;;;190.4;56.1;34;34;27.6;40
JOSE MARIA CORDOBA-2;Rionegro;JOSE MARIA CORDOBA;Rionegro;Antioquia;Oficial;6.246;-75.561;G2;S1;;;;189.6;48.8;46;32;22.4;45.5
JOSE MARIA CORDOBA-1;Rionegro;JOSE MARIA CORDOBA;Rionegro;Antioquia;Oficial;6.246;-75.561;G2;S1;;;;170.9;46.3;34;30;29.3;25.5
LA MOSQUITA-22;Rionegro;LA MOSQUITA;Rionegro;Antioquia;Oficial;6.207;-75.440;G1;S1;;;;245.4;53.7;26;62;53.4;52.7
LA MOSQUITA-21;Rionegro;LA MOSQUITA;Rionegro;Antioquia;Oficial;6.207;-75.440;G1;S1;;;;197.8;56.1;26;38;36.2;45.5
LA MOSQUITA-20;Rionegro;LA MOSQUITA;Rionegro;Antioquia;Oficial;6.207;-75.440;G1;S1;;;;138.9;19.5;24;28;37.9;32.7
LA MOSQUITA-19;Rionegro;LA MOSQUITA;Rionegro;Antioquia;Oficial;6.207;-75.440;G1;S1;;;;120.1;26.8;16;18;29.3;41.8
LA MOSQUITA-18;Rionegro;LA MOSQUITA;Rionegro;Antioquia;Oficial;6.207;-75.440;G1;S1;;;;152;34.1;24;30;34.5;27.3
LA MOSQUITA-17;Rionegro;LA MOSQUITA;Rionegro;Antioquia;Oficial;6.207;-75.440;G1;S1;;;;213.9;56.1;28;38;51.7;34.5
LA MOSQUITA-16;Rionegro;LA MOSQUITA;Rionegro;Antioquia;Oficial;6.207;-75.440;G1;S1;;;;137.5;29.3;30;22;27.6;30.9
LA MOSQUITA-15;Rionegro;LA MOSQUITA;Rionegro;Antioquia;Oficial;6.207;-75.440;G1;S1;;;;298.9;68.3;32;80;56.9;65.5
LA MOSQUITA-14;Rionegro;LA MOSQUITA;Rionegro;Antioquia;Oficial;6.207;-75.440;G1;S1;;;;185.5;48.8;20;34;48.3;29.1
LA MOSQUITA-13;Rionegro;LA MOSQUITA;Rionegro;Antioquia;Oficial;6.207;-75.440;G1;S1;;;;169;65.9;28;26;12.1;43.6
LA MOSQUITA-12;Rionegro;LA MOSQUITA;Rionegro;Antioquia;Oficial;6.207;-75.440;G1;S1;;;;199.5;63.4;30;48;22.4;27.3
LA MOSQUITA-11;Rionegro;LA MOSQUITA;Rionegro;Antioquia;Oficial;6.207;-75.440;G1;S1;;;;230.2;73.2;30;48;36.2;36.4
LA MOSQUITA-10;Rionegro;LA MOSQUITA;Rionegro;Antioquia;Oficial;6.207;-75.440;G1;S1;;;;226.6;53.7;36;48;44.8;41.8
LA MOSQUITA-9;Rionegro;LA MOSQUITA;Rionegro;Antioquia;Oficial;6.207;-75.440;G1;S1;;;;176.2;41.5;34;26;37.9;40
LA MOSQUITA-8;Rionegro;LA MOSQUITA;Rionegro;Antioquia;Oficial;6.207;-75.440;G1;S1;;;;279.5;73.2;34;64;53.4;52.7
LA MOSQUITA-7;Rionegro;LA MOSQUITA;Rionegro;Antioquia;Oficial;6.207;-75.440;G1;S1;;;;156.2;36.6;26;28;34.5;30.9
LA MOSQUITA-6;Rionegro;LA MOSQUITA;Rionegro;Antioquia;Oficial;6.207;-75.440;G1;S1;;;;216.7;73.2;28;44;29.3;40
LA MOSQUITA-5;Rionegro;LA MOSQUITA;Rionegro;Antioquia;Oficial;6.207;-75.440;G1;S1;;;;193.7;61;30;30;29.3;52.7
LA MOSQUITA-4;Rionegro;LA MOSQUITA;Rionegro;Antioquia;Oficial;6.207;-75.440;G1;S1;;;;229.1;65.9;36;32;36.2;85.5
LA MOSQUITA-3;Rionegro;LA MOSQUITA;Rionegro;Antioquia;Oficial;6.207;-75.440;G1;S1;;;;220.8;63.4;36;46;36.2;29.1
LA MOSQUITA-2;Rionegro;LA MOSQUITA;Rionegro;Antioquia;Oficial;6.207;-75.440;G1;S1;;;;148;51.2;28;22;15.5;34.5
SAN JOSE DE LAS CUCHILLAS-56;Rionegro;SAN JOSE DE LAS CUCHILLAS;Rionegro;Antioquia;Oficial;6.179;-75.394;G1;S1;;;;148.8;29.3;22;34;32.8;32.7
SAN JOSE DE LAS CUCHILLAS-55;Rionegro;SAN JOSE DE LAS CUCHILLAS;Rionegro;Antioquia;Oficial;6.179;-75.394;G1;S1;;;;144.8;29.3;28;32;24.1;36.4
SAN JOSE DE LAS CUCHILLAS-54;Rionegro;SAN JOSE DE LAS CUCHILLAS;Rionegro;Antioquia;Oficial;6.179;-75.394;G1;S1;;;;144.4;34.1;30;12;34.5;43.6
SAN JOSE DE LAS CUCHILLAS-53;Rionegro;SAN JOSE DE LAS CUCHILLAS;Rionegro;Antioquia;Oficial;6.179;-75.394;G1;S1;;;;202;51.2;20;46;39.7;54.5
SAN JOSE DE LAS CUCHILLAS-51;Rionegro;SAN JOSE DE LAS CUCHILLAS;Rionegro;Antioquia;Oficial;6.179;-75.394;G1;S1;;;;235.3;58.5;38;48;32.8;80
SAN JOSE DE LAS CUCHILLAS-50;Rionegro;SAN JOSE DE LAS CUCHILLAS;Rionegro;Antioquia;Oficial;6.179;-75.394;G1;S1;;;;157.2;36.6;24;34;36.2;16.4
SAN JOSE DE LAS CUCHILLAS-49;Rionegro;SAN JOSE DE LAS CUCHILLAS;Rionegro;Antioquia;Oficial;6.179;-75.394;G1;S1;;;;146.3;46.3;22;24;24.1;30.9
SAN JOSE DE LAS CUCHILLAS-48;Rionegro;SAN JOSE DE LAS CUCHILLAS;Rionegro;Antioquia;Oficial;6.179;-75.394;G1;S1;;;;137.9;41.5;26;24;19;27.3
SAN JOSE DE LAS CUCHILLAS-47;Rionegro;SAN JOSE DE LAS CUCHILLAS;Rionegro;Antioquia;Oficial;6.179;-75.394;G1;S1;;;;150.5;29.3;34;24;31;36.4
SAN JOSE DE LAS CUCHILLAS-46;Rionegro;SAN JOSE DE LAS CUCHILLAS;Rionegro;Antioquia;Oficial;6.179;-75.394;G1;S1;;;;122.3;26.8;22;24;25.9;21.8
SAN JOSE DE LAS CUCHILLAS-45;Rionegro;SAN JOSE DE LAS CUCHILLAS;Rionegro;Antioquia;Oficial;6.179;-75.394;G1;S1;;;;212.7;75.6;36;40;22.4;30.9
SAN JOSE DE LAS CUCHILLAS-44;Rionegro;SAN JOSE DE LAS CUCHILLAS;Rionegro;Antioquia;Oficial;6.179;-75.394;G1;S1;;;;215.7;43.9;40;42;48.3;38.2
SAN JOSE DE LAS CUCHILLAS-43;Rionegro;SAN JOSE DE LAS CUCHILLAS;Rionegro;Antioquia;Oficial;6.179;-75.394;G1;S1;;;;145.2;39;20;34;20.7;36.4
SAN JOSE DE LAS CUCHILLAS-42;Rionegro;SAN JOSE DE LAS CUCHILLAS;Rionegro;Antioquia;Oficial;6.179;-75.394;G1;S1;;;;178.7;43.9;38;40;17.2;47.3
SAN JOSE DE LAS CUCHILLAS-41;Rionegro;SAN JOSE DE LAS CUCHILLAS;Rionegro;Antioquia;Oficial;6.179;-75.394;G1;S1;;;;212.1;46.3;32;46;43.1;49.1
SAN JOSE DE LAS CUCHILLAS-40;Rionegro;SAN JOSE DE LAS CUCHILLAS;Rionegro;Antioquia;Oficial;6.179;-75.394;G1;S1;;;;202.6;53.7;28;26;55.2;38.2
SAN JOSE DE LAS CUCHILLAS-39;Rionegro;SAN JOSE DE LAS CUCHILLAS;Rionegro;Antioquia;Oficial;6.179;-75.394;G1;S1;;;;266.1;63.4;38;58;50;63.6
SAN JOSE DE LAS CUCHILLAS-38;Rionegro;SAN JOSE DE LAS CUCHILLAS;Rionegro;Antioquia;Oficial;6.179;-75.394;G1;S1;;;;296.5;75.6;46;56;56.9;67.3
SAN JOSE DE LAS CUCHILLAS-37;Rionegro;SAN JOSE DE LAS CUCHILLAS;Rionegro;Antioquia;Oficial;6.179;-75.394;G1;S1;;;;251.5;58.5;34;56;50;58.2
SAN JOSE DE LAS CUCHILLAS-36;Rionegro;SAN JOSE DE LAS CUCHILLAS;Rionegro;Antioquia;Oficial;6.179;-75.394;G1;S1;;;;177.4;46.3;24;38;34.5;32.7
SAN JOSE DE LAS CUCHILLAS-35;Rionegro;SAN JOSE DE LAS CUCHILLAS;Rionegro;Antioquia;Oficial;6.179;-75.394;G1;S1;;;;144.5;31.7;26;32;25.9;29.1
SAN JOSE DE LAS CUCHILLAS-34;Rionegro;SAN JOSE DE LAS CUCHILLAS;Rionegro;Antioquia;Oficial;6.179;-75.394;G1;S1;;;;149.2;36.6;30;24;24.1;43.6
SAN JOSE DE LAS CUCHILLAS-33;Rionegro;SAN JOSE DE LAS CUCHILLAS;Rionegro;Antioquia;Oficial;6.179;-75.394;G1;S1;;;;264.1;58.5;40;48;56.9;76.4
SAN JOSE DE LAS CUCHILLAS-32;Rionegro;SAN JOSE DE LAS CUCHILLAS;Rionegro;Antioquia;Oficial;6.179;-75.394;G1;S1;;;;257.9;61;36;36;62.1;85.5
SAN JOSE DE LAS CUCHILLAS-31;Rionegro;SAN JOSE DE LAS CUCHILLAS;Rionegro;Antioquia;Oficial;6.179;-75.394;G1;S1;;;;251.9;56.1;42;46;62.1;36.4
SAN JOSE DE LAS CUCHILLAS-30;Rionegro;SAN JOSE DE LAS CUCHILLAS;Rionegro;Antioquia;Oficial;6.179;-75.394;G1;S1;;;;163.7;51.2;26;22;39.7;9.1
SAN JOSE DE LAS CUCHILLAS-29;Rionegro;SAN JOSE DE LAS CUCHILLAS;Rionegro;Antioquia;Oficial;6.179;-75.394;G1;S1;;;;192.9;43.9;30;32;43.1;54.5
SAN JOSE DE LAS CUCHILLAS-28;Rionegro;SAN JOSE DE LAS CUCHILLAS;Rionegro;Antioquia;Oficial;6.179;-75.394;G2;S1;;;;204.8;65.9;28;26;43.1;43.6
SAN JOSE DE LAS CUCHILLAS-27;Rionegro;SAN JOSE DE LAS CUCHILLAS;Rionegro;Antioquia;Oficial;6.179;-75.394;G2;S1;;;;219.6;56.1;32;46;36.2;60
SAN JOSE DE LAS CUCHILLAS-26;Rionegro;SAN JOSE DE LAS CUCHILLAS;Rionegro;Antioquia;Oficial;6.179;-75.394;G2;S1;;;;228;61;36;36;48.3;49.1
SAN JOSE DE LAS CUCHILLAS-25;Rionegro;SAN JOSE DE LAS CUCHILLAS;Rionegro;Antioquia;Oficial;6.179;-75.394;G2;S1;;;;143.5;36.6;24;18;27.6;54.5
SAN JOSE DE LAS CUCHILLAS-24;Rionegro;SAN JOSE DE LAS CUCHILLAS;Rionegro;Antioquia;Oficial;6.179;-75.394;G2;S1;;;;178.1;51.2;28;36;27.6;34.5
SAN JOSE DE LAS CUCHILLAS-23;Rionegro;SAN JOSE DE LAS CUCHILLAS;Rionegro;Antioquia;Oficial;6.179;-75.394;G2;S1;;;;128.3;41.5;22;34;3.4;30.9
SAN JOSE DE LAS CUCHILLAS-22;Rionegro;SAN JOSE DE LAS CUCHILLAS;Rionegro;Antioquia;Oficial;6.179;-75.394;G2;S1;;;;172.2;41.5;38;30;25.9;41.8
SAN JOSE DE LAS CUCHILLAS-21;Rionegro;SAN JOSE DE LAS CUCHILLAS;Rionegro;Antioquia;Oficial;6.179;-75.394;G2;S1;;;;174.4;39;24;34;41.4;38.2
SAN JOSE DE LAS CUCHILLAS-20;Rionegro;SAN JOSE DE LAS CUCHILLAS;Rionegro;Antioquia;Oficial;6.179;-75.394;G2;S1;;;;149.4;34.1;26;28;31;30.9
SAN JOSE DE LAS CUCHILLAS-19;Rionegro;SAN JOSE DE LAS CUCHILLAS;Rionegro;Antioquia;Oficial;6.179;-75.394;G2;S1;;;;184.1;51.2;20;30;41.4;50.9
SAN JOSE DE LAS CUCHILLAS-18;Rionegro;SAN JOSE DE LAS CUCHILLAS;Rionegro;Antioquia;Oficial;6.179;-75.394;G2;S1;;;;143.6;19.5;42;22;27.6;40
SAN JOSE DE LAS CUCHILLAS-17;Rionegro;SAN JOSE DE LAS CUCHILLAS;Rionegro;Antioquia;Oficial;6.179;-75.394;G2;S1;;;;178.4;34.1;38;30;37.9;43.6
SAN JOSE DE LAS CUCHILLAS-15;Rionegro;SAN JOSE DE LAS CUCHILLAS;Rionegro;Antioquia;Oficial;6.179;-75.394;G2;S1;;;;172.3;73.2;20;32;24.1;0
SAN JOSE DE LAS CUCHILLAS-14;Rionegro;SAN JOSE DE LAS CUCHILLAS;Rionegro;Antioquia;Oficial;6.179;-75.394;G2;S1;;;;215.2;51.2;28;52;41.4;41.8
SAN JOSE DE LAS CUCHILLAS-13;Rionegro;SAN JOSE DE LAS CUCHILLAS;Rionegro;Antioquia;Oficial;6.179;-75.394;G2;S1;;;;194.6;56.1;28;34;39.7;32.7
SAN JOSE DE LAS CUCHILLAS-12;Rionegro;SAN JOSE DE LAS CUCHILLAS;Rionegro;Antioquia;Oficial;6.179;-75.394;G2;S1;;;;162.2;29.3;28;28;41.4;41.8
SAN JOSE DE LAS CUCHILLAS-11;Rionegro;SAN JOSE DE LAS CUCHILLAS;Rionegro;Antioquia;Oficial;6.179;-75.394;G2;S1;;;;256.2;68.3;36;42;55.2;61.8
SAN JOSE DE LAS CUCHILLAS-10;Rionegro;SAN JOSE DE LAS CUCHILLAS;Rionegro;Antioquia;Oficial;6.179;-75.394;G2;S1;;;;139.8;39;28;18;25.9;30.9
SAN JOSE DE LAS CUCHILLAS-9;Rionegro;SAN JOSE DE LAS CUCHILLAS;Rionegro;Antioquia;Oficial;6.179;-75.394;G2;S1;;;;119.2;22;20;24;25.9;34.5
SAN JOSE DE LAS CUCHILLAS-7;Rionegro;SAN JOSE DE LAS CUCHILLAS;Rionegro;Antioquia;Oficial;6.179;-75.394;G2;S1;;;;121;34.1;24;22;13.8;32.7
SAN JOSE DE LAS CUCHILLAS-6;Rionegro;SAN JOSE DE LAS CUCHILLAS;Rionegro;Antioquia;Oficial;6.179;-75.394;G2;S1;;;;164.1;41.5;30;20;36.2;43.6
SAN JOSE DE LAS CUCHILLAS-5;Rionegro;SAN JOSE DE LAS CUCHILLAS;Rionegro;Antioquia;Oficial;6.179;-75.394;G2;S1;;;;220.2;53.7;40;30;56.9;30.9
SAN JOSE DE LAS CUCHILLAS-4;Rionegro;SAN JOSE DE LAS CUCHILLAS;Rionegro;Antioquia;Oficial;6.179;-75.394;G2;S1;;;;186.2;51.2;22;38;36.2;41.8
SAN JOSE DE LAS CUCHILLAS-3;Rionegro;SAN JOSE DE LAS CUCHILLAS;Rionegro;Antioquia;Oficial;6.179;-75.394;G2;S1;;;;135.4;29.3;34;32;17.2;14.5
SAN JOSE DE LAS CUCHILLAS-2;Rionegro;SAN JOSE DE LAS CUCHILLAS;Rionegro;Antioquia;Oficial;6.179;-75.394;G2;S1;;;;196.5;56.1;18;34;48.3;41.8
SANTA BARBARA-35;Rionegro;SANTA BARBARA;Rionegro;Antioquia;Oficial;6.198;-75.368;G1;S1;;;;138;31.7;26;22;24.1;47.3
SANTA BARBARA-34;Rionegro;SANTA BARBARA;Rionegro;Antioquia;Oficial;6.198;-75.368;G1;S1;;;;185.3;46.3;24;38;41.4;32.7
SANTA BARBARA-33;Rionegro;SANTA BARBARA;Rionegro;Antioquia;Oficial;6.198;-75.368;G1;S1;;;;156.2;36.6;22;22;39.7;45.5
SANTA BARBARA-32;Rionegro;SANTA BARBARA;Rionegro;Antioquia;Oficial;6.198;-75.368;G1;S1;;;;172;48.8;26;32;24.1;54.5
SANTA BARBARA-31;Rionegro;SANTA BARBARA;Rionegro;Antioquia;Oficial;6.198;-75.368;G1;S1;;;;205.8;51.2;34;50;31;36.4
SANTA BARBARA-30;Rionegro;SANTA BARBARA;Rionegro;Antioquia;Oficial;6.198;-75.368;G1;S1;;;;306.3;68.3;38;82;51.7;76.4
SANTA BARBARA-29;Rionegro;SANTA BARBARA;Rionegro;Antioquia;Oficial;6.198;-75.368;G1;S1;;;;40.4;0;10;6;6.9;36.4
SANTA BARBARA-28;Rionegro;SANTA BARBARA;Rionegro;Antioquia;Oficial;6.198;-75.368;G1;S1;;;;208.7;61;20;48;37.9;41.8
SANTA BARBARA-26;Rionegro;SANTA BARBARA;Rionegro;Antioquia;Oficial;6.198;-75.368;G1;S1;;;;187.6;36.6;30;36;44.8;45.5
SANTA BARBARA-25;Rionegro;SANTA BARBARA;Rionegro;Antioquia;Oficial;6.198;-75.368;G1;S1;;;;175.8;41.5;32;34;32.8;36.4
SANTA BARBARA-24;Rionegro;SANTA BARBARA;Rionegro;Antioquia;Oficial;6.198;-75.368;G1;S1;;;;246.2;63.4;42;44;50;41.8
SANTA BARBARA-23;Rionegro;SANTA BARBARA;Rionegro;Antioquia;Oficial;6.198;-75.368;G1;S1;;;;256.5;70.7;32;74;31;43.6
SANTA BARBARA-22;Rionegro;SANTA BARBARA;Rionegro;Antioquia;Oficial;6.198;-75.368;G1;S1;;;;153.5;48.8;26;18;29.3;32.7
SANTA BARBARA-21;Rionegro;SANTA BARBARA;Rionegro;Antioquia;Oficial;6.198;-75.368;G1;S1;;;;174.6;51.2;26;34;31;27.3
SANTA BARBARA-20;Rionegro;SANTA BARBARA;Rionegro;Antioquia;Oficial;6.198;-75.368;G1;S1;;;;185.6;48.8;42;24;32.8;40
SANTA BARBARA-19;Rionegro;SANTA BARBARA;Rionegro;Antioquia;Oficial;6.198;-75.368;G1;S1;;;;186.8;39;26;38;43.1;47.3
SANTA BARBARA-17;Rionegro;SANTA BARBARA;Rionegro;Antioquia;Oficial;6.198;-75.368;G2;S1;;;;155.9;41.5;28;24;25.9;47.3
SANTA BARBARA-16;Rionegro;SANTA BARBARA;Rionegro;Antioquia;Oficial;6.198;-75.368;G2;S1;;;;169.7;46.3;20;38;27.6;45.5
SANTA BARBARA-15;Rionegro;SANTA BARBARA;Rionegro;Antioquia;Oficial;6.198;-75.368;G2;S1;;;;162.5;39;24;26;39.7;36.4
SANTA BARBARA-14;Rionegro;SANTA BARBARA;Rionegro;Antioquia;Oficial;6.198;-75.368;G2;S1;;;;153.4;39;24;22;32.8;45.5
SANTA BARBARA-13;Rionegro;SANTA BARBARA;Rionegro;Antioquia;Oficial;6.198;-75.368;G2;S1;;;;115.4;58.5;16;10;15.5;0
SANTA BARBARA-12;Rionegro;SANTA BARBARA;Rionegro;Antioquia;Oficial;6.198;-75.368;G2;S1;;;;163.9;41.5;32;22;34.5;36.4
SANTA BARBARA-11;Rionegro;SANTA BARBARA;Rionegro;Antioquia;Oficial;6.198;-75.368;G2;S1;;;;193.8;70.7;28;34;20.7;43.6
SANTA BARBARA-10;Rionegro;SANTA BARBARA;Rionegro;Antioquia;Oficial;6.198;-75.368;G2;S1;;;;169.7;46.3;32;34;19;47.3
SANTA BARBARA-9;Rionegro;SANTA BARBARA;Rionegro;Antioquia;Oficial;6.198;-75.368;G2;S1;;;;229.9;75.6;46;24;39.7;41.8
SANTA BARBARA-8;Rionegro;SANTA BARBARA;Rionegro;Antioquia;Oficial;6.198;-75.368;G2;S1;;;;229.4;63.4;34;50;36.2;45.5
SANTA BARBARA-7;Rionegro;SANTA BARBARA;Rionegro;Antioquia;Oficial;6.198;-75.368;G2;S1;;;;55.9;0;14;14;13.8;20
SANTA BARBARA-6;Rionegro;SANTA BARBARA;Rionegro;Antioquia;Oficial;6.198;-75.368;G2;S1;;;;151.8;48.8;28;22;20.7;36.4
SANTA BARBARA-5;Rionegro;SANTA BARBARA;Rionegro;Antioquia;Oficial;6.198;-75.368;G2;S1;;;;154;41.5;34;26;24.1;23.6
SANTA BARBARA-4;Rionegro;SANTA BARBARA;Rionegro;Antioquia;Oficial;6.198;-75.368;G2;S1;;;;102.2;24.4;10;22;20.7;34.5
SANTA BARBARA-3;Rionegro;SANTA BARBARA;Rionegro;Antioquia;Oficial;6.198;-75.368;G2;S1;;;;221.8;61;26;56;31;54.5
SANTA BARBARA-2;Rionegro;SANTA BARBARA;Rionegro;Antioquia;Oficial;6.198;-75.368;G2;S1;;;;170.4;43.9;24;28;39.7;36.4
SANTA BARBARA-1;Rionegro;SANTA BARBARA;Rionegro;Antioquia;Oficial;6.198;-75.368;G2;S1;;;;209.8;46.3;30;36;48.3;63.6
TECNICO INDUSTRIAL-101;Rionegro;TECNICO INDUSTRIAL;Rionegro;Antioquia;Oficial;6.145;-75.374;G1;S1;;;;418.5;80.5;84;84;84.5;89.1
TECNICO INDUSTRIAL-100;Rionegro;TECNICO INDUSTRIAL;Rionegro;Antioquia;Oficial;6.145;-75.374;G1;S1;;;;257.5;61;48;46;50;54.5
TECNICO INDUSTRIAL-99;Rionegro;TECNICO INDUSTRIAL;Rionegro;Antioquia;Oficial;6.145;-75.374;G1;S1;;;;247.1;51.2;44;56;46.6;49.1
TECNICO INDUSTRIAL-98;Rionegro;TECNICO INDUSTRIAL;Rionegro;Antioquia;Oficial;6.145;-75.374;G1;S1;;;;290.4;73.2;42;56;56.9;70.9
TECNICO INDUSTRIAL-97;Rionegro;TECNICO INDUSTRIAL;Rionegro;Antioquia;Oficial;6.145;-75.374;G1;S1;;;;323.3;36.6;56;88;74.1;76.4
TECNICO INDUSTRIAL-96;Rionegro;TECNICO INDUSTRIAL;Rionegro;Antioquia;Oficial;6.145;-75.374;G1;S1;;;;235.5;39;42;56;48.3;56.4
TECNICO INDUSTRIAL-95;Rionegro;TECNICO INDUSTRIAL;Rionegro;Antioquia;Oficial;6.145;-75.374;G1;S1;;;;261.3;63.4;38;48;53.4;70.9
TECNICO INDUSTRIAL-94;Rionegro;TECNICO INDUSTRIAL;Rionegro;Antioquia;Oficial;6.145;-75.374;G1;S1;;;;262.8;65.9;52;32;50;83.6
TECNICO INDUSTRIAL-93;Rionegro;TECNICO INDUSTRIAL;Rionegro;Antioquia;Oficial;6.145;-75.374;G1;S1;;;;277.6;51.2;44;64;53.4;83.6
TECNICO INDUSTRIAL-92;Rionegro;TECNICO INDUSTRIAL;Rionegro;Antioquia;Oficial;6.145;-75.374;G1;S1;;;;370.1;80.5;52;88;72.4;83.6
TECNICO INDUSTRIAL-91;Rionegro;TECNICO INDUSTRIAL;Rionegro;Antioquia;Oficial;6.145;-75.374;G1;S1;;;;200.9;51.2;38;30;37.9;50.9
TECNICO INDUSTRIAL-90;Rionegro;TECNICO INDUSTRIAL;Rionegro;Antioquia;Oficial;6.145;-75.374;G1;S1;;;;262.8;56.1;54;44;50;70.9
TECNICO INDUSTRIAL-89;Rionegro;TECNICO INDUSTRIAL;Rionegro;Antioquia;Oficial;6.145;-75.374;G1;S1;;;;366.5;51.2;70;94;77.6;74.5
TECNICO INDUSTRIAL-88;Rionegro;TECNICO INDUSTRIAL;Rionegro;Antioquia;Oficial;6.145;-75.374;G1;S1;;;;255.3;46.3;42;62;55.2;47.3
TECNICO INDUSTRIAL-87;Rionegro;TECNICO INDUSTRIAL;Rionegro;Antioquia;Oficial;6.145;-75.374;G1;S1;;;;244.6;26.8;36;68;56.9;72.7
TECNICO INDUSTRIAL-86;Rionegro;TECNICO INDUSTRIAL;Rionegro;Antioquia;Oficial;6.145;-75.374;G1;S1;;;;240.3;48.8;46;22;67.2;72.7
TECNICO INDUSTRIAL-85;Rionegro;TECNICO INDUSTRIAL;Rionegro;Antioquia;Oficial;6.145;-75.374;G1;S1;;;;316.2;70.7;44;76;62.1;63.6
TECNICO INDUSTRIAL-84;Rionegro;TECNICO INDUSTRIAL;Rionegro;Antioquia;Oficial;6.145;-75.374;G1;S1;;;;236;39;44;38;58.6;74.5
TECNICO INDUSTRIAL-83;Rionegro;TECNICO INDUSTRIAL;Rionegro;Antioquia;Oficial;6.145;-75.374;G1;S1;;;;310.5;65.9;52;68;62.1;63.6
TECNICO INDUSTRIAL-82;Rionegro;TECNICO INDUSTRIAL;Rionegro;Antioquia;Oficial;6.145;-75.374;G1;S1;;;;265.3;34.1;48;60;69;56.4
TECNICO INDUSTRIAL-81;Rionegro;TECNICO INDUSTRIAL;Rionegro;Antioquia;Oficial;6.145;-75.374;G1;S1;;;;209.3;46.3;30;48;31;78.2
TECNICO INDUSTRIAL-80;Rionegro;TECNICO INDUSTRIAL;Rionegro;Antioquia;Oficial;6.145;-75.374;G1;S1;;;;261.4;58.5;60;46;41.4;61.8
TECNICO INDUSTRIAL-79;Rionegro;TECNICO INDUSTRIAL;Rionegro;Antioquia;Oficial;6.145;-75.374;G1;S1;;;;324;68.3;58;70;62.1;67.3
TECNICO INDUSTRIAL-78;Rionegro;TECNICO INDUSTRIAL;Rionegro;Antioquia;Oficial;6.145;-75.374;G1;S1;;;;298.2;65.9;44;76;46.6;78.2
TECNICO INDUSTRIAL-77;Rionegro;TECNICO INDUSTRIAL;Rionegro;Antioquia;Oficial;6.145;-75.374;G1;S1;;;;380.3;82.9;70;78;69;89.1
TECNICO INDUSTRIAL-76;Rionegro;TECNICO INDUSTRIAL;Rionegro;Antioquia;Oficial;6.145;-75.374;G1;S1;;;;231.9;65.9;38;52;27.6;52.7
TECNICO INDUSTRIAL-75;Rionegro;TECNICO INDUSTRIAL;Rionegro;Antioquia;Oficial;6.145;-75.374;G1;S1;;;;153.5;31.7;28;44;29.3;0
TECNICO INDUSTRIAL-74;Rionegro;TECNICO INDUSTRIAL;Rionegro;Antioquia;Oficial;6.145;-75.374;G1;S1;;;;256.7;34.1;52;46;65.5;74.5
TECNICO INDUSTRIAL-73;Rionegro;TECNICO INDUSTRIAL;Rionegro;Antioquia;Oficial;6.145;-75.374;G1;S1;;;;295.7;53.7;48;66;63.8;74.5
TECNICO INDUSTRIAL-72;Rionegro;TECNICO INDUSTRIAL;Rionegro;Antioquia;Oficial;6.145;-75.374;G1;S1;;;;237.6;24.4;46;66;48.3;63.6
TECNICO INDUSTRIAL-71;Rionegro;TECNICO INDUSTRIAL;Rionegro;Antioquia;Oficial;6.145;-75.374;G1;S1;;;;316.9;63.4;64;72;53.4;65.5
TECNICO INDUSTRIAL-70;Rionegro;TECNICO INDUSTRIAL;Rionegro;Antioquia;Oficial;6.145;-75.374;G1;S1;;;;286.5;75.6;32;68;56.9;47.3
TECNICO INDUSTRIAL-69;Rionegro;TECNICO INDUSTRIAL;Rionegro;Antioquia;Oficial;6.145;-75.374;G1;S1;;;;171.7;31.7;24;20;48.3;74.5
TECNICO INDUSTRIAL-68;Rionegro;TECNICO INDUSTRIAL;Rionegro;Antioquia;Oficial;6.145;-75.374;G2;S1;;;;286;68.3;30;74;48.3;81.8
TECNICO INDUSTRIAL-67;Rionegro;TECNICO INDUSTRIAL;Rionegro;Antioquia;Oficial;6.145;-75.374;G2;S1;;;;289.4;58.5;56;64;53.4;56.4
TECNICO INDUSTRIAL-66;Rionegro;TECNICO INDUSTRIAL;Rionegro;Antioquia;Oficial;6.145;-75.374;G2;S1;;;;273.3;68.3;46;44;48.3;90.9
TECNICO INDUSTRIAL-65;Rionegro;TECNICO INDUSTRIAL;Rionegro;Antioquia;Oficial;6.145;-75.374;G2;S1;;;;133.4;51.2;28;14;22.4;0
TECNICO INDUSTRIAL-64;Rionegro;TECNICO INDUSTRIAL;Rionegro;Antioquia;Oficial;6.145;-75.374;G2;S1;;;;333.8;68.3;48;82;65.5;76.4
TECNICO INDUSTRIAL-63;Rionegro;TECNICO INDUSTRIAL;Rionegro;Antioquia;Oficial;6.145;-75.374;G2;S1;;;;343.2;75.6;50;76;65.5;90.9
TECNICO INDUSTRIAL-62;Rionegro;TECNICO INDUSTRIAL;Rionegro;Antioquia;Oficial;6.145;-75.374;G2;S1;;;;299;65.9;42;74;50;81.8
TECNICO INDUSTRIAL-61;Rionegro;TECNICO INDUSTRIAL;Rionegro;Antioquia;Oficial;6.145;-75.374;G2;S1;;;;220.7;56.1;32;38;37.9;81.8
TECNICO INDUSTRIAL-60;Rionegro;TECNICO INDUSTRIAL;Rionegro;Antioquia;Oficial;6.145;-75.374;G2;S1;;;;173.4;61;34;26;29.3;0
TECNICO INDUSTRIAL-59;Rionegro;TECNICO INDUSTRIAL;Rionegro;Antioquia;Oficial;6.145;-75.374;G2;S1;;;;295.9;70.7;52;48;72.4;40
TECNICO INDUSTRIAL-58;Rionegro;TECNICO INDUSTRIAL;Rionegro;Antioquia;Oficial;6.145;-75.374;G2;S1;;;;374.3;75.6;72;80;70.7;78.2
TECNICO INDUSTRIAL-57;Rionegro;TECNICO INDUSTRIAL;Rionegro;Antioquia;Oficial;6.145;-75.374;G2;S1;;;;290.6;46.3;70;58;56.9;61.8
TECNICO INDUSTRIAL-56;Rionegro;TECNICO INDUSTRIAL;Rionegro;Antioquia;Oficial;6.145;-75.374;G2;S1;;;;309.6;68.3;42;72;56.9;87.3
TECNICO INDUSTRIAL-55;Rionegro;TECNICO INDUSTRIAL;Rionegro;Antioquia;Oficial;6.145;-75.374;G2;S1;;;;228;48.8;50;40;43.1;47.3
TECNICO INDUSTRIAL-54;Rionegro;TECNICO INDUSTRIAL;Rionegro;Antioquia;Oficial;6.145;-75.374;G2;S1;;;;260.2;43.9;56;56;46.6;69.1
TECNICO INDUSTRIAL-53;Rionegro;TECNICO INDUSTRIAL;Rionegro;Antioquia;Oficial;6.145;-75.374;G2;S1;;;;237.6;58.5;50;42;39.7;47.3
TECNICO INDUSTRIAL-51;Rionegro;TECNICO INDUSTRIAL;Rionegro;Antioquia;Oficial;6.145;-75.374;G2;S1;;;;285.2;65.9;40;68;55.2;54.5
TECNICO INDUSTRIAL-50;Rionegro;TECNICO INDUSTRIAL;Rionegro;Antioquia;Oficial;6.145;-75.374;G2;S1;;;;318.3;68.3;40;74;62.1;94.5
TECNICO INDUSTRIAL-49;Rionegro;TECNICO INDUSTRIAL;Rionegro;Antioquia;Oficial;6.145;-75.374;G2;S1;;;;257.6;53.7;56;32;60.3;63.6
TECNICO INDUSTRIAL-47;Rionegro;TECNICO INDUSTRIAL;Rionegro;Antioquia;Oficial;6.145;-75.374;G2;S1;;;;203.7;43.9;36;28;53.4;45.5
TECNICO INDUSTRIAL-46;Rionegro;TECNICO INDUSTRIAL;Rionegro;Antioquia;Oficial;6.145;-75.374;G2;S1;;;;261.2;63.4;34;52;55.2;65.5
TECNICO INDUSTRIAL-45;Rionegro;TECNICO INDUSTRIAL;Rionegro;Antioquia;Oficial;6.145;-75.374;G2;S1;;;;207.2;46.3;22;50;44.8;49.1
TECNICO INDUSTRIAL-44;Rionegro;TECNICO INDUSTRIAL;Rionegro;Antioquia;Oficial;6.145;-75.374;G2;S1;;;;249;75.6;56;48;36.2;0
TECNICO INDUSTRIAL-43;Rionegro;TECNICO INDUSTRIAL;Rionegro;Antioquia;Oficial;6.145;-75.374;G2;S1;;;;268.4;58.5;58;40;60.3;47.3
TECNICO INDUSTRIAL-40;Rionegro;TECNICO INDUSTRIAL;Rionegro;Antioquia;Oficial;6.145;-75.374;G2;S1;;;;240.5;53.7;42;56;36.2;61.8
TECNICO INDUSTRIAL-39;Rionegro;TECNICO INDUSTRIAL;Rionegro;Antioquia;Oficial;6.145;-75.374;G2;S1;;;;305;70.7;44;62;60.3;81.8
TECNICO INDUSTRIAL-38;Rionegro;TECNICO INDUSTRIAL;Rionegro;Antioquia;Oficial;6.145;-75.374;G2;S1;;;;248.9;48.8;38;68;37.9;69.1
TECNICO INDUSTRIAL-37;Rionegro;TECNICO INDUSTRIAL;Rionegro;Antioquia;Oficial;6.145;-75.374;G2;S1;;;;191.8;34.1;42;34;37.9;54.5
TECNICO INDUSTRIAL-36;Rionegro;TECNICO INDUSTRIAL;Rionegro;Antioquia;Oficial;6.145;-75.374;G2;S1;;;;249.6;61;42;48;46.6;56.4
TECNICO INDUSTRIAL-35;Rionegro;TECNICO INDUSTRIAL;Rionegro;Antioquia;Oficial;6.145;-75.374;G3;S1;;;;266.1;68.3;44;52;50;49.1
TECNICO INDUSTRIAL-34;Rionegro;TECNICO INDUSTRIAL;Rionegro;Antioquia;Oficial;6.145;-75.374;G3;S1;;;;169.2;29.3;44;28;34.5;32.7
TECNICO INDUSTRIAL-33;Rionegro;TECNICO INDUSTRIAL;Rionegro;Antioquia;Oficial;6.145;-75.374;G3;S1;;;;169.6;26.8;34;36;36.2;41.8
TECNICO INDUSTRIAL-32;Rionegro;TECNICO INDUSTRIAL;Rionegro;Antioquia;Oficial;6.145;-75.374;G3;S1;;;;303.5;48.8;58;70;63.8;67.3
TECNICO INDUSTRIAL-31;Rionegro;TECNICO INDUSTRIAL;Rionegro;Antioquia;Oficial;6.145;-75.374;G3;S1;;;;298.6;73.2;50;70;41.4;72.7
TECNICO INDUSTRIAL-30;Rionegro;TECNICO INDUSTRIAL;Rionegro;Antioquia;Oficial;6.145;-75.374;G3;S1;;;;253;58.5;38;48;51.7;69.1
TECNICO INDUSTRIAL-29;Rionegro;TECNICO INDUSTRIAL;Rionegro;Antioquia;Oficial;6.145;-75.374;G3;S1;;;;279.6;51.2;54;52;62.1;69.1
TECNICO INDUSTRIAL-28;Rionegro;TECNICO INDUSTRIAL;Rionegro;Antioquia;Oficial;6.145;-75.374;G3;S1;;;;159.7;34.1;48;20;24.1;36.4
TECNICO INDUSTRIAL-27;Rionegro;TECNICO INDUSTRIAL;Rionegro;Antioquia;Oficial;6.145;-75.374;G3;S1;;;;279.3;58.5;48;58;56.9;61.8
TECNICO INDUSTRIAL-26;Rionegro;TECNICO INDUSTRIAL;Rionegro;Antioquia;Oficial;6.145;-75.374;G3;S1;;;;370.9;70.7;72;78;75.9;74.5
TECNICO INDUSTRIAL-25;Rionegro;TECNICO INDUSTRIAL;Rionegro;Antioquia;Oficial;6.145;-75.374;G3;S1;;;;286.7;68.3;44;62;51.7;67.3
TECNICO INDUSTRIAL-24;Rionegro;TECNICO INDUSTRIAL;Rionegro;Antioquia;Oficial;6.145;-75.374;G3;S1;;;;243.8;61;36;44;55.2;45.5
TECNICO INDUSTRIAL-23;Rionegro;TECNICO INDUSTRIAL;Rionegro;Antioquia;Oficial;6.145;-75.374;G3;S1;;;;328.2;61;58;68;69;85.5
TECNICO INDUSTRIAL-22;Rionegro;TECNICO INDUSTRIAL;Rionegro;Antioquia;Oficial;6.145;-75.374;G3;S1;;;;252.3;56.1;38;42;63.8;56.4
TECNICO INDUSTRIAL-21;Rionegro;TECNICO INDUSTRIAL;Rionegro;Antioquia;Oficial;6.145;-75.374;G3;S1;;;;223.3;56.1;38;34;44.8;61.8
TECNICO INDUSTRIAL-20;Rionegro;TECNICO INDUSTRIAL;Rionegro;Antioquia;Oficial;6.145;-75.374;G3;S1;;;;233.6;36.6;36;44;70.7;45.5
TECNICO INDUSTRIAL-19;Rionegro;TECNICO INDUSTRIAL;Rionegro;Antioquia;Oficial;6.145;-75.374;G3;S1;;;;282.8;65.9;46;62;50;63.6
TECNICO INDUSTRIAL-18;Rionegro;TECNICO INDUSTRIAL;Rionegro;Antioquia;Oficial;6.145;-75.374;G3;S1;;;;203.4;43.9;24;40;46.6;65.5
TECNICO INDUSTRIAL-17;Rionegro;TECNICO INDUSTRIAL;Rionegro;Antioquia;Oficial;6.145;-75.374;G3;S1;;;;250.5;58.5;40;52;46.6;60
TECNICO INDUSTRIAL-16;Rionegro;TECNICO INDUSTRIAL;Rionegro;Antioquia;Oficial;6.145;-75.374;G3;S1;;;;204.2;58.5;38;24;43.1;40
TECNICO INDUSTRIAL-14;Rionegro;TECNICO INDUSTRIAL;Rionegro;Antioquia;Oficial;6.145;-75.374;G3;S1;;;;256.9;46.3;40;64;51.7;61.8
TECNICO INDUSTRIAL-13;Rionegro;TECNICO INDUSTRIAL;Rionegro;Antioquia;Oficial;6.145;-75.374;G3;S1;;;;391.3;87.8;70;80;75.9;76.4
TECNICO INDUSTRIAL-12;Rionegro;TECNICO INDUSTRIAL;Rionegro;Antioquia;Oficial;6.145;-75.374;G3;S1;;;;154.6;41.5;30;18;27.6;50.9
TECNICO INDUSTRIAL-11;Rionegro;TECNICO INDUSTRIAL;Rionegro;Antioquia;Oficial;6.145;-75.374;G3;S1;;;;313.2;73.2;50;70;65.5;38.2
TECNICO INDUSTRIAL-10;Rionegro;TECNICO INDUSTRIAL;Rionegro;Antioquia;Oficial;6.145;-75.374;G3;S1;;;;257.5;56.1;42;40;62.1;69.1
TECNICO INDUSTRIAL-9;Rionegro;TECNICO INDUSTRIAL;Rionegro;Antioquia;Oficial;6.145;-75.374;G3;S1;;;;228.6;48.8;44;34;58.6;38.2
TECNICO INDUSTRIAL-8;Rionegro;TECNICO INDUSTRIAL;Rionegro;Antioquia;Oficial;6.145;-75.374;G3;S1;;;;270.7;53.7;52;58;55.2;47.3
TECNICO INDUSTRIAL-7;Rionegro;TECNICO INDUSTRIAL;Rionegro;Antioquia;Oficial;6.145;-75.374;G3;S1;;;;256.2;68.3;52;44;41.4;49.1
TECNICO INDUSTRIAL-6;Rionegro;TECNICO INDUSTRIAL;Rionegro;Antioquia;Oficial;6.145;-75.374;G3;S1;;;;301.2;68.3;44;70;56.9;65.5
TECNICO INDUSTRIAL-5;Rionegro;TECNICO INDUSTRIAL;Rionegro;Antioquia;Oficial;6.145;-75.374;G3;S1;;;;145;39;32;20;20.7;41.8
TECNICO INDUSTRIAL-4;Rionegro;TECNICO INDUSTRIAL;Rionegro;Antioquia;Oficial;6.145;-75.374;G3;S1;;;;296.1;70.7;56;60;51.7;54.5
TECNICO INDUSTRIAL-3;Rionegro;TECNICO INDUSTRIAL;Rionegro;Antioquia;Oficial;6.145;-75.374;G3;S1;;;;221.7;46.3;42;28;55.2;61.8
TECNICO INDUSTRIAL-2;Rionegro;TECNICO INDUSTRIAL;Rionegro;Antioquia;Oficial;6.145;-75.374;G3;S1;;;;236.8;61;48;30;51.7;43.6
TECNICO INDUSTRIAL-1;Rionegro;TECNICO INDUSTRIAL;Rionegro;Antioquia;Oficial;6.145;-75.374;G3;S1;;;;227.5;51.2;44;30;58.6;40
BALTAZAR SALAZAR-17;Rionegro;BALTAZAR SALAZAR;Rionegro;Antioquia;Oficial;6.079;-75.424;G1;S1;;;;229.2;75.6;32;20;53.4;52.7
BALTAZAR SALAZAR-16;Rionegro;BALTAZAR SALAZAR;Rionegro;Antioquia;Oficial;6.079;-75.424;G1;S1;;;;275.1;65.9;28;74;50;61.8
BALTAZAR SALAZAR-15;Rionegro;BALTAZAR SALAZAR;Rionegro;Antioquia;Oficial;6.079;-75.424;G1;S1;;;;138.1;22;36;30;19;38.2
BALTAZAR SALAZAR-14;Rionegro;BALTAZAR SALAZAR;Rionegro;Antioquia;Oficial;6.079;-75.424;G1;S1;;;;320;73.2;42;80;50;96.4
BALTAZAR SALAZAR-13;Rionegro;BALTAZAR SALAZAR;Rionegro;Antioquia;Oficial;6.079;-75.424;G1;S1;;;;259.8;58.5;36;66;48.3;49.1
BALTAZAR SALAZAR-12;Rionegro;BALTAZAR SALAZAR;Rionegro;Antioquia;Oficial;6.079;-75.424;G1;S1;;;;316.1;48.8;52;80;69;72.7
BALTAZAR SALAZAR-11;Rionegro;BALTAZAR SALAZAR;Rionegro;Antioquia;Oficial;6.079;-75.424;G1;S1;;;;153.5;46.3;20;16;37.9;38.2
BALTAZAR SALAZAR-10;Rionegro;BALTAZAR SALAZAR;Rionegro;Antioquia;Oficial;6.079;-75.424;G1;S1;;;;230.5;58.5;44;26;50;63.6
BALTAZAR SALAZAR-9;Rionegro;BALTAZAR SALAZAR;Rionegro;Antioquia;Oficial;6.079;-75.424;G1;S1;;;;314.9;73.2;38;74;58.6;87.3
BALTAZAR SALAZAR-8;Rionegro;BALTAZAR SALAZAR;Rionegro;Antioquia;Oficial;6.079;-75.424;G1;S1;;;;199.1;48.8;32;36;44.8;32.7
BALTAZAR SALAZAR-7;Rionegro;BALTAZAR SALAZAR;Rionegro;Antioquia;Oficial;6.079;-75.424;G1;S1;;;;180.3;56.1;38;24;22.4;47.3
BALTAZAR SALAZAR-6;Rionegro;BALTAZAR SALAZAR;Rionegro;Antioquia;Oficial;6.079;-75.424;G1;S1;;;;278;61;32;74;55.2;56.4
BALTAZAR SALAZAR-5;Rionegro;BALTAZAR SALAZAR;Rionegro;Antioquia;Oficial;6.079;-75.424;G1;S1;;;;218.7;51.2;40;32;50;49.1
BALTAZAR SALAZAR-4;Rionegro;BALTAZAR SALAZAR;Rionegro;Antioquia;Oficial;6.079;-75.424;G1;S1;;;;238;56.1;46;54;36.2;41.8
BALTAZAR SALAZAR-3;Rionegro;BALTAZAR SALAZAR;Rionegro;Antioquia;Oficial;6.079;-75.424;G1;S1;;;;176.8;41.5;24;28;37.9;65.5
BALTAZAR SALAZAR-2;Rionegro;BALTAZAR SALAZAR;Rionegro;Antioquia;Oficial;6.079;-75.424;G1;S1;;;;226;46.3;32;58;41.4;54.5
BALTAZAR SALAZAR-1;Rionegro;BALTAZAR SALAZAR;Rionegro;Antioquia;Oficial;6.079;-75.424;G1;S1;;;;286;63.4;34;66;62.1;67.3
ANA GOMEZ-41;Rionegro;ANA GOMEZ;Rionegro;Antioquia;Oficial;6.187;-75.380;G1;S2;;;;234.2;51.2;46;50;44.8;32.7
ANA GOMEZ-40;Rionegro;ANA GOMEZ;Rionegro;Antioquia;Oficial;6.187;-75.380;G1;S2;;;;185;29.3;40;36;46.6;25.5
ANA GOMEZ-39;Rionegro;ANA GOMEZ;Rionegro;Antioquia;Oficial;6.187;-75.380;G1;S2;;;;261.5;53.7;50;58;53.4;34.5
ANA GOMEZ-38;Rionegro;ANA GOMEZ;Rionegro;Antioquia;Oficial;6.187;-75.380;G1;S2;;;;325.9;61;64;78;53.4;78.2
ANA GOMEZ-37;Rionegro;ANA GOMEZ;Rionegro;Antioquia;Oficial;6.187;-75.380;G1;S2;;;;243.9;41.5;42;60;43.1;74.5
ANA GOMEZ-36;Rionegro;ANA GOMEZ;Rionegro;Antioquia;Oficial;6.187;-75.380;G1;S2;;;;247.2;53.7;46;60;43.1;34.5
ANA GOMEZ-35;Rionegro;ANA GOMEZ;Rionegro;Antioquia;Oficial;6.187;-75.380;G1;S2;;;;188.2;39;34;36;41.4;38.2
ANA GOMEZ-34;Rionegro;ANA GOMEZ;Rionegro;Antioquia;Oficial;6.187;-75.380;G1;S2;;;;171.7;36.6;28;40;34.5;29.1
ANA GOMEZ-33;Rionegro;ANA GOMEZ;Rionegro;Antioquia;Oficial;6.187;-75.380;G1;S2;;;;188.3;48.8;34;40;25.9;43.6
ANA GOMEZ-32;Rionegro;ANA GOMEZ;Rionegro;Antioquia;Oficial;6.187;-75.380;G1;S2;;;;284.2;61;46;80;44.8;43.6
ANA GOMEZ-31;Rionegro;ANA GOMEZ;Rionegro;Antioquia;Oficial;6.187;-75.380;G1;S2;;;;299.2;53.7;50;68;70.7;50.9
ANA GOMEZ-30;Rionegro;ANA GOMEZ;Rionegro;Antioquia;Oficial;6.187;-75.380;G1;S2;;;;341.2;61;66;80;62.1;80
ANA GOMEZ-29;Rionegro;ANA GOMEZ;Rionegro;Antioquia;Oficial;6.187;-75.380;G1;S2;;;;265.4;58.5;36;78;46.6;32.7
ANA GOMEZ-28;Rionegro;ANA GOMEZ;Rionegro;Antioquia;Oficial;6.187;-75.380;G1;S2;;;;193.4;51.2;42;32;34.5;23.6
ANA GOMEZ-27;Rionegro;ANA GOMEZ;Rionegro;Antioquia;Oficial;6.187;-75.380;G1;S2;;;;166.8;46.3;34;32;20.7;34.5
ANA GOMEZ-26;Rionegro;ANA GOMEZ;Rionegro;Antioquia;Oficial;6.187;-75.380;G1;S2;;;;202;48.8;34;40;41.4;32.7
ANA GOMEZ-25;Rionegro;ANA GOMEZ;Rionegro;Antioquia;Oficial;6.187;-75.380;G1;S2;;;;300.2;53.7;46;78;65.5;50.9
ANA GOMEZ-24;Rionegro;ANA GOMEZ;Rionegro;Antioquia;Oficial;6.187;-75.380;G1;S2;;;;210.3;43.9;26;46;50;49.1
ANA GOMEZ-23;Rionegro;ANA GOMEZ;Rionegro;Antioquia;Oficial;6.187;-75.380;G1;S2;;;;234.6;46.3;64;40;39.7;40
ANA GOMEZ-22;Rionegro;ANA GOMEZ;Rionegro;Antioquia;Oficial;6.187;-75.380;G1;S2;;;;192.1;56.1;30;46;25.9;25.5
ANA GOMEZ-21;Rionegro;ANA GOMEZ;Rionegro;Antioquia;Oficial;6.187;-75.380;G1;S2;;;;234.2;56.1;52;28;51.7;45.5
ANA GOMEZ-20;Rionegro;ANA GOMEZ;Rionegro;Antioquia;Oficial;6.187;-75.380;G2;S2;;;;260.3;56.1;30;72;51.7;47.3
ANA GOMEZ-19;Rionegro;ANA GOMEZ;Rionegro;Antioquia;Oficial;6.187;-75.380;G2;S2;;;;201.5;46.3;32;58;31;21.8
ANA GOMEZ-18;Rionegro;ANA GOMEZ;Rionegro;Antioquia;Oficial;6.187;-75.380;G2;S2;;;;255.2;53.7;42;70;37.9;52.7
ANA GOMEZ-17;Rionegro;ANA GOMEZ;Rionegro;Antioquia;Oficial;6.187;-75.380;G2;S2;;;;277.6;51.2;56;84;39.7;29.1
ANA GOMEZ-16;Rionegro;ANA GOMEZ;Rionegro;Antioquia;Oficial;6.187;-75.380;G2;S2;;;;235.1;58.5;28;54;51.7;34.5
ANA GOMEZ-15;Rionegro;ANA GOMEZ;Rionegro;Antioquia;Oficial;6.187;-75.380;G2;S2;;;;243.6;48.8;44;62;44.8;34.5
ANA GOMEZ-14;Rionegro;ANA GOMEZ;Rionegro;Antioquia;Oficial;6.187;-75.380;G2;S2;;;;220.2;48.8;38;46;46.6;34.5
ANA GOMEZ-13;Rionegro;ANA GOMEZ;Rionegro;Antioquia;Oficial;6.187;-75.380;G2;S2;;;;301.2;53.7;52;82;55.2;54.5
ANA GOMEZ-12;Rionegro;ANA GOMEZ;Rionegro;Antioquia;Oficial;6.187;-75.380;G2;S2;;;;169.2;46.3;26;24;32.8;52.7
ANA GOMEZ-11;Rionegro;ANA GOMEZ;Rionegro;Antioquia;Oficial;6.187;-75.380;G2;S2;;;;323.5;56.1;60;80;65.5;56.4
ANA GOMEZ-10;Rionegro;ANA GOMEZ;Rionegro;Antioquia;Oficial;6.187;-75.380;G2;S2;;;;303.7;63.4;42;88;53.4;49.1
ANA GOMEZ-9;Rionegro;ANA GOMEZ;Rionegro;Antioquia;Oficial;6.187;-75.380;G2;S2;;;;315.1;58.5;48;80;69;52.7
ANA GOMEZ-8;Rionegro;ANA GOMEZ;Rionegro;Antioquia;Oficial;6.187;-75.380;G2;S2;;;;213.4;34.1;40;44;53.4;40
ANA GOMEZ-7;Rionegro;ANA GOMEZ;Rionegro;Antioquia;Oficial;6.187;-75.380;G2;S2;;;;376.5;68.3;76;88;65.5;85.5
ANA GOMEZ-6;Rionegro;ANA GOMEZ;Rionegro;Antioquia;Oficial;6.187;-75.380;G2;S2;;;;302.8;61;60;70;56.9;43.6
ANA GOMEZ-5;Rionegro;ANA GOMEZ;Rionegro;Antioquia;Oficial;6.187;-75.380;G2;S2;;;;243.1;63.4;46;66;20.7;43.6
ANA GOMEZ-4;Rionegro;ANA GOMEZ;Rionegro;Antioquia;Oficial;6.187;-75.380;G2;S2;;;;179.2;31.7;48;34;25.9;47.3
ANA GOMEZ-3;Rionegro;ANA GOMEZ;Rionegro;Antioquia;Oficial;6.187;-75.380;G2;S2;;;;278.6;61;46;70;51.7;38.2
JOSE MARIA CORDOBA-39;Rionegro;JOSE MARIA CORDOBA;Rionegro;Antioquia;Oficial;6.246;-75.561;G2;S2;;;;77.9;0;14;30;13.8;29.1
ANA GOMEZ-2;Rionegro;ANA GOMEZ;Rionegro;Antioquia;Oficial;6.187;-75.380;G2;S2;;;;207.4;41.5;26;60;41.4;32.7
ANA GOMEZ-1;Rionegro;ANA GOMEZ;Rionegro;Antioquia;Oficial;6.187;-75.380;G2;S2;;;;210.8;58.5;38;44;27.6;43.6
ANTONIO DONADO-28;Rionegro;ANTONIO DONADO;Rionegro;Antioquia;Oficial;6.143;-75.449;G1;S2;;;;142.5;34.1;16;36;25.9;34.5
ANTONIO DONADO-27;Rionegro;ANTONIO DONADO;Rionegro;Antioquia;Oficial;6.143;-75.449;G1;S2;;;;181.5;51.2;36;28;29.3;38.2
ANTONIO DONADO-26;Rionegro;ANTONIO DONADO;Rionegro;Antioquia;Oficial;6.143;-75.449;G1;S2;;;;318;58.5;52;78;58.6;85.5
ANTONIO DONADO-25;Rionegro;ANTONIO DONADO;Rionegro;Antioquia;Oficial;6.143;-75.449;G1;S2;;;;155.9;41.5;24;26;32.8;32.7
ANTONIO DONADO-24;Rionegro;ANTONIO DONADO;Rionegro;Antioquia;Oficial;6.143;-75.449;G1;S2;;;;173.3;53.7;24;30;31;34.5
ANTONIO DONADO-23;Rionegro;ANTONIO DONADO;Rionegro;Antioquia;Oficial;6.143;-75.449;G1;S2;;;;158.9;36.6;32;26;31;36.4
ANTONIO DONADO-22;Rionegro;ANTONIO DONADO;Rionegro;Antioquia;Oficial;6.143;-75.449;G1;S2;;;;189.5;41.5;32;36;39.7;45.5
ANTONIO DONADO-21;Rionegro;ANTONIO DONADO;Rionegro;Antioquia;Oficial;6.143;-75.449;G1;S2;;;;338;65.9;56;86;62.1;69.1
ANTONIO DONADO-20;Rionegro;ANTONIO DONADO;Rionegro;Antioquia;Oficial;6.143;-75.449;G1;S2;;;;182.3;53.7;32;24;36.2;36.4
ANTONIO DONADO-19;Rionegro;ANTONIO DONADO;Rionegro;Antioquia;Oficial;6.143;-75.449;G1;S2;;;;170.6;36.6;30;30;37.9;40
ANTONIO DONADO-18;Rionegro;ANTONIO DONADO;Rionegro;Antioquia;Oficial;6.143;-75.449;G1;S2;;;;174.1;31.7;48;28;31;36.4
ANTONIO DONADO-17;Rionegro;ANTONIO DONADO;Rionegro;Antioquia;Oficial;6.143;-75.449;G1;S2;;;;213.9;56.1;26;54;29.3;60
ANTONIO DONADO-16;Rionegro;ANTONIO DONADO;Rionegro;Antioquia;Oficial;6.143;-75.449;G1;S2;;;;139.7;41.5;28;20;20.7;32.7
ANTONIO DONADO-15;Rionegro;ANTONIO DONADO;Rionegro;Antioquia;Oficial;6.143;-75.449;G1;S2;;;;158.9;36.6;32;30;27.6;34.5
ANTONIO DONADO-14;Rionegro;ANTONIO DONADO;Rionegro;Antioquia;Oficial;6.143;-75.449;G1;S2;;;;227.1;56.1;24;74;17.2;76.4
ANTONIO DONADO-13;Rionegro;ANTONIO DONADO;Rionegro;Antioquia;Oficial;6.143;-75.449;G1;S2;;;;255.9;56.1;54;64;36.2;34.5
ANTONIO DONADO-12;Rionegro;ANTONIO DONADO;Rionegro;Antioquia;Oficial;6.143;-75.449;G1;S2;;;;276.6;53.7;36;74;60.3;47.3
ANTONIO DONADO-11;Rionegro;ANTONIO DONADO;Rionegro;Antioquia;Oficial;6.143;-75.449;G1;S2;;;;324.9;58.5;62;86;56.9;54.5
ANTONIO DONADO-10;Rionegro;ANTONIO DONADO;Rionegro;Antioquia;Oficial;6.143;-75.449;G1;S2;;;;217.6;51.2;32;68;25.9;34.5
ANTONIO DONADO-9;Rionegro;ANTONIO DONADO;Rionegro;Antioquia;Oficial;6.143;-75.449;G1;S2;;;;240.4;53.7;26;74;31;70.9
ANTONIO DONADO-8;Rionegro;ANTONIO DONADO;Rionegro;Antioquia;Oficial;6.143;-75.449;G1;S2;;;;156.2;41.5;28;22;27.6;49.1
ANTONIO DONADO-7;Rionegro;ANTONIO DONADO;Rionegro;Antioquia;Oficial;6.143;-75.449;G1;S2;;;;150.5;31.7;40;18;31;29.1
ANTONIO DONADO-6;Rionegro;ANTONIO DONADO;Rionegro;Antioquia;Oficial;6.143;-75.449;G1;S2;;;;129.2;48.8;20;14;20.7;25.5
ANTONIO DONADO-5;Rionegro;ANTONIO DONADO;Rionegro;Antioquia;Oficial;6.143;-75.449;G1;S2;;;;171.8;41.5;26;32;37.9;34.5
ANTONIO DONADO-4;Rionegro;ANTONIO DONADO;Rionegro;Antioquia;Oficial;6.143;-75.449;G1;S2;;;;66.8;43.9;14;0;0;0
ANTONIO DONADO-3;Rionegro;ANTONIO DONADO;Rionegro;Antioquia;Oficial;6.143;-75.449;G1;S2;;;;161.4;41.5;32;26;25.9;43.6
ANTONIO DONADO-2;Rionegro;ANTONIO DONADO;Rionegro;Antioquia;Oficial;6.143;-75.449;G1;S2;;;;131.1;51.2;10;30;22.4;0
ANTONIO DONADO-1;Rionegro;ANTONIO DONADO;Rionegro;Antioquia;Oficial;6.143;-75.449;G1;S2;;;;162.5;41.5;30;34;29.3;18.2
BARRO BLANCO-42;Rionegro;BARRO BLANCO;Rionegro;Antioquia;Oficial;6.153;-75.407;G1;S2;;;;175.7;46.3;26;22;48.3;29.1
BARRO BLANCO-41;Rionegro;BARRO BLANCO;Rionegro;Antioquia;Oficial;6.153;-75.407;G1;S2;;;;217.6;48.8;28;34;51.7;78.2
BARRO BLANCO-40;Rionegro;BARRO BLANCO;Rionegro;Antioquia;Oficial;6.153;-75.407;G1;S2;;;;178.9;34.1;46;36;31;23.6
BARRO BLANCO-39;Rionegro;BARRO BLANCO;Rionegro;Antioquia;Oficial;6.153;-75.407;G1;S2;;;;277.4;48.8;60;50;58.6;69.1
BARRO BLANCO-38;Rionegro;BARRO BLANCO;Rionegro;Antioquia;Oficial;6.153;-75.407;G1;S2;;;;225.5;63.4;46;20;44.8;63.6
BARRO BLANCO-37;Rionegro;BARRO BLANCO;Rionegro;Antioquia;Oficial;6.153;-75.407;G1;S2;;;;374.2;65.9;72;86;69;94.5
BARRO BLANCO-36;Rionegro;BARRO BLANCO;Rionegro;Antioquia;Oficial;6.153;-75.407;G1;S2;;;;229.7;53.7;44;52;37.9;34.5
BARRO BLANCO-35;Rionegro;BARRO BLANCO;Rionegro;Antioquia;Oficial;6.153;-75.407;G1;S2;;;;266.9;53.7;44;64;56.9;38.2
BARRO BLANCO-34;Rionegro;BARRO BLANCO;Rionegro;Antioquia;Oficial;6.153;-75.407;G1;S2;;;;191.8;46.3;24;34;43.1;56.4
BARRO BLANCO-33;Rionegro;BARRO BLANCO;Rionegro;Antioquia;Oficial;6.153;-75.407;G1;S2;;;;193.3;46.3;32;34;43.1;36.4
BARRO BLANCO-32;Rionegro;BARRO BLANCO;Rionegro;Antioquia;Oficial;6.153;-75.407;G1;S2;;;;101.2;0;24;28;22.4;40
BARRO BLANCO-31;Rionegro;BARRO BLANCO;Rionegro;Antioquia;Oficial;6.153;-75.407;G1;S2;;;;299.1;46.3;54;80;53.4;76.4
BARRO BLANCO-30;Rionegro;BARRO BLANCO;Rionegro;Antioquia;Oficial;6.153;-75.407;G1;S2;;;;242;63.4;52;32;34.5;83.6
BARRO BLANCO-29;Rionegro;BARRO BLANCO;Rionegro;Antioquia;Oficial;6.153;-75.407;G1;S2;;;;311;58.5;64;56;65.5;76.4
BARRO BLANCO-28;Rionegro;BARRO BLANCO;Rionegro;Antioquia;Oficial;6.153;-75.407;G1;S2;;;;173.2;43.9;28;30;37.9;30.9
BARRO BLANCO-27;Rionegro;BARRO BLANCO;Rionegro;Antioquia;Oficial;6.153;-75.407;G1;S2;;;;319.5;61;64;82;51.7;54.5
BARRO BLANCO-26;Rionegro;BARRO BLANCO;Rionegro;Antioquia;Oficial;6.153;-75.407;G1;S2;;;;75.4;0;20;10;19;49.1
BARRO BLANCO-25;Rionegro;BARRO BLANCO;Rionegro;Antioquia;Oficial;6.153;-75.407;G1;S2;;;;269.9;56.1;64;70;29.3;43.6
BARRO BLANCO-24;Rionegro;BARRO BLANCO;Rionegro;Antioquia;Oficial;6.153;-75.407;G1;S2;;;;209.6;53.7;20;62;34.5;34.5
BARRO BLANCO-23;Rionegro;BARRO BLANCO;Rionegro;Antioquia;Oficial;6.153;-75.407;G1;S2;;;;229;43.9;30;66;48.3;30.9
BARRO BLANCO-22;Rionegro;BARRO BLANCO;Rionegro;Antioquia;Oficial;6.153;-75.407;G1;S2;;;;337.6;68.3;56;74;70.7;70.9
BARRO BLANCO-21;Rionegro;BARRO BLANCO;Rionegro;Antioquia;Oficial;6.153;-75.407;G1;S2;;;;229.2;53.7;46;36;44.8;54.5
BARRO BLANCO-20;Rionegro;BARRO BLANCO;Rionegro;Antioquia;Oficial;6.153;-75.407;G1;S2;;;;230.2;43.9;48;48;41.4;54.5
BARRO BLANCO-19;Rionegro;BARRO BLANCO;Rionegro;Antioquia;Oficial;6.153;-75.407;G1;S2;;;;286.4;61;40;66;55.2;78.2
BARRO BLANCO-18;Rionegro;BARRO BLANCO;Rionegro;Antioquia;Oficial;6.153;-75.407;G2;S2;;;;178.6;34.1;38;24;36.2;67.3
BARRO BLANCO-17;Rionegro;BARRO BLANCO;Rionegro;Antioquia;Oficial;6.153;-75.407;G2;S2;;;;167.7;41.5;30;32;32.8;27.3
BARRO BLANCO-16;Rionegro;BARRO BLANCO;Rionegro;Antioquia;Oficial;6.153;-75.407;G2;S2;;;;240.1;43.9;48;52;44.8;58.2
BARRO BLANCO-15;Rionegro;BARRO BLANCO;Rionegro;Antioquia;Oficial;6.153;-75.407;G2;S2;;;;219.1;43.9;42;42;51.7;30.9
BARRO BLANCO-14;Rionegro;BARRO BLANCO;Rionegro;Antioquia;Oficial;6.153;-75.407;G2;S2;;;;157.1;43.9;28;24;29.3;32.7
BARRO BLANCO-13;Rionegro;BARRO BLANCO;Rionegro;Antioquia;Oficial;6.153;-75.407;G2;S2;;;;226.8;48.8;48;44;44.8;32.7
BARRO BLANCO-12;Rionegro;BARRO BLANCO;Rionegro;Antioquia;Oficial;6.153;-75.407;G2;S2;;;;206.8;46.3;32;54;29.3;52.7
BARRO BLANCO-11;Rionegro;BARRO BLANCO;Rionegro;Antioquia;Oficial;6.153;-75.407;G2;S2;;;;216.5;51.2;34;42;48.3;36.4
BARRO BLANCO-10;Rionegro;BARRO BLANCO;Rionegro;Antioquia;Oficial;6.153;-75.407;G2;S2;;;;121.9;36.6;14;18;20.7;49.1
BARRO BLANCO-9;Rionegro;BARRO BLANCO;Rionegro;Antioquia;Oficial;6.153;-75.407;G2;S2;;;;292.9;58.5;36;70;62.1;81.8
BARRO BLANCO-8;Rionegro;BARRO BLANCO;Rionegro;Antioquia;Oficial;6.153;-75.407;G2;S2;;;;165.8;53.7;32;24;20.7;40
BARRO BLANCO-7;Rionegro;BARRO BLANCO;Rionegro;Antioquia;Oficial;6.153;-75.407;G2;S2;;;;183.7;53.7;22;40;34.5;27.3
BARRO BLANCO-6;Rionegro;BARRO BLANCO;Rionegro;Antioquia;Oficial;6.153;-75.407;G2;S2;;;;117.7;0;30;28;25.9;54.5
BARRO BLANCO-5;Rionegro;BARRO BLANCO;Rionegro;Antioquia;Oficial;6.153;-75.407;G2;S2;;;;141;29.3;22;28;34.5;25.5
BARRO BLANCO-4;Rionegro;BARRO BLANCO;Rionegro;Antioquia;Oficial;6.153;-75.407;G2;S2;;;;102.2;34.1;26;6;22.4;0
BARRO BLANCO-3;Rionegro;BARRO BLANCO;Rionegro;Antioquia;Oficial;6.153;-75.407;G2;S2;;;;175.4;46.3;32;32;24.1;52.7
BARRO BLANCO-2;Rionegro;BARRO BLANCO;Rionegro;Antioquia;Oficial;6.153;-75.407;G2;S2;;;;159.9;22;36;28;34.5;54.5
BARRO BLANCO-1;Rionegro;BARRO BLANCO;Rionegro;Antioquia;Oficial;6.153;-75.407;G2;S2;;;;355.5;61;74;78;67.2;83.6
DOMINGO SAVIO-23;Rionegro;DOMINGO SAVIO;Rionegro;Antioquia;Oficial;6.118;-75.446;G1;S2;;;;253.6;48.8;48;48;58.6;49.1
DOMINGO SAVIO-22;Rionegro;DOMINGO SAVIO;Rionegro;Antioquia;Oficial;6.118;-75.446;G1;S2;;;;239.2;46.3;54;40;50;50.9
DOMINGO SAVIO-21;Rionegro;DOMINGO SAVIO;Rionegro;Antioquia;Oficial;6.118;-75.446;G1;S2;;;;262.9;53.7;32;74;50;54.5
DOMINGO SAVIO-20;Rionegro;DOMINGO SAVIO;Rionegro;Antioquia;Oficial;6.118;-75.446;G1;S2;;;;266.1;63.4;48;34;60.3;74.5
DOMINGO SAVIO-19;Rionegro;DOMINGO SAVIO;Rionegro;Antioquia;Oficial;6.118;-75.446;G1;S2;;;;146.5;46.3;24;38;3.4;45.5
DOMINGO SAVIO-18;Rionegro;DOMINGO SAVIO;Rionegro;Antioquia;Oficial;6.118;-75.446;G1;S2;;;;290.9;58.5;52;64;55.2;67.3
DOMINGO SAVIO-17;Rionegro;DOMINGO SAVIO;Rionegro;Antioquia;Oficial;6.118;-75.446;G1;S2;;;;241.2;51.2;48;50;48.3;34.5
DOMINGO SAVIO-16;Rionegro;DOMINGO SAVIO;Rionegro;Antioquia;Oficial;6.118;-75.446;G1;S2;;;;219.9;43.9;40;48;46.6;36.4
DOMINGO SAVIO-15;Rionegro;DOMINGO SAVIO;Rionegro;Antioquia;Oficial;6.118;-75.446;G1;S2;;;;264.5;56.1;54;60;27.6;94.5
DOMINGO SAVIO-14;Rionegro;DOMINGO SAVIO;Rionegro;Antioquia;Oficial;6.118;-75.446;G1;S2;;;;319.6;58.5;46;76;65.5;92.7
DOMINGO SAVIO-13;Rionegro;DOMINGO SAVIO;Rionegro;Antioquia;Oficial;6.118;-75.446;G1;S2;;;;338.5;65.9;52;86;58.6;92.7
DOMINGO SAVIO-12;Rionegro;DOMINGO SAVIO;Rionegro;Antioquia;Oficial;6.118;-75.446;G1;S2;;;;260.6;43.9;42;66;55.2;56.4
DOMINGO SAVIO-11;Rionegro;DOMINGO SAVIO;Rionegro;Antioquia;Oficial;6.118;-75.446;G1;S2;;;;314;56.1;48;72;72.4;70.9
DOMINGO SAVIO-10;Rionegro;DOMINGO SAVIO;Rionegro;Antioquia;Oficial;6.118;-75.446;G1;S2;;;;296.3;48.8;52;82;53.4;61.8
DOMINGO SAVIO-9;Rionegro;DOMINGO SAVIO;Rionegro;Antioquia;Oficial;6.118;-75.446;G1;S2;;;;303;53.7;46;78;53.4;94.5
DOMINGO SAVIO-8;Rionegro;DOMINGO SAVIO;Rionegro;Antioquia;Oficial;6.118;-75.446;G1;S2;;;;292.6;39;72;62;56.9;70.9
DOMINGO SAVIO-7;Rionegro;DOMINGO SAVIO;Rionegro;Antioquia;Oficial;6.118;-75.446;G1;S2;;;;203.1;46.3;28;48;37.9;47.3
DOMINGO SAVIO-6;Rionegro;DOMINGO SAVIO;Rionegro;Antioquia;Oficial;6.118;-75.446;G1;S2;;;;224.5;51.2;44;42;37.9;58.2
DOMINGO SAVIO-5;Rionegro;DOMINGO SAVIO;Rionegro;Antioquia;Oficial;6.118;-75.446;G1;S2;;;;197.7;53.7;32;32;37.9;47.3
DOMINGO SAVIO-4;Rionegro;DOMINGO SAVIO;Rionegro;Antioquia;Oficial;6.118;-75.446;G1;S2;;;;249.4;53.7;46;68;32.8;47.3
DOMINGO SAVIO-3;Rionegro;DOMINGO SAVIO;Rionegro;Antioquia;Oficial;6.118;-75.446;G1;S2;;;;272.5;39;48;74;55.2;60
DOMINGO SAVIO-2;Rionegro;DOMINGO SAVIO;Rionegro;Antioquia;Oficial;6.118;-75.446;G1;S2;;;;261.7;56.1;32;60;56.9;65.5
DOMINGO SAVIO-1;Rionegro;DOMINGO SAVIO;Rionegro;Antioquia;Oficial;6.118;-75.446;G1;S2;;;;218.4;43.9;30;60;39.7;47.3
GILBERTO ECHEVERRY-55;Rionegro;GILBERTO ECHEVERRY;Rionegro;Antioquia;Oficial;6.108;-75.422;G1;S2;;;;223.5;41.5;48;44;39.7;61.8
GILBERTO ECHEVERRY-54;Rionegro;GILBERTO ECHEVERRY;Rionegro;Antioquia;Oficial;6.108;-75.422;G1;S2;;;;191.3;53.7;36;30;32.8;40
GILBERTO ECHEVERRY-53;Rionegro;GILBERTO ECHEVERRY;Rionegro;Antioquia;Oficial;6.108;-75.422;G1;S2;;;;220.7;46.3;44;46;37.9;50.9
GILBERTO ECHEVERRY-52;Rionegro;GILBERTO ECHEVERRY;Rionegro;Antioquia;Oficial;6.108;-75.422;G1;S2;;;;249;53.7;38;60;46.6;52.7
GILBERTO ECHEVERRY-51;Rionegro;GILBERTO ECHEVERRY;Rionegro;Antioquia;Oficial;6.108;-75.422;G1;S2;;;;232;48.8;56;48;36.2;36.4
GILBERTO ECHEVERRY-50;Rionegro;GILBERTO ECHEVERRY;Rionegro;Antioquia;Oficial;6.108;-75.422;G1;S2;;;;314.2;65.9;56;82;44.8;70.9
GILBERTO ECHEVERRY-49;Rionegro;GILBERTO ECHEVERRY;Rionegro;Antioquia;Oficial;6.108;-75.422;G1;S2;;;;249.6;56.1;30;62;50;54.5
GILBERTO ECHEVERRY-48;Rionegro;GILBERTO ECHEVERRY;Rionegro;Antioquia;Oficial;6.108;-75.422;G1;S2;;;;311.6;53.7;58;64;69;76.4
GILBERTO ECHEVERRY-47;Rionegro;GILBERTO ECHEVERRY;Rionegro;Antioquia;Oficial;6.108;-75.422;G1;S2;;;;265.8;48.8;64;56;48.3;40
GILBERTO ECHEVERRY-46;Rionegro;GILBERTO ECHEVERRY;Rionegro;Antioquia;Oficial;6.108;-75.422;G1;S2;;;;201.7;53.7;38;32;39.7;34.5
GILBERTO ECHEVERRY-45;Rionegro;GILBERTO ECHEVERRY;Rionegro;Antioquia;Oficial;6.108;-75.422;G1;S2;;;;197.6;36.6;32;44;46.6;36.4
GILBERTO ECHEVERRY-44;Rionegro;GILBERTO ECHEVERRY;Rionegro;Antioquia;Oficial;6.108;-75.422;G1;S2;;;;264;51.2;48;64;41.4;72.7
GILBERTO ECHEVERRY-43;Rionegro;GILBERTO ECHEVERRY;Rionegro;Antioquia;Oficial;6.108;-75.422;G1;S2;;;;286.1;58.5;50;78;51.7;29.1
GILBERTO ECHEVERRY-42;Rionegro;GILBERTO ECHEVERRY;Rionegro;Antioquia;Oficial;6.108;-75.422;G1;S2;;;;328.5;56.1;58;84;56.9;89.1
GILBERTO ECHEVERRY-41;Rionegro;GILBERTO ECHEVERRY;Rionegro;Antioquia;Oficial;6.108;-75.422;G1;S2;;;;283;51.2;54;72;51.7;49.1
GILBERTO ECHEVERRY-40;Rionegro;GILBERTO ECHEVERRY;Rionegro;Antioquia;Oficial;6.108;-75.422;G1;S2;;;;258.7;53.7;34;68;55.2;40
GILBERTO ECHEVERRY-39;Rionegro;GILBERTO ECHEVERRY;Rionegro;Antioquia;Oficial;6.108;-75.422;G1;S2;;;;190.8;51.2;24;38;44.8;21.8
GILBERTO ECHEVERRY-38;Rionegro;GILBERTO ECHEVERRY;Rionegro;Antioquia;Oficial;6.108;-75.422;G1;S2;;;;239.6;61;46;54;32.8;41.8
GILBERTO ECHEVERRY-37;Rionegro;GILBERTO ECHEVERRY;Rionegro;Antioquia;Oficial;6.108;-75.422;G1;S2;;;;169.8;46.3;30;28;25.9;50.9
GILBERTO ECHEVERRY-36;Rionegro;GILBERTO ECHEVERRY;Rionegro;Antioquia;Oficial;6.108;-75.422;G1;S2;;;;272.8;48.8;54;52;58.6;69.1
GILBERTO ECHEVERRY-35;Rionegro;GILBERTO ECHEVERRY;Rionegro;Antioquia;Oficial;6.108;-75.422;G1;S2;;;;252.2;46.3;34;48;67.2;69.1
GILBERTO ECHEVERRY-34;Rionegro;GILBERTO ECHEVERRY;Rionegro;Antioquia;Oficial;6.108;-75.422;G1;S2;;;;315.1;61;44;84;69;45.5
GILBERTO ECHEVERRY-33;Rionegro;GILBERTO ECHEVERRY;Rionegro;Antioquia;Oficial;6.108;-75.422;G1;S2;;;;225.3;53.7;42;44;46.6;27.3
GILBERTO ECHEVERRY-32;Rionegro;GILBERTO ECHEVERRY;Rionegro;Antioquia;Oficial;6.108;-75.422;G1;S2;;;;212.7;63.4;36;46;31;23.6
GILBERTO ECHEVERRY-31;Rionegro;GILBERTO ECHEVERRY;Rionegro;Antioquia;Oficial;6.108;-75.422;G1;S2;;;;178.9;26.8;30;40;43.1;45.5
GILBERTO ECHEVERRY-30;Rionegro;GILBERTO ECHEVERRY;Rionegro;Antioquia;Oficial;6.108;-75.422;G1;S2;;;;317.6;56.1;48;80;62.1;87.3
GILBERTO ECHEVERRY-29;Rionegro;GILBERTO ECHEVERRY;Rionegro;Antioquia;Oficial;6.108;-75.422;G1;S2;;;;225.4;43.9;40;56;39.7;47.3
GILBERTO ECHEVERRY-28;Rionegro;GILBERTO ECHEVERRY;Rionegro;Antioquia;Oficial;6.108;-75.422;G2;S2;;;;321.3;61;50;90;56.9;61.8
GILBERTO ECHEVERRY-27;Rionegro;GILBERTO ECHEVERRY;Rionegro;Antioquia;Oficial;6.108;-75.422;G2;S2;;;;259.4;58.5;68;40;31;81.8
GILBERTO ECHEVERRY-26;Rionegro;GILBERTO ECHEVERRY;Rionegro;Antioquia;Oficial;6.108;-75.422;G2;S2;;;;294.7;58.5;44;76;56.9;60
GILBERTO ECHEVERRY-25;Rionegro;GILBERTO ECHEVERRY;Rionegro;Antioquia;Oficial;6.108;-75.422;G2;S2;;;;204.9;43.9;42;44;25.9;65.5
GILBERTO ECHEVERRY-24;Rionegro;GILBERTO ECHEVERRY;Rionegro;Antioquia;Oficial;6.108;-75.422;G2;S2;;;;235.3;53.7;40;56;37.9;49.1
GILBERTO ECHEVERRY-23;Rionegro;GILBERTO ECHEVERRY;Rionegro;Antioquia;Oficial;6.108;-75.422;G2;S2;;;;135.3;29.3;28;22;25.9;36.4
GILBERTO ECHEVERRY-22;Rionegro;GILBERTO ECHEVERRY;Rionegro;Antioquia;Oficial;6.108;-75.422;G2;S2;;;;238;48.8;44;64;37.9;34.5
GILBERTO ECHEVERRY-21;Rionegro;GILBERTO ECHEVERRY;Rionegro;Antioquia;Oficial;6.108;-75.422;G2;S2;;;;256.5;56.1;58;46;48.3;41.8
GILBERTO ECHEVERRY-20;Rionegro;GILBERTO ECHEVERRY;Rionegro;Antioquia;Oficial;6.108;-75.422;G2;S2;;;;309.7;63.4;44;76;63.8;63.6
GILBERTO ECHEVERRY-19;Rionegro;GILBERTO ECHEVERRY;Rionegro;Antioquia;Oficial;6.108;-75.422;G2;S2;;;;234.1;51.2;26;68;43.1;43.6
GILBERTO ECHEVERRY-18;Rionegro;GILBERTO ECHEVERRY;Rionegro;Antioquia;Oficial;6.108;-75.422;G2;S2;;;;270.9;43.9;48;72;56.9;41.8
GILBERTO ECHEVERRY-17;Rionegro;GILBERTO ECHEVERRY;Rionegro;Antioquia;Oficial;6.108;-75.422;G2;S2;;;;253.4;58.5;30;70;46.6;43.6
GILBERTO ECHEVERRY-16;Rionegro;GILBERTO ECHEVERRY;Rionegro;Antioquia;Oficial;6.108;-75.422;G2;S2;;;;231.1;51.2;44;48;43.1;41.8
GILBERTO ECHEVERRY-15;Rionegro;GILBERTO ECHEVERRY;Rionegro;Antioquia;Oficial;6.108;-75.422;G2;S2;;;;210.9;48.8;46;42;34.5;34.5
GILBERTO ECHEVERRY-14;Rionegro;GILBERTO ECHEVERRY;Rionegro;Antioquia;Oficial;6.108;-75.422;G2;S2;;;;242.4;41.5;48;50;60.3;30.9
GILBERTO ECHEVERRY-13;Rionegro;GILBERTO ECHEVERRY;Rionegro;Antioquia;Oficial;6.108;-75.422;G2;S2;;;;351.9;58.5;66;86;69;76.4
GILBERTO ECHEVERRY-12;Rionegro;GILBERTO ECHEVERRY;Rionegro;Antioquia;Oficial;6.108;-75.422;G2;S2;;;;238.8;53.7;42;48;50;40
GILBERTO ECHEVERRY-11;Rionegro;GILBERTO ECHEVERRY;Rionegro;Antioquia;Oficial;6.108;-75.422;G2;S2;;;;236.1;56.1;52;36;46.6;41.8
GILBERTO ECHEVERRY-10;Rionegro;GILBERTO ECHEVERRY;Rionegro;Antioquia;Oficial;6.108;-75.422;G2;S2;;;;311.7;56.1;46;84;58.6;76.4
GILBERTO ECHEVERRY-9;Rionegro;GILBERTO ECHEVERRY;Rionegro;Antioquia;Oficial;6.108;-75.422;G2;S2;;;;366.3;65.9;60;90;70.7;92.7
GILBERTO ECHEVERRY-8;Rionegro;GILBERTO ECHEVERRY;Rionegro;Antioquia;Oficial;6.108;-75.422;G2;S2;;;;322.1;58.5;68;66;56.9;89.1
GILBERTO ECHEVERRY-7;Rionegro;GILBERTO ECHEVERRY;Rionegro;Antioquia;Oficial;6.108;-75.422;G2;S2;;;;306.4;58.5;50;74;55.2;83.6
GILBERTO ECHEVERRY-6;Rionegro;GILBERTO ECHEVERRY;Rionegro;Antioquia;Oficial;6.108;-75.422;G2;S2;;;;224.3;53.7;40;44;48.3;25.5
GILBERTO ECHEVERRY-5;Rionegro;GILBERTO ECHEVERRY;Rionegro;Antioquia;Oficial;6.108;-75.422;G2;S2;;;;180.2;46.3;36;26;34.5;40
GILBERTO ECHEVERRY-4;Rionegro;GILBERTO ECHEVERRY;Rionegro;Antioquia;Oficial;6.108;-75.422;G2;S2;;;;212.1;34.1;52;52;29.3;49.1
GILBERTO ECHEVERRY-3;Rionegro;GILBERTO ECHEVERRY;Rionegro;Antioquia;Oficial;6.108;-75.422;G2;S2;;;;259.6;53.7;48;56;43.1;72.7
GILBERTO ECHEVERRY-2;Rionegro;GILBERTO ECHEVERRY;Rionegro;Antioquia;Oficial;6.108;-75.422;G2;S2;;;;166.6;34.1;26;30;39.7;43.6
GILBERTO ECHEVERRY-1;Rionegro;GILBERTO ECHEVERRY;Rionegro;Antioquia;Oficial;6.108;-75.422;G2;S2;;;;269.7;63.4;20;76;60.3;41.8
GUILLERMO GAVIRIA-13;Rionegro;GUILLERMO GAVIRIA;Rionegro;Antioquia;Oficial;6.173;-75.455;G1;S2;;;;256.3;58.5;32;68;44.8;56.4
GUILLERMO GAVIRIA-12;Rionegro;GUILLERMO GAVIRIA;Rionegro;Antioquia;Oficial;6.173;-75.455;G1;S2;;;;292.1;61;48;78;53.4;38.2
GUILLERMO GAVIRIA-11;Rionegro;GUILLERMO GAVIRIA;Rionegro;Antioquia;Oficial;6.173;-75.455;G1;S2;;;;184;34.1;38;38;39.7;29.1
GUILLERMO GAVIRIA-10;Rionegro;GUILLERMO GAVIRIA;Rionegro;Antioquia;Oficial;6.173;-75.455;G1;S2;;;;303.2;63.4;40;84;51.7;70.9
GUILLERMO GAVIRIA-9;Rionegro;GUILLERMO GAVIRIA;Rionegro;Antioquia;Oficial;6.173;-75.455;G1;S2;;;;230;51.2;34;58;48.3;23.6
GUILLERMO GAVIRIA-8;Rionegro;GUILLERMO GAVIRIA;Rionegro;Antioquia;Oficial;6.173;-75.455;G1;S2;;;;316.3;63.4;66;64;53.4;81.8
GUILLERMO GAVIRIA-7;Rionegro;GUILLERMO GAVIRIA;Rionegro;Antioquia;Oficial;6.173;-75.455;G1;S2;;;;234.2;48.8;46;52;48.3;23.6
GUILLERMO GAVIRIA-6;Rionegro;GUILLERMO GAVIRIA;Rionegro;Antioquia;Oficial;6.173;-75.455;G1;S2;;;;220.8;46.3;36;48;48.3;38.2
GUILLERMO GAVIRIA-5;Rionegro;GUILLERMO GAVIRIA;Rionegro;Antioquia;Oficial;6.173;-75.455;G1;S2;;;;269.4;48.8;44;64;60.3;49.1
GUILLERMO GAVIRIA-4;Rionegro;GUILLERMO GAVIRIA;Rionegro;Antioquia;Oficial;6.173;-75.455;G1;S2;;;;256.4;58.5;46;50;58.6;27.3
GUILLERMO GAVIRIA-3;Rionegro;GUILLERMO GAVIRIA;Rionegro;Antioquia;Oficial;6.173;-75.455;G1;S2;;;;221.5;53.7;34;48;44.8;34.5
GUILLERMO GAVIRIA-2;Rionegro;GUILLERMO GAVIRIA;Rionegro;Antioquia;Oficial;6.173;-75.455;G1;S2;;;;160.4;36.6;34;22;37.9;25.5
GUILLERMO GAVIRIA-1;Rionegro;GUILLERMO GAVIRIA;Rionegro;Antioquia;Oficial;6.173;-75.455;G1;S2;;;;256.8;58.5;38;64;51.7;30.9
JOSE MARIA CORDOBA-38;Rionegro;JOSE MARIA CORDOBA;Rionegro;Antioquia;Oficial;6.246;-75.561;G1;S2;;;;197.2;48.8;34;44;36.2;23.6
JOSE MARIA CORDOBA-37;Rionegro;JOSE MARIA CORDOBA;Rionegro;Antioquia;Oficial;6.246;-75.561;G1;S2;;;;290.4;53.7;46;62;60.3;89.1
JOSE MARIA CORDOBA-36;Rionegro;JOSE MARIA CORDOBA;Rionegro;Antioquia;Oficial;6.246;-75.561;G1;S2;;;;200.7;51.2;24;50;39.7;27.3
JOSE MARIA CORDOBA-35;Rionegro;JOSE MARIA CORDOBA;Rionegro;Antioquia;Oficial;6.246;-75.561;G1;S2;;;;237;48.8;54;38;48.3;49.1
JOSE MARIA CORDOBA-34;Rionegro;JOSE MARIA CORDOBA;Rionegro;Antioquia;Oficial;6.246;-75.561;G1;S2;;;;195.2;41.5;44;36;36.2;34.5
JOSE MARIA CORDOBA-33;Rionegro;JOSE MARIA CORDOBA;Rionegro;Antioquia;Oficial;6.246;-75.561;G1;S2;;;;241.4;48.8;40;60;48.3;36.4
JOSE MARIA CORDOBA-32;Rionegro;JOSE MARIA CORDOBA;Rionegro;Antioquia;Oficial;6.246;-75.561;G1;S2;;;;312.3;65.9;72;70;48.3;43.6
JOSE MARIA CORDOBA-31;Rionegro;JOSE MARIA CORDOBA;Rionegro;Antioquia;Oficial;6.246;-75.561;G1;S2;;;;353.8;61;74;82;67.2;67.3
JOSE MARIA CORDOBA-30;Rionegro;JOSE MARIA CORDOBA;Rionegro;Antioquia;Oficial;6.246;-75.561;G1;S2;;;;229.2;58.5;34;36;58.6;34.5
JOSE MARIA CORDOBA-29;Rionegro;JOSE MARIA CORDOBA;Rionegro;Antioquia;Oficial;6.246;-75.561;G1;S2;;;;222.2;53.7;36;50;41.4;34.5
JOSE MARIA CORDOBA-28;Rionegro;JOSE MARIA CORDOBA;Rionegro;Antioquia;Oficial;6.246;-75.561;G1;S2;;;;243.4;51.2;52;60;36.2;34.5
JOSE MARIA CORDOBA-27;Rionegro;JOSE MARIA CORDOBA;Rionegro;Antioquia;Oficial;6.246;-75.561;G1;S2;;;;293.8;63.4;42;72;62.1;45.5
JOSE MARIA CORDOBA-26;Rionegro;JOSE MARIA CORDOBA;Rionegro;Antioquia;Oficial;6.246;-75.561;G1;S2;;;;196.9;43.9;48;30;39.7;27.3
JOSE MARIA CORDOBA-25;Rionegro;JOSE MARIA CORDOBA;Rionegro;Antioquia;Oficial;6.246;-75.561;G1;S2;;;;272.1;48.8;36;70;58.6;67.3
JOSE MARIA CORDOBA-24;Rionegro;JOSE MARIA CORDOBA;Rionegro;Antioquia;Oficial;6.246;-75.561;G1;S2;;;;196.7;61;36;34;20.7;56.4
JOSE MARIA CORDOBA-23;Rionegro;JOSE MARIA CORDOBA;Rionegro;Antioquia;Oficial;6.246;-75.561;G1;S2;;;;344.8;61;62;82;69;74.5
JOSE MARIA CORDOBA-22;Rionegro;JOSE MARIA CORDOBA;Rionegro;Antioquia;Oficial;6.246;-75.561;G1;S2;;;;250.6;48.8;46;74;34.5;41.8
JOSE MARIA CORDOBA-21;Rionegro;JOSE MARIA CORDOBA;Rionegro;Antioquia;Oficial;6.246;-75.561;G1;S2;;;;215.8;48.8;48;38;41.4;32.7
JOSE MARIA CORDOBA-20;Rionegro;JOSE MARIA CORDOBA;Rionegro;Antioquia;Oficial;6.246;-75.561;G1;S2;;;;217.2;46.3;34;48;46.6;40
JOSE MARIA CORDOBA-19;Rionegro;JOSE MARIA CORDOBA;Rionegro;Antioquia;Oficial;6.246;-75.561;G2;S2;;;;254;56.1;44;58;51.7;30.9
JOSE MARIA CORDOBA-18;Rionegro;JOSE MARIA CORDOBA;Rionegro;Antioquia;Oficial;6.246;-75.561;G2;S2;;;;284.6;51.2;56;62;58.6;56.4
JOSE MARIA CORDOBA-17;Rionegro;JOSE MARIA CORDOBA;Rionegro;Antioquia;Oficial;6.246;-75.561;G2;S2;;;;215.6;48.8;26;48;48.3;47.3
JOSE MARIA CORDOBA-16;Rionegro;JOSE MARIA CORDOBA;Rionegro;Antioquia;Oficial;6.246;-75.561;G2;S2;;;;147.1;36.6;38;14;31;23.6
JOSE MARIA CORDOBA-15;Rionegro;JOSE MARIA CORDOBA;Rionegro;Antioquia;Oficial;6.246;-75.561;G2;S2;;;;170;48.8;16;34;32.8;47.3
JOSE MARIA CORDOBA-14;Rionegro;JOSE MARIA CORDOBA;Rionegro;Antioquia;Oficial;6.246;-75.561;G2;S2;;;;332.3;56.1;54;76;75.9;78.2
JOSE MARIA CORDOBA-13;Rionegro;JOSE MARIA CORDOBA;Rionegro;Antioquia;Oficial;6.246;-75.561;G2;S2;;;;149.4;48.8;28;32;20.7;0
JOSE MARIA CORDOBA-12;Rionegro;JOSE MARIA CORDOBA;Rionegro;Antioquia;Oficial;6.246;-75.561;G2;S2;;;;312.9;53.7;74;66;56.9;61.8
JOSE MARIA CORDOBA-11;Rionegro;JOSE MARIA CORDOBA;Rionegro;Antioquia;Oficial;6.246;-75.561;G2;S2;;;;233.3;46.3;26;60;41.4;85.5
JOSE MARIA CORDOBA-10;Rionegro;JOSE MARIA CORDOBA;Rionegro;Antioquia;Oficial;6.246;-75.561;G2;S2;;;;171.5;39;20;24;53.4;36.4
JOSE MARIA CORDOBA-9;Rionegro;JOSE MARIA CORDOBA;Rionegro;Antioquia;Oficial;6.246;-75.561;G2;S2;;;;262.1;48.8;34;78;50;49.1
JOSE MARIA CORDOBA-8;Rionegro;JOSE MARIA CORDOBA;Rionegro;Antioquia;Oficial;6.246;-75.561;G2;S2;;;;185.1;46.3;46;22;32.8;40
JOSE MARIA CORDOBA-7;Rionegro;JOSE MARIA CORDOBA;Rionegro;Antioquia;Oficial;6.246;-75.561;G2;S2;;;;219.2;56.1;50;34;41.4;25.5
JOSE MARIA CORDOBA-6;Rionegro;JOSE MARIA CORDOBA;Rionegro;Antioquia;Oficial;6.246;-75.561;G2;S2;;;;216.6;58.5;46;26;29.3;83.6
JOSE MARIA CORDOBA-5;Rionegro;JOSE MARIA CORDOBA;Rionegro;Antioquia;Oficial;6.246;-75.561;G2;S2;;;;239;41.5;46;54;51.7;41.8
JOSE MARIA CORDOBA-4;Rionegro;JOSE MARIA CORDOBA;Rionegro;Antioquia;Oficial;6.246;-75.561;G2;S2;;;;208.4;63.4;46;28;31;36.4
JOSE MARIA CORDOBA-3;Rionegro;JOSE MARIA CORDOBA;Rionegro;Antioquia;Oficial;6.246;-75.561;G2;S2;;;;270.7;53.7;58;50;62.1;32.7
JOSE MARIA CORDOBA-2;Rionegro;JOSE MARIA CORDOBA;Rionegro;Antioquia;Oficial;6.246;-75.561;G2;S2;;;;112.7;43.9;20;20;13.8;0
JOSE MARIA CORDOBA-1;Rionegro;JOSE MARIA CORDOBA;Rionegro;Antioquia;Oficial;6.246;-75.561;G2;S2;;;;112.2;39;12;10;36.2;0
LA MOSQUITA-22;Rionegro;LA MOSQUITA;Rionegro;Antioquia;Oficial;6.207;-75.440;G1;S2;;;;241.8;53.7;32;54;51.7;54.5
LA MOSQUITA-21;Rionegro;LA MOSQUITA;Rionegro;Antioquia;Oficial;6.207;-75.440;G1;S2;;;;163;56.1;28;20;29.3;23.6
LA MOSQUITA-20;Rionegro;LA MOSQUITA;Rionegro;Antioquia;Oficial;6.207;-75.440;G1;S2;;;;224;51.2;32;58;41.4;34.5
LA MOSQUITA-19;Rionegro;LA MOSQUITA;Rionegro;Antioquia;Oficial;6.207;-75.440;G1;S2;;;;196;58.5;30;60;8.6;38.2
LA MOSQUITA-18;Rionegro;LA MOSQUITA;Rionegro;Antioquia;Oficial;6.207;-75.440;G1;S2;;;;186.9;48.8;34;22;39.7;52.7
LA MOSQUITA-17;Rionegro;LA MOSQUITA;Rionegro;Antioquia;Oficial;6.207;-75.440;G1;S2;;;;193;61;28;28;32.8;52.7
LA MOSQUITA-16;Rionegro;LA MOSQUITA;Rionegro;Antioquia;Oficial;6.207;-75.440;G1;S2;;;;119.6;22;32;20;22.4;21.8
LA MOSQUITA-15;Rionegro;LA MOSQUITA;Rionegro;Antioquia;Oficial;6.207;-75.440;G1;S2;;;;286.9;56.1;54;76;41.4;63.6
LA MOSQUITA-14;Rionegro;LA MOSQUITA;Rionegro;Antioquia;Oficial;6.207;-75.440;G1;S2;;;;189.6;43.9;38;36;37.9;25.5
LA MOSQUITA-13;Rionegro;LA MOSQUITA;Rionegro;Antioquia;Oficial;6.207;-75.440;G1;S2;;;;189.2;41.5;36;24;43.1;58.2
LA MOSQUITA-12;Rionegro;LA MOSQUITA;Rionegro;Antioquia;Oficial;6.207;-75.440;G1;S2;;;;220;51.2;38;52;37.9;34.5
LA MOSQUITA-11;Rionegro;LA MOSQUITA;Rionegro;Antioquia;Oficial;6.207;-75.440;G1;S2;;;;252.6;51.2;50;64;48.3;16.4
LA MOSQUITA-10;Rionegro;LA MOSQUITA;Rionegro;Antioquia;Oficial;6.207;-75.440;G1;S2;;;;277.1;63.4;70;36;58.6;36.4
LA MOSQUITA-9;Rionegro;LA MOSQUITA;Rionegro;Antioquia;Oficial;6.207;-75.440;G1;S2;;;;158.3;46.3;32;24;27.6;21.8
LA MOSQUITA-8;Rionegro;LA MOSQUITA;Rionegro;Antioquia;Oficial;6.207;-75.440;G1;S2;;;;313.4;58.5;62;72;62.1;50.9
LA MOSQUITA-7;Rionegro;LA MOSQUITA;Rionegro;Antioquia;Oficial;6.207;-75.440;G1;S2;;;;144.2;31.7;28;32;24.1;27.3
LA MOSQUITA-6;Rionegro;LA MOSQUITA;Rionegro;Antioquia;Oficial;6.207;-75.440;G1;S2;;;;245.9;46.3;36;54;48.3;85.5
LA MOSQUITA-5;Rionegro;LA MOSQUITA;Rionegro;Antioquia;Oficial;6.207;-75.440;G1;S2;;;;210.1;56.1;36;50;22.4;52.7
LA MOSQUITA-4;Rionegro;LA MOSQUITA;Rionegro;Antioquia;Oficial;6.207;-75.440;G1;S2;;;;222.4;56.1;44;40;24.1;85.5
LA MOSQUITA-3;Rionegro;LA MOSQUITA;Rionegro;Antioquia;Oficial;6.207;-75.440;G1;S2;;;;203.9;51.2;28;50;39.7;23.6
LA MOSQUITA-2;Rionegro;LA MOSQUITA;Rionegro;Antioquia;Oficial;6.207;-75.440;G1;S2;;;;154.6;56.1;24;20;22.4;34.5
LA MOSQUITA-1;Rionegro;LA MOSQUITA;Rionegro;Antioquia;Oficial;6.207;-75.440;G1;S2;;;;240.9;61;32;52;51.7;36.4
SAN JOSE DE LAS CUCHILLAS-56;Rionegro;SAN JOSE DE LAS CUCHILLAS;Rionegro;Antioquia;Oficial;6.179;-75.394;G1;S2;;;;150.1;39;28;26;31;18.2
SAN JOSE DE LAS CUCHILLAS-55;Rionegro;SAN JOSE DE LAS CUCHILLAS;Rionegro;Antioquia;Oficial;6.179;-75.394;G1;S2;;;;201.4;41.5;32;36;51.7;40
SAN JOSE DE LAS CUCHILLAS-54;Rionegro;SAN JOSE DE LAS CUCHILLAS;Rionegro;Antioquia;Oficial;6.179;-75.394;G1;S2;;;;170.7;43.9;32;32;32.8;21.8
SAN JOSE DE LAS CUCHILLAS-53;Rionegro;SAN JOSE DE LAS CUCHILLAS;Rionegro;Antioquia;Oficial;6.179;-75.394;G1;S2;;;;233.3;43.9;48;42;48.3;60
SAN JOSE DE LAS CUCHILLAS-52;Rionegro;SAN JOSE DE LAS CUCHILLAS;Rionegro;Antioquia;Oficial;6.179;-75.394;G1;S2;;;;137.7;43.9;26;22;19;25.5
SAN JOSE DE LAS CUCHILLAS-51;Rionegro;SAN JOSE DE LAS CUCHILLAS;Rionegro;Antioquia;Oficial;6.179;-75.394;G1;S2;;;;280;56.1;46;58;53.4;87.3
SAN JOSE DE LAS CUCHILLAS-50;Rionegro;SAN JOSE DE LAS CUCHILLAS;Rionegro;Antioquia;Oficial;6.179;-75.394;G1;S2;;;;182.5;48.8;32;32;34.5;32.7
SAN JOSE DE LAS CUCHILLAS-49;Rionegro;SAN JOSE DE LAS CUCHILLAS;Rionegro;Antioquia;Oficial;6.179;-75.394;G1;S2;;;;211.8;39;54;42;32.8;47.3
SAN JOSE DE LAS CUCHILLAS-48;Rionegro;SAN JOSE DE LAS CUCHILLAS;Rionegro;Antioquia;Oficial;6.179;-75.394;G1;S2;;;;142.4;31.7;20;24;36.2;34.5
SAN JOSE DE LAS CUCHILLAS-47;Rionegro;SAN JOSE DE LAS CUCHILLAS;Rionegro;Antioquia;Oficial;6.179;-75.394;G1;S2;;;;188.2;46.3;30;32;39.7;45.5
SAN JOSE DE LAS CUCHILLAS-46;Rionegro;SAN JOSE DE LAS CUCHILLAS;Rionegro;Antioquia;Oficial;6.179;-75.394;G1;S2;;;;195.3;58.5;34;28;39.7;27.3
SAN JOSE DE LAS CUCHILLAS-45;Rionegro;SAN JOSE DE LAS CUCHILLAS;Rionegro;Antioquia;Oficial;6.179;-75.394;G1;S2;;;;197;61;34;38;29.3;25.5
SAN JOSE DE LAS CUCHILLAS-44;Rionegro;SAN JOSE DE LAS CUCHILLAS;Rionegro;Antioquia;Oficial;6.179;-75.394;G1;S2;;;;247;56.1;64;34;44.8;45.5
SAN JOSE DE LAS CUCHILLAS-43;Rionegro;SAN JOSE DE LAS CUCHILLAS;Rionegro;Antioquia;Oficial;6.179;-75.394;G1;S2;;;;157.2;36.6;24;32;32.8;32.7
SAN JOSE DE LAS CUCHILLAS-42;Rionegro;SAN JOSE DE LAS CUCHILLAS;Rionegro;Antioquia;Oficial;6.179;-75.394;G1;S2;;;;158.7;43.9;26;20;37.9;29.1
SAN JOSE DE LAS CUCHILLAS-41;Rionegro;SAN JOSE DE LAS CUCHILLAS;Rionegro;Antioquia;Oficial;6.179;-75.394;G1;S2;;;;225.4;63.4;38;56;27.6;30.9
SAN JOSE DE LAS CUCHILLAS-40;Rionegro;SAN JOSE DE LAS CUCHILLAS;Rionegro;Antioquia;Oficial;6.179;-75.394;G1;S2;;;;277.8;61;46;70;53.4;30.9
SAN JOSE DE LAS CUCHILLAS-39;Rionegro;SAN JOSE DE LAS CUCHILLAS;Rionegro;Antioquia;Oficial;6.179;-75.394;G1;S2;;;;307;65.9;62;58;62.1;54.5
SAN JOSE DE LAS CUCHILLAS-38;Rionegro;SAN JOSE DE LAS CUCHILLAS;Rionegro;Antioquia;Oficial;6.179;-75.394;G1;S2;;;;289.5;56.1;54;72;50;56.4
SAN JOSE DE LAS CUCHILLAS-37;Rionegro;SAN JOSE DE LAS CUCHILLAS;Rionegro;Antioquia;Oficial;6.179;-75.394;G1;S2;;;;272.1;43.9;54;72;46.6;58.2
SAN JOSE DE LAS CUCHILLAS-36;Rionegro;SAN JOSE DE LAS CUCHILLAS;Rionegro;Antioquia;Oficial;6.179;-75.394;G1;S2;;;;248.3;48.8;46;58;44.8;52.7
SAN JOSE DE LAS CUCHILLAS-35;Rionegro;SAN JOSE DE LAS CUCHILLAS;Rionegro;Antioquia;Oficial;6.179;-75.394;G1;S2;;;;231.9;61;44;42;43.1;32.7
SAN JOSE DE LAS CUCHILLAS-34;Rionegro;SAN JOSE DE LAS CUCHILLAS;Rionegro;Antioquia;Oficial;6.179;-75.394;G1;S2;;;;161.5;36.6;26;24;43.1;30.9
SAN JOSE DE LAS CUCHILLAS-33;Rionegro;SAN JOSE DE LAS CUCHILLAS;Rionegro;Antioquia;Oficial;6.179;-75.394;G1;S2;;;;305.7;53.7;62;64;58.6;80
SAN JOSE DE LAS CUCHILLAS-32;Rionegro;SAN JOSE DE LAS CUCHILLAS;Rionegro;Antioquia;Oficial;6.179;-75.394;G1;S2;;;;250.8;61;36;58;34.5;83.6
SAN JOSE DE LAS CUCHILLAS-31;Rionegro;SAN JOSE DE LAS CUCHILLAS;Rionegro;Antioquia;Oficial;6.179;-75.394;G1;S2;;;;278;61;50;62;53.4;43.6
SAN JOSE DE LAS CUCHILLAS-30;Rionegro;SAN JOSE DE LAS CUCHILLAS;Rionegro;Antioquia;Oficial;6.179;-75.394;G1;S2;;;;184.6;41.5;30;34;44.8;29.1
SAN JOSE DE LAS CUCHILLAS-29;Rionegro;SAN JOSE DE LAS CUCHILLAS;Rionegro;Antioquia;Oficial;6.179;-75.394;G1;S2;;;;222.3;46.3;54;34;41.4;50.9
SAN JOSE DE LAS CUCHILLAS-28;Rionegro;SAN JOSE DE LAS CUCHILLAS;Rionegro;Antioquia;Oficial;6.179;-75.394;G2;S2;;;;254.7;53.7;34;62;51.7;58.2
SAN JOSE DE LAS CUCHILLAS-27;Rionegro;SAN JOSE DE LAS CUCHILLAS;Rionegro;Antioquia;Oficial;6.179;-75.394;G2;S2;;;;254.2;48.8;40;62;48.3;63.6
SAN JOSE DE LAS CUCHILLAS-26;Rionegro;SAN JOSE DE LAS CUCHILLAS;Rionegro;Antioquia;Oficial;6.179;-75.394;G2;S2;;;;225.7;46.3;38;50;43.1;54.5
SAN JOSE DE LAS CUCHILLAS-25;Rionegro;SAN JOSE DE LAS CUCHILLAS;Rionegro;Antioquia;Oficial;6.179;-75.394;G2;S2;;;;169.5;41.5;20;42;36.2;21.8
SAN JOSE DE LAS CUCHILLAS-24;Rionegro;SAN JOSE DE LAS CUCHILLAS;Rionegro;Antioquia;Oficial;6.179;-75.394;G2;S2;;;;180.4;48.8;32;22;39.7;41.8
SAN JOSE DE LAS CUCHILLAS-23;Rionegro;SAN JOSE DE LAS CUCHILLAS;Rionegro;Antioquia;Oficial;6.179;-75.394;G2;S2;;;;171.2;34.1;28;38;37.9;30.9
SAN JOSE DE LAS CUCHILLAS-22;Rionegro;SAN JOSE DE LAS CUCHILLAS;Rionegro;Antioquia;Oficial;6.179;-75.394;G2;S2;;;;221.1;43.9;30;62;44.8;32.7
SAN JOSE DE LAS CUCHILLAS-21;Rionegro;SAN JOSE DE LAS CUCHILLAS;Rionegro;Antioquia;Oficial;6.179;-75.394;G2;S2;;;;194.3;46.3;28;32;51.7;30.9
SAN JOSE DE LAS CUCHILLAS-20;Rionegro;SAN JOSE DE LAS CUCHILLAS;Rionegro;Antioquia;Oficial;6.179;-75.394;G2;S2;;;;175.5;56.1;22;38;29.3;20
SAN JOSE DE LAS CUCHILLAS-19;Rionegro;SAN JOSE DE LAS CUCHILLAS;Rionegro;Antioquia;Oficial;6.179;-75.394;G2;S2;;;;117.6;46.3;14;14;27.6;0
SAN JOSE DE LAS CUCHILLAS-18;Rionegro;SAN JOSE DE LAS CUCHILLAS;Rionegro;Antioquia;Oficial;6.179;-75.394;G2;S2;;;;177.2;36.6;32;42;34.5;25.5
SAN JOSE DE LAS CUCHILLAS-17;Rionegro;SAN JOSE DE LAS CUCHILLAS;Rionegro;Antioquia;Oficial;6.179;-75.394;G2;S2;;;;247.8;51.2;48;62;41.4;36.4
SAN JOSE DE LAS CUCHILLAS-16;Rionegro;SAN JOSE DE LAS CUCHILLAS;Rionegro;Antioquia;Oficial;6.179;-75.394;G2;S2;;;;272.4;53.7;46;62;46.6;83.6
SAN JOSE DE LAS CUCHILLAS-15;Rionegro;SAN JOSE DE LAS CUCHILLAS;Rionegro;Antioquia;Oficial;6.179;-75.394;G2;S2;;;;285.4;56.1;42;72;62.1;45.5
SAN JOSE DE LAS CUCHILLAS-14;Rionegro;SAN JOSE DE LAS CUCHILLAS;Rionegro;Antioquia;Oficial;6.179;-75.394;G2;S2;;;;266;53.7;46;72;43.1;47.3
SAN JOSE DE LAS CUCHILLAS-13;Rionegro;SAN JOSE DE LAS CUCHILLAS;Rionegro;Antioquia;Oficial;6.179;-75.394;G2;S2;;;;233.1;61;36;40;51.7;40
SAN JOSE DE LAS CUCHILLAS-12;Rionegro;SAN JOSE DE LAS CUCHILLAS;Rionegro;Antioquia;Oficial;6.179;-75.394;G2;S2;;;;166.5;34.1;32;34;34.5;29.1
SAN JOSE DE LAS CUCHILLAS-11;Rionegro;SAN JOSE DE LAS CUCHILLAS;Rionegro;Antioquia;Oficial;6.179;-75.394;G2;S2;;;;285.3;51.2;56;70;50;60
SAN JOSE DE LAS CUCHILLAS-10;Rionegro;SAN JOSE DE LAS CUCHILLAS;Rionegro;Antioquia;Oficial;6.179;-75.394;G2;S2;;;;208.5;36.6;56;42;32.8;40
SAN JOSE DE LAS CUCHILLAS-9;Rionegro;SAN JOSE DE LAS CUCHILLAS;Rionegro;Antioquia;Oficial;6.179;-75.394;G2;S2;;;;140.9;31.7;30;30;20.7;29.1
SAN JOSE DE LAS CUCHILLAS-8;Rionegro;SAN JOSE DE LAS CUCHILLAS;Rionegro;Antioquia;Oficial;6.179;-75.394;G2;S2;;;;346;63.4;62;80;69;76.4
SAN JOSE DE LAS CUCHILLAS-7;Rionegro;SAN JOSE DE LAS CUCHILLAS;Rionegro;Antioquia;Oficial;6.179;-75.394;G2;S2;;;;236;68.3;24;68;32.8;34.5
SAN JOSE DE LAS CUCHILLAS-6;Rionegro;SAN JOSE DE LAS CUCHILLAS;Rionegro;Antioquia;Oficial;6.179;-75.394;G2;S2;;;;223.2;61;36;42;46.6;23.6
SAN JOSE DE LAS CUCHILLAS-5;Rionegro;SAN JOSE DE LAS CUCHILLAS;Rionegro;Antioquia;Oficial;6.179;-75.394;G2;S2;;;;217.2;43.9;44;52;36.2;36.4
SAN JOSE DE LAS CUCHILLAS-4;Rionegro;SAN JOSE DE LAS CUCHILLAS;Rionegro;Antioquia;Oficial;6.179;-75.394;G2;S2;;;;213.2;39;42;40;53.4;30.9
SAN JOSE DE LAS CUCHILLAS-3;Rionegro;SAN JOSE DE LAS CUCHILLAS;Rionegro;Antioquia;Oficial;6.179;-75.394;G2;S2;;;;147.6;36.6;18;28;36.2;27.3
SAN JOSE DE LAS CUCHILLAS-2;Rionegro;SAN JOSE DE LAS CUCHILLAS;Rionegro;Antioquia;Oficial;6.179;-75.394;G2;S2;;;;286.2;61;48;68;53.4;52.7
SAN JOSE DE LAS CUCHILLAS-1;Rionegro;SAN JOSE DE LAS CUCHILLAS;Rionegro;Antioquia;Oficial;6.179;-75.394;G2;S2;;;;235.3;46.3;34;56;50;52.7
SANTA BARBARA-35;Rionegro;SANTA BARBARA;Rionegro;Antioquia;Oficial;6.198;-75.368;G1;S2;;;;275.5;56.1;38;60;58.6;78.2
SANTA BARBARA-34;Rionegro;SANTA BARBARA;Rionegro;Antioquia;Oficial;6.198;-75.368;G1;S2;;;;233.7;46.3;40;54;37.9;72.7
SANTA BARBARA-33;Rionegro;SANTA BARBARA;Rionegro;Antioquia;Oficial;6.198;-75.368;G1;S2;;;;315.2;53.7;66;72;50;94.5
SANTA BARBARA-32;Rionegro;SANTA BARBARA;Rionegro;Antioquia;Oficial;6.198;-75.368;G1;S2;;;;215.9;51.2;46;42;32.8;45.5
SANTA BARBARA-31;Rionegro;SANTA BARBARA;Rionegro;Antioquia;Oficial;6.198;-75.368;G1;S2;;;;164.7;36.6;34;36;25.9;30.9
SANTA BARBARA-30;Rionegro;SANTA BARBARA;Rionegro;Antioquia;Oficial;6.198;-75.368;G1;S2;;;;320.6;58.5;44;78;70.7;80
SANTA BARBARA-29;Rionegro;SANTA BARBARA;Rionegro;Antioquia;Oficial;6.198;-75.368;G1;S2;;;;232.9;46.3;52;36;39.7;83.6
SANTA BARBARA-28;Rionegro;SANTA BARBARA;Rionegro;Antioquia;Oficial;6.198;-75.368;G1;S2;;;;260.2;56.1;34;56;55.2;72.7
SANTA BARBARA-27;Rionegro;SANTA BARBARA;Rionegro;Antioquia;Oficial;6.198;-75.368;G1;S2;;;;177.2;43.9;28;34;37.9;29.1
SANTA BARBARA-26;Rionegro;SANTA BARBARA;Rionegro;Antioquia;Oficial;6.198;-75.368;G1;S2;;;;262;43.9;44;56;53.4;89.1
SANTA BARBARA-25;Rionegro;SANTA BARBARA;Rionegro;Antioquia;Oficial;6.198;-75.368;G1;S2;;;;145.9;34.1;30;22;27.6;38.2
SANTA BARBARA-24;Rionegro;SANTA BARBARA;Rionegro;Antioquia;Oficial;6.198;-75.368;G1;S2;;;;214.7;51.2;42;46;41.4;16.4
SANTA BARBARA-23;Rionegro;SANTA BARBARA;Rionegro;Antioquia;Oficial;6.198;-75.368;G1;S2;;;;278.1;58.5;30;80;48.3;72.7
SANTA BARBARA-22;Rionegro;SANTA BARBARA;Rionegro;Antioquia;Oficial;6.198;-75.368;G1;S2;;;;180.8;61;34;22;27.6;36.4
SANTA BARBARA-21;Rionegro;SANTA BARBARA;Rionegro;Antioquia;Oficial;6.198;-75.368;G1;S2;;;;195;36.6;28;52;39.7;38.2
SANTA BARBARA-20;Rionegro;SANTA BARBARA;Rionegro;Antioquia;Oficial;6.198;-75.368;G1;S2;;;;222.2;46.3;32;50;44.8;58.2
SANTA BARBARA-19;Rionegro;SANTA BARBARA;Rionegro;Antioquia;Oficial;6.198;-75.368;G1;S2;;;;176.2;36.6;24;34;34.5;70.9
SANTA BARBARA-18;Rionegro;SANTA BARBARA;Rionegro;Antioquia;Oficial;6.198;-75.368;G1;S2;;;;201.4;41.5;36;28;44.8;72.7
SANTA BARBARA-17;Rionegro;SANTA BARBARA;Rionegro;Antioquia;Oficial;6.198;-75.368;G2;S2;;;;206.7;56.1;40;34;34.5;43.6
SANTA BARBARA-16;Rionegro;SANTA BARBARA;Rionegro;Antioquia;Oficial;6.198;-75.368;G2;S2;;;;181.2;48.8;36;32;29.3;32.7
SANTA BARBARA-15;Rionegro;SANTA BARBARA;Rionegro;Antioquia;Oficial;6.198;-75.368;G2;S2;;;;230.5;43.9;54;42;46.6;40
SANTA BARBARA-14;Rionegro;SANTA BARBARA;Rionegro;Antioquia;Oficial;6.198;-75.368;G2;S2;;;;179.8;39;34;34;37.9;32.7
SANTA BARBARA-13;Rionegro;SANTA BARBARA;Rionegro;Antioquia;Oficial;6.198;-75.368;G2;S2;;;;203.6;46.3;36;40;41.4;38.2
SANTA BARBARA-12;Rionegro;SANTA BARBARA;Rionegro;Antioquia;Oficial;6.198;-75.368;G2;S2;;;;178.2;46.3;34;36;24.1;41.8
SANTA BARBARA-11;Rionegro;SANTA BARBARA;Rionegro;Antioquia;Oficial;6.198;-75.368;G2;S2;;;;185.1;46.3;40;36;24.1;41.8
SANTA BARBARA-10;Rionegro;SANTA BARBARA;Rionegro;Antioquia;Oficial;6.198;-75.368;G2;S2;;;;175.3;43.9;20;34;43.1;32.7
SANTA BARBARA-9;Rionegro;SANTA BARBARA;Rionegro;Antioquia;Oficial;6.198;-75.368;G2;S2;;;;287;58.5;68;52;56.9;40
SANTA BARBARA-8;Rionegro;SANTA BARBARA;Rionegro;Antioquia;Oficial;6.198;-75.368;G2;S2;;;;232.6;51.2;46;44;48.3;36.4
SANTA BARBARA-7;Rionegro;SANTA BARBARA;Rionegro;Antioquia;Oficial;6.198;-75.368;G2;S2;;;;112.6;36.6;28;14;19;0
SANTA BARBARA-6;Rionegro;SANTA BARBARA;Rionegro;Antioquia;Oficial;6.198;-75.368;G2;S2;;;;173.2;48.8;30;20;36.2;45.5
SANTA BARBARA-5;Rionegro;SANTA BARBARA;Rionegro;Antioquia;Oficial;6.198;-75.368;G2;S2;;;;193.1;46.3;28;44;34.5;43.6
SANTA BARBARA-4;Rionegro;SANTA BARBARA;Rionegro;Antioquia;Oficial;6.198;-75.368;G2;S2;;;;160.6;36.6;34;22;34.5;36.4
SANTA BARBARA-3;Rionegro;SANTA BARBARA;Rionegro;Antioquia;Oficial;6.198;-75.368;G2;S2;;;;259.6;61;20;72;56.9;45.5
SANTA BARBARA-2;Rionegro;SANTA BARBARA;Rionegro;Antioquia;Oficial;6.198;-75.368;G2;S2;;;;211.6;46.3;32;48;43.1;41.8
SANTA BARBARA-1;Rionegro;SANTA BARBARA;Rionegro;Antioquia;Oficial;6.198;-75.368;G2;S2;;;;232;51.2;20;66;51.7;36.4
TECNICO INDUSTRIAL-102;Rionegro;TECNICO INDUSTRIAL;Rionegro;Antioquia;Oficial;6.145;-75.374;G2;S2;;;;118.8;0;34;10;41.4;52.7
TECNICO INDUSTRIAL-101;Rionegro;TECNICO INDUSTRIAL;Rionegro;Antioquia;Oficial;6.145;-75.374;G1;S2;;;;414.4;65.9;86;92;86.2;87.3
TECNICO INDUSTRIAL-100;Rionegro;TECNICO INDUSTRIAL;Rionegro;Antioquia;Oficial;6.145;-75.374;G1;S2;;;;273.3;53.7;52;58;58.6;43.6
TECNICO INDUSTRIAL-99;Rionegro;TECNICO INDUSTRIAL;Rionegro;Antioquia;Oficial;6.145;-75.374;G1;S2;;;;276.3;39;62;66;50;67.3
TECNICO INDUSTRIAL-98;Rionegro;TECNICO INDUSTRIAL;Rionegro;Antioquia;Oficial;6.145;-75.374;G1;S2;;;;301.6;53.7;58;62;69;56.4
TECNICO INDUSTRIAL-97;Rionegro;TECNICO INDUSTRIAL;Rionegro;Antioquia;Oficial;6.145;-75.374;G1;S2;;;;178.7;56.1;42;24;32.8;0
TECNICO INDUSTRIAL-96;Rionegro;TECNICO INDUSTRIAL;Rionegro;Antioquia;Oficial;6.145;-75.374;G1;S2;;;;283.1;48.8;60;52;60.3;72.7
TECNICO INDUSTRIAL-95;Rionegro;TECNICO INDUSTRIAL;Rionegro;Antioquia;Oficial;6.145;-75.374;G1;S2;;;;311.5;61;56;64;69;60
TECNICO INDUSTRIAL-94;Rionegro;TECNICO INDUSTRIAL;Rionegro;Antioquia;Oficial;6.145;-75.374;G1;S2;;;;331.6;58.5;54;82;63.8;87.3
TECNICO INDUSTRIAL-93;Rionegro;TECNICO INDUSTRIAL;Rionegro;Antioquia;Oficial;6.145;-75.374;G1;S2;;;;333.6;61;54;68;75.9;90.9
TECNICO INDUSTRIAL-92;Rionegro;TECNICO INDUSTRIAL;Rionegro;Antioquia;Oficial;6.145;-75.374;G1;S2;;;;375.5;56.1;66;92;81;90.9
TECNICO INDUSTRIAL-91;Rionegro;TECNICO INDUSTRIAL;Rionegro;Antioquia;Oficial;6.145;-75.374;G1;S2;;;;298.5;53.7;52;78;56.9;54.5
TECNICO INDUSTRIAL-90;Rionegro;TECNICO INDUSTRIAL;Rionegro;Antioquia;Oficial;6.145;-75.374;G1;S2;;;;304.7;58.5;66;58;60.3;63.6
TECNICO INDUSTRIAL-89;Rionegro;TECNICO INDUSTRIAL;Rionegro;Antioquia;Oficial;6.145;-75.374;G1;S2;;;;383.9;65.9;78;90;75.9;69.1
TECNICO INDUSTRIAL-88;Rionegro;TECNICO INDUSTRIAL;Rionegro;Antioquia;Oficial;6.145;-75.374;G1;S2;;;;313.5;58.5;68;70;55.2;60
TECNICO INDUSTRIAL-87;Rionegro;TECNICO INDUSTRIAL;Rionegro;Antioquia;Oficial;6.145;-75.374;G1;S2;;;;284.7;58.5;66;52;56.9;40
TECNICO INDUSTRIAL-86;Rionegro;TECNICO INDUSTRIAL;Rionegro;Antioquia;Oficial;6.145;-75.374;G1;S2;;;;345.8;61;70;72;70.7;78.2
TECNICO INDUSTRIAL-85;Rionegro;TECNICO INDUSTRIAL;Rionegro;Antioquia;Oficial;6.145;-75.374;G1;S2;;;;364.5;58.5;76;94;65.5;65.5
TECNICO INDUSTRIAL-84;Rionegro;TECNICO INDUSTRIAL;Rionegro;Antioquia;Oficial;6.145;-75.374;G1;S2;;;;266.3;46.3;48;70;48.3;54.5
TECNICO INDUSTRIAL-83;Rionegro;TECNICO INDUSTRIAL;Rionegro;Antioquia;Oficial;6.145;-75.374;G1;S2;;;;344.5;61;60;84;72.4;63.6
TECNICO INDUSTRIAL-82;Rionegro;TECNICO INDUSTRIAL;Rionegro;Antioquia;Oficial;6.145;-75.374;G1;S2;;;;246.7;51.2;42;52;53.4;45.5
TECNICO INDUSTRIAL-81;Rionegro;TECNICO INDUSTRIAL;Rionegro;Antioquia;Oficial;6.145;-75.374;G1;S2;;;;297.2;51.2;56;78;51.7;61.8
TECNICO INDUSTRIAL-80;Rionegro;TECNICO INDUSTRIAL;Rionegro;Antioquia;Oficial;6.145;-75.374;G1;S2;;;;301.2;53.7;54;80;55.2;54.5
TECNICO INDUSTRIAL-79;Rionegro;TECNICO INDUSTRIAL;Rionegro;Antioquia;Oficial;6.145;-75.374;G1;S2;;;;323.8;56.1;64;76;62.1;67.3
TECNICO INDUSTRIAL-78;Rionegro;TECNICO INDUSTRIAL;Rionegro;Antioquia;Oficial;6.145;-75.374;G1;S2;;;;339;56.1;64;70;75.9;83.6
TECNICO INDUSTRIAL-77;Rionegro;TECNICO INDUSTRIAL;Rionegro;Antioquia;Oficial;6.145;-75.374;G1;S2;;;;344.1;53.7;66;80;70.7;83.6
TECNICO INDUSTRIAL-76;Rionegro;TECNICO INDUSTRIAL;Rionegro;Antioquia;Oficial;6.145;-75.374;G1;S2;;;;265.4;63.4;38;68;44.8;47.3
TECNICO INDUSTRIAL-75;Rionegro;TECNICO INDUSTRIAL;Rionegro;Antioquia;Oficial;6.145;-75.374;G1;S2;;;;276.6;58.5;48;64;53.4;47.3
TECNICO INDUSTRIAL-74;Rionegro;TECNICO INDUSTRIAL;Rionegro;Antioquia;Oficial;6.145;-75.374;G1;S2;;;;283.2;51.2;58;52;67.2;50.9
TECNICO INDUSTRIAL-73;Rionegro;TECNICO INDUSTRIAL;Rionegro;Antioquia;Oficial;6.145;-75.374;G1;S2;;;;355;58.5;72;74;75.9;81.8
TECNICO INDUSTRIAL-72;Rionegro;TECNICO INDUSTRIAL;Rionegro;Antioquia;Oficial;6.145;-75.374;G1;S2;;;;255.9;48.8;58;50;53.4;34.5
TECNICO INDUSTRIAL-71;Rionegro;TECNICO INDUSTRIAL;Rionegro;Antioquia;Oficial;6.145;-75.374;G1;S2;;;;354.6;51.2;74;88;74.1;60
TECNICO INDUSTRIAL-70;Rionegro;TECNICO INDUSTRIAL;Rionegro;Antioquia;Oficial;6.145;-75.374;G1;S2;;;;270.3;48.8;42;76;51.7;47.3
TECNICO INDUSTRIAL-69;Rionegro;TECNICO INDUSTRIAL;Rionegro;Antioquia;Oficial;6.145;-75.374;G1;S2;;;;216.1;46.3;46;36;41.4;52.7
TECNICO INDUSTRIAL-68;Rionegro;TECNICO INDUSTRIAL;Rionegro;Antioquia;Oficial;6.145;-75.374;G2;S2;;;;325.2;61;48;80;63.8;87.3
TECNICO INDUSTRIAL-67;Rionegro;TECNICO INDUSTRIAL;Rionegro;Antioquia;Oficial;6.145;-75.374;G2;S2;;;;314.9;58.5;68;64;67.2;45.5
TECNICO INDUSTRIAL-66;Rionegro;TECNICO INDUSTRIAL;Rionegro;Antioquia;Oficial;6.145;-75.374;G2;S2;;;;310;56.1;66;64;53.4;87.3
TECNICO INDUSTRIAL-65;Rionegro;TECNICO INDUSTRIAL;Rionegro;Antioquia;Oficial;6.145;-75.374;G2;S2;;;;301.6;56.1;54;58;67.2;78.2
TECNICO INDUSTRIAL-64;Rionegro;TECNICO INDUSTRIAL;Rionegro;Antioquia;Oficial;6.145;-75.374;G2;S2;;;;338.1;61;54;82;72.4;70.9
TECNICO INDUSTRIAL-63;Rionegro;TECNICO INDUSTRIAL;Rionegro;Antioquia;Oficial;6.145;-75.374;G2;S2;;;;372.5;61;72;82;77.6;90.9
TECNICO INDUSTRIAL-62;Rionegro;TECNICO INDUSTRIAL;Rionegro;Antioquia;Oficial;6.145;-75.374;G2;S2;;;;339.3;63.4;60;76;65.5;87.3
TECNICO INDUSTRIAL-61;Rionegro;TECNICO INDUSTRIAL;Rionegro;Antioquia;Oficial;6.145;-75.374;G2;S2;;;;136;0;26;30;32.8;87.3
TECNICO INDUSTRIAL-60;Rionegro;TECNICO INDUSTRIAL;Rionegro;Antioquia;Oficial;6.145;-75.374;G2;S2;;;;320.5;61;60;74;70.7;36.4
TECNICO INDUSTRIAL-59;Rionegro;TECNICO INDUSTRIAL;Rionegro;Antioquia;Oficial;6.145;-75.374;G2;S2;;;;299.9;53.7;58;76;63.8;25.5
TECNICO INDUSTRIAL-58;Rionegro;TECNICO INDUSTRIAL;Rionegro;Antioquia;Oficial;6.145;-75.374;G2;S2;;;;384.5;61;86;90;69;81.8
TECNICO INDUSTRIAL-57;Rionegro;TECNICO INDUSTRIAL;Rionegro;Antioquia;Oficial;6.145;-75.374;G2;S2;;;;338.6;43.9;70;84;70.7;74.5
TECNICO INDUSTRIAL-56;Rionegro;TECNICO INDUSTRIAL;Rionegro;Antioquia;Oficial;6.145;-75.374;G2;S2;;;;360.8;63.4;66;84;69;90.9
TECNICO INDUSTRIAL-55;Rionegro;TECNICO INDUSTRIAL;Rionegro;Antioquia;Oficial;6.145;-75.374;G2;S2;;;;267.2;53.7;54;48;63.8;36.4
TECNICO INDUSTRIAL-54;Rionegro;TECNICO INDUSTRIAL;Rionegro;Antioquia;Oficial;6.145;-75.374;G2;S2;;;;278.2;41.5;58;50;63.8;83.6
TECNICO INDUSTRIAL-53;Rionegro;TECNICO INDUSTRIAL;Rionegro;Antioquia;Oficial;6.145;-75.374;G2;S2;;;;282;56.1;58;56;60.3;41.8
TECNICO INDUSTRIAL-52;Rionegro;TECNICO INDUSTRIAL;Rionegro;Antioquia;Oficial;6.145;-75.374;G2;S2;;;;302.6;58.5;58;60;62.1;70.9
TECNICO INDUSTRIAL-51;Rionegro;TECNICO INDUSTRIAL;Rionegro;Antioquia;Oficial;6.145;-75.374;G2;S2;;;;294.2;58.5;60;60;53.4;69.1
TECNICO INDUSTRIAL-50;Rionegro;TECNICO INDUSTRIAL;Rionegro;Antioquia;Oficial;6.145;-75.374;G2;S2;;;;332.8;63.4;46;78;70.7;90.9
TECNICO INDUSTRIAL-49;Rionegro;TECNICO INDUSTRIAL;Rionegro;Antioquia;Oficial;6.145;-75.374;G2;S2;;;;295.9;61;58;54;58.6;74.5
TECNICO INDUSTRIAL-48;Rionegro;TECNICO INDUSTRIAL;Rionegro;Antioquia;Oficial;6.145;-75.374;G2;S2;;;;274.3;56.1;52;62;48.3;58.2
TECNICO INDUSTRIAL-47;Rionegro;TECNICO INDUSTRIAL;Rionegro;Antioquia;Oficial;6.145;-75.374;G2;S2;;;;295.7;53.7;68;58;62.1;43.6
TECNICO INDUSTRIAL-46;Rionegro;TECNICO INDUSTRIAL;Rionegro;Antioquia;Oficial;6.145;-75.374;G2;S2;;;;267.9;48.8;58;54;46.6;74.5
TECNICO INDUSTRIAL-45;Rionegro;TECNICO INDUSTRIAL;Rionegro;Antioquia;Oficial;6.145;-75.374;G2;S2;;;;229.6;41.5;46;44;51.7;47.3
TECNICO INDUSTRIAL-44;Rionegro;TECNICO INDUSTRIAL;Rionegro;Antioquia;Oficial;6.145;-75.374;G2;S2;;;;331.4;58.5;58;80;70.7;60
TECNICO INDUSTRIAL-43;Rionegro;TECNICO INDUSTRIAL;Rionegro;Antioquia;Oficial;6.145;-75.374;G2;S2;;;;307.3;58.5;68;56;63.8;60
TECNICO INDUSTRIAL-42;Rionegro;TECNICO INDUSTRIAL;Rionegro;Antioquia;Oficial;6.145;-75.374;G2;S2;;;;351.2;61;74;76;65.5;83.6
TECNICO INDUSTRIAL-41;Rionegro;TECNICO INDUSTRIAL;Rionegro;Antioquia;Oficial;6.145;-75.374;G2;S2;;;;281.3;56.1;60;62;51.7;41.8
TECNICO INDUSTRIAL-40;Rionegro;TECNICO INDUSTRIAL;Rionegro;Antioquia;Oficial;6.145;-75.374;G2;S2;;;;286.8;51.2;50;74;55.2;54.5
TECNICO INDUSTRIAL-39;Rionegro;TECNICO INDUSTRIAL;Rionegro;Antioquia;Oficial;6.145;-75.374;G2;S2;;;;349.2;63.4;64;76;69;90.9
TECNICO INDUSTRIAL-38;Rionegro;TECNICO INDUSTRIAL;Rionegro;Antioquia;Oficial;6.145;-75.374;G2;S2;;;;290.3;53.7;54;72;48.3;70.9
TECNICO INDUSTRIAL-37;Rionegro;TECNICO INDUSTRIAL;Rionegro;Antioquia;Oficial;6.145;-75.374;G2;S2;;;;192.5;63.4;34;28;41.4;0
TECNICO INDUSTRIAL-36;Rionegro;TECNICO INDUSTRIAL;Rionegro;Antioquia;Oficial;6.145;-75.374;G2;S2;;;;285.7;58.5;44;66;62.1;50.9
TECNICO INDUSTRIAL-35;Rionegro;TECNICO INDUSTRIAL;Rionegro;Antioquia;Oficial;6.145;-75.374;G3;S2;;;;215.6;31.7;44;46;50;45.5
TECNICO INDUSTRIAL-34;Rionegro;TECNICO INDUSTRIAL;Rionegro;Antioquia;Oficial;6.145;-75.374;G3;S2;;;;246.6;63.4;56;32;46.6;47.3
TECNICO INDUSTRIAL-33;Rionegro;TECNICO INDUSTRIAL;Rionegro;Antioquia;Oficial;6.145;-75.374;G3;S2;;;;239.4;61;58;42;36.2;30.9
TECNICO INDUSTRIAL-32;Rionegro;TECNICO INDUSTRIAL;Rionegro;Antioquia;Oficial;6.145;-75.374;G3;S2;;;;282.1;53.7;68;58;44.8;60
TECNICO INDUSTRIAL-31;Rionegro;TECNICO INDUSTRIAL;Rionegro;Antioquia;Oficial;6.145;-75.374;G3;S2;;;;269.2;46.3;68;38;60.3;61.8
TECNICO INDUSTRIAL-30;Rionegro;TECNICO INDUSTRIAL;Rionegro;Antioquia;Oficial;6.145;-75.374;G3;S2;;;;264.2;46.3;58;50;53.4;63.6
TECNICO INDUSTRIAL-29;Rionegro;TECNICO INDUSTRIAL;Rionegro;Antioquia;Oficial;6.145;-75.374;G3;S2;;;;292.7;56.1;44;62;65.5;78.2
TECNICO INDUSTRIAL-28;Rionegro;TECNICO INDUSTRIAL;Rionegro;Antioquia;Oficial;6.145;-75.374;G3;S2;;;;227.1;46.3;56;36;50;25.5
TECNICO INDUSTRIAL-27;Rionegro;TECNICO INDUSTRIAL;Rionegro;Antioquia;Oficial;6.145;-75.374;G3;S2;;;;254.7;48.8;62;52;48.3;29.1
TECNICO INDUSTRIAL-26;Rionegro;TECNICO INDUSTRIAL;Rionegro;Antioquia;Oficial;6.145;-75.374;G3;S2;;;;362.4;63.4;74;84;67.2;76.4
TECNICO INDUSTRIAL-25;Rionegro;TECNICO INDUSTRIAL;Rionegro;Antioquia;Oficial;6.145;-75.374;G3;S2;;;;326.4;51.2;58;78;69;80
TECNICO INDUSTRIAL-24;Rionegro;TECNICO INDUSTRIAL;Rionegro;Antioquia;Oficial;6.145;-75.374;G3;S2;;;;275.8;51.2;56;54;62.1;47.3
TECNICO INDUSTRIAL-23;Rionegro;TECNICO INDUSTRIAL;Rionegro;Antioquia;Oficial;6.145;-75.374;G3;S2;;;;351.2;58.5;62;80;74.1;89.1
TECNICO INDUSTRIAL-22;Rionegro;TECNICO INDUSTRIAL;Rionegro;Antioquia;Oficial;6.145;-75.374;G3;S2;;;;261.6;39;58;50;60.3;58.2
TECNICO INDUSTRIAL-21;Rionegro;TECNICO INDUSTRIAL;Rionegro;Antioquia;Oficial;6.145;-75.374;G3;S2;;;;222.4;48.8;40;24;56.9;69.1
TECNICO INDUSTRIAL-20;Rionegro;TECNICO INDUSTRIAL;Rionegro;Antioquia;Oficial;6.145;-75.374;G3;S2;;;;281;51.2;66;54;51.7;61.8
TECNICO INDUSTRIAL-19;Rionegro;TECNICO INDUSTRIAL;Rionegro;Antioquia;Oficial;6.145;-75.374;G3;S2;;;;272.7;41.5;54;80;50;32.7
TECNICO INDUSTRIAL-18;Rionegro;TECNICO INDUSTRIAL;Rionegro;Antioquia;Oficial;6.145;-75.374;G3;S2;;;;201.1;48.8;28;38;43.1;49.1
TECNICO INDUSTRIAL-17;Rionegro;TECNICO INDUSTRIAL;Rionegro;Antioquia;Oficial;6.145;-75.374;G3;S2;;;;250.6;46.3;56;50;44.8;60
TECNICO INDUSTRIAL-16;Rionegro;TECNICO INDUSTRIAL;Rionegro;Antioquia;Oficial;6.145;-75.374;G3;S2;;;;267.9;53.7;36;64;60.3;54.5
TECNICO INDUSTRIAL-15;Rionegro;TECNICO INDUSTRIAL;Rionegro;Antioquia;Oficial;6.145;-75.374;G3;S2;;;;304.9;46.3;64;76;50;83.6
TECNICO INDUSTRIAL-14;Rionegro;TECNICO INDUSTRIAL;Rionegro;Antioquia;Oficial;6.145;-75.374;G3;S2;;;;227.4;46.3;36;48;53.4;40
TECNICO INDUSTRIAL-13;Rionegro;TECNICO INDUSTRIAL;Rionegro;Antioquia;Oficial;6.145;-75.374;G3;S2;;;;352.4;58.5;72;84;67.2;70.9
TECNICO INDUSTRIAL-12;Rionegro;TECNICO INDUSTRIAL;Rionegro;Antioquia;Oficial;6.145;-75.374;G3;S2;;;;276.5;58.5;54;56;51.7;58.2
TECNICO INDUSTRIAL-11;Rionegro;TECNICO INDUSTRIAL;Rionegro;Antioquia;Oficial;6.145;-75.374;G3;S2;;;;293.7;48.8;56;76;58.6;45.5
TECNICO INDUSTRIAL-10;Rionegro;TECNICO INDUSTRIAL;Rionegro;Antioquia;Oficial;6.145;-75.374;G3;S2;;;;344.7;61;64;78;67.2;85.5
TECNICO INDUSTRIAL-9;Rionegro;TECNICO INDUSTRIAL;Rionegro;Antioquia;Oficial;6.145;-75.374;G3;S2;;;;250.7;43.9;42;64;53.4;41.8
TECNICO INDUSTRIAL-8;Rionegro;TECNICO INDUSTRIAL;Rionegro;Antioquia;Oficial;6.145;-75.374;G3;S2;;;;298.2;48.8;62;74;60.3;40
TECNICO INDUSTRIAL-7;Rionegro;TECNICO INDUSTRIAL;Rionegro;Antioquia;Oficial;6.145;-75.374;G3;S2;;;;307.8;65.9;54;62;65.5;58.2
TECNICO INDUSTRIAL-6;Rionegro;TECNICO INDUSTRIAL;Rionegro;Antioquia;Oficial;6.145;-75.374;G3;S2;;;;349.3;65.9;68;82;74.1;38.2
TECNICO INDUSTRIAL-5;Rionegro;TECNICO INDUSTRIAL;Rionegro;Antioquia;Oficial;6.145;-75.374;G3;S2;;;;256.3;53.7;64;46;39.7;56.4
TECNICO INDUSTRIAL-4;Rionegro;TECNICO INDUSTRIAL;Rionegro;Antioquia;Oficial;6.145;-75.374;G3;S2;;;;294.3;56.1;64;64;55.2;47.3
TECNICO INDUSTRIAL-3;Rionegro;TECNICO INDUSTRIAL;Rionegro;Antioquia;Oficial;6.145;-75.374;G3;S2;;;;308.3;58.5;64;62;62.1;61.8
TECNICO INDUSTRIAL-2;Rionegro;TECNICO INDUSTRIAL;Rionegro;Antioquia;Oficial;6.145;-75.374;G3;S2;;;;277.7;53.7;56;74;43.1;41.8
TECNICO INDUSTRIAL-1;Rionegro;TECNICO INDUSTRIAL;Rionegro;Antioquia;Oficial;6.145;-75.374;G3;S2;;;;277.7;51.2;54;64;56.9;43.6
BALTAZAR SALAZAR-17;Rionegro;BALTAZAR SALAZAR;Rionegro;Antioquia;Oficial;6.079;-75.424;G1;S2;;;;268.5;61;52;54;50;47.3
BALTAZAR SALAZAR-16;Rionegro;BALTAZAR SALAZAR;Rionegro;Antioquia;Oficial;6.079;-75.424;G1;S2;;;;269.2;56.1;34;78;48.3;50.9
BALTAZAR SALAZAR-15;Rionegro;BALTAZAR SALAZAR;Rionegro;Antioquia;Oficial;6.079;-75.424;G1;S2;;;;186.6;41.5;40;28;41.4;32.7
BALTAZAR SALAZAR-14;Rionegro;BALTAZAR SALAZAR;Rionegro;Antioquia;Oficial;6.079;-75.424;G1;S2;;;;346.2;58.5;58;82;72.4;87.3
BALTAZAR SALAZAR-13;Rionegro;BALTAZAR SALAZAR;Rionegro;Antioquia;Oficial;6.079;-75.424;G1;S2;;;;207.5;48.8;30;52;34.5;43.6
BALTAZAR SALAZAR-12;Rionegro;BALTAZAR SALAZAR;Rionegro;Antioquia;Oficial;6.079;-75.424;G1;S2;;;;352.8;56.1;78;76;69;80
BALTAZAR SALAZAR-11;Rionegro;BALTAZAR SALAZAR;Rionegro;Antioquia;Oficial;6.079;-75.424;G1;S2;;;;216.5;43.9;26;46;62.1;29.1
BALTAZAR SALAZAR-10;Rionegro;BALTAZAR SALAZAR;Rionegro;Antioquia;Oficial;6.079;-75.424;G1;S2;;;;294.7;51.2;46;72;63.8;67.3
BALTAZAR SALAZAR-9;Rionegro;BALTAZAR SALAZAR;Rionegro;Antioquia;Oficial;6.079;-75.424;G1;S2;;;;333.9;58.5;56;82;63.8;87.3
BALTAZAR SALAZAR-8;Rionegro;BALTAZAR SALAZAR;Rionegro;Antioquia;Oficial;6.079;-75.424;G1;S2;;;;203.5;46.3;32;48;37.9;36.4
BALTAZAR SALAZAR-7;Rionegro;BALTAZAR SALAZAR;Rionegro;Antioquia;Oficial;6.079;-75.424;G1;S2;;;;258.7;51.2;38;76;41.4;52.7
BALTAZAR SALAZAR-6;Rionegro;BALTAZAR SALAZAR;Rionegro;Antioquia;Oficial;6.079;-75.424;G1;S2;;;;310.6;63.4;58;64;63.8;60
BALTAZAR SALAZAR-5;Rionegro;BALTAZAR SALAZAR;Rionegro;Antioquia;Oficial;6.079;-75.424;G1;S2;;;;269.6;53.7;54;48;58.6;58.2
BALTAZAR SALAZAR-4;Rionegro;BALTAZAR SALAZAR;Rionegro;Antioquia;Oficial;6.079;-75.424;G1;S2;;;;242.3;51.2;36;48;62.1;38.2
BALTAZAR SALAZAR-3;Rionegro;BALTAZAR SALAZAR;Rionegro;Antioquia;Oficial;6.079;-75.424;G1;S2;;;;232.7;41.5;38;44;55.2;69.1
BALTAZAR SALAZAR-2;Rionegro;BALTAZAR SALAZAR;Rionegro;Antioquia;Oficial;6.079;-75.424;G1;S2;;;;224;48.8;40;68;25.9;34.5
BALTAZAR SALAZAR-1;Rionegro;BALTAZAR SALAZAR;Rionegro;Antioquia;Oficial;6.079;-75.424;G1;S2;;;;276.9;61;52;64;44.8;54.5
